panel,controller,wave,band,freq_Hz,t_ms,setpoint_nm,displacement_nm
a,PID,Sine,normal bandwidth,8,0,1000,0
a,PID,Sine,normal bandwidth,8,0.26,1000,249.496920541467
a,PID,Sine,normal bandwidth,8,0.52,1000,300.105763669324
a,PID,Sine,normal bandwidth,8,0.78,1000,350.714036176328
a,PID,Sine,normal bandwidth,8,1.04,1000,401.322308682411
a,PID,Sine,normal bandwidth,8,1.3,1000,451.930581188494
a,PID,Sine,normal bandwidth,8,1.56,1000,502.538853694576
a,PID,Sine,normal bandwidth,8,1.82,1000,553.147126200659
a,PID,Sine,normal bandwidth,8,2.08,1000,603.755398706741
a,PID,Sine,normal bandwidth,8,2.34,1000,592.343822244297
a,PID,Sine,normal bandwidth,8,2.6,1000,620.459957147102
a,PID,Sine,normal bandwidth,8,2.86,1000,642.689764317779
a,PID,Sine,normal bandwidth,8,3.12,1000,663.546891584508
a,PID,Sine,normal bandwidth,8,3.38,1000,683.026003791315
a,PID,Sine,normal bandwidth,8,3.64,1000,697.900165976859
a,PID,Sine,normal bandwidth,8,3.9,1000,713.211151569306
a,PID,Sine,normal bandwidth,8,4.16,1000,722.634972512581
a,PID,Sine,normal bandwidth,8,4.42,1000,745.456544922311
a,PID,Sine,normal bandwidth,8,4.68,1000,760.384888175102
a,PID,Sine,normal bandwidth,8,4.94,1000,773.598601825984
a,PID,Sine,normal bandwidth,8,5.2,1000,787.48355207509
a,PID,Sine,normal bandwidth,8,5.46,1000,799.576227533892
a,PID,Sine,normal bandwidth,8,5.72,1000,811.823324395345
a,PID,Sine,normal bandwidth,8,5.98,1000,824.146383856034
a,PID,Sine,normal bandwidth,8,6.24,1000,835.920910944538
a,PID,Sine,normal bandwidth,8,6.5,1000,845.105160221324
a,PID,Sine,normal bandwidth,8,6.76,1000,854.183761120507
a,PID,Sine,normal bandwidth,8,7.02,1000,863.060250643983
a,PID,Sine,normal bandwidth,8,7.28,1000,871.684656774422
a,PID,Sine,normal bandwidth,8,7.54,1000,879.244593830184
a,PID,Sine,normal bandwidth,8,7.8,1000,886.976129869031
a,PID,Sine,normal bandwidth,8,8.06,1000,893.339571195313
a,PID,Sine,normal bandwidth,8,8.32,1000,899.398050582396
a,PID,Sine,normal bandwidth,8,8.58,1000,905.845645433565
a,PID,Sine,normal bandwidth,8,8.84,1000,911.280859752898
a,PID,Sine,normal bandwidth,8,9.1,1000,916.898860009545
a,PID,Sine,normal bandwidth,8,9.36,1000,921.621102691317
a,PID,Sine,normal bandwidth,8,9.62,1000,926.257005241682
a,PID,Sine,normal bandwidth,8,9.88,1000,930.790527871727
a,PID,Sine,normal bandwidth,8,10.14,1000,934.811612754157
a,PID,Sine,normal bandwidth,8,10.4,1000,938.997374219055
a,PID,Sine,normal bandwidth,8,10.66,1000,942.465658026994
a,PID,Sine,normal bandwidth,8,10.92,1000,945.893435609948
a,PID,Sine,normal bandwidth,8,11.18,1000,949.237994195199
a,PID,Sine,normal bandwidth,8,11.44,1000,952.187399509847
a,PID,Sine,normal bandwidth,8,11.7,1000,955.233672252089
a,PID,Sine,normal bandwidth,8,11.96,1000,957.807621912733
a,PID,Sine,normal bandwidth,8,12.22,1000,960.323134643827
a,PID,Sine,normal bandwidth,8,12.48,1000,962.766096168256
a,PID,Sine,normal bandwidth,8,12.74,1000,964.930072611415
a,PID,Sine,normal bandwidth,8,13,1000,967.161439359194
a,PID,Sine,normal bandwidth,8,13.26,1000,969.044696099136
a,PID,Sine,normal bandwidth,8,13.52,1000,970.889112497719
a,PID,Sine,normal bandwidth,8,13.78,1000,972.686632931584
a,PID,Sine,normal bandwidth,8,14.04,1000,974.268576259193
a,PID,Sine,normal bandwidth,8,14.3,1000,975.904146800597
a,PID,Sine,normal bandwidth,8,14.56,1000,977.287561538232
a,PID,Sine,normal bandwidth,8,14.82,1000,978.640437485239
a,PID,Sine,normal bandwidth,8,15.08,1000,979.959682941883
a,PID,Sine,normal bandwidth,8,15.34,1000,981.121239412843
a,PID,Sine,normal bandwidth,8,15.6,1000,982.321600530307
a,PID,Sine,normal bandwidth,8,15.86,1000,983.3354058162
a,PID,Sine,normal bandwidth,8,16.12,1000,984.328868850417
a,PID,Sine,normal bandwidth,8,16.38,1000,985.297234161763
a,PID,Sine,normal bandwidth,8,16.64,1000,986.149259597548
a,PID,Sine,normal bandwidth,8,16.9,1000,987.030015661121
a,PID,Sine,normal bandwidth,8,17.16,1000,987.773797125019
a,PID,Sine,normal bandwidth,8,17.42,1000,988.502537446554
a,PID,Sine,normal bandwidth,8,17.68,1000,989.212911379987
a,PID,Sine,normal bandwidth,8,17.94,1000,989.838262486279
a,PID,Sine,normal bandwidth,8,18.2,1000,990.484385517505
a,PID,Sine,normal bandwidth,8,18.46,1000,991.029937113175
a,PID,Sine,normal bandwidth,8,18.72,1000,991.564603053089
a,PID,Sine,normal bandwidth,8,18.98,1000,992.085785382533
a,PID,Sine,normal bandwidth,8,19.24,1000,992.544578467251
a,PID,Sine,normal bandwidth,8,19.5,1000,993.018638051797
a,PID,Sine,normal bandwidth,8,19.76,1000,993.418921779423
a,PID,Sine,normal bandwidth,8,20.02,1000.30159284394,993.82262651487
a,PID,Sine,normal bandwidth,8,20.28,1004.22216113073,995.074543984777
a,PID,Sine,normal bandwidth,8,20.54,1008.14200828508,996.507495549432
a,PID,Sine,normal bandwidth,8,20.8,1012.06046480889,998.149705163138
a,PID,Sine,normal bandwidth,8,21.06,1015.97686144154,999.935632944718
a,PID,Sine,normal bandwidth,8,21.32,1019.89052927428,1001.91326587348
a,PID,Sine,normal bandwidth,8,21.58,1023.80079986439,1004.08097232575
a,PID,Sine,normal bandwidth,8,21.84,1027.7070053494,1006.41211385717
a,PID,Sine,normal bandwidth,8,22.1,1031.60847856117,1008.94810273131
a,PID,Sine,normal bandwidth,8,22.36,1035.50455313978,1011.42388505881
a,PID,Sine,normal bandwidth,8,22.62,1039.39456364741,1014.00036519086
a,PID,Sine,normal bandwidth,8,22.88,1043.27784568196,1016.6975073222
a,PID,Sine,normal bandwidth,8,23.14,1047.15373599052,1019.3951192268
a,PID,Sine,normal bandwidth,8,23.4,1051.02157258267,1022.26996248
a,PID,Sine,normal bandwidth,8,23.66,1054.88069484355,1025.06176828012
a,PID,Sine,normal bandwidth,8,23.92,1058.73044364667,1027.94183537137
a,PID,Sine,normal bandwidth,8,24.18,1062.57016146651,1030.91458616629
a,PID,Sine,normal bandwidth,8,24.44,1066.39919249079,1033.85062394525
a,PID,Sine,normal bandwidth,8,24.7,1070.21688273254,1036.98615571372
a,PID,Sine,normal bandwidth,8,24.96,1074.02258014173,1039.98990832102
a,PID,Sine,normal bandwidth,8,25.22,1077.81563471667,1043.09268270501
a,PID,Sine,normal bandwidth,8,25.48,1081.59539861505,1046.29749374141
a,PID,Sine,normal bandwidth,8,25.74,1085.36122626454,1049.42174476086
a,PID,Sine,normal bandwidth,8,26,1089.11247447311,1052.75028420013
a,PID,Sine,normal bandwidth,8,26.26,1092.84850253883,1055.91980733744
a,PID,Sine,normal bandwidth,8,26.52,1096.56867235934,1059.17970153707
a,PID,Sine,normal bandwidth,8,26.78,1100.2723485408,1062.53317085916
a,PID,Sine,normal bandwidth,8,27.04,1103.95889850646,1065.78295873934
a,PID,Sine,normal bandwidth,8,27.3,1107.62769260467,1069.23503180924
a,PID,Sine,normal bandwidth,8,27.56,1111.27810421641,1072.49660064036
a,PID,Sine,normal bandwidth,8,27.82,1114.90950986235,1075.84435841003
a,PID,Sine,normal bandwidth,8,28.08,1118.52128930932,1079.27812317884
a,PID,Sine,normal bandwidth,8,28.34,1122.11282567625,1082.58857512424
a,PID,Sine,normal bandwidth,8,28.6,1125.68350553951,1086.09994168687
a,PID,Sine,normal bandwidth,8,28.86,1129.23271903772,1089.4004213248
a,PID,Sine,normal bandwidth,8,29.12,1132.75985997587,1092.78090419546
a,PID,Sine,normal bandwidth,8,29.38,1136.2643259289,1096.24088126773
a,PID,Sine,normal bandwidth,8,29.64,1139.74551834454,1099.56535367841
a,PID,Sine,normal bandwidth,8,29.9,1143.2028426456,1103.08721819094
a,PID,Sine,normal bandwidth,8,30.16,1146.63570833148,1106.38443615616
a,PID,Sine,normal bandwidth,8,30.42,1150.04352907902,1109.75623359378
a,PID,Sine,normal bandwidth,8,30.68,1153.4257228427,1113.20128461922
a,PID,Sine,normal bandwidth,8,30.94,1156.78171195397,1116.50184929035
a,PID,Sine,normal bandwidth,8,31.2,1160.11092321999,1119.99499586199
a,PID,Sine,normal bandwidth,8,31.46,1163.41278802147,1123.25489618299
a,PID,Sine,normal bandwidth,8,31.72,1166.68674240983,1126.58353042817
a,PID,Sine,normal bandwidth,8,31.98,1169.93222720349,1129.97929326397
a,PID,Sine,normal bandwidth,8,32.24,1173.14868808342,1133.22456755184
a,PID,Sine,normal bandwidth,8,32.5,1176.33557568774,1136.65609734164
a,PID,Sine,normal bandwidth,8,32.76,1179.49234570565,1139.84946378473
a,PID,Sine,normal bandwidth,8,33.02,1182.6184589703,1143.10587827421
a,PID,Sine,normal bandwidth,8,33.28,1185.71338155094,1146.42332373005
a,PID,Sine,normal bandwidth,8,33.54,1188.77658484411,1149.58654414267
a,PID,Sine,normal bandwidth,8,33.8,1191.80754566387,1152.92854349126
a,PID,Sine,normal bandwidth,8,34.06,1194.80574633124,1156.03056434892
a,PID,Sine,normal bandwidth,8,34.32,1197.77067476254,1159.18988533242
a,PID,Sine,normal bandwidth,8,34.58,1200.70182455691,1162.4041795665
a,PID,Sine,normal bandwidth,8,34.84,1203.59869508278,1165.46246599242
a,PID,Sine,normal bandwidth,8,35.1,1206.46079156337,1168.69096168257
a,PID,Sine,normal bandwidth,8,35.36,1209.28762516119,1171.68019152674
a,PID,Sine,normal bandwidth,8,35.62,1212.07871306156,1174.72092650003
a,PID,Sine,normal bandwidth,8,35.88,1214.83357855506,1177.81053883889
a,PID,Sine,normal bandwidth,8,36.14,1217.55175111894,1180.7439547367
a,PID,Sine,normal bandwidth,8,36.4,1220.23276649749,1183.83805985732
a,PID,Sine,normal bandwidth,8,36.66,1222.87616678134,1186.69573846694
a,PID,Sine,normal bandwidth,8,36.92,1225.48150048568,1189.59902334991
a,PID,Sine,normal bandwidth,8,37.18,1228.04832262732,1192.5450323546
a,PID,Sine,normal bandwidth,8,37.44,1230.57619480077,1195.33601243056
a,PID,Sine,normal bandwidth,8,37.7,1233.06468525305,1198.27730124702
a,PID,Sine,normal bandwidth,8,37.96,1235.51336895747,1200.98682301938
a,PID,Sine,normal bandwidth,8,38.22,1237.92182768622,1203.73594875841
a,PID,Sine,normal bandwidth,8,38.48,1240.28965008178,1206.52156987296
a,PID,Sine,normal bandwidth,8,38.74,1242.61643172719,1209.15449497607
a,PID,Sine,normal bandwidth,8,39,1244.90177521516,1211.92658450724
a,PID,Sine,normal bandwidth,8,39.26,1247.14529021587,1214.47315082676
a,PID,Sine,normal bandwidth,8,39.52,1249.3465935437,1217.05321387799
a,PID,Sine,normal bandwidth,8,39.78,1251.50530922268,1219.66346883983
a,PID,Sine,normal bandwidth,8,40.04,1253.62106855063,1222.12438208875
a,PID,Sine,normal bandwidth,8,40.3,1255.69351016224,1224.71263050969
a,PID,Sine,normal bandwidth,8,40.56,1257.72228009069,1227.08299979099
a,PID,Sine,normal bandwidth,8,40.82,1259.70703182818,1229.48066332581
a,PID,Sine,normal bandwidth,8,41.08,1261.64742638509,1231.90214472944
a,PID,Sine,normal bandwidth,8,41.34,1263.54313234784,1234.17854730433
a,PID,Sine,normal bandwidth,8,41.6,1265.39382593556,1236.5698462274
a,PID,Sine,normal bandwidth,8,41.86,1267.19919105535,1238.7521605734
a,PID,Sine,normal bandwidth,8,42.12,1268.95891935627,1240.95548518967
a,PID,Sine,normal bandwidth,8,42.38,1270.672710282,1243.1761949786
a,PID,Sine,normal bandwidth,8,42.64,1272.34027112222,1245.25690683519
a,PID,Sine,normal bandwidth,8,42.9,1273.96131706255,1247.43953712797
a,PID,Sine,normal bandwidth,8,43.16,1275.53557123319,1249.42320478444
a,PID,Sine,normal bandwidth,8,43.42,1277.06276475629,1251.42153475899
a,PID,Sine,normal bandwidth,8,43.68,1278.54263679176,1253.43077440138
a,PID,Sine,normal bandwidth,8,43.94,1279.97493458192,1255.3058405034
a,PID,Sine,normal bandwidth,8,44.2,1281.35941349461,1257.2693764116
a,PID,Sine,normal bandwidth,8,44.46,1282.69583706498,1259.04499349207
a,PID,Sine,normal bandwidth,8,44.72,1283.98397703591,1260.82888124248
a,PID,Sine,normal bandwidth,8,44.98,1285.22361339697,1262.61717968073
a,PID,Sine,normal bandwidth,8,45.24,1286.41453442198,1264.27780870244
a,PID,Sine,normal bandwidth,8,45.5,1287.55653670521,1266.01305507882
a,PID,Sine,normal bandwidth,8,45.76,1288.64942519612,1267.57235523168
a,PID,Sine,normal bandwidth,8,46.02,1289.69301323262,1269.13351294393
a,PID,Sine,normal bandwidth,8,46.28,1290.68712257301,1270.69258047476
a,PID,Sine,normal bandwidth,8,46.54,1291.63158342642,1272.13110619331
a,PID,Sine,normal bandwidth,8,46.8,1292.52623448175,1273.63005909555
a,PID,Sine,normal bandwidth,8,47.06,1293.37092293531,1274.96588232064
a,PID,Sine,normal bandwidth,8,47.32,1294.16550451684,1276.2971522277
a,PID,Sine,normal bandwidth,8,47.58,1294.9098435142,1277.61985243622
a,PID,Sine,normal bandwidth,8,47.84,1295.60381279651,1278.82971057197
a,PID,Sine,normal bandwidth,8,48.1,1296.24729383592,1280.08553369192
a,PID,Sine,normal bandwidth,8,48.36,1296.8401767278,1281.19180817031
a,PID,Sine,normal bandwidth,8,48.62,1297.38236020952,1282.28714534205
a,PID,Sine,normal bandwidth,8,48.88,1297.87375167778,1283.36747899694
a,PID,Sine,normal bandwidth,8,49.14,1298.3142672044,1284.34319424836
a,PID,Sine,normal bandwidth,8,49.4,1298.70383155064,1285.3502057408
a,PID,Sine,normal bandwidth,8,49.66,1299.04237818009,1286.22193798808
a,PID,Sine,normal bandwidth,8,49.92,1299.32984927,1287.0764010952
a,PID,Sine,normal bandwidth,8,50.18,1299.56619572117,1287.90949759959
a,PID,Sine,normal bandwidth,8,50.44,1299.75137716633,1288.64667693986
a,PID,Sine,normal bandwidth,8,50.7,1299.88536197706,1289.40034260254
a,PID,Sine,normal bandwidth,8,50.96,1299.96812726915,1290.03361254822
a,PID,Sine,normal bandwidth,8,51.22,1299.99965890654,1290.64335924532
a,PID,Sine,normal bandwidth,8,51.48,1299.97995150371,1291.22547236507
a,PID,Sine,normal bandwidth,8,51.74,1299.90900842663,1291.72080173078
a,PID,Sine,normal bandwidth,8,52,1299.78684179218,1292.21773156123
a,PID,Sine,normal bandwidth,8,52.26,1299.61347246603,1292.60969003144
a,PID,Sine,normal bandwidth,8,52.52,1299.38893005916,1292.97197449669
a,PID,Sine,normal bandwidth,8,52.78,1299.11325292272,1293.3004799643
a,PID,Sine,normal bandwidth,8,53.04,1298.78648814155,1293.55172221355
a,PID,Sine,normal bandwidth,8,53.3,1298.40869152609,1293.78966815357
a,PID,Sine,normal bandwidth,8,53.56,1297.97992760286,1293.93853490994
a,PID,Sine,normal bandwidth,8,53.82,1297.50026960346,1294.0517057272
a,PID,Sine,normal bandwidth,8,54.08,1296.96979945203,1294.12509895328
a,PID,Sine,normal bandwidth,8,54.34,1296.38860775128,1294.1310915387
a,PID,Sine,normal bandwidth,8,54.6,1295.756793767,1294.10894479882
a,PID,Sine,normal bandwidth,8,54.86,1295.07446541112,1294.01400577575
a,PID,Sine,normal bandwidth,8,55.12,1294.34173922328,1293.8775028309
a,PID,Sine,normal bandwidth,8,55.38,1293.5587403509,1293.69539542916
a,PID,Sine,normal bandwidth,8,55.64,1292.72560252785,1293.45604664681
a,PID,Sine,normal bandwidth,8,55.9,1291.84246805155,1293.17383343613
a,PID,Sine,normal bandwidth,8,56.16,1290.90948775873,1292.83543618677
a,PID,Sine,normal bandwidth,8,56.42,1289.92682099961,1292.44978560974
a,PID,Sine,normal bandwidth,8,56.68,1288.89463561072,1292.01289979342
a,PID,Sine,normal bandwidth,8,56.94,1287.81310788623,1291.52918278153
a,PID,Sine,normal bandwidth,8,57.2,1286.68242254782,1290.98805759045
a,PID,Sine,normal bandwidth,8,57.46,1285.50277271314,1290.4076042258
a,PID,Sine,normal bandwidth,8,57.72,1284.27435986285,1289.77441067978
a,PID,Sine,normal bandwidth,8,57.98,1282.99739380617,1289.08457085143
a,PID,Sine,normal bandwidth,8,58.24,1281.67209264506,1288.35851474634
a,PID,Sine,normal bandwidth,8,58.5,1280.29868273698,1287.56075057256
a,PID,Sine,normal bandwidth,8,58.76,1278.87739865622,1286.74068768463
a,PID,Sine,normal bandwidth,8,59.02,1277.40848315382,1285.8626235071
a,PID,Sine,normal bandwidth,8,59.28,1275.89218711613,1284.92274456252
a,PID,Sine,normal bandwidth,8,59.54,1274.32876952197,1283.95742239633
a,PID,Sine,normal bandwidth,8,59.8,1272.71849739836,1282.90639748712
a,PID,Sine,normal bandwidth,8,60.06,1271.06164577495,1281.85020270354
a,PID,Sine,normal bandwidth,8,60.32,1269.358497637,1280.7309935578
a,PID,Sine,normal bandwidth,8,60.58,1267.6093438771,1279.54506557622
a,PID,Sine,normal bandwidth,8,60.84,1265.81448324546,1278.34457863506
a,PID,Sine,normal bandwidth,8,61.1,1263.97422229888,1277.04475945874
a,PID,Sine,normal bandwidth,8,61.36,1262.08887534841,1275.756924396
a,PID,Sine,normal bandwidth,8,61.62,1260.15876440562,1274.40133121008
a,PID,Sine,normal bandwidth,8,61.88,1258.18421912768,1272.97440031874
a,PID,Sine,normal bandwidth,8,62.14,1256.16557676098,1271.54385878425
a,PID,Sine,normal bandwidth,8,62.4,1254.10318208358,1270.00077905137
a,PID,Sine,normal bandwidth,8,62.66,1251.99738734627,1268.48678852651
a,PID,Sine,normal bandwidth,8,62.92,1249.84855221249,1266.90058558785
a,PID,Sine,normal bandwidth,8,63.18,1247.65704369681,1265.23873087912
a,PID,Sine,normal bandwidth,8,63.44,1245.4232361023,1263.58423065691
a,PID,Sine,normal bandwidth,8,63.7,1243.14751095659,1261.80446629569
a,PID,Sine,normal bandwidth,8,63.96,1240.83025694668,1260.0707737289
a,PID,Sine,normal bandwidth,8,64.22,1238.47186985261,1258.26072287528
a,PID,Sine,normal bandwidth,8,64.48,1236.0727524798,1256.37102932579
a,PID,Sine,normal bandwidth,8,64.74,1233.63331459029,1254.49962502823
a,PID,Sine,normal bandwidth,8,65,1231.15397283274,1252.49076508521
a,PID,Sine,normal bandwidth,8,65.26,1228.63515067127,1250.54476408376
a,PID,Sine,normal bandwidth,8,65.52,1226.07727831313,1248.51858498828
a,PID,Sine,normal bandwidth,8,65.78,1223.48079263524,1246.40911238604
a,PID,Sine,normal bandwidth,8,66.04,1220.84613710956,1244.32878648838
a,PID,Sine,normal bandwidth,8,66.3,1218.17376172732,1242.09939997904
a,PID,Sine,normal bandwidth,8,66.56,1215.46412292221,1239.94939213976
a,PID,Sine,normal bandwidth,8,66.82,1212.7176834924,1237.71572873433
a,PID,Sine,normal bandwidth,8,67.08,1209.93491252148,1235.3954766662
a,PID,Sine,normal bandwidth,8,67.34,1207.11628529838,1233.11510489697
a,PID,Sine,normal bandwidth,8,67.6,1204.26228323616,1230.67470367464
a,PID,Sine,normal bandwidth,8,67.86,1201.37339378979,1228.32986268055
a,PID,Sine,normal bandwidth,8,68.12,1198.45011037291,1225.89824580078
a,PID,Sine,normal bandwidth,8,68.38,1195.49293227353,1223.37711479079
a,PID,Sine,normal bandwidth,8,68.64,1192.50236456881,1220.90642785231
a,PID,Sine,normal bandwidth,8,68.9,1189.4789180387,1218.2654256003
a,PID,Sine,normal bandwidth,8,69.16,1186.42310907879,1215.73575771957
a,PID,Sine,normal bandwidth,8,69.42,1183.33545961207,1213.11656408612
a,PID,Sine,normal bandwidth,8,69.68,1180.2164969998,1210.40531300725
a,PID,Sine,normal bandwidth,8,69.94,1177.0667539514,1207.75485475156
a,PID,Sine,normal bandwidth,8,70.2,1173.88676843353,1204.92452223423
a,PID,Sine,normal bandwidth,8,70.46,1170.67708357816,1202.2208233567
a,PID,Sine,normal bandwidth,8,70.72,1167.43824758982,1199.42523103563
a,PID,Sine,normal bandwidth,8,70.98,1164.17081365196,1196.5354309452
a,PID,Sine,normal bandwidth,8,71.24,1160.87533983247,1193.71651315607
a,PID,Sine,normal bandwidth,8,71.5,1157.55238898839,1190.70892989094
a,PID,Sine,normal bandwidth,8,71.76,1154.20252866973,1187.84273926131
a,PID,Sine,normal bandwidth,8,72.02,1150.82633102257,1184.88267976969
a,PID,Sine,normal bandwidth,8,72.28,1147.42437269131,1181.82666434207
a,PID,Sine,normal bandwidth,8,72.54,1143.99723472023,1178.85131829548
a,PID,Sine,normal bandwidth,8,72.8,1140.54550245418,1175.67932083157
a,PID,Sine,normal bandwidth,8,73.06,1137.06976543866,1172.66287165888
a,PID,Sine,normal bandwidth,8,73.32,1133.57061731912,1169.55097890257
a,PID,Sine,normal bandwidth,8,73.58,1130.04865573953,1166.34179165372
a,PID,Sine,normal bandwidth,8,73.84,1126.50448224035,1163.22271664871
a,PID,Sine,normal bandwidth,8,74.1,1122.93870215576,1159.89984365624
a,PID,Sine,normal bandwidth,8,74.36,1119.35192451029,1156.74601079728
a,PID,Sine,normal bandwidth,8,74.62,1115.74476191478,1153.49556704604
a,PID,Sine,normal bandwidth,8,74.88,1112.11783046175,1150.14690556259
a,PID,Sine,normal bandwidth,8,75.14,1108.47174962021,1146.89741463103
a,PID,Sine,normal bandwidth,8,75.4,1104.8071421298,1143.43784902561
a,PID,Sine,normal bandwidth,8,75.66,1101.12463389447,1140.16009395599
a,PID,Sine,normal bandwidth,8,75.92,1097.42485387556,1136.78497307695
a,PID,Sine,normal bandwidth,8,76.18,1093.70843398438,1133.3111304788
a,PID,Sine,normal bandwidth,8,76.44,1089.97600897428,1129.94509349772
a,PID,Sine,normal bandwidth,8,76.7,1086.22821633223,1126.36360183761
a,PID,Sine,normal bandwidth,8,76.96,1082.46569616996,1122.97591513834
a,PID,Sine,normal bandwidth,8,77.22,1078.6890911146,1119.49052332338
a,PID,Sine,normal bandwidth,8,77.48,1074.89904619895,1115.9063272028
a,PID,Sine,normal bandwidth,8,77.74,1071.09620875128,1112.43811164627
a,PID,Sine,normal bandwidth,8,78,1067.28122828481,1108.74998105523
a,PID,Sine,normal bandwidth,8,78.26,1063.45475638674,1105.26682265507
a,PID,Sine,normal bandwidth,8,78.52,1059.61744660696,1101.68603688999
a,PID,Sine,normal bandwidth,8,78.78,1055.76995434646,1098.00678598298
a,PID,Sine,normal bandwidth,8,79.04,1051.91293674536,1094.45119556195
a,PID,Sine,normal bandwidth,8,79.3,1048.04705257065,1090.67216844254
a,PID,Sine,normal bandwidth,8,79.56,1044.17296210376,1087.10840586746
a,PID,Sine,normal bandwidth,8,79.82,1040.29132702768,1083.44751040177
a,PID,Sine,normal bandwidth,8,80.08,1036.40281031403,1079.68890925839
a,PID,Sine,normal bandwidth,8,80.34,1032.50807610977,1076.06112070729
a,PID,Sine,normal bandwidth,8,80.6,1028.6077896238,1072.20732751988
a,PID,Sine,normal bandwidth,8,80.86,1024.70261701333,1068.57817241036
a,PID,Sine,normal bandwidth,8,81.12,1020.79322527011,1064.85279349626
a,PID,Sine,normal bandwidth,8,81.38,1016.88028210649,1061.03088542608
a,PID,Sine,normal bandwidth,8,81.64,1012.96445584142,1057.34638370365
a,PID,Sine,normal bandwidth,8,81.9,1009.04641528626,1053.43427409571
a,PID,Sine,normal bandwidth,8,82.16,1005.12682963054,1049.75521726082
a,PID,Sine,normal bandwidth,8,82.42,1001.20636832774,1045.98125643784
a,PID,Sine,normal bandwidth,8,82.68,997.285700980845,1042.11235501477
a,PID,Sine,normal bandwidth,8,82.94,993.365497228069,1038.386867194
a,PID,Sine,normal bandwidth,8,83.2,989.446426628429,1034.43313977183
a,PID,Sine,normal bandwidth,8,83.46,985.529158547406,1030.71988505588
a,PID,Sine,normal bandwidth,8,83.72,981.614362042617,1026.91345126454
a,PID,Sine,normal bandwidth,8,83.98,977.70270574954,1023.014070682
a,PID,Sine,normal bandwidth,8,84.24,973.794857767316,1019.26349881004
a,PID,Sine,normal bandwidth,8,84.5,969.891485544636,1015.28502985146
a,PID,Sine,normal bandwidth,8,84.76,965.993255765746,1011.55342709427
a,PID,Sine,normal bandwidth,8,85.02,962.100834236577,1007.73076790744
a,PID,Sine,normal bandwidth,8,85.28,958.21488577103,1003.81755248011
a,PID,Sine,normal bandwidth,8,85.54,954.336074077425,1000.0579056939
a,PID,Sine,normal bandwidth,8,85.8,950.465061645143,996.071677105156
a,PID,Sine,normal bandwidth,8,86.06,946.602509631474,992.33765448142
a,PID,Sine,normal bandwidth,8,86.32,942.749077748696,988.51508674607
a,PID,Sine,normal bandwidth,8,86.58,938.905424151393,984.604739858343
a,PID,Sine,normal bandwidth,8,86.84,935.07220532405,980.85206604498
a,PID,Sine,normal bandwidth,8,87.1,931.250075968923,976.875092868702
a,PID,Sine,normal bandwidth,8,87.36,927.43968889422,973.15458889465
a,PID,Sine,normal bandwidth,8,87.62,923.641694902604,969.34842907952
a,PID,Sine,normal bandwidth,8,87.88,919.856742680033,965.457641883351
a,PID,Sine,normal bandwidth,8,88.14,916.085478684975,961.727959176468
a,PID,Sine,normal bandwidth,8,88.4,912.328547037985,957.777216959637
a,PID,Sine,normal bandwidth,8,88.66,908.5865894117,954.086112456675
a,PID,Sine,normal bandwidth,8,88.92,904.860244921237,950.312607002763
a,PID,Sine,normal bandwidth,8,89.18,901.150150015037,946.457987168905
a,PID,Sine,normal bandwidth,8,89.44,897.456938366161,942.767215573007
a,PID,Sine,normal bandwidth,8,89.7,893.781240764059,938.859567904532
a,PID,Sine,normal bandwidth,8,89.96,890.123685006837,935.213618210081
a,PID,Sine,normal bandwidth,8,90.22,886.484895794027,931.488874180873
a,PID,Sine,normal bandwidth,8,90.48,882.865494619891,927.686875007277
a,PID,Sine,normal bandwidth,8,90.74,879.266099667273,924.050768441705
a,PID,Sine,normal bandwidth,8,91,875.687325702015,920.202894968656
a,PID,Sine,normal bandwidth,8,91.26,872.129783967954,916.617662683244
a,PID,Sine,normal bandwidth,8,91.52,868.59408208253,912.957579010518
a,PID,Sine,normal bandwidth,8,91.78,865.080823932997,909.224429190284
a,PID,Sine,normal bandwidth,8,92.04,861.590609573291,905.658508242645
a,PID,Sine,normal bandwidth,8,92.3,858.124035121537,901.886833472194
a,PID,Sine,normal bandwidth,8,92.56,854.681692658231,898.377622029717
a,PID,Sine,normal bandwidth,8,92.82,851.264170125124,894.7978216482
a,PID,Sine,normal bandwidth,8,93.08,847.872051224794,891.149455996704
a,PID,Sine,normal bandwidth,8,93.34,844.505915320954,887.668941672667
a,PID,Sine,normal bandwidth,8,93.6,841.166337339503,883.989564863502
a,PID,Sine,normal bandwidth,8,93.86,837.853887670323,880.571353208067
a,PID,Sine,normal bandwidth,8,94.12,834.569132069864,877.087116368534
a,PID,Sine,normal bandwidth,8,94.38,831.312631564511,873.539107805284
a,PID,Sine,normal bandwidth,8,94.64,828.084942354764,870.158856557424
a,PID,Sine,normal bandwidth,8,94.9,824.886615720241,866.587482999765
a,PID,Sine,normal bandwidth,8,95.16,821.71819792552,863.274861647874
a,PID,Sine,normal bandwidth,8,95.42,818.580230126839,859.901060693219
a,PID,Sine,normal bandwidth,8,95.68,815.473248279668,856.468553768704
a,PID,Sine,normal bandwidth,8,95.94,812.397783047169,853.202994081643
a,PID,Sine,normal bandwidth,8,96.2,809.354359709563,849.754868059135
a,PID,Sine,normal bandwidth,8,96.46,806.343498074409,846.561976820038
a,PID,Sine,normal bandwidth,8,96.72,803.365712387827,843.313012702673
a,PID,Sine,normal bandwidth,8,96.98,800.421511246663,840.010658953864
a,PID,Sine,normal bandwidth,8,97.24,797.511397511625,836.873729756336
a,PID,Sine,normal bandwidth,8,97.5,794.635868221393,833.563569475882
a,PID,Sine,normal bandwidth,8,97.76,791.79541450773,830.504037095899
a,PID,Sine,normal bandwidth,8,98.02,788.990521511594,827.3937779074
a,PID,Sine,normal bandwidth,8,98.28,786.221668300278,824.235673317797
a,PID,Sine,normal bandwidth,8,98.54,783.489327785592,821.240764484478
a,PID,Sine,normal bandwidth,8,98.8,780.793966643084,818.082699251745
a,PID,Sine,normal bandwidth,8,99.06,778.136045232337,815.169585240139
a,PID,Sine,normal bandwidth,8,99.32,775.516017518341,812.211307015494
a,PID,Sine,normal bandwidth,8,99.58,772.934330993956,809.210931846626
a,PID,Sine,normal bandwidth,8,99.84,770.391426603483,806.370827043673
a,PID,Sine,normal bandwidth,8,100.1,767.887738667349,803.378336952377
a,PID,Sine,normal bandwidth,8,100.36,765.42369480793,800.624075837077
a,PID,Sine,normal bandwidth,8,100.62,762.999715876513,797.830405886175
a,PID,Sine,normal bandwidth,8,100.88,760.616215881415,795.000567137362
a,PID,Sine,normal bandwidth,8,101.14,758.273601917272,792.327389255591
a,PID,Sine,normal bandwidth,8,101.4,755.97227409551,789.513247647997
a,PID,Sine,normal bandwidth,8,101.66,753.712625476004,786.92959589908
a,PID,Sine,normal bandwidth,8,101.92,751.495041999949,784.312458907314
a,PID,Sine,normal bandwidth,8,102.18,749.319902423938,781.66523564928
a,PID,Sine,normal bandwidth,8,102.44,747.187578255275,779.170395057883
a,PID,Sine,normal bandwidth,8,102.7,745.098433688519,776.546614002091
a,PID,Sine,normal bandwidth,8,102.96,743.052825543285,774.144599849578
a,PID,Sine,normal bandwidth,8,103.22,741.051103203295,771.715166977621
a,PID,Sine,normal bandwidth,8,103.48,739.093608556712,769.261858793279
a,PID,Sine,normal bandwidth,8,103.74,737.180675937737,766.956004634963
a,PID,Sine,normal bandwidth,8,104,735.312632069514,764.533783651703
a,PID,Sine,normal bandwidth,8,104.26,733.489796008321,762.323660011846
a,PID,Sine,normal bandwidth,8,104.52,731.712479089081,760.092301211848
a,PID,Sine,normal bandwidth,8,104.78,729.980984872181,757.843379964333
a,PID,Sine,normal bandwidth,8,105.04,728.295609091631,755.736354699735
a,PID,Sine,normal bandwidth,8,105.3,726.65663960455,753.526032957519
a,PID,Sine,normal bandwidth,8,105.56,725.064356342,751.517233668514
a,PID,Sine,normal bandwidth,8,105.82,723.519031261178,749.493473420249
a,PID,Sine,normal bandwidth,8,106.08,722.020928298964,747.458538554062
a,PID,Sine,normal bandwidth,8,106.34,720.570303326841,745.559335949494
a,PID,Sine,normal bandwidth,8,106.6,719.167404107196,743.570348132168
a,PID,Sine,normal bandwidth,8,106.86,717.812470250999,741.771447686091
a,PID,Sine,normal bandwidth,8,107.12,716.505733176882,739.963924341992
a,PID,Sine,normal bandwidth,8,107.38,715.24741607161,738.151661908059
a,PID,Sine,normal bandwidth,8,107.64,714.037733851963,736.468388645872
a,PID,Sine,normal bandwidth,8,107.9,712.876893128029,734.709224680954
a,PID,Sine,normal bandwidth,8,108.16,711.765092167915,733.127901623792
a,PID,Sine,normal bandwidth,8,108.42,710.702520863884,731.544330536406
a,PID,Sine,normal bandwidth,8,108.68,709.689360699922,729.962476115923
a,PID,Sine,normal bandwidth,8,108.94,708.72578472074,728.50231719139
a,PID,Sine,normal bandwidth,8,109.2,707.811957502219,726.980486011062
a,PID,Sine,normal bandwidth,8,109.46,706.948035123303,725.623490167082
a,PID,Sine,normal bandwidth,8,109.72,706.134165139338,724.270630756318
a,PID,Sine,normal bandwidth,8,109.98,705.37048655687,722.925936441666
a,PID,Sine,normal bandwidth,8,110.24,704.657129809908,721.695124494043
a,PID,Sine,normal bandwidth,8,110.5,703.99421673764,720.417121983511
a,PID,Sine,normal bandwidth,8,110.76,703.381860563625,719.290245643838
a,PID,Sine,normal bandwidth,8,111.02,702.82016587646,718.173872544599
a,PID,Sine,normal bandwidth,8,111.28,702.309228611907,717.072078118241
a,PID,Sine,normal bandwidth,8,111.54,701.849136036518,716.075866826944
a,PID,Sine,normal bandwidth,8,111.8,701.43996673272,715.047148096957
a,PID,Sine,normal bandwidth,8,112.06,701.081790585402,714.155201295364
a,PID,Sine,normal bandwidth,8,112.32,700.774668769972,713.280079708692
a,PID,Sine,normal bandwidth,8,112.58,700.518653741915,712.425888143102
a,PID,Sine,normal bandwidth,8,112.84,700.313789227827,711.668529802541
a,PID,Sine,normal bandwidth,8,113.1,700.160110217953,710.893485904418
a,PID,Sine,normal bandwidth,8,113.36,700.057642960204,710.240275885847
a,PID,Sine,normal bandwidth,8,113.62,700.006404955681,709.610141238823
a,PID,Sine,normal bandwidth,8,113.88,700.006404955681,709.007198621986
a,PID,Sine,normal bandwidth,8,114.14,700.057642960204,708.491925990781
a,PID,Sine,normal bandwidth,8,114.4,700.160110217953,707.973865173351
a,PID,Sine,normal bandwidth,8,114.66,700.313789227827,707.56218014281
a,PID,Sine,normal bandwidth,8,114.92,700.518653741915,707.179722143994
a,PID,Sine,normal bandwidth,8,115.18,700.774668769972,706.830602116203
a,PID,Sine,normal bandwidth,8,115.44,701.081790585402,706.559614618259
a,PID,Sine,normal bandwidth,8,115.7,701.43996673272,706.300748206705
a,PID,Sine,normal bandwidth,8,115.96,701.849136036518,706.132345427905
a,PID,Sine,normal bandwidth,8,116.22,702.309228611907,705.999196586401
a,PID,Sine,normal bandwidth,8,116.48,702.82016587646,705.905389354752
a,PID,Sine,normal bandwidth,8,116.74,703.381860563625,705.879843691085
a,PID,Sine,normal bandwidth,8,117,703.99421673764,705.88127664797
a,PID,Sine,normal bandwidth,8,117.26,704.657129809908,705.956874942496
a,PID,Sine,normal bandwidth,8,117.52,705.37048655687,706.073603599644
a,PID,Sine,normal bandwidth,8,117.78,706.134165139338,706.235509577131
a,PID,Sine,normal bandwidth,8,118.04,706.948035123303,706.455514788528
a,PID,Sine,normal bandwidth,8,118.3,707.811957502219,706.7172409973
a,PID,Sine,normal bandwidth,8,118.56,708.72578472074,707.036517676347
a,PID,Sine,normal bandwidth,8,118.82,709.689360699922,707.402625579767
a,PID,Sine,normal bandwidth,8,119.08,710.702520863884,707.819553676138
a,PID,Sine,normal bandwidth,8,119.34,711.765092167915,708.284170677713
a,PID,Sine,normal bandwidth,8,119.6,712.876893128029,708.805072968809
a,PID,Sine,normal bandwidth,8,119.86,714.037733851963,709.366665210566
a,PID,Sine,normal bandwidth,8,120.12,715.24741607161,709.980589640935
a,PID,Sine,normal bandwidth,8,120.38,716.505733176882,710.650760212576
a,PID,Sine,normal bandwidth,8,120.64,717.812470250999,711.358005802226
a,PID,Sine,normal bandwidth,8,120.9,719.167404107195,712.135860721671
a,PID,Sine,normal bandwidth,8,121.16,720.570303326841,712.937371388474
a,PID,Sine,normal bandwidth,8,121.42,722.020928298963,713.796491829938
a,PID,Sine,normal bandwidth,8,121.68,723.519031261178,714.717044276227
a,PID,Sine,normal bandwidth,8,121.94,725.064356342,715.663899599861
a,PID,Sine,normal bandwidth,8,122.2,726.65663960455,716.695386900006
a,PID,Sine,normal bandwidth,8,122.46,728.295609091631,717.733394770444
a,PID,Sine,normal bandwidth,8,122.72,729.980984872181,718.8340440962
a,PID,Sine,normal bandwidth,8,122.98,731.712479089081,720.001049069882
a,PID,Sine,normal bandwidth,8,123.24,733.489796008321,721.183472507295
a,PID,Sine,normal bandwidth,8,123.5,735.312632069514,722.464189319184
a,PID,Sine,normal bandwidth,8,123.76,737.180675937737,723.734263691464
a,PID,Sine,normal bandwidth,8,124.02,739.093608556712,725.071743816769
a,PID,Sine,normal bandwidth,8,124.28,741.051103203295,726.480219996243
a,PID,Sine,normal bandwidth,8,124.54,743.052825543285,727.893164412639
a,PID,Sine,normal bandwidth,8,124.8,745.098433688519,729.417644039501
a,PID,Sine,normal bandwidth,8,125.06,747.187578255275,730.914363643752
a,PID,Sine,normal bandwidth,8,125.32,749.319902423938,732.482965579537
a,PID,Sine,normal bandwidth,8,125.58,751.495041999949,734.126900931458
a,PID,Sine,normal bandwidth,8,125.84,753.712625476004,735.764335220973
a,PID,Sine,normal bandwidth,8,126.1,755.972274095509,737.526070472639
a,PID,Sine,normal bandwidth,8,126.36,758.273601917272,739.243046611417
a,PID,Sine,normal bandwidth,8,126.62,760.616215881415,741.036074832917
a,PID,Sine,normal bandwidth,8,126.88,762.999715876513,742.90845227436
a,PID,Sine,normal bandwidth,8,127.14,765.42369480793,744.763387103636
a,PID,Sine,normal bandwidth,8,127.4,767.887738667349,746.754858072259
a,PID,Sine,normal bandwidth,8,127.66,770.391426603483,748.684761890491
a,PID,Sine,normal bandwidth,8,127.92,772.934330993956,750.694562916867
a,PID,Sine,normal bandwidth,8,128.18,775.516017518341,752.787390267508
a,PID,Sine,normal bandwidth,8,128.44,778.136045232337,754.851907909429
a,PID,Sine,normal bandwidth,8,128.7,780.793966643084,757.064614067958
a,PID,Sine,normal bandwidth,8,128.96,783.489327785592,759.199207835911
a,PID,Sine,normal bandwidth,8,129.22,786.221668300278,761.417202898876
a,PID,Sine,normal bandwidth,8,129.48,788.990521511593,763.721546995349
a,PID,Sine,normal bandwidth,8,129.74,791.79541450773,765.986835125588
a,PID,Sine,normal bandwidth,8,130,794.635868221393,768.411331611986
a,PID,Sine,normal bandwidth,8,130.26,797.511397511624,770.74150388774
a,PID,Sine,normal bandwidth,8,130.52,800.421511246663,773.158225549746
a,PID,Sine,normal bandwidth,8,130.78,803.365712387826,775.664250376546
a,PID,Sine,normal bandwidth,8,131.04,806.343498074409,778.120639688683
a,PID,Sine,normal bandwidth,8,131.3,809.354359709563,780.746577620998
a,PID,Sine,normal bandwidth,8,131.56,812.397783047169,783.262382142334
a,PID,Sine,normal bandwidth,8,131.82,815.473248279668,785.867514708007
a,PID,Sine,normal bandwidth,8,132.08,818.580230126839,788.564523382197
a,PID,Sine,normal bandwidth,8,132.34,821.71819792552,791.201528860823
a,PID,Sine,normal bandwidth,8,132.6,824.886615720241,794.01769951105
a,PID,Sine,normal bandwidth,8,132.86,828.084942354764,796.708397650731
a,PID,Sine,normal bandwidth,8,133.12,831.312631564511,799.490821199074
a,PID,Sine,normal bandwidth,8,133.38,834.569132069864,802.367301629569
a,PID,Sine,normal bandwidth,8,133.64,837.853887670323,805.173667305228
a,PID,Sine,normal bandwidth,8,133.9,841.166337339503,808.16804994338
a,PID,Sine,normal bandwidth,8,134.16,844.505915320954,811.022156546627
a,PID,Sine,normal bandwidth,8,134.42,847.872051224793,813.969994396028
a,PID,Sine,normal bandwidth,8,134.68,851.264170125124,817.013668422568
a,PID,Sine,normal bandwidth,8,134.94,854.681692658231,819.977415417481
a,PID,Sine,normal bandwidth,8,135.2,858.124035121536,823.137228621682
a,PID,Sine,normal bandwidth,8,135.46,861.590609573291,826.142561030167
a,PID,Sine,normal bandwidth,8,135.72,865.080823932997,829.243230433618
a,PID,Sine,normal bandwidth,8,135.98,868.59408208253,832.441106235687
a,PID,Sine,normal bandwidth,8,136.24,872.129783967954,835.549583895191
a,PID,Sine,normal bandwidth,8,136.5,875.687325702015,838.861340108737
a,PID,Sine,normal bandwidth,8,136.76,879.266099667273,842.005070161854
a,PID,Sine,normal bandwidth,8,137.02,882.865494619892,845.245336015983
a,PID,Sine,normal bandwidth,8,137.28,886.484895794027,848.583763567957
a,PID,Sine,normal bandwidth,8,137.54,890.123685006837,851.823703459401
a,PID,Sine,normal bandwidth,8,137.8,893.781240764059,855.273266561952
a,PID,Sine,normal bandwidth,8,138.06,897.45693836616,858.54197535339
a,PID,Sine,normal bandwidth,8,138.32,901.150150015037,861.908006692058
a,PID,Sine,normal bandwidth,8,138.58,904.860244921237,865.37273602788
a,PID,Sine,normal bandwidth,8,138.84,908.5865894117,868.730308576486
a,PID,Sine,normal bandwidth,8,139.1,912.328547037985,872.302954223614
a,PID,Sine,normal bandwidth,8,139.36,916.085478684974,875.682689379509
a,PID,Sine,normal bandwidth,8,139.62,919.856742680033,879.160118410821
a,PID,Sine,normal bandwidth,8,139.88,923.641694902604,882.736360449508
a,PID,Sine,normal bandwidth,8,140.14,927.439688894221,886.197233969443
a,PID,Sine,normal bandwidth,8,140.4,931.250075968923,889.877712443008
a,PID,Sine,normal bandwidth,8,140.66,935.07220532405,893.354047677183
a,PID,Sine,normal bandwidth,8,140.92,938.905424151393,896.928031111931
a,PID,Sine,normal bandwidth,8,141.18,942.749077748696,900.600520784265
a,PID,Sine,normal bandwidth,8,141.44,946.602509631474,904.149922652965
a,PID,Sine,normal bandwidth,8,141.7,950.465061645142,907.922523954023
a,PID,Sine,normal bandwidth,8,141.96,954.336074077425,911.480620646105
a,PID,Sine,normal bandwidth,8,142.22,958.21488577103,915.135903055846
a,PID,Sine,normal bandwidth,8,142.48,962.100834236577,918.888964462814
a,PID,Sine,normal bandwidth,8,142.74,965.993255765745,922.511744177428
a,PID,Sine,normal bandwidth,8,143,969.891485544635,926.360365083834
a,PID,Sine,normal bandwidth,8,143.26,973.794857767315,929.98503561741
a,PID,Sine,normal bandwidth,8,143.52,977.70270574954,933.706014551755
a,PID,Sine,normal bandwidth,8,143.78,981.614362042617,937.523627876594
a,PID,Sine,normal bandwidth,8,144.04,985.529158547405,941.204321723396
a,PID,Sine,normal bandwidth,8,144.3,989.446426628429,945.112534525871
a,PID,Sine,normal bandwidth,8,144.56,993.365497228069,948.788307116316
a,PID,Sine,normal bandwidth,8,144.82,997.285700980845,952.559099701461
a,PID,Sine,normal bandwidth,8,145.08,1001.20636832774,956.424969589714
a,PID,Sine,normal bandwidth,8,145.34,1005.12682963054,960.147866650446
a,PID,Sine,normal bandwidth,8,145.6,1009.04641528626,964.098989273699
a,PID,Sine,normal bandwidth,8,145.86,1012.96445584142,967.810174008975
a,PID,Sine,normal bandwidth,8,146.12,1016.88028210649,971.614684743219
a,PID,Sine,normal bandwidth,8,146.38,1020.79322527011,975.512309858905
a,PID,Sine,normal bandwidth,8,146.64,1024.70261701333,979.261519072307
a,PID,Sine,normal bandwidth,8,146.9,1028.6077896238,983.238686281917
a,PID,Sine,normal bandwidth,8,147.16,1032.50807610977,986.96944209443
a,PID,Sine,normal bandwidth,8,147.42,1036.40281031403,990.791431551285
a,PID,Sine,normal bandwidth,8,147.68,1040.29132702768,994.704175012299
a,PID,Sine,normal bandwidth,8,147.94,1044.17296210376,998.463693004568
a,PID,Sine,normal bandwidth,8,148.2,1048.04705257065,1002.44992839567
a,PID,Sine,normal bandwidth,8,148.46,1051.91293674536,1006.18433067934
a,PID,Sine,normal bandwidth,8,148.72,1055.76995434646,1010.00748482498
a,PID,Sine,normal bandwidth,8,148.98,1059.61744660696,1013.91864521706
a,PID,Sine,normal bandwidth,8,149.24,1063.45475638674,1017.67242461172
a,PID,Sine,normal bandwidth,8,149.5,1067.28122828481,1021.65071307222
a,PID,Sine,normal bandwidth,8,149.76,1071.09620875128,1025.37282165613
a,PID,Sine,normal bandwidth,8,150.02,1074.89904619895,1029.18082148528
a,PID,Sine,normal bandwidth,8,150.28,1078.6890911146,1033.07370415146
a,PID,Sine,normal bandwidth,8,150.54,1082.46569616996,1036.80572206704
a,PID,Sine,normal bandwidth,8,150.8,1086.22821633223,1040.75908240606
a,PID,Sine,normal bandwidth,8,151.06,1089.97600897428,1044.45300959453
a,PID,Sine,normal bandwidth,8,151.32,1093.70843398438,1048.22960078762
a,PID,Sine,normal bandwidth,8,151.58,1097.42485387556,1052.08758908878
a,PID,Sine,normal bandwidth,8,151.84,1101.12463389447,1055.78191553195
a,PID,Sine,normal bandwidth,8,152.1,1104.8071421298,1059.69347296345
a,PID,Sine,normal bandwidth,8,152.36,1108.47174962021,1063.34345135215
a,PID,Sine,normal bandwidth,8,152.62,1112.11783046175,1067.07251365631
a,PID,Sine,normal bandwidth,8,152.88,1115.74476191478,1070.87913989877
a,PID,Sine,normal bandwidth,8,153.14,1119.35192451029,1074.520005761
a,PID,Sine,normal bandwidth,8,153.4,1122.93870215576,1078.37306393324
a,PID,Sine,normal bandwidth,8,153.66,1126.50448224035,1081.96351371182
a,PID,Sine,normal bandwidth,8,153.92,1130.04865573953,1085.62912974966
a,PID,Sine,normal bandwidth,8,154.18,1133.57061731912,1089.36814547694
a,PID,Sine,normal bandwidth,8,154.44,1137.06976543866,1092.94000984439
a,PID,Sine,normal bandwidth,8,154.7,1140.54550245418,1096.71812210778
a,PID,Sine,normal bandwidth,8,154.96,1143.99723472023,1100.23371756176
a,PID,Sine,normal bandwidth,8,155.22,1147.42437269131,1103.82024077415
a,PID,Sine,normal bandwidth,8,155.48,1150.82633102257,1107.475686123
a,PID,Sine,normal bandwidth,8,155.74,1154.20252866973,1110.96330261239
a,PID,Sine,normal bandwidth,8,156,1157.55238898839,1114.65034222143
a,PID,Sine,normal bandwidth,8,156.26,1160.87533983247,1118.07607714951
a,PID,Sine,normal bandwidth,8,156.52,1164.17081365196,1121.56819858237
a,PID,Sine,normal bandwidth,8,156.78,1167.43824758982,1125.12447040691
a,PID,Sine,normal bandwidth,8,157.04,1170.67708357816,1128.51295224421
a,PID,Sine,normal bandwidth,8,157.3,1173.88676843353,1132.09318119396
a,PID,Sine,normal bandwidth,8,157.56,1177.0667539514,1135.41443296148
a,PID,Sine,normal bandwidth,8,157.82,1180.2164969998,1138.79724661159
a,PID,Sine,normal bandwidth,8,158.08,1183.33545961207,1142.23916508478
a,PID,Sine,normal bandwidth,8,158.34,1186.42310907879,1145.5140486489
a,PID,Sine,normal bandwidth,8,158.6,1189.4789180387,1148.97218485216
a,PID,Sine,normal bandwidth,8,158.86,1192.50236456881,1152.17477680731
a,PID,Sine,normal bandwidth,8,159.12,1195.49293227353,1155.43384324805
a,PID,Sine,normal bandwidth,8,159.38,1198.45011037291,1158.74671665631
a,PID,Sine,normal bandwidth,8,159.64,1201.37339378979,1161.89402321658
a,PID,Sine,normal bandwidth,8,159.9,1204.26228323616,1165.21530573491
a,PID,Sine,normal bandwidth,8,160.16,1207.11628529838,1168.28556772133
a,PID,Sine,normal bandwidth,8,160.42,1209.93491252148,1171.40697573688
a,PID,Sine,normal bandwidth,8,160.68,1212.7176834924,1174.57666319117
a,PID,Sine,normal bandwidth,8,160.94,1215.46412292221,1177.58295857507
a,PID,Sine,normal bandwidth,8,161.2,1218.17376172732,1180.75321062544
a,PID,Sine,normal bandwidth,8,161.46,1220.84613710956,1183.6780373328
a,PID,Sine,normal bandwidth,8,161.72,1223.48079263524,1186.64846329771
a,PID,Sine,normal bandwidth,8,161.98,1226.07727831313,1189.66143509342
a,PID,Sine,normal bandwidth,8,162.24,1228.63515067127,1192.51388702991
a,PID,Sine,normal bandwidth,8,162.5,1231.15397283274,1195.51957649774
a,PID,Sine,normal bandwidth,8,162.76,1233.63331459029,1198.28648340132
a,PID,Sine,normal bandwidth,8,163.02,1236.0727524798,1201.09324815198
a,PID,Sine,normal bandwidth,8,163.28,1238.47186985261,1203.93664352003
a,PID,Sine,normal bandwidth,8,163.54,1240.83025694668,1206.62307641369
a,PID,Sine,normal bandwidth,8,163.8,1243.14751095659,1209.45137361428
a,PID,Sine,normal bandwidth,8,164.06,1245.4232361023,1212.04855026475
a,PID,Sine,normal bandwidth,8,164.32,1247.65704369681,1214.67967321993
a,PID,Sine,normal bandwidth,8,164.58,1249.84855221249,1217.34135522255
a,PID,Sine,normal bandwidth,8,164.84,1251.99738734627,1219.85030212464
a,PID,Sine,normal bandwidth,8,165.1,1254.10318208358,1222.48913456624
a,PID,Sine,normal bandwidth,8,165.36,1256.16557676098,1224.90549500216
a,PID,Sine,normal bandwidth,8,165.62,1258.18421912768,1227.34974530177
a,PID,Sine,normal bandwidth,8,165.88,1260.15876440562,1229.81835263858
a,PID,Sine,normal bandwidth,8,166.14,1262.08887534841,1232.1391041934
a,PID,Sine,normal bandwidth,8,166.4,1263.97422229888,1234.57720810821
a,PID,Sine,normal bandwidth,8,166.66,1265.81448324546,1236.80243817608
a,PID,Sine,normal bandwidth,8,166.92,1267.6093438771,1239.04938261969
a,PID,Sine,normal bandwidth,8,167.18,1269.358497637,1241.31437812305
a,PID,Sine,normal bandwidth,8,167.44,1271.06164577495,1243.43702828041
a,PID,Sine,normal bandwidth,8,167.7,1272.71849739836,1245.66399670364
a,PID,Sine,normal bandwidth,8,167.96,1274.32876952197,1247.68859808354
a,PID,Sine,normal bandwidth,8,168.22,1275.89218711613,1249.72864566412
a,PID,Sine,normal bandwidth,8,168.48,1277.40848315382,1251.78036127669
a,PID,Sine,normal bandwidth,8,168.74,1278.87739865622,1253.69584957556
a,PID,Sine,normal bandwidth,8,169,1280.29868273698,1255.70217676717
a,PID,Sine,normal bandwidth,8,169.26,1281.67209264506,1257.51750751601
a,PID,Sine,normal bandwidth,8,169.52,1282.99739380617,1259.34195035889
a,PID,Sine,normal bandwidth,8,169.78,1284.27435986285,1261.17162840137
a,PID,Sine,normal bandwidth,8,170.04,1285.50277271314,1262.87177864419
a,PID,Sine,normal bandwidth,8,170.3,1286.68242254782,1264.64890066385
a,PID,Sine,normal bandwidth,8,170.56,1287.81310788623,1266.24721210319
a,PID,Sine,normal bandwidth,8,170.82,1288.89463561072,1267.84826263526
a,PID,Sine,normal bandwidth,8,171.08,1289.92682099961,1269.4480931883
a,PID,Sine,normal bandwidth,8,171.34,1290.90948775873,1270.92564834076
a,PID,Sine,normal bandwidth,8,171.6,1291.84246805155,1272.46597960271
a,PID,Sine,normal bandwidth,8,171.86,1292.72560252785,1273.84044939379
a,PID,Sine,normal bandwidth,8,172.12,1293.5587403509,1275.21127358454
a,PID,Sine,normal bandwidth,8,172.38,1294.34173922328,1276.57442782506
a,PID,Sine,normal bandwidth,8,172.64,1295.07446541112,1277.82308099256
a,PID,Sine,normal bandwidth,8,172.9,1295.756793767,1279.12004664446
a,PID,Sine,normal bandwidth,8,173.16,1296.38860775128,1280.26480790905
a,PID,Sine,normal bandwidth,8,173.42,1296.96979945203,1281.39955444141
a,PID,Sine,normal bandwidth,8,173.68,1297.50026960346,1282.52021379124
a,PID,Sine,normal bandwidth,8,173.94,1297.97992760286,1283.53463513959
a,PID,Sine,normal bandwidth,8,174.2,1298.40869152609,1284.58269912706
a,PID,Sine,normal bandwidth,8,174.46,1298.78648814155,1285.4928654901
a,PID,Sine,normal bandwidth,8,174.72,1299.11325292272,1286.38669073654
a,PID,Sine,normal bandwidth,8,174.98,1299.38893005916,1287.26007169882
a,PID,Sine,normal bandwidth,8,175.24,1299.61347246603,1288.03593120453
a,PID,Sine,normal bandwidth,8,175.5,1299.78684179218,1288.83061990157
a,PID,Sine,normal bandwidth,8,175.76,1299.90900842663,1289.50230634845
a,PID,Sine,normal bandwidth,8,176.02,1299.97995150371,1290.15139504588
a,PID,Sine,normal bandwidth,8,176.28,1299.99965890654,1290.77376962328
a,PID,Sine,normal bandwidth,8,176.54,1299.96812726915,1291.30775555605
a,PID,Sine,normal bandwidth,8,176.8,1299.88536197706,1291.84567686062
a,PID,Sine,normal bandwidth,8,177.06,1299.75137716633,1292.27601632027
a,PID,Sine,normal bandwidth,8,177.32,1299.56619572117,1292.67759785535
a,PID,Sine,normal bandwidth,8,177.58,1299.32984927,1293.04630946285
a,PID,Sine,normal bandwidth,8,177.84,1299.04237818009,1293.33614252163
a,PID,Sine,normal bandwidth,8,178.1,1298.70383155064,1293.61500033468
a,PID,Sine,normal bandwidth,8,178.36,1298.3142672044,1293.80215591755
a,PID,Sine,normal bandwidth,8,178.62,1297.87375167778,1293.95451615296
a,PID,Sine,normal bandwidth,8,178.88,1297.38236020952,1294.06799095743
a,PID,Sine,normal bandwidth,8,179.14,1296.8401767278,1294.11243399954
a,PID,Sine,normal bandwidth,8,179.4,1296.24729383592,1294.13103802583
a,PID,Sine,normal bandwidth,8,179.66,1295.60381279651,1294.07421086459
a,PID,Sine,normal bandwidth,8,179.92,1294.9098435142,1293.97669945578
a,PID,Sine,normal bandwidth,8,180.18,1294.16550451684,1293.83445309382
a,PID,Sine,normal bandwidth,8,180.44,1293.37092293531,1293.63331641562
a,PID,Sine,normal bandwidth,8,180.7,1292.52623448175,1293.3915872445
a,PID,Sine,normal bandwidth,8,180.96,1291.63158342642,1293.09101990398
a,PID,Sine,normal bandwidth,8,181.22,1290.68712257301,1292.74405307513
a,PID,Sine,normal bandwidth,8,181.48,1289.69301323262,1292.34669272056
a,PID,Sine,normal bandwidth,8,181.74,1288.64942519612,1291.90083486722
a,PID,Sine,normal bandwidth,8,182,1287.55653670521,1291.39980431155
a,PID,Sine,normal bandwidth,8,182.26,1286.41453442198,1290.85677975337
a,PID,Sine,normal bandwidth,8,182.52,1285.22361339697,1290.26183852074
a,PID,Sine,normal bandwidth,8,182.78,1283.98397703591,1289.61106029291
a,PID,Sine,normal bandwidth,8,183.04,1282.69583706498,1288.92238439372
a,PID,Sine,normal bandwidth,8,183.3,1281.35941349461,1288.16419108563
a,PID,Sine,normal bandwidth,8,183.56,1279.97493458192,1287.3810271919
a,PID,Sine,normal bandwidth,8,183.82,1278.54263679176,1286.54065104221
a,PID,Sine,normal bandwidth,8,184.08,1277.06276475629,1285.63923276616
a,PID,Sine,normal bandwidth,8,184.34,1275.53557123319,1284.71067841111
a,PID,Sine,normal bandwidth,8,184.6,1273.96131706255,1283.6985586733
a,PID,Sine,normal bandwidth,8,184.86,1272.34027112222,1282.67859835284
a,PID,Sine,normal bandwidth,8,185.12,1270.672710282,1281.5963744035
a,PID,Sine,normal bandwidth,8,185.38,1268.95891935627,1280.44816375292
a,PID,Sine,normal bandwidth,8,185.64,1267.19919105535,1279.28369444513
a,PID,Sine,normal bandwidth,8,185.9,1265.39382593556,1278.02196847676
a,PID,Sine,normal bandwidth,8,186.16,1263.54313234784,1276.769565396
a,PID,Sine,normal bandwidth,8,186.42,1261.64742638509,1275.45011308364
a,PID,Sine,normal bandwidth,8,186.68,1259.70703182818,1274.06001115718
a,PID,Sine,normal bandwidth,8,186.94,1257.72228009069,1272.66459739484
a,PID,Sine,normal bandwidth,8,187.2,1255.69351016224,1271.15865083091
a,PID,Sine,normal bandwidth,8,187.46,1253.62106855063,1269.67915083039
a,PID,Sine,normal bandwidth,8,187.72,1251.50530922268,1268.12810219296
a,PID,Sine,normal bandwidth,8,187.98,1249.3465935437,1266.50204259409
a,PID,Sine,normal bandwidth,8,188.24,1247.14529021587,1264.88164065405
a,PID,Sine,normal bandwidth,8,188.5,1244.90177521516,1263.13790157696
a,PID,Sine,normal bandwidth,8,188.76,1242.61643172719,1261.43761985283
a,PID,Sine,normal bandwidth,8,189.02,1240.28965008178,1259.66159548943
a,PID,Sine,normal bandwidth,8,189.28,1237.92182768622,1257.80651899901
a,PID,Sine,normal bandwidth,8,189.54,1235.51336895747,1255.96804551262
a,PID,Sine,normal bandwidth,8,189.8,1233.06468525305,1253.99395701415
a,PID,Sine,normal bandwidth,8,190.06,1230.57619480077,1252.08015116192
a,PID,Sine,normal bandwidth,8,190.32,1228.04832262732,1250.08673197299
a,PID,Sine,normal bandwidth,8,190.58,1225.48150048568,1248.01055692282
a,PID,Sine,normal bandwidth,8,190.84,1222.87616678134,1245.9618593525
a,PID,Sine,normal bandwidth,8,191.1,1220.23276649749,1243.76584776319
a,PID,Sine,normal bandwidth,8,191.36,1217.55175111894,1241.64668679898
a,PID,Sine,normal bandwidth,8,191.62,1214.83357855506,1239.44438162747
a,PID,Sine,normal bandwidth,8,191.88,1212.07871306156,1237.15597010113
a,PID,Sine,normal bandwidth,8,192.14,1209.28762516119,1234.90579324376
a,PID,Sine,normal bandwidth,8,192.4,1206.46079156337,1232.49723216546
a,PID,Sine,normal bandwidth,8,192.66,1203.59869508278,1230.18176165677
a,PID,Sine,normal bandwidth,8,192.92,1200.70182455691,1227.77997096846
a,PID,Sine,normal bandwidth,8,193.18,1197.77067476254,1225.2890909738
a,PID,Sine,normal bandwidth,8,193.44,1194.80574633124,1222.84703963384
a,PID,Sine,normal bandwidth,8,193.7,1191.80754566387,1220.23620992873
a,PID,Sine,normal bandwidth,8,193.96,1188.77658484411,1217.73431338379
a,PID,Sine,normal bandwidth,8,194.22,1185.71338155094,1215.14328914169
a,PID,Sine,normal bandwidth,8,194.48,1182.6184589703,1212.46057291645
a,PID,Sine,normal bandwidth,8,194.74,1179.49234570565,1209.83707090815
a,PID,Sine,normal bandwidth,8,195,1176.33557568774,1207.03511681528
a,PID,Sine,normal bandwidth,8,195.26,1173.14868808342,1204.35747349559
a,PID,Sine,normal bandwidth,8,195.52,1169.93222720349,1201.58827539979
a,PID,Sine,normal bandwidth,8,195.78,1166.68674240983,1198.72517402821
a,PID,Sine,normal bandwidth,8,196.04,1163.41278802147,1195.93141968192
a,PID,Sine,normal bandwidth,8,196.3,1160.11092321999,1192.95030124838
a,PID,Sine,normal bandwidth,8,196.56,1156.78171195397,1190.10834058465
a,PID,Sine,normal bandwidth,8,196.82,1153.4257228427,1187.17278886437
a,PID,Sine,normal bandwidth,8,197.08,1150.04352907902,1184.14152339864
a,PID,Sine,normal bandwidth,8,197.34,1146.63570833147,1181.1894417611
a,PID,Sine,normal bandwidth,8,197.6,1143.2028426456,1178.04188379095
a,PID,Sine,normal bandwidth,8,197.86,1139.74551834454,1175.04773659698
a,PID,Sine,normal bandwidth,8,198.12,1136.26432592889,1171.95836155629
a,PID,Sine,normal bandwidth,8,198.38,1132.75985997587,1168.77187085141
a,PID,Sine,normal bandwidth,8,198.64,1129.23271903772,1165.67406278409
a,PID,Sine,normal bandwidth,8,198.9,1125.68350553951,1162.37350052298
a,PID,Sine,normal bandwidth,8,199.16,1122.11282567625,1159.23994721566
a,PID,Sine,normal bandwidth,8,199.42,1118.52128930932,1156.00993574833
a,PID,Sine,normal bandwidth,8,199.68,1114.90950986235,1152.681821233
a,PID,Sine,normal bandwidth,8,199.94,1111.27810421641,1149.45150962577
a,PID,Sine,normal bandwidth,8,200.2,1107.62769260467,1146.01203141303
a,PID,Sine,normal bandwidth,8,200.46,1103.95889850647,1142.75244745957
a,PID,Sine,normal bandwidth,8,200.72,1100.2723485408,1139.39558676122
a,PID,Sine,normal bandwidth,8,200.98,1096.56867235934,1135.94005438067
a,PID,Sine,normal bandwidth,8,201.24,1092.84850253883,1132.59102771029
a,PID,Sine,normal bandwidth,8,201.5,1089.11247447311,1129.02731484332
a,PID,Sine,normal bandwidth,8,201.76,1085.36122626454,1125.65561366853
a,PID,Sine,normal bandwidth,8,202.02,1081.59539861505,1122.18623238649
a,PID,Sine,normal bandwidth,8,202.28,1077.81563471667,1118.61803196479
a,PID,Sine,normal bandwidth,8,202.54,1074.02258014173,1115.1645854393
a,PID,Sine,normal bandwidth,8,202.8,1070.21688273254,1111.49184950698
a,PID,Sine,normal bandwidth,8,203.06,1066.39919249079,1108.02242310425
a,PID,Sine,normal bandwidth,8,203.32,1062.5701614665,1104.45533017618
a,PID,Sine,normal bandwidth,8,203.58,1058.73044364667,1100.78969245719
a,PID,Sine,normal bandwidth,8,203.84,1054.88069484355,1097.24656699727
a,PID,Sine,normal bandwidth,8,204.1,1051.02157258267,1093.48048494977
a,PID,Sine,normal bandwidth,8,204.36,1047.15373599052,1089.92814244936
a,PID,Sine,normal bandwidth,8,204.62,1043.27784568196,1086.2785638918
a,PID,Sine,normal bandwidth,8,204.88,1039.39456364741,1082.53113552719
a,PID,Sine,normal bandwidth,8,205.14,1035.50455313978,1078.91345484506
a,PID,Sine,normal bandwidth,8,205.4,1031.60847856117,1075.0701020773
a,PID,Sine,normal bandwidth,8,205.66,1027.70700534941,1071.45000653404
a,PID,Sine,normal bandwidth,8,205.92,1023.80079986439,1067.73352045069
a,PID,Sine,normal bandwidth,8,206.18,1019.89052927428,1063.92029721278
a,PID,Sine,normal bandwidth,8,206.44,1015.97686144154,1060.24350325711
a,PID,Sine,normal bandwidth,8,206.7,1012.06046480889,1056.3392849915
a,PID,Sine,normal bandwidth,8,206.96,1008.14200828508,1052.66688866183
a,PID,Sine,normal bandwidth,8,207.22,1004.22216113073,1048.89935874891
a,PID,Sine,normal bandwidth,8,207.48,1000.30159284394,1045.0366172532
a,PID,Sine,normal bandwidth,8,207.74,996.380973046007,1041.3164042957
a,PID,Sine,normal bandwidth,8,208,992.460971366999,1037.36798555699
a,PID,Sine,normal bandwidth,8,208.26,988.542257331425,1033.65896394149
a,PID,Sine,normal bandwidth,8,208.52,984.625500243867,1029.85647177408
a,PID,Sine,normal bandwidth,8,208.78,980.711369074667,1025.96070000312
a,PID,Sine,normal bandwidth,8,209.04,976.800532345663,1022.21294764804
a,PID,Sine,normal bandwidth,8,209.3,972.893658016019,1018.23718212921
a,PID,Sine,normal bandwidth,8,209.56,968.991413368128,1014.50736706227
a,PID,Sine,normal bandwidth,8,209.82,965.09446489365,1010.68614345068
a,PID,Sine,normal bandwidth,8,210.08,961.203478179674,1006.77397037565
a,PID,Sine,normal bandwidth,8,210.34,957.319117795037,1003.01467577824
a,PID,Sine,normal bandwidth,8,210.6,953.44204717682,999.028533901074
a,PID,Sine,normal bandwidth,8,210.86,949.572928517035,995.293845973236
a,PID,Sine,normal bandwidth,8,211.12,945.712422649519,991.470201682317
a,PID,Sine,normal bandwidth,8,211.38,941.861188937076,987.55832628278
a,PID,Sine,normal bandwidth,8,211.64,938.01988515885,983.803535865971
a,PID,Sine,normal bandwidth,8,211.9,934.189167397982,979.824032343408
a,PID,Sine,normal bandwidth,8,212.16,930.369689929555,976.10041294485
a,PID,Sine,normal bandwidth,8,212.42,926.56210510884,972.290669072034
a,PID,Sine,normal bandwidth,8,212.68,922.767063259886,968.395789056958
a,PID,Sine,normal bandwidth,8,212.94,918.985212564434,964.66153001773
a,PID,Sine,normal bandwidth,8,213.2,915.217198951219,960.705651227107
a,PID,Sine,normal bandwidth,8,213.46,911.463665985643,957.008994502365
a,PID,Sine,normal bandwidth,8,213.72,907.725254759855,953.229412811617
a,PID,Sine,normal bandwidth,8,213.98,904.002603783259,949.368153345736
a,PID,Sine,normal bandwidth,8,214.24,900.296348873455,945.670365243575
a,PID,Sine,normal bandwidth,8,214.5,896.607123047645,941.754996720854
a,PID,Sine,normal bandwidth,8,214.76,892.935556414512,938.101081725195
a,PID,Sine,normal bandwidth,8,215.02,889.282276066604,934.367795234219
a,PID,Sine,normal bandwidth,8,215.28,885.647905973226,930.556637974081
a,PID,Sine,normal bandwidth,8,215.54,882.033066873869,926.9111046935
a,PID,Sine,normal bandwidth,8,215.8,878.438376172187,923.052959057923
a,PID,Sine,normal bandwidth,8,216.06,874.86444783055,919.457382404976
a,PID,Sine,normal bandwidth,8,216.32,871.311892265178,915.786326521967
a,PID,Sine,normal bandwidth,8,216.58,867.781316241887,912.041539264535
a,PID,Sine,normal bandwidth,8,216.84,864.273322772452,908.463821642093
a,PID,Sine,normal bandwidth,8,217.1,860.788511011616,904.679367258928
a,PID,Sine,normal bandwidth,8,217.36,857.327476154753,901.157476547063
a,PID,Sine,normal bandwidth,8,217.62,853.890809336219,897.564321050954
a,PID,Sine,normal bandwidth,8,217.88,850.479097528377,893.901888295058
a,PID,Sine,normal bandwidth,8,218.14,847.092923441352,890.407257698452
a,PID,Sine,normal bandwidth,8,218.4,843.732865423502,886.712648384326
a,PID,Sine,normal bandwidth,8,218.66,840.39949736264,883.279476685943
a,PID,Sine,normal bandwidth,8,218.92,837.093388588013,879.779558840477
a,PID,Sine,normal bandwidth,8,219.18,833.815103773064,876.215113557521
a,PID,Sine,normal bandwidth,8,219.44,830.56520283899,872.818486700264
a,PID,Sine,normal bandwidth,8,219.7,827.344240859101,869.22949277114
a,PID,Sine,normal bandwidth,8,219.96,824.152767964026,865.899694464509
a,PID,Sine,normal bandwidth,8,220.22,820.991329247743,862.507953551643
a,PID,Sine,normal bandwidth,8,220.48,817.860464674487,859.056710456788
a,PID,Sine,normal bandwidth,8,220.74,814.760708986518,855.772585726719
a,PID,Sine,normal bandwidth,8,221,811.69259161279,852.304526682832
a,PID,Sine,normal bandwidth,8,221.26,808.656636578533,849.092314900361
a,PID,Sine,normal bandwidth,8,221.52,805.653362415741,845.823228452444
a,PID,Sine,normal bandwidth,8,221.78,802.683282074619,842.499919061107
a,PID,Sine,normal bandwidth,8,222.04,799.746902835961,839.342314634507
a,PID,Sine,normal bandwidth,8,222.3,796.844726224519,836.009993769588
a,PID,Sine,normal bandwidth,8,222.56,793.977247923336,832.929079729554
a,PID,Sine,normal bandwidth,8,222.82,791.144957689088,829.796601732464
a,PID,Sine,normal bandwidth,8,223.08,788.348339268437,826.61541147934
a,PID,Sine,normal bandwidth,8,223.34,785.587870315405,823.597805484818
a,PID,Sine,normal bandwidth,8,223.6,782.864022309793,820.415446698733
a,PID,Sine,normal bandwidth,8,223.86,780.177260476655,817.478981179402
a,PID,Sine,normal bandwidth,8,224.12,777.528043706839,814.496482510426
a,PID,Sine,normal bandwidth,8,224.38,774.916824478606,811.470990199431
a,PID,Sine,normal bandwidth,8,224.64,772.344048780356,808.606263186983
a,PID,Sine,normal bandwidth,8,224.9,769.810156034446,805.587450271494
a,PID,Sine,normal bandwidth,8,225.16,767.315579022141,802.807967477464
a,PID,Sine,normal bandwidth,8,225.42,764.860743809699,799.988178832156
a,PID,Sine,normal bandwidth,8,225.68,762.446069675597,797.131298675764
a,PID,Sine,normal bandwidth,8,225.94,760.071969038922,794.431678636577
a,PID,Sine,normal bandwidth,8,226.2,757.738847388927,791.589297293382
a,PID,Sine,normal bandwidth,8,226.46,755.44710321578,788.978661353753
a,PID,Sine,normal bandwidth,8,226.72,753.197127942497,786.333618905387
a,PID,Sine,normal bandwidth,8,226.98,750.989305858094,783.657545400744
a,PID,Sine,normal bandwidth,8,227.24,748.824014051949,781.134555572426
a,PID,Sine,normal bandwidth,8,227.5,746.701622349395,778.480738410973
a,PID,Sine,normal bandwidth,8,227.76,744.622493248557,776.050092737708
a,PID,Sine,normal bandwidth,8,228.02,742.586981858437,773.591086761277
a,PID,Sine,normal bandwidth,8,228.28,740.595435838264,771.107242638398
a,PID,Sine,normal bandwidth,8,228.54,738.648195338114,768.771652318427
a,PID,Sine,normal bandwidth,8,228.8,736.745592940811,766.317727068275
a,PID,Sine,normal bandwidth,8,229.06,734.887953605128,764.077446790923
a,PID,Sine,normal bandwidth,8,229.32,733.075594610281,761.814973470977
a,PID,Sine,normal bandwidth,8,229.58,731.308825501741,759.533960935208
a,PID,Sine,normal bandwidth,8,229.84,729.587948038361,757.395739512544
a,PID,Sine,normal bandwidth,8,230.1,727.913256140841,755.152180671335
a,PID,Sine,normal bandwidth,8,230.36,726.285035841524,753.111828351134
a,PID,Sine,normal bandwidth,8,230.62,724.703565235545,751.05554497917
a,PID,Sine,normal bandwidth,8,230.88,723.16911443333,748.98710045603
a,PID,Sine,normal bandwidth,8,231.14,721.681945514466,747.055374857111
a,PID,Sine,normal bandwidth,8,231.4,720.242312482934,745.031758980525
a,PID,Sine,normal bandwidth,8,231.66,718.850461223731,743.200043792932
a,PID,Sine,normal bandwidth,8,231.92,717.506629460868,741.358727545569
a,PID,Sine,normal bandwidth,8,232.18,716.211046716773,739.511680121141
a,PID,Sine,normal bandwidth,8,232.44,714.963934273084,737.794695851909
a,PID,Sine,normal bandwidth,8,232.7,713.76550513286,735.999660676455
a,PID,Sine,normal bandwidth,8,232.96,712.615963984195,734.384401236325
a,PID,Sine,normal bandwidth,8,233.22,711.515507165265,732.765911710218
a,PID,Sine,normal bandwidth,8,233.48,710.464322630786,731.148145444495
a,PID,Sine,normal bandwidth,8,233.74,709.462589919918,729.653231394727
a,PID,Sine,normal bandwidth,8,234,708.510480125598,728.094438967856
a,PID,Sine,normal bandwidth,8,234.26,707.608155865317,726.702529955943
a,PID,Sine,normal bandwidth,8,234.52,706.755771253348,725.313775619361
a,PID,Sine,normal bandwidth,8,234.78,705.953471874421,723.932195893398
a,PID,Sine,normal bandwidth,8,235.04,705.201394758859,722.665733053584
a,PID,Sine,normal bandwidth,8,235.3,704.499668359172,721.3498370285
a,PID,Sine,normal bandwidth,8,235.56,703.848412528122,720.187219761745
a,PID,Sine,normal bandwidth,8,235.82,703.247738498247,719.034128466002
a,PID,Sine,normal bandwidth,8,236.08,702.697748862866,717.894632506532
a,PID,Sine,normal bandwidth,8,236.34,702.198537558557,716.862026730834
a,PID,Sine,normal bandwidth,8,236.6,701.75018984911,715.794643965591
a,PID,Sine,normal bandwidth,8,236.86,701.352782310966,714.866281036811
a,PID,Sine,normal bandwidth,8,237.12,701.006382820138,713.953774713436
a,PID,Sine,normal bandwidth,8,237.38,700.71105054062,713.061226420748
a,PID,Sine,normal bandwidth,8,237.64,700.466835914276,712.266885352295
a,PID,Sine,normal bandwidth,8,237.9,700.27378065223,711.452571934434
a,PID,Sine,normal bandwidth,8,238.16,700.131917727743,710.762426029658
a,PID,Sine,normal bandwidth,8,238.42,700.041271370573,710.094399681293
a,PID,Sine,normal bandwidth,8,238.68,700.001857062848,709.452608867844
a,PID,Sine,normal bandwidth,8,238.94,700.013681536412,708.899923124848
a,PID,Sine,normal bandwidth,8,239.2,700.076742771681,708.342154923886
a,PID,Sine,normal bandwidth,8,239.46,700.191029997986,707.893171907767
a,PID,Sine,normal bandwidth,8,239.72,700.35652369541,707.472476982478
a,PID,Sine,normal bandwidth,8,239.98,700.57319559813,707.084183110833
a,PID,Sine,normal bandwidth,8,240.24,700.841008699233,706.775511813853
a,PID,Sine,normal bandwidth,8,240.5,701.159917257048,706.476669644652
a,PID,Sine,normal bandwidth,8,240.76,701.529866802952,706.270765986137
a,PID,Sine,normal bandwidth,8,241.02,701.950794150673,706.099198206105
a,PID,Sine,normal bandwidth,8,241.28,702.422627407085,705.966058695635
a,PID,Sine,normal bandwidth,8,241.54,702.945285984487,705.902719397753
a,PID,Sine,normal bandwidth,8,241.8,703.518680614363,705.86407885809
a,PID,Sine,normal bandwidth,8,242.06,704.142713362635,705.902133450041
a,PID,Sine,normal bandwidth,8,242.32,704.817277646384,705.980425146583
a,PID,Sine,normal bandwidth,8,242.58,705.542258252057,706.103008298825
a,PID,Sine,normal bandwidth,8,242.84,706.317531355146,706.285271361709
a,PID,Sine,normal bandwidth,8,243.1,707.142964541334,706.506997387432
a,PID,Sine,normal bandwidth,8,243.36,708.018416829114,706.7888477951
a,PID,Sine,normal bandwidth,8,243.62,708.943738693866,707.116664782732
a,PID,Sine,normal bandwidth,8,243.88,709.918772093396,707.49444735561
a,PID,Sine,normal bandwidth,8,244.14,710.94335049493,707.921534795489
a,PID,Sine,normal bandwidth,8,244.4,712.017298903555,708.402680956493
a,PID,Sine,normal bandwidth,8,244.66,713.14043389211,708.927124110863
a,PID,Sine,normal bandwidth,8,244.92,714.312563632515,709.503067113769
a,PID,Sine,normal bandwidth,8,245.18,715.533487928532,710.13443655504
a,PID,Sine,normal bandwidth,8,245.44,716.802998249961,710.804525363497
a,PID,Sine,normal bandwidth,8,245.7,718.120877768254,711.543037903529
a,PID,Sine,normal bandwidth,8,245.96,719.486901393549,712.307835236584
a,PID,Sine,normal bandwidth,8,246.22,720.900835813116,713.129445861368
a,PID,Sine,normal bandwidth,8,246.48,722.362439531206,714.011707191743
a,PID,Sine,normal bandwidth,8,246.74,723.871462910295,714.921937117171
a,PID,Sine,normal bandwidth,8,247,725.427648213725,715.914663720218
a,PID,Sine,normal bandwidth,8,247.26,727.030729649723,716.916550720188
a,PID,Sine,normal bandwidth,8,247.52,728.680433416797,717.980321949451
a,PID,Sine,normal bandwidth,8,247.78,730.376477750501,719.109709266027
a,PID,Sine,normal bandwidth,8,248.04,732.118572971559,720.256195022513
a,PID,Sine,normal bandwidth,8,248.3,733.906421535344,721.498898268361
a,PID,Sine,normal bandwidth,8,248.56,735.739718082693,722.733598414183
a,PID,Sine,normal bandwidth,8,248.82,737.618149492065,724.034989576105
a,PID,Sine,normal bandwidth,8,249.08,739.54139493302,725.406682126994
a,PID,Sine,normal bandwidth,8,249.34,741.509125921016,726.784529978533
a,PID,Sine,normal bandwidth,8,249.6,743.521006373514,728.271905430048
a,PID,Sine,normal bandwidth,8,249.86,745.576692667379,729.734148445555
a,PID,Sine,normal bandwidth,8,250.12,747.675833697568,731.2676045956
a,PID,Sine,normal bandwidth,8,250.38,749.818070937103,732.875747357147
a,PID,Sine,normal bandwidth,8,250.64,752.003038498301,734.479076006388
a,PID,Sine,normal bandwidth,8,250.9,754.230363195266,736.204774851333
a,PID,Sine,normal bandwidth,8,251.16,756.499664607637,737.888319201248
a,PID,Sine,normal bandwidth,8,251.42,758.810555145549,739.647294833264
a,PID,Sine,normal bandwidth,8,251.68,761.162640115844,741.485023502018
a,PID,Sine,normal bandwidth,8,251.94,763.555517789477,743.306989194388
a,PID,Sine,normal bandwidth,8,252.2,765.988779470132,745.263645345113
a,PID,Sine,normal bandwidth,8,252.46,768.462009564028,747.161304876834
a,PID,Sine,normal bandwidth,8,252.72,770.974785650895,749.138291862321
a,PID,Sine,normal bandwidth,8,252.98,773.526678556129,751.197762155085
a,PID,Sine,normal bandwidth,8,253.24,776.11725242409,753.230587891123
a,PID,Sine,normal bandwidth,8,253.5,778.746064792548,755.409849426462
a,PID,Sine,normal bandwidth,8,253.76,781.412666668249,757.513524043913
a,PID,Sine,normal bandwidth,8,254.02,784.116602603606,759.700083680218
a,PID,Sine,normal bandwidth,8,254.28,786.857410774488,761.972504817111
a,PID,Sine,normal bandwidth,8,254.54,789.634623059095,764.207513548331
a,PID,Sine,normal bandwidth,8,254.8,792.447765117914,766.600078363501
a,PID,Sine,normal bandwidth,8,255.06,795.296356474735,768.90078860212
a,PID,Sine,normal bandwidth,8,255.32,798.179910598716,771.287587632761
a,PID,Sine,normal bandwidth,8,255.58,801.097934987478,773.763259860361
a,PID,Sine,normal bandwidth,8,255.84,804.049931251223,776.190911526943
a,PID,Sine,normal bandwidth,8,256.1,807.03539519786,778.78656703926
a,PID,Sine,normal bandwidth,8,256.36,810.053816919121,781.274492394548
a,PID,Sine,normal bandwidth,8,256.62,813.104680877644,783.851342847899
a,PID,Sine,normal bandwidth,8,256.88,816.187465995034,786.519698842322
a,PID,Sine,normal bandwidth,8,257.14,819.301645740857,789.129631094535
a,PID,Sine,normal bandwidth,8,257.4,822.446688222571,791.917297835488
a,PID,Sine,normal bandwidth,8,257.66,825.622056276371,794.581818681494
a,PID,Sine,normal bandwidth,8,257.92,828.827207558937,797.337721357807
a,PID,Sine,normal bandwidth,8,258.18,832.06159464006,800.187371330972
a,PID,Sine,normal bandwidth,8,258.44,835.324665096147,802.968443760518
a,PID,Sine,normal bandwidth,8,258.7,838.615861604568,805.936222668104
a,PID,Sine,normal bandwidth,8,258.96,841.934622038854,808.765965586948
a,PID,Sine,normal bandwidth,8,259.22,845.280379564692,811.689157008067
a,PID,Sine,normal bandwidth,8,259.48,848.652562736753,814.70793732462
a,PID,Sine,normal bandwidth,8,259.74,852.050595596285,817.648279017094
a,PID,Sine,normal bandwidth,8,260,855.473897769486,820.783502226567
a,PID,Sine,normal bandwidth,8,260.26,858.921884566633,823.766388555492
a,PID,Sine,normal bandwidth,8,260.52,862.39396708194,826.84439117686
a,PID,Sine,normal bandwidth,8,260.78,865.889552294152,830.019416274254
a,PID,Sine,normal bandwidth,8,261.04,869.408043167817,833.106476479741
a,PID,Sine,normal bandwidth,8,261.3,872.948838755265,836.395761395968
a,PID,Sine,normal bandwidth,8,261.56,876.511334299254,839.519058784707
a,PID,Sine,normal bandwidth,8,261.82,880.094921336248,842.738734255351
a,PID,Sine,normal bandwidth,8,262.08,883.698987800352,846.056451645428
a,PID,Sine,normal bandwidth,8,262.34,887.322918127843,849.277053350963
a,PID,Sine,normal bandwidth,8,262.6,890.966093362312,852.706359771581
a,PID,Sine,normal bandwidth,8,262.86,894.627891260377,855.956736529966
a,PID,Sine,normal bandwidth,8,263.12,898.30768639796,859.304341773109
a,PID,Sine,normal bandwidth,8,263.38,902.004850277112,862.750589890443
a,PID,Sine,normal bandwidth,8,263.64,905.718751433352,866.090986065645
a,PID,Sine,normal bandwidth,8,263.9,909.448755543522,869.645676111194
a,PID,Sine,normal bandwidth,8,264.16,913.194225534129,873.00925811503
a,PID,Sine,normal bandwidth,8,264.42,916.954521690155,876.470503989948
a,PID,Sine,normal bandwidth,8,264.68,920.729001764317,880.030572640019
a,PID,Sine,normal bandwidth,8,264.94,924.51702108676,883.47650491583
a,PID,Sine,normal bandwidth,8,265.2,928.317932675167,887.141405511054
a,PID,Sine,normal bandwidth,8,265.46,932.131087345262,890.60383542335
a,PID,Sine,normal bandwidth,8,265.72,935.955833821685,894.163947718095
a,PID,Sine,normal bandwidth,8,265.98,939.791518849233,897.822640867251
a,PID,Sine,normal bandwidth,8,266.24,943.637487304428,901.359400397307
a,PID,Sine,normal bandwidth,8,266.5,947.493082307418,905.118868036912
a,PID,Sine,normal bandwidth,8,266.76,951.35764533416,908.665366591696
a,PID,Sine,normal bandwidth,8,267.02,955.230516328904,912.309149086324
a,PID,Sine,normal bandwidth,8,267.28,959.111033816922,916.050849725547
a,PID,Sine,normal bandwidth,8,267.54,962.99853501749,919.663339970395
a,PID,Sine,normal bandwidth,8,267.8,966.892355957082,923.501327492832
a,PID,Sine,normal bandwidth,8,268.06,970.791831582786,927.116756579951
a,PID,Sine,normal bandwidth,8,268.32,974.696295875882,930.828655911071
a,PID,Sine,normal bandwidth,8,268.58,978.605081965602,934.637392716656
a,PID,Sine,normal bandwidth,8,268.84,982.51752224303,938.310193882826
a,PID,Sine,normal bandwidth,8,269.1,986.43294847512,942.210318967058
a,PID,Sine,normal bandwidth,8,269.36,990.350691918842,945.879246248692
a,PID,Sine,normal bandwidth,8,269.62,994.270083435385,949.643418298484
a,PID,Sine,normal bandwidth,8,269.88,998.19045360446,953.502933805099
a,PID,Sine,normal bandwidth,8,270.14,1002.11113283862,957.220368663977
a,PID,Sine,normal bandwidth,8,270.4,1006.03145149764,961.165983756866
a,PID,Sine,normal bandwidth,8,270.66,1009.95074000286,964.872748539947
a,PID,Sine,normal bandwidth,8,270.92,1013.8683289516,968.673126066244
a,PID,Sine,normal bandwidth,8,271.18,1017.78354923143,972.566946061373
a,PID,Sine,normal bandwidth,8,271.44,1021.69573213449,976.313146866923
a,PID,Sine,normal bandwidth,8,271.7,1025.60420947169,980.287410242758
a,PID,Sine,normal bandwidth,8,271.96,1029.50831368687,984.016190326111
a,PID,Sine,normal bandwidth,8,272.22,1033.40737797074,987.836551544883
a,PID,Sine,normal bandwidth,8,272.48,1037.30073637485,991.74805538845
a,PID,Sine,normal bandwidth,8,272.74,1041.18772392527,995.507031608157
a,PID,Sine,normal bandwidth,8,273,1045.06767673623,999.492979256989
a,PID,Sine,normal bandwidth,8,273.26,1048.93993212343,1003.22785846787
a,PID,Sine,normal bandwidth,8,273.52,1052.80382871729,1007.05189629536
a,PID,Sine,normal bandwidth,8,273.78,1056.65870657589,1010.96438786438
a,PID,Sine,normal bandwidth,8,274.04,1060.50390729767,1014.7200944343
a,PID,Sine,normal bandwidth,8,274.3,1064.3387741339,1018.70071247226
a,PID,Sine,normal bandwidth,8,274.56,1068.16265210086,1022.425748604
a,PID,Sine,normal bandwidth,8,274.82,1071.97488809167,1026.23714026298
a,PID,Sine,normal bandwidth,8,275.08,1075.77483098789,1030.13391921839
a,PID,Sine,normal bandwidth,8,275.34,1079.56183177069,1033.87032503098
a,PID,Sine,normal bandwidth,8,275.6,1083.33524363171,1037.82862232345
a,PID,Sine,normal bandwidth,8,275.86,1087.09442208355,1041.52791518423
a,PID,Sine,normal bandwidth,8,276.12,1090.83872506982,1045.31039187722
a,PID,Sine,normal bandwidth,8,276.38,1094.56751307484,1049.17482494872
a,PID,Sine,normal bandwidth,8,276.64,1098.2801492328,1052.87598128106
a,PID,Sine,normal bandwidth,8,276.9,1101.97599943662,1056.79506196879
a,PID,Sine,normal bandwidth,8,277.16,1105.65443244618,1060.45282125109
a,PID,Sine,normal bandwidth,8,277.42,1109.31481999618,1064.19023760316
a,PID,Sine,normal bandwidth,8,277.68,1112.95653690343,1068.00582958777
a,PID,Sine,normal bandwidth,8,277.94,1116.57896117362,1071.65593817817
a,PID,Sine,normal bandwidth,8,278.2,1120.18147410758,1075.51907379666
a,PID,Sine,normal bandwidth,8,278.46,1123.76346040691,1079.11968647765
a,PID,Sine,normal bandwidth,8,278.72,1127.32430827913,1082.79608945244
a,PID,Sine,normal bandwidth,8,278.98,1130.86340954211,1086.54655362373
a,PID,Sine,normal bandwidth,8,279.24,1134.38015972801,1090.13003410607
a,PID,Sine,normal bandwidth,8,279.5,1137.87395818645,1093.92073499048
a,PID,Sine,normal bandwidth,8,279.76,1141.34420818715,1097.44883197566
a,PID,Sine,normal bandwidth,8,280.02,1144.79031702185,1101.04852897035
a,PID,Sine,normal bandwidth,8,280.28,1148.21169610551,1104.71785659777
a,PID,Sine,normal bandwidth,8,280.54,1151.60776107687,1108.21941300579
a,PID,Sine,normal bandwidth,8,280.8,1154.97793189823,1111.92149867651
a,PID,Sine,normal bandwidth,8,281.06,1158.32163295455,1115.36202040222
a,PID,Sine,normal bandwidth,8,281.32,1161.63829315173,1118.86964623089
a,PID,Sine,normal bandwidth,8,281.58,1164.92734601418,1122.44217491251
a,PID,Sine,normal bandwidth,8,281.84,1168.18822978156,1125.84686097009
a,PID,Sine,normal bandwidth,8,282.1,1171.42038750471,1129.44452919859
a,PID,Sine,normal bandwidth,8,282.36,1174.62326714081,1132.78278991321
a,PID,Sine,normal bandwidth,8,282.62,1177.79632164764,1136.18337239264
a,PID,Sine,normal bandwidth,8,282.88,1180.93900907703,1139.64385290959
a,PID,Sine,normal bandwidth,8,283.14,1184.05079266741,1142.93713582847
a,PID,Sine,normal bandwidth,8,283.4,1187.1311409355,1146.41503008855
a,PID,Sine,normal bandwidth,8,283.66,1190.17952776706,1149.63678053817
a,PID,Sine,normal bandwidth,8,283.92,1193.19543250678,1152.91580439609
a,PID,Sine,normal bandwidth,8,284.18,1196.17834004721,1156.24946580331
a,PID,Sine,normal bandwidth,8,284.44,1199.12774091669,1159.41728831579
a,PID,Sine,normal bandwidth,8,284.7,1202.04313136642,1162.76056333243
a,PID,Sine,normal bandwidth,8,284.96,1204.92401345647,1165.85205158329
a,PID,Sine,normal bandwidth,8,285.22,1207.76989514084,1168.99552041631
a,PID,Sine,normal bandwidth,8,285.48,1210.58029035149,1172.18813309189
a,PID,Sine,normal bandwidth,8,285.74,1213.35471908137,1175.2169734538
a,PID,Sine,normal bandwidth,8,286,1216.09270746637,1178.4113585697
a,PID,Sine,normal bandwidth,8,286.26,1218.79378786632,1181.35938870787
a,PID,Sine,normal bandwidth,8,286.52,1221.4574989448,1184.3538847247
a,PID,Sine,normal bandwidth,8,286.78,1224.08338574797,1187.39182110848
a,PID,Sine,normal bandwidth,8,287.04,1226.67099978224,1190.26875081631
a,PID,Sine,normal bandwidth,8,287.3,1229.21989909091,1193.30061090573
a,PID,Sine,normal bandwidth,8,287.56,1231.72964832965,1196.09259936342
a,PID,Sine,normal bandwidth,8,287.82,1234.19981884083,1198.92534065822
a,PID,Sine,normal bandwidth,8,288.08,1236.62998872674,1201.79563342063
a,PID,Sine,normal bandwidth,8,288.34,1239.01974292168,1204.50837239639
a,PID,Sine,normal bandwidth,8,288.6,1241.3686732628,1207.3647660662
a,PID,Sine,normal bandwidth,8,288.86,1243.67637855986,1209.98879533432
a,PID,Sine,normal bandwidth,8,289.12,1245.94246466374,1212.64769044586
a,PID,Sine,normal bandwidth,8,289.38,1248.16654453374,1215.3380878385
a,PID,Sine,normal bandwidth,8,289.64,1250.34823830369,1217.87505684684
a,PID,Sine,normal bandwidth,8,289.9,1252.48717334686,1220.54379167645
a,PID,Sine,normal bandwidth,8,290.16,1254.58298433958,1222.98866117405
a,PID,Sine,normal bandwidth,8,290.42,1256.63531332362,1225.46236069772
a,PID,Sine,normal bandwidth,8,290.68,1258.64380976735,1227.96137884953
a,PID,Sine,normal bandwidth,8,290.94,1260.60813062563,1230.31174892332
a,PID,Sine,normal bandwidth,8,291.2,1262.52794039835,1232.7814335076
a,PID,Sine,normal bandwidth,8,291.46,1264.40291118778,1235.03670739121
a,PID,Sine,normal bandwidth,8,291.72,1266.23272275452,1237.31465242355
a,PID,Sine,normal bandwidth,8,291.98,1268.01706257228,1239.61162435935
a,PID,Sine,normal bandwidth,8,292.24,1269.75562588117,1241.76536302274
a,PID,Sine,normal bandwidth,8,292.5,1271.44811573981,1244.02545559586
a,PID,Sine,normal bandwidth,8,292.76,1273.094243076,1246.08150730455
a,PID,Sine,normal bandwidth,8,293.02,1274.69372673615,1248.15397451356
a,PID,Sine,normal bandwidth,8,293.28,1276.24629353325,1250.23909568567
a,PID,Sine,normal bandwidth,8,293.54,1277.75167829357,1252.1870097774
a,PID,Sine,normal bandwidth,8,293.8,1279.20962390191,1254.22786321001
a,PID,Sine,normal bandwidth,8,294.06,1280.61988134554,1256.075916556
a,PID,Sine,normal bandwidth,8,294.32,1281.98220975672,1257.93405968491
a,PID,Sine,normal bandwidth,8,294.58,1283.29637645386,1259.79842982353
a,PID,Sine,normal bandwidth,8,294.84,1284.56215698124,1261.53220473762
a,PID,Sine,normal bandwidth,8,295.1,1285.77933514734,1263.34510771528
a,PID,Sine,normal bandwidth,8,295.36,1286.9477030618,1264.97727434483
a,PID,Sine,normal bandwidth,8,295.62,1288.06706117087,1266.613161972
a,PID,Sine,normal bandwidth,8,295.88,1289.13721829158,1268.24882307571
a,PID,Sine,normal bandwidth,8,296.14,1290.15799164428,1269.76105825208
a,PID,Sine,normal bandwidth,8,296.4,1291.12920688396,1271.33827245922
a,PID,Sine,normal bandwidth,8,296.66,1292.05069812998,1272.74758552381
a,PID,Sine,normal bandwidth,8,296.92,1292.9223079944,1274.15423491776
a,PID,Sine,normal bandwidth,8,297.18,1293.74388760888,1275.55420522199
a,PID,Sine,normal bandwidth,8,297.44,1294.51529665008,1276.8384457355
a,PID,Sine,normal bandwidth,8,297.7,1295.23640336366,1278.17323888616
a,PID,Sine,normal bandwidth,8,297.96,1295.90708458677,1279.35368278024
a,PID,Sine,normal bandwidth,8,298.22,1296.52722576905,1280.52508970521
a,PID,Sine,normal bandwidth,8,298.48,1297.09672099227,1281.68339348366
a,PID,Sine,normal bandwidth,8,298.74,1297.61547298835,1282.73415759675
a,PID,Sine,normal bandwidth,8,299,1298.083393156,1283.82083217113
a,PID,Sine,normal bandwidth,8,299.26,1298.50040157588,1284.76736820951
a,PID,Sine,normal bandwidth,8,299.52,1298.86642702419,1285.69853255431
a,PID,Sine,normal bandwidth,8,299.78,1299.18140698488,1286.61022562616
a,PID,Sine,normal bandwidth,8,300.04,1299.44528766034,1287.42302818743
a,PID,Sine,normal bandwidth,8,300.3,1299.65802398052,1288.25694575156
a,PID,Sine,normal bandwidth,8,300.56,1299.81957961071,1288.96553367691
a,PID,Sine,normal bandwidth,8,300.82,1299.92992695769,1289.65248079777
a,PID,Sine,normal bandwidth,8,301.08,1299.98904717447,1290.31367163169
a,PID,Sine,normal bandwidth,8,301.34,1299.99693016348,1290.88504322069
a,PID,Sine,normal bandwidth,8,301.6,1299.95357457835,1291.46264422539
a,PID,Sine,normal bandwidth,8,301.86,1299.85898782406,1291.93025945391
a,PID,Sine,normal bandwidth,8,302.12,1299.71318605577,1292.37005714008
a,PID,Sine,normal bandwidth,8,302.38,1299.51619417596,1292.77792346519
a,PID,Sine,normal bandwidth,8,302.64,1299.26804583026,1293.10542520143
a,PID,Sine,normal bandwidth,8,302.9,1298.96878340166,1293.4242441762
a,PID,Sine,normal bandwidth,8,303.16,1298.6184580033,1293.64889070797
a,PID,Sine,normal bandwidth,8,303.42,1298.21712946968,1293.83966169777
a,PID,Sine,normal bandwidth,8,303.68,1297.76486634652,1293.99246255032
a,PID,Sine,normal bandwidth,8,303.94,1297.261745879,1294.07469650363
a,PID,Sine,normal bandwidth,8,304.2,1296.70785399859,1294.13337258037
a,PID,Sine,normal bandwidth,8,304.46,1296.10328530835,1294.1140915192
a,PID,Sine,normal bandwidth,8,304.72,1295.4481430668,1294.05502151305
a,PID,Sine,normal bandwidth,8,304.98,1294.74253917027,1293.95210466774
a,PID,Sine,normal bandwidth,8,305.24,1293.98659413377,1293.78871982525
a,PID,Sine,normal bandwidth,8,305.5,1293.18043707046,1293.58700254708
a,PID,Sine,normal bandwidth,8,305.76,1292.32420566953,1293.32387619353
a,PID,Sine,normal bandwidth,8,306.02,1291.41804617274,1293.01521732979
a,PID,Sine,normal bandwidth,8,306.28,1290.4621133494,1292.65702208371
a,PID,Sine,normal bandwidth,8,306.54,1289.45657046997,1292.24871584814
a,PID,Sine,normal bandwidth,8,306.8,1288.40158927814,1291.78746623851
a,PID,Sine,normal bandwidth,8,307.06,1287.29734996155,1291.2816177386
a,PID,Sine,normal bandwidth,8,307.32,1286.14404112094,1290.72468751726
a,PID,Sine,normal bandwidth,8,307.58,1284.94185973799,1290.11274281482
a,PID,Sine,normal bandwidth,8,307.84,1283.69101114168,1289.46125802765
a,PID,Sine,normal bandwidth,8,308.1,1282.39170897319,1288.74244491503
a,PID,Sine,normal bandwidth,8,308.36,1281.04417514942,1287.99603346613
a,PID,Sine,normal bandwidth,8,308.62,1279.6486398251,1287.19320912517
a,PID,Sine,normal bandwidth,8,308.88,1278.20534135348,1286.3301270318
a,PID,Sine,normal bandwidth,8,309.14,1276.71452624558,1285.43824453399
a,PID,Sine,normal bandwidth,8,309.4,1275.17644912815,1284.46493614807
a,PID,Sine,normal bandwidth,8,309.66,1273.59137270015,1283.4811477824
a,PID,Sine,normal bandwidth,8,309.92,1271.95956768786,1282.43585615061
a,PID,Sine,normal bandwidth,8,310.18,1270.28131279867,1281.32532070329
a,PID,Sine,normal bandwidth,8,310.44,1268.55689467348,1280.19684746537
a,PID,Sine,normal bandwidth,8,310.7,1266.78660783772,1278.97319834034
a,PID,Sine,normal bandwidth,8,310.96,1264.97075465106,1277.75623232556
a,PID,Sine,normal bandwidth,8,311.22,1263.10964525577,1276.4729351952
a,PID,Sine,normal bandwidth,8,311.48,1261.20359752374,1275.11968667725
a,PID,Sine,normal bandwidth,8,311.74,1259.2529370022,1273.7594395494
a,PID,Sine,normal bandwidth,8,312,1257.2579968581,1272.29067279053
a,PID,Sine,normal bandwidth,8,312.26,1255.21911782122,1270.84572370526
a,PID,Sine,normal bandwidth,8,312.52,1253.13664812597,1269.32989878711
a,PID,Sine,normal bandwidth,8,312.78,1251.01094345193,1267.73971349443
a,PID,Sine,normal bandwidth,8,313.04,1248.84236686306,1266.1534986459
a,PID,Sine,normal bandwidth,8,313.3,1246.63128874572,1264.44588363484
a,PID,Sine,normal bandwidth,8,313.56,1244.37808674542,1262.7791191958
a,PID,Sine,normal bandwidth,8,313.82,1242.08314570228,1261.03723673769
a,PID,Sine,normal bandwidth,8,314.08,1239.74685758534,1259.21690232289
a,PID,Sine,normal bandwidth,8,314.34,1237.36962142559,1257.41149045858
a,PID,Sine,normal bandwidth,8,314.6,1234.95184324781,1255.47231609274
a,PID,Sine,normal bandwidth,8,314.86,1232.49393600127,1253.59085082804
a,PID,Sine,normal bandwidth,8,315.12,1229.99631948912,1251.63034599682
a,PID,Sine,normal bandwidth,8,315.38,1227.45942029677,1249.58763249632
a,PID,Sine,normal bandwidth,8,315.64,1224.88367171896,1247.57072995621
a,PID,Sine,normal bandwidth,8,315.9,1222.26951368583,1245.40827353635
a,PID,Sine,normal bandwidth,8,316.16,1219.6173926877,1243.32013841738
a,PID,Sine,normal bandwidth,8,316.42,1216.92776169887,1241.14937956219
a,PID,Sine,normal bandwidth,8,316.68,1214.20108010023,1238.89300623005
a,PID,Sine,normal bandwidth,8,316.94,1211.43781360081,1236.67322209501
a,PID,Sine,normal bandwidth,8,317.2,1208.63843415821,1234.29671399384
a,PID,Sine,normal bandwidth,8,317.46,1205.80341989804,1232.01082215533
a,PID,Sine,normal bandwidth,8,317.72,1202.93325503222,1229.63907508755
a,PID,Sine,normal bandwidth,8,317.98,1200.02842977626,1227.17867317767
a,PID,Sine,normal bandwidth,8,318.24,1197.08944026561,1224.76548252184
a,PID,Sine,normal bandwidth,8,318.5,1194.11678847083,1222.18506678449
a,PID,Sine,normal bandwidth,8,318.76,1191.11098211193,1219.71117547912
a,PID,Sine,normal bandwidth,8,319.02,1188.07253457158,1217.14856392156
a,PID,Sine,normal bandwidth,8,319.28,1185.00196480751,1214.494635577
a,PID,Sine,normal bandwidth,8,319.54,1181.89979726379,1211.89833902377
a,PID,Sine,normal bandwidth,8,319.8,1178.76656178134,1209.12503006829
a,PID,Sine,normal bandwidth,8,320.06,1175.60279350734,1206.47369901812
a,PID,Sine,normal bandwidth,8,320.32,1172.40903280391,1203.73116139229
a,PID,Sine,normal bandwidth,8,320.58,1169.18582515579,1200.89503481718
a,PID,Sine,normal bandwidth,8,320.84,1165.93372107715,1198.12671457133
a,PID,Sine,normal bandwidth,8,321.1,1162.6532760176,1195.172350174
a,PID,Sine,normal bandwidth,8,321.36,1159.34505026729,1192.3548964967
a,PID,Sine,normal bandwidth,8,321.62,1156.00960886124,1189.44413923249
a,PID,Sine,normal bandwidth,8,321.88,1152.64752148283,1186.43792033802
a,PID,Sine,normal bandwidth,8,322.14,1149.25936236647,1183.50939288168
a,PID,Sine,normal bandwidth,8,322.4,1145.84571019955,1180.38658364785
a,PID,Sine,normal bandwidth,8,322.66,1142.40714802362,1177.41503354998
a,PID,Sine,normal bandwidth,8,322.92,1138.94426313475,1174.34848111716
a,PID,Sine,normal bandwidth,8,323.18,1135.45764698327,1171.18500184787
a,PID,Sine,normal bandwidth,8,323.44,1131.94789507276,1168.10876750228
a,PID,Sine,normal bandwidth,8,323.7,1128.41560685829,1164.83084303846
a,PID,Sine,normal bandwidth,8,323.96,1124.86138564406,1161.71788048195
a,PID,Sine,normal bandwidth,8,324.22,1121.28583848039,1158.50862235675
a,PID,Sine,normal bandwidth,8,324.48,1117.68957605998,1155.20138591781
a,PID,Sine,normal bandwidth,8,324.74,1114.07321261365,1151.99057548613
a,PID,Sine,normal bandwidth,8,325,1110.4373658054,1148.57152750295
a,PID,Sine,normal bandwidth,8,325.26,1106.78265662696,1145.33044006409
a,PID,Sine,normal bandwidth,8,325.52,1103.10970929165,1141.9921748572
a,PID,Sine,normal bandwidth,8,325.78,1099.41915112785,1138.55529807645
a,PID,Sine,normal bandwidth,8,326.04,1095.7116124718,1135.22361679533
a,PID,Sine,normal bandwidth,8,326.3,1091.98772655997,1131.67803938447
a,PID,Sine,normal bandwidth,8,326.56,1088.24812942087,1128.3226615363
a,PID,Sine,normal bandwidth,8,326.82,1084.49345976646,1124.86963852081
a,PID,Sine,normal bandwidth,8,327.08,1080.72435888303,1121.31779159153
a,PID,Sine,normal bandwidth,8,327.34,1076.94147052169,1117.87946063079
a,PID,Sine,normal bandwidth,8,327.6,1073.1454407884,1114.22248797053
a,PID,Sine,normal bandwidth,8,327.86,1069.33691803364,1110.76714203089
a,PID,Sine,normal bandwidth,8,328.12,1065.51655274164,1107.21410031974
a,PID,Sine,normal bandwidth,8,328.38,1061.68499741931,1103.56244418146
a,PID,Sine,normal bandwidth,8,328.64,1057.8429064848,1100.0321399415
a,PID,Sine,normal bandwidth,8,328.9,1053.99093615568,1096.279381697
a,PID,Sine,normal bandwidth,8,329.16,1050.12974433691,1092.73881669416
a,PID,Sine,normal bandwidth,8,329.42,1046.25999050846,1089.10092232676
a,PID,Sine,normal bandwidth,8,329.68,1042.38233561264,1085.36504395123
a,PID,Sine,normal bandwidth,8,329.94,1038.49744194126,1081.75783541733
a,PID,Sine,normal bandwidth,8,330.2,1034.60597302249,1077.92531011132
a,PID,Sine,normal bandwidth,8,330.46,1030.70859350752,1074.31463882825
a,PID,Sine,normal bandwidth,8,330.72,1026.80596905707,1070.60742003471
a,PID,Sine,normal bandwidth,8,330.98,1022.89876622765,1066.80326589351
a,PID,Sine,normal bandwidth,8,331.24,1018.98765235777,1063.13455031433
a,PID,Sine,normal bandwidth,8,331.5,1015.07329545393,1059.23861695255
a,PID,Sine,normal bandwidth,8,331.76,1011.15636407653,1055.57325141856
a,PID,Sine,normal bandwidth,8,332.02,1007.23752722566,1051.81253233798
a,PID,Sine,normal bandwidth,8,332.28,1003.31745422689,1047.95634033549
a,PID,Sine,normal bandwidth,8,332.54,999.396814616916,1044.24177750045
a,PID,Sine,normal bandwidth,8,332.8,995.47627802919,1040.29906574382
a,PID,Sine,normal bandwidth,8,333.06,991.55651407958,1036.59465144877
a,PID,Sine,normal bandwidth,8,333.32,987.638192251993,1032.79648458444
a,PID,Sine,normal bandwidth,8,333.58,983.721981784021,1028.90471474691
a,PID,Sine,normal bandwidth,8,333.84,979.808551552642,1025.1601601429
a,PID,Sine,normal bandwidth,8,334.1,975.898569959982,1021.18749932434
a,PID,Sine,normal bandwidth,8,334.36,971.992704819145,1017.45984843643
a,PID,Sine,normal bandwidth,8,334.62,968.091623240161,1013.64044613623
a,PID,Sine,normal bandwidth,8,334.88,964.195991516038,1009.72971035271
a,PID,Sine,normal bandwidth,8,335.14,960.30647500897,1005.97114748551
a,PID,Sine,normal bandwidth,8,335.4,956.423738036689,1001.98549477449
a,PID,Sine,normal bandwidth,8,335.66,952.548443758999,998.250518646532
a,PID,Sine,normal bandwidth,8,335.92,948.681254064519,994.426183901114
a,PID,Sine,normal bandwidth,8,336.18,944.822829457625,990.513175016153
a,PID,Sine,normal bandwidth,8,336.44,940.973828945649,986.7566471853
a,PID,Sine,normal bandwidth,8,336.7,937.134909926308,982.775015206781
a,PID,Sine,normal bandwidth,8,336.96,933.306728075436,979.048656459125
a,PID,Sine,normal bandwidth,8,337.22,929.489937234991,975.235713313103
a,PID,Sine,normal bandwidth,8,337.48,925.685189301373,971.337133873906
a,PID,Sine,normal bandwidth,8,337.74,921.8931341141,967.598675692486
a,PID,Sine,normal bandwidth,8,338,918.114419344802,963.638059909042
a,PID,Sine,normal bandwidth,8,338.26,914.349690386606,959.936224379044
a,PID,Sine,normal bandwidth,8,338.52,910.599590243904,956.150948252373
a,PID,Sine,normal bandwidth,8,338.78,906.864759422531,952.283439214544
a,PID,Sine,normal bandwidth,8,339.04,903.145835820368,948.579008165937
a,PID,Sine,normal bandwidth,8,339.3,899.443454618391,944.656314333226
a,PID,Sine,normal bandwidth,8,339.56,895.758248172181,940.994803181711
a,PID,Sine,normal bandwidth,8,339.82,892.090845903928,937.253351398604
a,PID,Sine,normal bandwidth,8,340.08,888.441874194916,933.433421094777
a,PID,Sine,normal bandwidth,8,340.34,884.811956278549,929.778829418692
a,PID,Sine,normal bandwidth,8,340.6,881.201712133897,925.910801423795
a,PID,Sine,normal bandwidth,8,340.86,877.611758379813,922.30524368833
a,PID,Sine,normal bandwidth,8,341.12,874.042708169608,918.623586510257
a,PID,Sine,normal bandwidth,8,341.38,870.495171086334,914.867540184839
a,PID,Sine,normal bandwidth,8,341.64,866.969753038663,911.278387383292
a,PID,Sine,normal bandwidth,8,341.9,863.467056157405,907.481535773996
a,PID,Sine,normal bandwidth,8,342.16,859.987678692659,903.947321656865
a,PID,Sine,normal bandwidth,8,342.42,856.532214911641,900.341174114033
a,PID,Sine,normal bandwidth,8,342.68,853.101254997182,896.665044324807
a,PID,Sine,normal bandwidth,8,342.94,849.695384946923,893.156650576175
a,PID,Sine,normal bandwidth,8,343.2,846.315186473237,889.44718208625
a,PID,Sine,normal bandwidth,8,343.46,842.96123690386,885.999397261898
a,PID,Sine,normal bandwidth,8,343.72,839.634109083305,882.484152074163
a,PID,Sine,normal bandwidth,8,343.98,836.334371275003,878.903630257861
a,PID,Sine,normal bandwidth,8,344.24,833.062587064255,875.490971023209
a,PID,Sine,normal bandwidth,8,344.5,829.819315261974,871.884719394514
a,PID,Sine,normal bandwidth,8,344.76,826.605109809235,868.538080616845
a,PID,Sine,normal bandwidth,8,345.02,823.420519682672,865.128742490414
a,PID,Sine,normal bandwidth,8,345.28,820.266088800708,861.659111984341
a,PID,Sine,normal bandwidth,8,345.54,817.142355930659,858.356754085173
a,PID,Sine,normal bandwidth,8,345.8,814.049854596712,854.869112481853
a,PID,Sine,normal bandwidth,8,346.06,810.9891129888,851.637904766264
a,PID,Sine,normal bandwidth,8,346.32,807.960653872395,848.349026346599
a,PID,Sine,normal bandwidth,8,346.58,804.964994499208,845.00509715222
a,PID,Sine,normal bandwidth,8,346.84,802.002646518863,841.827136592488
a,PID,Sine,normal bandwidth,8,347.1,799.074115891491,838.472991895772
a,PID,Sine,normal bandwidth,8,347.36,796.179902801322,835.371007544044
a,PID,Sine,normal bandwidth,8,347.62,793.320501571255,832.216627298392
a,PID,Sine,normal bandwidth,8,347.88,790.496400578426,829.012672865339
a,PID,Sine,normal bandwidth,8,348.14,787.7080821708,825.972674663124
a,PID,Sine,normal bandwidth,8,348.4,784.956022584782,822.766343927174
a,PID,Sine,normal bandwidth,8,348.66,782.240691863876,819.806823655489
a,PID,Sine,normal bandwidth,8,348.92,779.562553778412,816.800405950151
a,PID,Sine,normal bandwidth,8,349.18,776.922065746327,813.75010225048
a,PID,Sine,normal bandwidth,8,349.44,774.319678755039,810.861042536165
a,PID,Sine,normal bandwidth,8,349.7,771.755837284429,807.816211876206
a,PID,Sine,normal bandwidth,8,349.96,769.230979230914,805.011788297601
a,PID,Sine,normal bandwidth,8,350.22,766.745535832664,802.166165925735
a,PID,Sine,normal bandwidth,8,350.48,764.299931595939,799.2825330785
a,PID,Sine,normal bandwidth,8,350.74,761.894584222596,796.556743706594
a,PID,Sine,normal bandwidth,8,351,759.529904538737,793.686409880194
a,PID,Sine,normal bandwidth,8,351.26,757.206296424547,791.049053582672
a,PID,Sine,normal bandwidth,8,351.52,754.924156745307,788.376372987947
a,PID,Sine,normal bandwidth,8,351.78,752.683875283618,785.671719683258
a,PID,Sine,normal bandwidth,8,352.04,750.485834672822,783.120835594288
a,PID,Sine,normal bandwidth,8,352.3,748.330410331648,780.437250525133
a,PID,Sine,normal bandwidth,8,352.56,746.217970400098,777.978218975608
a,PID,Sine,normal bandwidth,8,352.82,744.148875676563,775.489888405519
a,PID,Sine,normal bandwidth,8,353.08,742.123479556204,772.975759365308
a,PID,Sine,normal bandwidth,8,353.34,740.142127970591,770.610668922469
a,PID,Sine,normal bandwidth,8,353.6,738.205159328624,768.125287403433
a,PID,Sine,normal bandwidth,8,353.86,736.312904458723,765.855076895615
a,PID,Sine,normal bandwidth,8,354.12,734.465686552335,763.561717705756
a,PID,Sine,normal bandwidth,8,354.38,732.663821108726,761.248844405524
a,PID,Sine,normal bandwidth,8,354.64,730.9076158811,759.07964291806
a,PID,Sine,normal bandwidth,8,354.9,729.197370824032,756.803073716815
a,PID,Sine,normal bandwidth,8,355.16,727.533378042239,754.731374568126
a,PID,Sine,normal bandwidth,8,355.42,725.915921740686,752.642775885294
a,PID,Sine,normal bandwidth,8,355.68,724.345278176051,750.541030747164
a,PID,Sine,normal bandwidth,8,355.94,722.821715609533,748.576977378883
a,PID,Sine,normal bandwidth,8,356.2,721.34549426104,746.518937954722
a,PID,Sine,normal bandwidth,8,356.46,719.916866264743,744.654593143507
a,PID,Sine,normal bandwidth,8,356.72,718.536075626011,742.779670081142
a,PID,Sine,normal bandwidth,8,356.98,717.203358179734,740.898024333756
a,PID,Sine,normal bandwidth,8,357.24,715.918941550048,739.147502580597
a,PID,Sine,normal bandwidth,8,357.5,714.683045111454,737.316777605789
a,PID,Sine,normal bandwidth,8,357.76,713.495879951349,735.667745025356
a,PID,Sine,normal bandwidth,8,358.02,712.357648833974,734.014500629676
a,PID,Sine,normal bandwidth,8,358.28,711.268546165785,732.360986014808
a,PID,Sine,normal bandwidth,8,358.54,710.228757962244,730.831467920175
a,PID,Sine,normal bandwidth,8,358.8,709.238461816051,729.235871782881
a,PID,Sine,normal bandwidth,8,359.06,708.297826866813,727.809190273502
a,PID,Sine,normal bandwidth,8,359.32,707.407013772152,726.384681362771
a,PID,Sine,normal bandwidth,8,359.58,706.566174680267,724.966355852107
a,PID,Sine,normal bandwidth,8,359.84,705.775453203949,723.664370112694
a,PID,Sine,normal bandwidth,8,360.1,705.03498439605,722.310713561522
a,PID,Sine,normal bandwidth,8,360.36,704.344894726417,721.112472865378
a,PID,Sine,normal bandwidth,8,360.62,703.705302060291,719.922779908111
a,PID,Sine,normal bandwidth,8,360.88,703.116315638179,718.74569757653
a,PID,Sine,normal bandwidth,8,361.14,702.57803605719,717.676801674807
a,PID,Sine,normal bandwidth,8,361.4,702.09055525386,716.570862747352
a,PID,Sine,normal bandwidth,8,361.66,701.653956488445,715.606177514672
a,PID,Sine,normal bandwidth,8,361.92,701.268314330703,714.656378675362
a,PID,Sine,normal bandwidth,8,362.18,700.933694647154,713.725563859326
a,PID,Sine,normal bandwidth,8,362.44,700.650154589836,712.894320341604
a,PID,Sine,normal bandwidth,8,362.7,700.417742586537,712.040819701092
a,PID,Sine,normal bandwidth,8,362.96,700.23649833253,711.313807658442
a,PID,Sine,normal bandwidth,8,363.22,700.106452783789,710.607957121586
a,PID,Sine,normal bandwidth,8,363.48,700.027628151702,709.927382972922
a,PID,Sine,normal bandwidth,8,363.74,700.00003789928,709.337339974283
a,PID,Sine,normal bandwidth,8,364,700.023686738855,708.739920759576
a,PID,Sine,normal bandwidth,8,364.26,700.098570631277,708.253685133481
a,PID,Sine,normal bandwidth,8,364.52,700.2246767866,707.794795798425
a,PID,Sine,normal bandwidth,8,364.78,700.401983666274,707.367367325064
a,PID,Sine,normal bandwidth,8,365.04,700.630460986816,707.02104342426
a,PID,Sine,normal bandwidth,8,365.3,700.910069724986,706.682255699243
a,PID,Sine,normal bandwidth,8,365.56,701.240762124452,706.438871970167
a,PID,Sine,normal bandwidth,8,365.82,701.622481703946,706.228902590649
a,PID,Sine,normal bandwidth,8,366.08,702.055163266911,706.056444256697
a,PID,Sine,normal bandwidth,8,366.34,702.538732912635,705.955317725687
a,PID,Sine,normal bandwidth,8,366.6,703.073108048878,705.876607594402
a,PID,Sine,normal bandwidth,8,366.86,703.65819740597,705.877114637632
a,PID,Sine,normal bandwidth,8,367.12,704.29390105241,705.916961460908
a,PID,Sine,normal bandwidth,8,367.38,704.980110411923,706.000209398981
a,PID,Sine,normal bandwidth,8,367.64,705.716708282014,706.144711892969
a,PID,Sine,normal bandwidth,8,367.9,706.503568853979,706.326415326974
a,PID,Sine,normal bandwidth,8,368.16,707.340557734398,706.570810978213
a,PID,Sine,normal bandwidth,8,368.42,708.227531968085,706.860303919453
a,PID,Sine,normal bandwidth,8,368.68,709.164340062507,707.198902788519
a,PID,Sine,normal bandwidth,8,368.94,710.150822013656,707.588417503456
a,PID,Sine,normal bandwidth,8,369.2,711.18680933338,708.029758907735
a,PID,Sine,normal bandwidth,8,369.46,712.272125078156,708.516999972341
a,PID,Sine,normal bandwidth,8,369.72,713.406583879319,709.054903340634
a,PID,Sine,normal bandwidth,8,369.98,714.589991974713,709.647407842773
a,PID,Sine,normal bandwidth,8,370.24,715.822147241793,710.280272148161
a,PID,Sine,normal bandwidth,8,370.5,717.10283923214,710.97936767173
a,PID,Sine,normal bandwidth,8,370.76,718.431849207413,711.707374377557
a,PID,Sine,normal bandwidth,8,371.02,719.808950176701,712.491392150413
a,PID,Sine,normal bandwidth,8,371.28,721.233906935297,713.335273200028
a,PID,Sine,normal bandwidth,8,371.54,722.706476104868,714.208785735801
a,PID,Sine,normal bandwidth,8,371.8,724.226406175025,715.162651312861
a,PID,Sine,normal bandwidth,8,372.06,725.793437546281,716.128316187699
a,PID,Sine,normal bandwidth,8,372.32,727.407302574386,717.155101811545
a,PID,Sine,normal bandwidth,8,372.58,729.067725616043,718.246757330675
a,PID,Sine,normal bandwidth,8,372.84,730.774423075987,719.357189537867
a,PID,Sine,normal bandwidth,8,373.1,732.527103455419,720.561753625188
a,PID,Sine,normal bandwidth,8,373.36,734.325467401798,721.760954760901
a,PID,Sine,normal bandwidth,8,373.62,736.169207759967,723.026125435734
a,PID,Sine,normal bandwidth,8,373.88,738.058009624612,724.360895729402
a,PID,Sine,normal bandwidth,8,374.14,739.991550394052,725.703507765372
a,PID,Sine,normal bandwidth,8,374.4,741.969499825333,727.153628721543
a,PID,Sine,normal bandwidth,8,374.66,743.991520090637,728.581247368296
a,PID,Sine,normal bandwidth,8,374.92,746.057265834978,730.079402755518
a,PID,Sine,normal bandwidth,8,375.18,748.166384235192,731.651590401484
a,PID,Sine,normal bandwidth,8,375.44,750.318515060193,733.220651371781
a,PID,Sine,normal bandwidth,8,375.7,752.513290732503,734.910139404127
a,PID,Sine,normal bandwidth,8,375.96,754.750336391035,736.5600818196
a,PID,Sine,normal bandwidth,8,376.22,757.029269955111,738.284827093178
a,PID,Sine,normal bandwidth,8,376.48,759.349702189728,740.087721261198
a,PID,Sine,normal bandwidth,8,376.74,761.711236772032,741.876533681687
a,PID,Sine,normal bandwidth,8,377,764.113470359014,743.798177267197
a,PID,Sine,normal bandwidth,8,377.26,766.555992656397,745.66340072752
a,PID,Sine,normal bandwidth,8,377.52,769.03838648871,747.607373870091
a,PID,Sine,normal bandwidth,8,377.78,771.56022787055,749.633278966868
a,PID,Sine,normal bandwidth,8,378.04,774.121086078986,751.634207351716
a,PID,Sine,normal bandwidth,8,378.3,776.720523727129,753.779804019185
a,PID,Sine,normal bandwidth,8,378.56,779.358096838843,755.852346880564
a,PID,Sine,normal bandwidth,8,378.82,782.033354924566,758.007250107958
a,PID,Sine,normal bandwidth,8,379.08,784.745841058257,760.247518625521
a,PID,Sine,normal bandwidth,8,379.34,787.495091955434,762.452022079017
a,PID,Sine,normal bandwidth,8,379.6,790.280638052307,764.812413421021
a,PID,Sine,normal bandwidth,8,379.86,793.102003585974,767.083429103752
a,PID,Sine,normal bandwidth,8,380.12,795.958706675679,769.440064283805
a,PID,Sine,normal bandwidth,8,380.38,798.850259405118,771.885133711112
a,PID,Sine,normal bandwidth,8,380.64,801.776167905777,774.28380238419
a,PID,Sine,normal bandwidth,8,380.9,804.735932441275,776.848913149438
a,PID,Sine,normal bandwidth,8,381.16,807.729047492724,779.308707899237
a,PID,Sine,normal bandwidth,8,381.42,810.755001845068,781.857015813709
a,PID,Sine,normal bandwidth,8,381.68,813.813278674397,784.496449453902
a,PID,Sine,normal bandwidth,8,381.94,816.903355636219,787.079044709768
a,PID,Sine,normal bandwidth,8,382.2,820.024704954673,789.837925808976
a,PID,Sine,normal bandwidth,8,382.46,823.176793512679,792.476000074438
a,PID,Sine,normal bandwidth,8,382.72,826.35908294298,795.205103356452
a,PID,Sine,normal bandwidth,8,382.98,829.571029720107,798.027634875546
a,PID,Sine,normal bandwidth,8,383.24,832.812085253202,800.783132992955
a,PID,Sine,normal bandwidth,8,383.5,836.081695979719,803.724008234667
a,PID,Sine,normal bandwidth,8,383.76,839.379303459972,806.529101484255
a,PID,Sine,normal bandwidth,8,384.02,842.704344472512,809.427351047969
a,PID,Sine,normal bandwidth,8,384.28,846.056251110328,812.420932564827
a,PID,Sine,normal bandwidth,8,384.54,849.434450877838,815.337571792465
a,PID,Sine,normal bandwidth,8,384.8,852.838366788673,818.447888149331
a,PID,Sine,normal bandwidth,8,385.06,856.267417464226,821.408026936575
a,PID,Sine,normal bandwidth,8,385.32,859.721017232945,824.463051700913
a,PID,Sine,normal bandwidth,8,385.58,863.198576230368,827.614905213217
a,PID,Sine,normal bandwidth,8,385.84,866.699500499869,830.680235974349
a,PID,Sine,normal bandwidth,8,386.1,870.223192094103,833.946717165299
a,PID,Sine,normal bandwidth,8,386.36,873.769049177136,837.04926623705
a,PID,Sine,normal bandwidth,8,386.62,877.336466127232,840.248025931254
a,PID,Sine,normal bandwidth,8,386.88,880.924833640298,843.544697857979
a,PID,Sine,normal bandwidth,8,387.14,884.533538833946,846.745635891043
a,PID,Sine,normal bandwidth,8,387.4,888.161965352172,850.154339050652
a,PID,Sine,normal bandwidth,8,387.66,891.809493470631,853.386055280237
a,PID,Sine,normal bandwidth,8,387.92,895.475500202483,856.71489610582
a,PID,Sine,normal bandwidth,8,388.18,899.159359404793,860.142314713397
a,PID,Sine,normal bandwidth,8,388.44,902.860441885482,863.465196921736
a,PID,Sine,normal bandwidth,8,388.7,906.578115510781,867.001572114873
a,PID,Sine,normal bandwidth,8,388.96,910.31174531321,870.348661029939
a,PID,Sine,normal bandwidth,8,389.22,914.060693600017,873.793373941463
a,PID,Sine,normal bandwidth,8,389.48,917.824320062101,877.336909408501
a,PID,Sine,normal bandwidth,8,389.74,921.601981883372,880.767552180841
a,PID,Sine,normal bandwidth,8,390,925.393033850544,884.416504508584
a,PID,Sine,normal bandwidth,8,390.26,929.196828463331,887.864679172336
a,PID,Sine,normal bandwidth,8,390.52,933.012716045048,891.410560528254
a,PID,Sine,normal bandwidth,8,390.78,936.840044853561,895.055087392438
a,PID,Sine,normal bandwidth,8,391.04,940.678161192611,898.578847145145
a,PID,Sine,normal bandwidth,8,391.3,944.52640952346,902.324801176845
a,PID,Sine,normal bandwidth,8,391.56,948.384132576859,905.859343171362
a,PID,Sine,normal bandwidth,8,391.82,952.250671465304,909.491257496012
a,PID,Sine,normal bandwidth,8,392.08,956.12536579557,913.221219216639
a,PID,Sine,normal bandwidth,8,392.34,960.007553781513,916.823054899375
a,PID,Sine,normal bandwidth,8,392.6,963.896572357086,920.650021155864
a,PID,Sine,normal bandwidth,8,392.86,967.791757289608,924.255843407169
a,PID,Sine,normal bandwidth,8,393.12,971.692443293193,927.958287996049
a,PID,Sine,normal bandwidth,8,393.38,975.5979641424,931.757763356593
a,PID,Sine,normal bandwidth,8,393.64,979.507652786,935.422300654529
a,PID,Sine,normal bandwidth,8,393.9,983.420841460921,939.313943858673
a,PID,Sine,normal bandwidth,8,394.16,987.3368618063,942.975655035404
a,PID,Sine,normal bandwidth,8,394.42,991.255044977628,946.732826127943
a,PID,Sine,normal bandwidth,8,394.68,995.174721760995,950.585597195239
a,PID,Sine,normal bandwidth,8,394.94,999.095222687384,954.297194153803
a,PID,Sine,normal bandwidth,8,395.2,1003.01587814702,958.236902957089
a,PID,Sine,normal bandwidth,8,395.46,1006.93601850373,961.938873167878
a,PID,Sine,normal bandwidth,8,395.72,1010.85497420932,965.73473340526
a,PID,Sine,normal bandwidth,8,395.98,1014.77207591794,969.624354755205
a,PID,Sine,normal bandwidth,8,396.24,1018.68665460039,973.367168547247
a,PID,Sine,normal bandwidth,8,396.5,1022.59804165838,977.338126434759
a,PID,Sine,normal bandwidth,8,396.76,1026.50556903877,981.064553943902
a,PID,Sine,normal bandwidth,8,397.02,1030.40856934761,984.882900823994
a,PID,Sine,normal bandwidth,8,397.28,1034.3063759642,988.792769738289
a,PID,Sine,normal bandwidth,8,397.54,1038.19832315486,992.550824288645
a,PID,Sine,normal bandwidth,8,397.8,1042.08374618672,996.536081359802
a,PID,Sine,normal bandwidth,8,398.06,1045.96198144119,1000.27106003644
a,PID,Sine,normal bandwidth,8,398.32,1049.83236652736,1004.09559507362
a,PID,Sine,normal bandwidth,8,398.58,1053.69424039507,1008.00902240792
a,PID,Sine,normal bandwidth,8,398.84,1057.54694344789,1011.76627658677
a,PID,Sine,normal bandwidth,8,399.1,1061.38981765569,1015.7488219054
a,PID,Sine,normal bandwidth,8,399.36,1065.22220666712,1019.4764091183
a,PID,Sine,normal bandwidth,8,399.62,1069.04345592165,1023.29080741302
a,PID,Sine,normal bandwidth,8,399.88,1072.85291276139,1027.19108883398
a,PID,Sine,normal bandwidth,8,400.14,1076.64992654257,1030.93150492785
a,PID,Sine,normal bandwidth,8,400.4,1080.43384874663,1034.89433913282
a,PID,Sine,normal bandwidth,8,400.66,1084.20403309103,1038.59862380095
a,PID,Sine,normal bandwidth,8,400.92,1087.95983563963,1042.38660372201
a,PID,Sine,normal bandwidth,8,401.18,1091.70061491263,1046.25709100917
a,PID,Sine,normal bandwidth,8,401.44,1095.42573199617,1049.96470317739
a,PID,Sine,normal bandwidth,8,401.7,1099.13455065144,1053.89091104378
a,PID,Sine,normal bandwidth,8,401.96,1102.82643742338,1057.55608155227
a,PID,Sine,normal bandwidth,8,402.22,1106.50076174881,1061.30147423439
a,PID,Sine,normal bandwidth,8,402.48,1110.15689606417,1065.12564634256
a,PID,Sine,normal bandwidth,8,402.74,1113.79421591273,1068.78462876693
a,PID,Sine,normal bandwidth,8,403,1117.41210005116,1072.65745140812
a,PID,Sine,normal bandwidth,8,403.26,1121.00993055574,1076.26786309956
a,PID,Sine,normal bandwidth,8,403.52,1124.58709292783,1079.95468145968
a,PID,Sine,normal bandwidth,8,403.78,1128.14297619885,1083.71621503845
a,PID,Sine,normal bandwidth,8,404.04,1131.67697303461,1087.31094947519
a,PID,Sine,normal bandwidth,8,404.3,1135.18847983908,1091.11385587761
a,PID,Sine,normal bandwidth,8,404.56,1138.67689685745,1094.65409783076
a,PID,Sine,normal bandwidth,8,404.82,1142.14162827857,1098.26660480833
a,PID,Sine,normal bandwidth,8,405.08,1145.58208233674,1101.94944387777
a,PID,Sine,normal bandwidth,8,405.34,1148.99767141273,1105.46458632347
a,PID,Sine,normal bandwidth,8,405.6,1152.38781213419,1109.18134390867
a,PID,Sine,normal bandwidth,8,405.86,1155.75192547528,1112.63630471948
a,PID,Sine,normal bandwidth,8,406.12,1159.08943685556,1116.15908044962
a,PID,Sine,normal bandwidth,8,406.38,1162.39977623809,1119.74750493465
a,PID,Sine,normal bandwidth,8,406.64,1165.68237822688,1123.16805112167
a,PID,Sine,normal bandwidth,8,406.9,1168.93668216335,1126.78279503453
a,PID,Sine,normal bandwidth,8,407.16,1172.16213222218,1130.13772731862
a,PID,Sine,normal bandwidth,8,407.42,1175.35817750619,1133.55573495125
a,PID,Sine,normal bandwidth,8,407.68,1178.52427214045,1137.0344277823
a,PID,Sine,normal bandwidth,8,407.94,1181.65987536552,1140.34577722394
a,PID,Sine,normal bandwidth,8,408.2,1184.76445162978,1143.84307805129
a,PID,Sine,normal bandwidth,8,408.46,1187.83747068093,1147.08366139272
a,PID,Sine,normal bandwidth,8,408.72,1190.87840765656,1150.38231127688
a,PID,Sine,normal bandwidth,8,408.98,1193.88674317378,1153.73642377025
a,PID,Sine,normal bandwidth,8,409.24,1196.86196341791,1156.92444208246
a,PID,Sine,normal bandwidth,8,409.5,1199.80356023027,1160.28937171299
a,PID,Sine,normal bandwidth,8,409.76,1202.71103119498,1163.40177379043
a,PID,Sine,normal bandwidth,8,410.02,1205.58387972473,1166.56698574972
a,PID,Sine,normal bandwidth,8,410.28,1208.42161514562,1169.7822009887
a,PID,Sine,normal bandwidth,8,410.54,1211.22375278098,1172.83328022222
a,PID,Sine,normal bandwidth,8,410.8,1213.9898140341,1176.05147556664
a,PID,Sine,normal bandwidth,8,411.06,1216.71932647005,1179.0224111962
a,PID,Sine,normal bandwidth,8,411.32,1219.4118238963,1182.0406746295
a,PID,Sine,normal bandwidth,8,411.58,1222.06684644239,1185.10326857567
a,PID,Sine,normal bandwidth,8,411.84,1224.68394063843,1188.0043853011
a,PID,Sine,normal bandwidth,8,412.1,1227.26265949261,1191.06210960051
a,PID,Sine,normal bandwidth,8,412.36,1229.8025625675,1193.87889744308
a,PID,Sine,normal bandwidth,8,412.62,1232.30321605528,1196.73732899414
a,PID,Sine,normal bandwidth,8,412.88,1234.76419285185,1199.63422906794
a,PID,Sine,normal bandwidth,8,413.14,1237.18507262978,1202.37299996583
a,PID,Sine,normal bandwidth,8,413.4,1239.56544191006,1205.25720142658
a,PID,Sine,normal bandwidth,8,413.66,1241.90489413278,1207.90781811772
a,PID,Sine,normal bandwidth,8,413.92,1244.20302972653,1210.59421666731
a,PID,Sine,normal bandwidth,8,414.18,1246.45945617666,1213.31305754792
a,PID,Sine,normal bandwidth,8,414.44,1248.67378809231,1215.87779226654
a,PID,Sine,normal bandwidth,8,414.7,1250.84564727225,1218.57615977142
a,PID,Sine,normal bandwidth,8,414.96,1252.97466276944,1221.04929124265
a,PID,Sine,normal bandwidth,8,415.22,1255.06047095445,1223.55218998867
a,PID,Sine,normal bandwidth,8,415.48,1257.1027155775,1226.08136639496
a,PID,Sine,normal bandwidth,8,415.74,1259.10104782935,1228.46111745015
a,PID,Sine,normal bandwidth,8,416,1261.05512640086,1230.96213310796
a,PID,Sine,normal bandwidth,8,416.26,1262.96461754127,1233.24722288054
a,PID,Sine,normal bandwidth,8,416.52,1264.82919511524,1235.5559382836
a,PID,Sine,normal bandwidth,8,416.78,1266.64854065853,1237.8846545109
a,PID,Sine,normal bandwidth,8,417.04,1268.42234343237,1240.0692640151
a,PID,Sine,normal bandwidth,8,417.3,1270.15030047659,1242.36225232436
a,PID,Sine,normal bandwidth,8,417.56,1271.83211666133,1244.44954656923
a,PID,Sine,normal bandwidth,8,417.82,1273.46750473741,1246.55422395506
a,PID,Sine,normal bandwidth,8,418.08,1275.05618538549,1248.67253995624
a,PID,Sine,normal bandwidth,8,418.34,1276.59788726367,1250.65268297703
a,PID,Sine,normal bandwidth,8,418.6,1278.09234705391,1252.72785639405
a,PID,Sine,normal bandwidth,8,418.86,1279.53930950697,1254.6084455657
a,PID,Sine,normal bandwidth,8,419.12,1280.93852748601,1256.50010118946
a,PID,Sine,normal bandwidth,8,419.38,1282.2897620088,1258.3989750037
a,PID,Sine,normal bandwidth,8,419.64,1283.59278228856,1260.16619936701
a,PID,Sine,normal bandwidth,8,419.9,1284.84736577332,1262.01470008363
a,PID,Sine,normal bandwidth,8,420.16,1286.053298184,1263.68055695027
a,PID,Sine,normal bandwidth,8,420.42,1287.21037355097,1265.35111634336
a,PID,Sine,normal bandwidth,8,420.68,1288.31839424923,1267.02244269146
a,PID,Sine,normal bandwidth,8,420.94,1289.37717103218,1268.56920505935
a,PID,Sine,normal bandwidth,8,421.2,1290.38652306393,1270.18314281226
a,PID,Sine,normal bandwidth,8,421.46,1291.34627795018,1271.6271567197
a,PID,Sine,normal bandwidth,8,421.72,1292.25627176768,1273.06948915537
a,PID,Sine,normal bandwidth,8,421.98,1293.11634909222,1274.50613403687
a,PID,Sine,normal bandwidth,8,422.24,1293.92636302517,1275.82583210604
a,PID,Sine,normal bandwidth,8,422.5,1294.68617521861,1277.19831785605
a,PID,Sine,normal bandwidth,8,422.76,1295.39565589887,1278.41432507935
a,PID,Sine,normal bandwidth,8,423.02,1296.0546838888,1279.62227400998
a,PID,Sine,normal bandwidth,8,423.28,1296.6631466284,1280.81810515437
a,PID,Sine,normal bandwidth,8,423.54,1297.22094019406,1281.90510583786
a,PID,Sine,normal bandwidth,8,423.8,1297.72796931631,1283.03028117559
a,PID,Sine,normal bandwidth,8,424.06,1298.1841473961,1284.0130912287
a,PID,Sine,normal bandwidth,8,424.32,1298.58939651959,1284.98150056477
a,PID,Sine,normal bandwidth,8,424.58,1298.94364747144,1285.93141360691
a,PID,Sine,normal bandwidth,8,424.84,1299.24683974666,1286.78107707877
a,PID,Sine,normal bandwidth,8,425.1,1299.49892156092,1287.654139231
a,PID,Sine,normal bandwidth,8,425.36,1299.69984985941,1288.39955702217
a,PID,Sine,normal bandwidth,8,425.62,1299.84959032416,1289.12429314091
a,PID,Sine,normal bandwidth,8,425.88,1299.94811737996,1289.82423340883
a,PID,Sine,normal bandwidth,8,426.14,1299.99541419869,1290.43293290901
a,PID,Sine,normal bandwidth,8,426.4,1299.99147270219,1291.05015523925
a,PID,Sine,normal bandwidth,8,426.66,1299.93629356366,1291.55499897762
a,PID,Sine,normal bandwidth,8,426.92,1299.82988620753,1292.03296836721
a,PID,Sine,normal bandwidth,8,427.18,1299.67226880785,1292.47994818936
a,PID,Sine,normal bandwidth,8,427.44,1299.4634682852,1292.84508550446
a,PID,Sine,normal bandwidth,8,427.7,1299.20352030209,1293.20383341986
a,PID,Sine,normal bandwidth,8,427.96,1298.89246925684,1293.46594819688
a,PID,Sine,normal bandwidth,8,428.22,1298.53036827605,1293.695110661
a,PID,Sine,normal bandwidth,8,428.48,1298.11727920547,1293.887222119
a,PID,Sine,normal bandwidth,8,428.74,1297.65327259947,1294.00723867263
a,PID,Sine,normal bandwidth,8,429,1297.138427709,1294.10598086976
a,PID,Sine,normal bandwidth,8,429.26,1296.57283246799,1294.12424785728
a,PID,Sine,normal bandwidth,8,429.52,1295.95658347844,1294.10362522365
a,PID,Sine,normal bandwidth,8,429.78,1295.28978599381,1294.04004829617
a,PID,Sine,normal bandwidth,8,430.04,1294.5725539011,1293.9144318017
a,PID,Sine,normal bandwidth,8,430.3,1293.80500970141,1293.75274680281
a,PID,Sine,normal bandwidth,8,430.56,1292.98728448897,1293.52708802881
a,PID,Sine,normal bandwidth,8,430.82,1292.1195179288,1293.25676832444
a,PID,Sine,normal bandwidth,8,431.08,1291.20185823281,1292.93777438747
a,PID,Sine,normal bandwidth,8,431.34,1290.23446213453,1292.5670610347
a,PID,Sine,normal bandwidth,8,431.6,1289.2174948623,1292.14563898677
a,PID,Sine,normal bandwidth,8,431.86,1288.15113011108,1291.67701766816
a,PID,Sine,normal bandwidth,8,432.12,1287.03555001275,1291.15815474365
a,PID,Sine,normal bandwidth,8,432.38,1285.87094510505,1290.58510541211
a,PID,Sine,normal bandwidth,8,432.64,1284.657514299,1289.97087757854
a,PID,Sine,normal bandwidth,8,432.9,1283.39546484494,1289.29151730746
a,PID,Sine,normal bandwidth,8,433.16,1282.0850122971,1288.58193373863
a,PID,Sine,normal bandwidth,8,433.42,1280.72638047686,1287.81674234297
a,PID,Sine,normal bandwidth,8,433.68,1279.31980143445,1286.99208365872
a,PID,Sine,normal bandwidth,8,433.94,1277.86551540934,1286.13696315527
a,PID,Sine,normal bandwidth,8,434.2,1276.3637707892,1285.20256448757
a,PID,Sine,normal bandwidth,8,434.46,1274.81482406752,1284.25504750218
a,PID,Sine,normal bandwidth,8,434.72,1273.21893979973,1283.24679382919
a,PID,Sine,normal bandwidth,8,434.98,1271.57639055807,1282.17404582016
a,PID,Sine,normal bandwidth,8,435.24,1269.88745688503,1281.08168270003
a,PID,Sine,normal bandwidth,8,435.5,1268.15242724538,1279.89623408509
a,PID,Sine,normal bandwidth,8,435.76,1266.37159797698,1278.71482812762
a,PID,Sine,normal bandwidth,8,436.02,1264.54527324013,1277.46781587428
a,PID,Sine,normal bandwidth,8,436.28,1262.67376496559,1276.15155752939
a,PID,Sine,normal bandwidth,8,436.54,1260.75739280135,1274.82661450791
a,PID,Sine,normal bandwidth,8,436.8,1258.79648405803,1273.39517599339
a,PID,Sine,normal bandwidth,8,437.06,1256.79137365293,1271.98492385556
a,PID,Sine,normal bandwidth,8,437.32,1254.74240405291,1270.50447585186
a,PID,Sine,normal bandwidth,8,437.58,1252.64992521579,1268.95032557571
a,PID,Sine,normal bandwidth,8,437.84,1250.51429453069,1267.39845812774
a,PID,Sine,normal bandwidth,8,438.1,1248.3358767569,1265.72713976094
a,PID,Sine,normal bandwidth,8,438.36,1246.11504396163,1264.0940610567
a,PID,Sine,normal bandwidth,8,438.62,1243.85217545646,1262.38649654531
a,PID,Sine,normal bandwidth,8,438.88,1241.54765773252,1260.60108817623
a,PID,Sine,normal bandwidth,8,439.14,1239.20188439451,1258.82892039594
a,PID,Sine,normal bandwidth,8,439.4,1236.81525609348,1256.92485614326
a,PID,Sine,normal bandwidth,8,439.66,1234.38818045835,1255.0759216143
a,PID,Sine,normal bandwidth,8,439.92,1231.92107202637,1253.14852927707
a,PID,Sine,normal bandwidth,8,440.18,1229.41435217223,1251.13948377081
a,PID,Sine,normal bandwidth,8,440.44,1226.86844903615,1249.15458009695
a,PID,Sine,normal bandwidth,8,440.7,1224.28379745073,1247.0258973928
a,PID,Sine,normal bandwidth,8,440.96,1221.66083886671,1244.96899915416
a,PID,Sine,normal bandwidth,8,441.22,1219.00002127752,1242.83000600063
a,PID,Sine,normal bandwidth,8,441.48,1216.30179914282,1240.60589890058
a,PID,Sine,normal bandwidth,8,441.74,1213.56663331083,1238.4167318279
a,PID,Sine,normal bandwidth,8,442,1210.79499093966,1236.07251688303
a,PID,Sine,normal bandwidth,8,442.26,1207.98734541749,1233.81643473586
a,PID,Sine,normal bandwidth,8,442.52,1205.14417628175,1231.4749709866
a,PID,Sine,normal bandwidth,8,442.78,1202.26596913718,1229.04529581931
a,PID,Sine,normal bandwidth,8,443.04,1199.35321557292,1226.66120973407
a,PID,Sine,normal bandwidth,8,443.3,1196.40641307851,1224.11146875135
a,PID,Sine,normal bandwidth,8,443.56,1193.42606495896,1221.66583270664
a,PID,Sine,normal bandwidth,8,443.82,1190.41268024879,1219.13189282114
a,PID,Sine,normal bandwidth,8,444.08,1187.36677362504,1216.5070205736
a,PID,Sine,normal bandwidth,8,444.34,1184.2888653194,1213.93819186729
a,PID,Sine,normal bandwidth,8,444.6,1181.17948102938,1211.19380833062
a,PID,Sine,normal bandwidth,8,444.86,1178.03915182846,1208.56905750381
a,PID,Sine,normal bandwidth,8,445.12,1174.86841407544,1205.85345751949
a,PID,Sine,normal bandwidth,8,445.38,1171.66780932279,1203.04459237087
a,PID,Sine,normal bandwidth,8,445.64,1168.43788422418,1200.30198600269
a,PID,Sine,normal bandwidth,8,445.9,1165.17919044112,1197.37467422115
a,PID,Sine,normal bandwidth,8,446.16,1161.89228454871,1194.58201227313
a,PID,Sine,normal bandwidth,8,446.42,1158.57772794061,1191.69634363747
a,PID,Sine,normal bandwidth,8,446.68,1155.23608673311,1188.71547513446
a,PID,Sine,normal bandwidth,8,446.94,1151.8679316685,1185.81079782772
a,PID,Sine,normal bandwidth,8,447.2,1148.47383801754,1182.71305293349
a,PID,Sine,normal bandwidth,8,447.46,1145.05438548123,1179.76440024814
a,PID,Sine,normal bandwidth,8,447.72,1141.61015809178,1176.72098034094
a,PID,Sine,normal bandwidth,8,447.98,1138.14174411288,1173.58083222078
a,PID,Sine,normal bandwidth,8,448.24,1134.64973593921,1170.52648249316
a,PID,Sine,normal bandwidth,8,448.5,1131.13472999528,1167.27152710644
a,PID,Sine,normal bandwidth,8,448.76,1127.59732663354,1164.17946990887
a,PID,Sine,normal bandwidth,8,449.02,1124.03813003186,1160.99128946595
a,PID,Sine,normal bandwidth,8,449.28,1120.45774809031,1157.70526534559
a,PID,Sine,normal bandwidth,8,449.54,1116.85679232737,1154.51428058648
a,PID,Sine,normal bandwidth,8,449.8,1113.23587777548,1151.11600837519
a,PID,Sine,normal bandwidth,8,450.06,1109.59562287594,1147.89374500785
a,PID,Sine,normal bandwidth,8,450.32,1105.93664937336,1144.57441267052
a,PID,Sine,normal bandwidth,8,450.58,1102.25958220942,1141.15653883373
a,PID,Sine,normal bandwidth,8,450.84,1098.56504941614,1137.84253965456
a,PID,Sine,normal bandwidth,8,451.1,1094.85368200861,1134.31545602968
a,PID,Sine,normal bandwidth,8,451.36,1091.12611387725,1130.97674061571
a,PID,Sine,normal bandwidth,8,451.62,1087.38298167947,1127.54042484273
a,PID,Sine,normal bandwidth,8,451.88,1083.62492473102,1124.00529036937
a,PID,Sine,normal bandwidth,8,452.14,1079.85258489673,1120.58242246451
a,PID,Sine,normal bandwidth,8,452.4,1076.0666064809,1116.94158266421
a,PID,Sine,normal bandwidth,8,452.66,1072.26763611727,1113.50066639839
a,PID,Sine,normal bandwidth,8,452.92,1068.45632265857,1109.96203498842
a,PID,Sine,normal bandwidth,8,453.18,1064.63331706567,1106.32472948144
a,PID,Sine,normal bandwidth,8,453.44,1060.79927229645,1102.80760324776
a,PID,Sine,normal bandwidth,8,453.7,1056.95484319423,1099.06854807464
a,PID,Sine,normal bandwidth,8,453.96,1053.10068637594,1095.54011839266
a,PID,Sine,normal bandwidth,8,454.22,1049.23746012,1091.9142758752
a,PID,Sine,normal bandwidth,8,454.48,1045.36582425383,1088.19032505118
a,PID,Sine,normal bandwidth,8,454.74,1041.4864400412,1084.59395322407
a,PID,Sine,normal bandwidth,8,455,1037.59997006929,1080.77264270975
a,PID,Sine,normal bandwidth,8,455.26,1033.70707813548,1077.17176059539
a,PID,Sine,normal bandwidth,8,455.52,1029.80842913402,1073.47418375764
a,PID,Sine,normal bandwidth,8,455.78,1025.90468894244,1069.6794831758
a,PID,Sine,normal bandwidth,8,456.04,1021.99652430784,1066.0192167478
a,PID,Sine,normal bandwidth,8,456.3,1018.08460273298,1062.13196202807
a,PID,Sine,normal bandwidth,8,456.56,1014.16959236233,1058.47399772589
a,PID,Sine,normal bandwidth,8,456.82,1010.25216186788,1054.72046955058
a,PID,Sine,normal bandwidth,8,457.08,1006.33298033499,1050.8712167631
a,PID,Sine,normal bandwidth,8,457.34,1002.41271714809,1047.16267945872
a,PID,Sine,normal bandwidth,8,457.6,998.492041876354,1043.22607314999
a,PID,Sine,normal bandwidth,8,457.86,994.571624159333,1039.52664055794
a,PID,Sine,normal bandwidth,8,458.12,990.652133592594,1035.73318285422
a,PID,Sine,normal bandwidth,8,458.38,986.734239613345,1031.84580826755
a,PID,Sine,normal bandwidth,8,458.64,982.818611386105,1028.10482985391
a,PID,Sine,normal bandwidth,8,458.9,978.90591768841,1024.13567522821
a,PID,Sine,normal bandwidth,8,459.16,974.996826796582,1020.41056525025
a,PID,Sine,normal bandwidth,8,459.42,971.092006371601,1016.59337026513
a,PID,Sine,normal bandwidth,8,459.68,967.19212334506,1012.68446700733
a,PID,Sine,normal bandwidth,8,459.94,963.297843805261,1008.92701572533
a,PID,Sine,normal bandwidth,8,460.2,959.409832883447,1004.94225498607
a,PID,Sine,normal bandwidth,8,460.46,955.528754640197,1001.20736812923
a,PID,Sine,normal bandwidth,8,460.72,951.655271952017,997.382729431492
a,PID,Sine,normal bandwidth,8,460.98,947.790046398104,993.468982525038
a,PID,Sine,normal bandwidth,8,461.24,943.933738147371,989.711096929487
a,PID,Sine,normal bandwidth,8,461.5,940.087005845678,985.72773889426
a,PID,Sine,normal bandwidth,8,461.76,936.250506503342,981.999017397844
a,PID,Sine,normal bandwidth,8,462.02,932.424895382922,978.183260329513
a,PID,Sine,normal bandwidth,8,462.28,928.6108258873,974.28137547183
a,PID,Sine,normal bandwidth,8,462.54,924.808949448085,970.539095971372
a,PID,Sine,normal bandwidth,8,462.8,921.019915414349,966.574143470377
a,PID,Sine,normal bandwidth,8,463.06,917.244370941715,962.867503257052
a,PID,Sine,normal bandwidth,8,463.32,913.482960881837,959.076915249218
a,PID,Sine,normal bandwidth,8,463.58,909.736327672248,955.203547504978
a,PID,Sine,normal bandwidth,8,463.84,906.005111226639,951.492847894168
a,PID,Sine,normal bandwidth,8,464.1,902.289948825571,947.563225194194
a,PID,Sine,normal bandwidth,8,464.36,898.591475007614,943.894487933414
a,PID,Sine,normal bandwidth,8,464.62,894.910321460984,940.145248983876
a,PID,Sine,normal bandwidth,8,464.88,891.247116915642,936.316931693407
a,PID,Sine,normal bandwidth,8,465.14,887.602487035918,932.653650969099
a,PID,Sine,normal bandwidth,8,465.4,883.977054313643,928.776131532866
a,PID,Sine,normal bandwidth,8,465.66,880.371437961831,925.160957106602
a,PID,Sine,normal bandwidth,8,465.92,876.786253808918,921.469070716091
a,PID,Sine,normal bandwidth,8,466.18,873.222114193586,917.702144923368
a,PID,Sine,normal bandwidth,8,466.44,869.679627860169,914.10191967649
a,PID,Sine,normal bandwidth,8,466.7,866.159399854689,910.293054565685
a,PID,Sine,normal bandwidth,8,466.96,862.662031421508,906.746874224744
a,PID,Sine,normal bandwidth,8,467.22,859.188119900647,903.128099086515
a,PID,Sine,normal bandwidth,8,467.48,855.738258625752,899.438643787965
a,PID,Sine,normal bandwidth,8,467.74,852.313036822763,895.916841459254
a,PID,Sine,normal bandwidth,8,468,848.913039509272,892.192888686876
a,PID,Sine,normal bandwidth,8,468.26,845.538847394601,888.730839183126
a,PID,Sine,normal bandwidth,8,468.52,842.191036780624,885.200621917504
a,PID,Sine,normal bandwidth,8,468.78,838.870179463331,881.604385429348
a,PID,Sine,normal bandwidth,8,469.04,835.576842635177,878.176038713945
a,PID,Sine,normal bandwidth,8,469.3,832.311588788192,874.552893847525
a,PID,Sine,normal bandwidth,8,469.56,829.074975617922,871.189752823179
a,PID,Sine,normal bandwidth,8,469.82,825.867555928169,867.763162044181
a,PID,Sine,normal bandwidth,8,470.08,822.689877536579,864.275494781274
a,PID,Sine,normal bandwidth,8,470.34,819.54248318107,860.955237462169
a,PID,Sine,normal bandwidth,8,470.6,816.425910427142,857.44836577407
a,PID,Sine,normal bandwidth,8,470.86,813.340691576054,854.198488683811
a,PID,Sine,normal bandwidth,8,471.12,810.287353573916,850.890150679271
a,PID,Sine,normal bandwidth,8,471.38,807.26641792168,847.525939632369
a,PID,Sine,normal bandwidth,8,471.64,804.27840058608,844.327944116586
a,PID,Sine,normal bandwidth,8,471.9,801.323811911499,840.952314571011
a,PID,Sine,normal bandwidth,8,472.16,798.4031565328,837.829573406217
a,PID,Sine,normal bandwidth,8,472.42,795.516933289148,834.653609705967
a,PID,Sine,normal bandwidth,8,472.68,792.665635138797,831.427214897109
a,PID,Sine,normal bandwidth,8,472.94,789.849749074904,828.365131721268
a,PID,Sine,normal bandwidth,8,473.2,787.069756042346,825.135153079735
a,PID,Sine,normal bandwidth,8,473.46,784.32613085558,822.152877156352
a,PID,Sine,normal bandwidth,8,473.72,781.619342117543,819.122844254944
a,PID,Sine,normal bandwidth,8,473.98,778.949852139616,816.048037442178
a,PID,Sine,normal bandwidth,8,474.24,776.318116862665,813.134937005631
a,PID,Sine,normal bandwidth,8,474.5,773.72458577917,810.064396323658
a,PID,Sine,normal bandwidth,8,474.76,771.169701856441,807.235315386457
a,PID,Sine,normal bandwidth,8,475.02,768.653901460979,804.364146877721
a,PID,Sine,normal bandwidth,8,475.28,766.177614283928,801.454052770819
a,PID,Sine,normal bandwidth,8,475.54,763.741263267699,798.702369545092
a,PID,Sine,normal bandwidth,8,475.8,761.345264533722,795.804373322613
a,PID,Sine,normal bandwidth,8,476.06,758.990027311381,793.140563208705
a,PID,Sine,normal bandwidth,8,476.32,756.675953868117,790.440514579141
a,PID,Sine,normal bandwidth,8,476.58,754.403439440719,787.707554817209
a,PID,Sine,normal bandwidth,8,476.84,752.172872167823,785.129034269878
a,PID,Sine,normal bandwidth,8,477.1,749.984633023615,782.415952506587
a,PID,Sine,normal bandwidth,8,477.36,747.839095752766,779.928783600116
a,PID,Sine,normal bandwidth,8,477.62,745.736626806593,777.411379916755
a,PID,Sine,normal bandwidth,8,477.88,743.677585280475,774.867220046893
a,PID,Sine,normal bandwidth,8,478.14,741.662322852516,772.472868506445
a,PID,Sine,normal bandwidth,8,478.4,739.691183723484,769.95628190087
a,PID,Sine,normal bandwidth,8,478.66,737.764504558018,767.656370598907
a,PID,Sine,normal bandwidth,8,478.92,735.88261442713,765.332357314954
a,PID,Sine,normal bandwidth,8,479.18,734.045834751998,762.987856998251
a,PID,Sine,normal bandwidth,8,479.44,732.254479249072,760.787894673945
a,PID,Sine,normal bandwidth,8,479.7,730.508853876489,758.47854519162
a,PID,Sine,normal bandwidth,8,479.96,728.809256781816,756.375708588435
a,PID,Sine,normal bandwidth,8,480.22,727.155978251128,754.25500567666
a,PID,Sine,normal bandwidth,8,480.48,725.549300659433,752.120172334096
a,PID,Sine,normal bandwidth,8,480.74,723.989498422432,750.123989691341
a,PID,Sine,normal bandwidth,8,481,722.476837949663,748.031734713091
a,PID,Sine,normal bandwidth,8,481.26,721.011577598986,746.134948696208
a,PID,Sine,normal bandwidth,8,481.52,719.593967632468,744.226608305874
a,PID,Sine,normal bandwidth,8,481.78,718.22425017363,742.310554401984
a,PID,Sine,normal bandwidth,8,482.04,716.902659166098,740.52667207945
a,PID,Sine,normal bandwidth,8,482.3,715.629420333646,738.660442325489
a,PID,Sine,normal bandwidth,8,482.56,714.404751141637,736.977803262414
a,PID,Sine,normal bandwidth,8,482.82,713.228860759892,735.289971080484
a,PID,Sine,normal bandwidth,8,483.08,712.101950026954,733.600875227104
a,PID,Sine,normal bandwidth,8,483.34,711.024211415788,732.036907666665
a,PID,Sine,normal bandwidth,8,483.6,709.995829000911,730.404669076115
a,PID,Sine,normal bandwidth,8,483.86,709.01697842695,728.943359255264
a,PID,Sine,normal bandwidth,8,484.12,708.08782687864,727.483239736806
a,PID,Sine,normal bandwidth,8,484.38,707.208533052274,726.028311782945
a,PID,Sine,normal bandwidth,8,484.64,706.379247128596,724.690934727687
a,PID,Sine,normal bandwidth,8,484.9,705.600110747148,723.299654456236
a,PID,Sine,normal bandwidth,8,485.16,704.871256982083,722.065911429577
a,PID,Sine,normal bandwidth,8,485.42,704.192810319435,720.839737045793
a,PID,Sine,normal bandwidth,8,485.68,703.564886635854,719.625187302632
a,PID,Sine,normal bandwidth,8,485.94,702.987593178819,718.520109301668
a,PID,Sine,normal bandwidth,8,486.2,702.461028548317,717.375725982501
a,PID,Sine,normal bandwidth,8,486.46,701.985282680005,716.37481594077
a,PID,Sine,normal bandwidth,8,486.72,701.560436829846,715.387820575899
a,PID,Sine,normal bandwidth,8,486.98,701.186563560237,714.418833308288
a,PID,Sine,normal bandwidth,8,487.24,700.863726727608,713.550771350008
a,PID,Sine,normal bandwidth,8,487.5,700.591981471519,712.658169744946
a,PID,Sine,normal bandwidth,8,487.76,700.371374205243,711.894365039092
a,PID,Sine,normal bandwidth,8,488.02,700.20194260784,711.150761649752
a,PID,Sine,normal bandwidth,8,488.28,700.083715617716,710.431472947349
a,PID,Sine,normal bandwidth,8,488.54,700.016713427686,709.804132325112
a,PID,Sine,normal bandwidth,8,488.8,700.000947481524,709.167122474176
a,PID,Sine,normal bandwidth,8,489.06,700.036420472004,708.643683378972
a,PID,Sine,normal bandwidth,8,489.32,700.123126340447,708.146646011294
a,PID,Sine,normal bandwidth,8,489.58,700.261050277752,707.680126133805
a,PID,Sine,normal bandwidth,8,489.84,700.450168726923,707.29618463002
a,PID,Sine,normal bandwidth,8,490.1,700.690449387099,706.917485588396
a,PID,Sine,normal bandwidth,8,490.36,700.981851219065,706.636646386068
a,PID,Sine,normal bandwidth,8,490.62,701.324324452263,706.388296627386
a,PID,Sine,normal bandwidth,8,490.88,701.717810593294,706.176536899265
a,PID,Sine,normal bandwidth,8,491.14,702.162242435909,706.037633355366
a,PID,Sine,normal bandwidth,8,491.4,702.657544072483,705.918861587214
a,PID,Sine,normal bandwidth,8,491.66,703.203630906986,705.881821030479
a,PID,Sine,normal bandwidth,8,491.92,703.800409669427,705.883218953413
a,PID,Sine,normal bandwidth,8,492.18,704.447778431787,705.927123263957
a,PID,Sine,normal bandwidth,8,492.44,705.145626625428,706.033850585063
a,PID,Sine,normal bandwidth,8,492.7,705.893835059974,706.175513063693
a,PID,Sine,normal bandwidth,8,492.96,706.692275943674,706.382429258926
a,PID,Sine,normal bandwidth,8,493.22,707.540812905223,706.633568896488
a,PID,Sine,normal bandwidth,8,493.48,708.439301017059,706.93294984162
a,PID,Sine,normal bandwidth,8,493.74,709.387586820112,707.28485246574
a,PID,Sine,normal bandwidth,8,494,710.385508350018,707.686344509612
a,PID,Sine,normal bandwidth,8,494.26,711.432895164776,708.136334241972
a,PID,Sine,normal bandwidth,8,494.52,712.529568373868,708.63614361304
a,PID,Sine,normal bandwidth,8,494.78,713.675340668804,709.189723295235
a,PID,Sine,normal bandwidth,8,495.04,714.87001635512,709.785299137819
a,PID,Sine,normal bandwidth,8,495.3,716.113391385798,710.444906991607
a,PID,Sine,normal bandwidth,8,495.56,717.40525339612,711.136049495011
a,PID,Sine,normal bandwidth,8,495.82,718.745381739937,711.882395180045
a,PID,Sine,normal bandwidth,8,496.08,720.133547527354,712.687810662994
a,PID,Sine,normal bandwidth,8,496.34,721.569513663828,713.52451752853
a,PID,Sine,normal bandwidth,8,496.6,723.053034890655,714.439425678229
a,PID,Sine,normal bandwidth,8,496.86,724.583857826871,715.368770834078
a,PID,Sine,normal bandwidth,8,497.12,726.161721012516,716.358467081551
a,PID,Sine,normal bandwidth,8,497.38,727.786354953301,717.412280476272
a,PID,Sine,normal bandwidth,8,497.64,729.457482166631,718.486546909562
a,PID,Sine,normal bandwidth,8,497.9,731.174817229,719.652850100416
a,PID,Sine,normal bandwidth,8,498.16,732.93806682474,720.816431030076
a,PID,Sine,normal bandwidth,8,498.42,734.746929796118,722.045253354743
a,PID,Sine,normal bandwidth,8,498.68,736.601097194775,723.3429664941
a,PID,Sine,normal bandwidth,8,498.94,738.500252334492,724.650207024897
a,PID,Sine,normal bandwidth,8,499.2,740.444070845276,726.062926930847
a,PID,Sine,normal bandwidth,8,499.46,742.43222072877,727.45577692814
a,PID,Sine,normal bandwidth,8,499.72,744.464362414946,728.918480143115
a,PID,Sine,normal bandwidth,8,499.98,746.540148820111,730.454553782089
a,PID,Sine,normal bandwidth,8,500.24,748.659225406185,731.989188498025
a,PID,Sine,normal bandwidth,8,500.5,750.821230241256,733.642294971525
a,PID,Sine,normal bandwidth,8,500.76,753.025794061395,735.258468702946
a,PID,Sine,normal bandwidth,8,501.02,755.272540333726,736.948809308605
a,PID,Sine,normal bandwidth,8,501.28,757.561085320738,738.71668676838
a,PID,Sine,normal bandwidth,8,501.54,759.891038145824,740.472165132631
a,PID,Sine,normal bandwidth,8,501.8,762.262000860043,742.358601944135
a,PID,Sine,normal bandwidth,8,502.06,764.673568510089,744.191200826306
a,PID,Sine,normal bandwidth,8,502.32,767.125329207455,746.101963660458
a,PID,Sine,normal bandwidth,8,502.58,769.616864198778,748.094098815381
a,PID,Sine,normal bandwidth,8,502.84,772.147747937374,750.062927627418
a,PID,Sine,normal bandwidth,8,503.1,774.717548155902,752.174642584655
a,PID,Sine,normal bandwidth,8,503.36,777.32582594021,754.215844230702
a,PID,Sine,normal bandwidth,8,503.62,779.97213580429,756.338873266264
a,PID,Sine,normal bandwidth,8,503.88,782.656025766367,758.546762754229
a,PID,Sine,normal bandwidth,8,504.14,785.377037426104,760.72053813429
a,PID,Sine,normal bandwidth,8,504.4,788.134706042884,763.048517452778
a,PID,Sine,normal bandwidth,8,504.66,790.928560615197,765.289609061924
a,PID,Sine,normal bandwidth,8,504.92,793.758123961076,767.615842220653
a,PID,Sine,normal bandwidth,8,505.18,796.622912799606,770.030061739418
a,PID,Sine,normal bandwidth,8,505.44,799.52243783346,772.399505000188
a,PID,Sine,normal bandwidth,8,505.7,802.456203832477,774.933811778273
a,PID,Sine,normal bandwidth,8,505.96,805.423709718241,777.365227326138
a,PID,Sine,normal bandwidth,8,506.22,808.424448649664,779.884735159801
a,PID,Sine,normal bandwidth,8,506.48,811.457908109554,782.49497969431
a,PID,Sine,normal bandwidth,8,506.74,814.52356999215,785.049976946687
a,PID,Sine,normal bandwidth,8,507,817.620910691618,787.779793580872
a,PID,Sine,normal bandwidth,8,507.26,820.749401191473,790.391154651722
a,PID,Sine,normal bandwidth,8,507.52,823.908507154937,793.093182725621
a,PID,Sine,normal bandwidth,8,507.78,827.097689016207,795.888310534609
a,PID,Sine,normal bandwidth,8,508.04,830.316402072603,798.617955858499
a,PID,Sine,normal bandwidth,8,508.3,833.56409657761,801.531630218022
a,PID,Sine,normal bandwidth,8,508.56,836.840217834765,804.311790304697
a,PID,Sine,normal bandwidth,8,508.82,840.144206292404,807.184805102607
a,PID,Sine,normal bandwidth,8,509.08,843.475497639225,810.152885276753
a,PID,Sine,normal bandwidth,8,509.34,846.833522900676,813.045527272628
a,PID,Sine,normal bandwidth,8,509.6,850.217708536136,816.13062243619
a,PID,Sine,normal bandwidth,8,509.86,853.627476536866,819.067714518588
a,PID,Sine,normal bandwidth,8,510.12,857.062244524741,822.099452673188
a,PID,Sine,normal bandwidth,8,510.38,860.521425851708,825.227816061799
a,PID,Sine,normal bandwidth,8,510.64,864.004429699993,828.271107584299
a,PID,Sine,normal bandwidth,8,510.9,867.510661183005,831.514454926652
a,PID,Sine,normal bandwidth,8,511.16,871.039521446944,834.595942125711
a,PID,Sine,normal bandwidth,8,511.42,874.590407773081,837.773462764354
a,PID,Sine,normal bandwidth,8,511.68,878.1627136807,841.048756053213
a,PID,Sine,normal bandwidth,8,511.94,881.75582903069,844.229706914528
a,PID,Sine,normal bandwidth,8,512.2,885.369140129746,847.617462316302
a,PID,Sine,normal bandwidth,8,512.46,889.002029835191,850.830191407248
a,PID,Sine,normal bandwidth,8,512.72,892.653877660382,854.139931389641
a,PID,Sine,normal bandwidth,8,512.98,896.324059880681,857.548174099176
a,PID,Sine,normal bandwidth,8,513.24,900.011949639995,860.853206517225
a,PID,Sine,normal bandwidth,8,513.5,903.716917057836,864.370909458089
a,PID,Sine,normal bandwidth,8,513.76,907.438329336905,867.701167014533
a,PID,Sine,normal bandwidth,8,514.02,911.175550871166,871.128998826549
a,PID,Sine,normal bandwidth,8,514.28,914.927943354412,874.655642987047
a,PID,Sine,normal bandwidth,8,514.54,918.694865889282,878.070649541783
a,PID,Sine,normal bandwidth,8,514.8,922.475675096729,881.7032848247
a,PID,Sine,normal bandwidth,8,515.06,926.269725225902,885.136855753937
a,PID,Sine,normal bandwidth,8,515.32,930.076368264438,888.668147810435
a,PID,Sine,normal bandwidth,8,515.58,933.894954049148,892.298140059558
a,PID,Sine,normal bandwidth,8,515.84,937.724830377053,895.808543910019
a,PID,Sine,normal bandwidth,8,516.1,941.565343116787,899.540605753098
a,PID,Sine,normal bandwidth,8,516.36,945.415836320315,903.062833972757
a,PID,Sine,normal bandwidth,8,516.62,949.27565233497,906.682513072012
a,PID,Sine,normal bandwidth,8,516.88,953.144131915773,910.400358909572
a,PID,Sine,normal bandwidth,8,517.14,957.020614338035,913.991176014642
a,PID,Sine,normal bandwidth,8,517.4,960.904437510214,917.806734237055
a,PID,Sine,normal bandwidth,8,517.66,964.794938086982,921.402585234095
a,PID,Sine,normal bandwidth,8,517.92,968.691451582528,925.095200897254
a,PID,Sine,normal bandwidth,8,518.18,972.593312484059,928.885030822966
a,PID,Sine,normal bandwidth,8,518.44,976.499854365456,932.540933900244
a,PID,Sine,normal bandwidth,8,518.7,980.41041000111,936.42370191967
a,PID,Sine,normal bandwidth,8,518.96,984.324311479864,940.077826924692
a,PID,Sine,normal bandwidth,8,519.22,988.240890319113,943.827617345624
a,PID,Sine,normal bandwidth,8,519.48,992.159477578957,947.673254597538
a,PID,Sine,normal bandwidth,8,519.74,996.079403976468,951.378638547335
a,PID,Sine,normal bandwidth,8,520,1000,955.312042898687
b,ADRC,Sine,normal bandwidth,8,0,1000,0
b,ADRC,Sine,normal bandwidth,8,0.26,1000,22.0102402349418
b,ADRC,Sine,normal bandwidth,8,0.52,1000,31.4454872630583
b,ADRC,Sine,normal bandwidth,8,0.78,1000,35.8477782865833
b,ADRC,Sine,normal bandwidth,8,1.04,1000,38.9945329229731
b,ADRC,Sine,normal bandwidth,8,1.3,1000,41.8283159711996
b,ADRC,Sine,normal bandwidth,8,1.56,1000,44.5840835867239
b,ADRC,Sine,normal bandwidth,8,1.82,1000,47.3204040448387
b,ADRC,Sine,normal bandwidth,8,2.08,1000,50.051876847583
b,ADRC,Sine,normal bandwidth,8,2.34,1000,52.3293785414964
b,ADRC,Sine,normal bandwidth,8,2.6,1000,54.6690276208861
b,ADRC,Sine,normal bandwidth,8,2.86,1000,57.1047218980198
b,ADRC,Sine,normal bandwidth,8,3.12,1000,59.6091479571758
b,ADRC,Sine,normal bandwidth,8,3.38,1000,62.1343853633353
b,ADRC,Sine,normal bandwidth,8,3.64,1000,64.6632017939486
b,ADRC,Sine,normal bandwidth,8,3.9,1000,67.1886974641149
b,ADRC,Sine,normal bandwidth,8,4.16,1000,69.7057981994879
b,ADRC,Sine,normal bandwidth,8,4.42,1000,72.2250371628139
b,ADRC,Sine,normal bandwidth,8,4.68,1000,74.7404199220413
b,ADRC,Sine,normal bandwidth,8,4.94,1000,77.2490455410707
b,ADRC,Sine,normal bandwidth,8,5.2,1000,79.7497231808686
b,ADRC,Sine,normal bandwidth,8,5.46,1000,82.2404845860072
b,ADRC,Sine,normal bandwidth,8,5.72,1000,84.7257028906325
b,ADRC,Sine,normal bandwidth,8,5.98,1000,87.2025638483783
b,ADRC,Sine,normal bandwidth,8,6.24,1000,89.6732284125026
b,ADRC,Sine,normal bandwidth,8,6.5,1000,92.1378684702127
b,ADRC,Sine,normal bandwidth,8,6.76,1000,94.5938709417448
b,ADRC,Sine,normal bandwidth,8,7.02,1000,97.0449862549728
b,ADRC,Sine,normal bandwidth,8,7.28,1000,99.4881065894058
b,ADRC,Sine,normal bandwidth,8,7.54,1000,101.925221445117
b,ADRC,Sine,normal bandwidth,8,7.8,1000,104.356517044888
b,ADRC,Sine,normal bandwidth,8,8.06,1000,106.779481099542
b,ADRC,Sine,normal bandwidth,8,8.32,1000,109.197697027395
b,ADRC,Sine,normal bandwidth,8,8.58,1000,111.60801788464
b,ADRC,Sine,normal bandwidth,8,8.84,1000,114.012383053108
b,ADRC,Sine,normal bandwidth,8,9.1,1000,116.410984924677
b,ADRC,Sine,normal bandwidth,8,9.36,1000,118.801355501957
b,ADRC,Sine,normal bandwidth,8,9.62,1000,121.187035939118
b,ADRC,Sine,normal bandwidth,8,9.88,1000,123.564924637678
b,ADRC,Sine,normal bandwidth,8,10.14,1000,125.93693297705
b,ADRC,Sine,normal bandwidth,8,10.4,1000,128.303251763569
b,ADRC,Sine,normal bandwidth,8,10.66,1000,130.661448500068
b,ADRC,Sine,normal bandwidth,8,10.92,1000,133.015018362686
b,ADRC,Sine,normal bandwidth,8,11.18,1000,135.360901843887
b,ADRC,Sine,normal bandwidth,8,11.44,1000,137.700984542723
b,ADRC,Sine,normal bandwidth,8,11.7,1000,140.035454513254
b,ADRC,Sine,normal bandwidth,8,11.96,1000,142.361911862269
b,ADRC,Sine,normal bandwidth,8,12.22,1000,144.683804725992
b,ADRC,Sine,normal bandwidth,8,12.48,1000,146.998114780028
b,ADRC,Sine,normal bandwidth,8,12.74,1000,149.306702208466
b,ADRC,Sine,normal bandwidth,8,13,1000,151.609752482111
b,ADRC,Sine,normal bandwidth,8,13.26,1000,153.904897978572
b,ADRC,Sine,normal bandwidth,8,13.52,1000,156.195540414359
b,ADRC,Sine,normal bandwidth,8,13.78,1000,158.478702090399
b,ADRC,Sine,normal bandwidth,8,14.04,1000,160.756218157133
b,ADRC,Sine,normal bandwidth,8,14.3,1000,163.028271590851
b,ADRC,Sine,normal bandwidth,8,14.56,1000,165.292526635036
b,ADRC,Sine,normal bandwidth,8,14.82,1000,167.55233922248
b,ADRC,Sine,normal bandwidth,8,15.08,1000,169.804771732181
b,ADRC,Sine,normal bandwidth,8,15.34,1000,172.051634616324
b,ADRC,Sine,normal bandwidth,8,15.6,1000,174.29310838915
b,ADRC,Sine,normal bandwidth,8,15.86,1000,176.526888731394
b,ADRC,Sine,normal bandwidth,8,16.12,1000,178.756286408244
b,ADRC,Sine,normal bandwidth,8,16.38,1000,180.978403336201
b,ADRC,Sine,normal bandwidth,8,16.64,1000,183.195025600496
b,ADRC,Sine,normal bandwidth,8,16.9,1000,185.406331285826
b,ADRC,Sine,normal bandwidth,8,17.16,1000,187.610047086837
b,ADRC,Sine,normal bandwidth,8,17.42,1000,189.809439208969
b,ADRC,Sine,normal bandwidth,8,17.68,1000,192.001648574124
b,ADRC,Sine,normal bandwidth,8,17.94,1000,194.188437228525
b,ADRC,Sine,normal bandwidth,8,18.2,1000,196.369980860012
b,ADRC,Sine,normal bandwidth,8,18.46,1000,198.544036759745
b,ADRC,Sine,normal bandwidth,8,18.72,1000,200.713827173167
b,ADRC,Sine,normal bandwidth,8,18.98,1000,202.876531502631
b,ADRC,Sine,normal bandwidth,8,19.24,1000,205.033888078907
b,ADRC,Sine,normal bandwidth,8,19.5,1000,207.186070225247
b,ADRC,Sine,normal bandwidth,8,19.76,1000,209.33086541752
b,ADRC,Sine,normal bandwidth,8,20.02,1000.30159284394,211.583504096567
b,ADRC,Sine,normal bandwidth,8,20.28,1004.22216113073,213.959433242005
b,ADRC,Sine,normal bandwidth,8,20.54,1008.14200828508,216.198803320614
b,ADRC,Sine,normal bandwidth,8,20.8,1012.06046480889,218.456127697479
b,ADRC,Sine,normal bandwidth,8,21.06,1015.97686144154,220.719864957554
b,ADRC,Sine,normal bandwidth,8,21.32,1019.89052927428,222.990798715091
b,ADRC,Sine,normal bandwidth,8,21.58,1023.80079986439,225.265576486245
b,ADRC,Sine,normal bandwidth,8,21.84,1027.7070053494,227.54571649858
b,ADRC,Sine,normal bandwidth,8,22.1,1031.60847856117,229.831320571614
b,ADRC,Sine,normal bandwidth,8,22.36,1035.50455313978,232.112463464388
b,ADRC,Sine,normal bandwidth,8,22.62,1039.39456364741,234.402591890642
b,ADRC,Sine,normal bandwidth,8,22.88,1043.27784568196,236.696148203413
b,ADRC,Sine,normal bandwidth,8,23.14,1047.15373599052,238.994277396886
b,ADRC,Sine,normal bandwidth,8,23.4,1051.02157258267,241.297050942202
b,ADRC,Sine,normal bandwidth,8,23.66,1054.88069484355,243.602112461338
b,ADRC,Sine,normal bandwidth,8,23.92,1058.73044364667,245.912698237839
b,ADRC,Sine,normal bandwidth,8,24.18,1062.57016146651,248.22583852585
b,ADRC,Sine,normal bandwidth,8,24.44,1066.39919249079,250.543377473227
b,ADRC,Sine,normal bandwidth,8,24.7,1070.21688273254,252.865351528434
b,ADRC,Sine,normal bandwidth,8,24.96,1074.02258014173,255.189324513659
b,ADRC,Sine,normal bandwidth,8,25.22,1077.81563471667,257.518560779597
b,ADRC,Sine,normal bandwidth,8,25.48,1081.59539861505,259.850065893537
b,ADRC,Sine,normal bandwidth,8,25.74,1085.36122626454,262.185564850916
b,ADRC,Sine,normal bandwidth,8,26,1089.11247447311,264.525166946267
b,ADRC,Sine,normal bandwidth,8,26.26,1092.84850253883,266.866454690143
b,ADRC,Sine,normal bandwidth,8,26.52,1096.56867235934,269.212697229211
b,ADRC,Sine,normal bandwidth,8,26.78,1100.2723485408,271.560859622375
b,ADRC,Sine,normal bandwidth,8,27.04,1103.95889850646,273.912674360741
b,ADRC,Sine,normal bandwidth,8,27.3,1107.62769260467,276.268244548037
b,ADRC,Sine,normal bandwidth,8,27.56,1111.27810421641,278.625126577626
b,ADRC,Sine,normal bandwidth,8,27.82,1114.90950986235,280.98661045265
b,ADRC,Sine,normal bandwidth,8,28.08,1118.52128930932,283.3496321333
b,ADRC,Sine,normal bandwidth,8,28.34,1122.11282567625,285.715929302981
b,ADRC,Sine,normal bandwidth,8,28.6,1125.68350553951,288.085598803371
b,ADRC,Sine,normal bandwidth,8,28.86,1129.23271903772,290.456173417479
b,ADRC,Sine,normal bandwidth,8,29.12,1132.75985997587,292.830960471221
b,ADRC,Sine,normal bandwidth,8,29.38,1136.2643259289,295.206868347983
b,ADRC,Sine,normal bandwidth,8,29.64,1139.74551834454,297.585640792952
b,ADRC,Sine,normal bandwidth,8,29.9,1143.2028426456,299.967368932468
b,ADRC,Sine,normal bandwidth,8,30.16,1146.63570833148,302.349563946646
b,ADRC,Sine,normal bandwidth,8,30.42,1150.04352907902,304.735548216857
b,ADRC,Sine,normal bandwidth,8,30.68,1153.4257228427,307.122205303845
b,ADRC,Sine,normal bandwidth,8,30.94,1156.78171195397,309.511283998856
b,ADRC,Sine,normal bandwidth,8,31.2,1160.11092321999,311.902869975185
b,ADRC,Sine,normal bandwidth,8,31.46,1163.41278802147,314.294455291806
b,ADRC,Sine,normal bandwidth,8,31.72,1166.68674240983,316.689374953847
b,ADRC,Sine,normal bandwidth,8,31.98,1169.93222720349,319.084490681085
b,ADRC,Sine,normal bandwidth,8,32.24,1173.14868808342,321.481555189989
b,ADRC,Sine,normal bandwidth,8,32.5,1176.33557568774,323.880648970236
b,ADRC,Sine,normal bandwidth,8,32.76,1179.49234570565,326.279247586981
b,ADRC,Sine,normal bandwidth,8,33.02,1182.6184589703,328.680696041258
b,ADRC,Sine,normal bandwidth,8,33.28,1185.71338155094,331.081837447355
b,ADRC,Sine,normal bandwidth,8,33.54,1188.77658484411,333.484427226409
b,ADRC,Sine,normal bandwidth,8,33.8,1191.80754566387,335.888540964844
b,ADRC,Sine,normal bandwidth,8,34.06,1194.80574633124,338.291640539894
b,ADRC,Sine,normal bandwidth,8,34.32,1197.77067476254,340.697078121767
b,ADRC,Sine,normal bandwidth,8,34.58,1200.70182455691,343.101681670745
b,ADRC,Sine,normal bandwidth,8,34.84,1203.59869508278,345.507207997205
b,ADRC,Sine,normal bandwidth,8,35.1,1206.46079156337,347.913728077609
b,ADRC,Sine,normal bandwidth,8,35.36,1209.28762516119,350.31869307245
b,ADRC,Sine,normal bandwidth,8,35.62,1212.07871306156,352.725459309347
b,ADRC,Sine,normal bandwidth,8,35.88,1214.83357855506,355.13084324562
b,ADRC,Sine,normal bandwidth,8,36.14,1217.55175111894,357.536601676411
b,ADRC,Sine,normal bandwidth,8,36.4,1220.23276649749,359.942801272902
b,ADRC,Sine,normal bandwidth,8,36.66,1222.87616678134,362.346885601598
b,ADRC,Sine,normal bandwidth,8,36.92,1225.48150048568,364.752211965965
b,ADRC,Sine,normal bandwidth,8,37.18,1228.04832262732,367.155589153583
b,ADRC,Sine,normal bandwidth,8,37.44,1230.57619480077,369.558772457915
b,ADRC,Sine,normal bandwidth,8,37.7,1233.06468525305,371.961824559756
b,ADRC,Sine,normal bandwidth,8,37.96,1235.51336895747,374.362184691197
b,ADRC,Sine,normal bandwidth,8,38.22,1237.92182768622,376.763207795823
b,ADRC,Sine,normal bandwidth,8,38.48,1240.28965008178,379.16169898873
b,ADRC,Sine,normal bandwidth,8,38.74,1242.61643172719,381.559410500754
b,ADRC,Sine,normal bandwidth,8,39,1244.90177521516,383.956401346156
b,ADRC,Sine,normal bandwidth,8,39.26,1247.14529021587,386.350109803684
b,ADRC,Sine,normal bandwidth,8,39.52,1249.3465935437,388.74388498341
b,ADRC,Sine,normal bandwidth,8,39.78,1251.50530922268,391.134532470413
b,ADRC,Sine,normal bandwidth,8,40.04,1253.62106855063,393.52379980519
b,ADRC,Sine,normal bandwidth,8,40.3,1255.69351016224,395.911742667017
b,ADRC,Sine,normal bandwidth,8,40.56,1257.72228009069,398.295801868044
b,ADRC,Sine,normal bandwidth,8,40.82,1259.70703182818,400.67931709011
b,ADRC,Sine,normal bandwidth,8,41.08,1261.64742638509,403.059098656532
b,ADRC,Sine,normal bandwidth,8,41.34,1263.54313234784,405.436887731019
b,ADRC,Sine,normal bandwidth,8,41.6,1265.39382593556,407.812736995789
b,ADRC,Sine,normal bandwidth,8,41.86,1267.19919105535,410.184093372572
b,ADRC,Sine,normal bandwidth,8,42.12,1268.95891935627,412.554283416472
b,ADRC,Sine,normal bandwidth,8,42.38,1270.672710282,414.920126563145
b,ADRC,Sine,normal bandwidth,8,42.64,1272.34027112222,417.283355862584
b,ADRC,Sine,normal bandwidth,8,42.9,1273.96131706255,419.644021342924
b,ADRC,Sine,normal bandwidth,8,43.16,1275.53557123319,421.999579684466
b,ADRC,Sine,normal bandwidth,8,43.42,1277.06276475629,424.353340531026
b,ADRC,Sine,normal bandwidth,8,43.68,1278.54263679176,426.702136890172
b,ADRC,Sine,normal bandwidth,8,43.94,1279.97493458192,429.04769191924
b,ADRC,Sine,normal bandwidth,8,44.2,1281.35941349461,431.390053338945
b,ADRC,Sine,normal bandwidth,8,44.46,1282.69583706498,433.726691293049
b,ADRC,Sine,normal bandwidth,8,44.72,1283.98397703591,436.060894661542
b,ADRC,Sine,normal bandwidth,8,44.98,1285.22361339697,438.389514548252
b,ADRC,Sine,normal bandwidth,8,45.24,1286.41453442198,440.714262405518
b,ADRC,Sine,normal bandwidth,8,45.5,1287.55653670521,443.035183995602
b,ADRC,Sine,normal bandwidth,8,45.76,1288.64942519612,445.349766669411
b,ADRC,Sine,normal bandwidth,8,46.02,1289.69301323262,447.661274640906
b,ADRC,Sine,normal bandwidth,8,46.28,1290.68712257301,449.966581678329
b,ADRC,Sine,normal bandwidth,8,46.54,1291.63158342642,452.267385692044
b,ADRC,Sine,normal bandwidth,8,46.8,1292.52623448175,454.563730835752
b,ADRC,Sine,normal bandwidth,8,47.06,1293.37092293531,456.853125432682
b,ADRC,Sine,normal bandwidth,8,47.32,1294.16550451684,459.138805097435
b,ADRC,Sine,normal bandwidth,8,47.58,1294.9098435142,461.417670853492
b,ADRC,Sine,normal bandwidth,8,47.84,1295.60381279651,463.691405216471
b,ADRC,Sine,normal bandwidth,8,48.1,1296.24729383592,465.960051080935
b,ADRC,Sine,normal bandwidth,8,48.36,1296.8401767278,468.221141511767
b,ADRC,Sine,normal bandwidth,8,48.62,1297.38236020952,470.477879578357
b,ADRC,Sine,normal bandwidth,8,48.88,1297.87375167778,472.727198151733
b,ADRC,Sine,normal bandwidth,8,49.14,1298.3142672044,474.970762493098
b,ADRC,Sine,normal bandwidth,8,49.4,1298.70383155064,477.208614585426
b,ADRC,Sine,normal bandwidth,8,49.66,1299.04237818009,479.4383159914
b,ADRC,Sine,normal bandwidth,8,49.92,1299.32984927,481.663033295494
b,ADRC,Sine,normal bandwidth,8,50.18,1299.56619572117,483.879735788866
b,ADRC,Sine,normal bandwidth,8,50.44,1299.75137716633,486.090069620657
b,ADRC,Sine,normal bandwidth,8,50.7,1299.88536197706,488.294076206561
b,ADRC,Sine,normal bandwidth,8,50.96,1299.96812726915,490.489349332722
b,ADRC,Sine,normal bandwidth,8,51.22,1299.99965890654,492.679015183738
b,ADRC,Sine,normal bandwidth,8,51.48,1299.97995150371,494.860084002692
b,ADRC,Sine,normal bandwidth,8,51.74,1299.90900842663,497.034180979929
b,ADRC,Sine,normal bandwidth,8,52,1299.78684179218,499.201347303537
b,ADRC,Sine,normal bandwidth,8,52.26,1299.61347246603,501.359212661193
b,ADRC,Sine,normal bandwidth,8,52.52,1299.38893005916,503.510858965872
b,ADRC,Sine,normal bandwidth,8,52.78,1299.11325292272,505.653341882694
b,ADRC,Sine,normal bandwidth,8,53.04,1298.78648814155,507.788263816217
b,ADRC,Sine,normal bandwidth,8,53.3,1298.40869152609,509.915666060626
b,ADRC,Sine,normal bandwidth,8,53.56,1297.97992760286,512.033217818683
b,ADRC,Sine,normal bandwidth,8,53.82,1297.50026960346,514.143952921482
b,ADRC,Sine,normal bandwidth,8,54.08,1296.96979945203,516.244976844003
b,ADRC,Sine,normal bandwidth,8,54.34,1296.38860775128,518.337867406513
b,ADRC,Sine,normal bandwidth,8,54.6,1295.756793767,520.422666335683
b,ADRC,Sine,normal bandwidth,8,54.86,1295.07446541112,522.497085881786
b,ADRC,Sine,normal bandwidth,8,55.12,1294.34173922328,524.564108063236
b,ADRC,Sine,normal bandwidth,8,55.38,1293.5587403509,526.620892450183
b,ADRC,Sine,normal bandwidth,8,55.64,1292.72560252785,528.668990517183
b,ADRC,Sine,normal bandwidth,8,55.9,1291.84246805155,530.708444741171
b,ADRC,Sine,normal bandwidth,8,56.16,1290.90948775873,532.737013854966
b,ADRC,Sine,normal bandwidth,8,56.42,1289.92682099961,534.757624430592
b,ADRC,Sine,normal bandwidth,8,56.68,1288.89463561072,536.767494296382
b,ADRC,Sine,normal bandwidth,8,56.94,1287.81310788623,538.768146865284
b,ADRC,Sine,normal bandwidth,8,57.2,1286.68242254782,540.759625672396
b,ADRC,Sine,normal bandwidth,8,57.46,1285.50277271314,542.739739254908
b,ADRC,Sine,normal bandwidth,8,57.72,1284.27435986285,544.711355219004
b,ADRC,Sine,normal bandwidth,8,57.98,1282.99739380617,546.671753672694
b,ADRC,Sine,normal bandwidth,8,58.24,1281.67209264506,548.622428305159
b,ADRC,Sine,normal bandwidth,8,58.5,1280.29868273698,550.56342400646
b,ADRC,Sine,normal bandwidth,8,58.76,1278.87739865622,552.49260231145
b,ADRC,Sine,normal bandwidth,8,59.02,1277.40848315382,554.412768471949
b,ADRC,Sine,normal bandwidth,8,59.28,1275.89218711613,556.321268737011
b,ADRC,Sine,normal bandwidth,8,59.54,1274.32876952197,558.219565471617
b,ADRC,Sine,normal bandwidth,8,59.8,1272.71849739836,560.107705205314
b,ADRC,Sine,normal bandwidth,8,60.06,1271.06164577495,561.983605520605
b,ADRC,Sine,normal bandwidth,8,60.32,1269.358497637,563.85000607345
b,ADRC,Sine,normal bandwidth,8,60.58,1267.6093438771,565.704322937274
b,ADRC,Sine,normal bandwidth,8,60.84,1265.81448324546,567.547985621865
b,ADRC,Sine,normal bandwidth,8,61.1,1263.97422229888,569.38104256737
b,ADRC,Sine,normal bandwidth,8,61.36,1262.08887534841,571.201470296497
b,ADRC,Sine,normal bandwidth,8,61.62,1260.15876440562,573.011939790305
b,ADRC,Sine,normal bandwidth,8,61.88,1258.18421912768,574.809940434766
b,ADRC,Sine,normal bandwidth,8,62.14,1256.16557676098,576.596867430308
b,ADRC,Sine,normal bandwidth,8,62.4,1254.10318208358,578.372771384317
b,ADRC,Sine,normal bandwidth,8,62.66,1251.99738734627,580.135690481381
b,ADRC,Sine,normal bandwidth,8,62.92,1249.84855221249,581.888224125807
b,ADRC,Sine,normal bandwidth,8,63.18,1247.65704369681,583.627938292846
b,ADRC,Sine,normal bandwidth,8,63.44,1245.4232361023,585.356192503304
b,ADRC,Sine,normal bandwidth,8,63.7,1243.14751095659,587.073039772952
b,ADRC,Sine,normal bandwidth,8,63.96,1240.83025694668,588.776582486347
b,ADRC,Sine,normal bandwidth,8,64.22,1238.47186985261,590.469345760327
b,ADRC,Sine,normal bandwidth,8,64.48,1236.0727524798,592.148975209368
b,ADRC,Sine,normal bandwidth,8,64.74,1233.63331459029,593.816793394975
b,ADRC,Sine,normal bandwidth,8,65,1231.15397283274,595.472855966022
b,ADRC,Sine,normal bandwidth,8,65.26,1228.63515067127,597.115331849631
b,ADRC,Sine,normal bandwidth,8,65.52,1226.07727831313,598.746669368697
b,ADRC,Sine,normal bandwidth,8,65.78,1223.48079263524,600.364596585715
b,ADRC,Sine,normal bandwidth,8,66.04,1220.84613710956,601.970397920088
b,ADRC,Sine,normal bandwidth,8,66.3,1218.17376172732,603.564131861197
b,ADRC,Sine,normal bandwidth,8,66.56,1215.46412292221,605.144036014786
b,ADRC,Sine,normal bandwidth,8,66.82,1212.7176834924,606.712479619787
b,ADRC,Sine,normal bandwidth,8,67.08,1209.93491252148,608.267275741038
b,ADRC,Sine,normal bandwidth,8,67.34,1207.11628529838,609.809669575786
b,ADRC,Sine,normal bandwidth,8,67.6,1204.26228323616,611.339722643215
b,ADRC,Sine,normal bandwidth,8,67.86,1201.37339378979,612.855743147033
b,ADRC,Sine,normal bandwidth,8,68.12,1198.45011037291,614.360019179926
b,ADRC,Sine,normal bandwidth,8,68.38,1195.49293227353,615.850451096714
b,ADRC,Sine,normal bandwidth,8,68.64,1192.50236456881,617.328243900599
b,ADRC,Sine,normal bandwidth,8,68.9,1189.4789180387,618.793462311021
b,ADRC,Sine,normal bandwidth,8,69.16,1186.42310907879,620.244486823066
b,ADRC,Sine,normal bandwidth,8,69.42,1183.33545961207,621.683522558911
b,ADRC,Sine,normal bandwidth,8,69.68,1180.2164969998,623.108559173244
b,ADRC,Sine,normal bandwidth,8,69.94,1177.0667539514,624.520760616446
b,ADRC,Sine,normal bandwidth,8,70.2,1173.88676843353,625.920194959181
b,ADRC,Sine,normal bandwidth,8,70.46,1170.67708357816,627.305316447153
b,ADRC,Sine,normal bandwidth,8,70.72,1167.43824758982,628.678245655022
b,ADRC,Sine,normal bandwidth,8,70.98,1164.17081365196,630.037063259636
b,ADRC,Sine,normal bandwidth,8,71.24,1160.87533983247,631.382891417344
b,ADRC,Sine,normal bandwidth,8,71.5,1157.55238898839,632.715801680939
b,ADRC,Sine,normal bandwidth,8,71.76,1154.20252866973,634.03432326459
b,ADRC,Sine,normal bandwidth,8,72.02,1150.82633102257,635.340490873861
b,ADRC,Sine,normal bandwidth,8,72.28,1147.42437269131,636.632477633832
b,ADRC,Sine,normal bandwidth,8,72.54,1143.99723472023,637.911363287118
b,ADRC,Sine,normal bandwidth,8,72.8,1140.54550245418,639.177222979015
b,ADRC,Sine,normal bandwidth,8,73.06,1137.06976543866,640.428661862403
b,ADRC,Sine,normal bandwidth,8,73.32,1133.57061731912,641.667627714669
b,ADRC,Sine,normal bandwidth,8,73.58,1130.04865573953,642.892387231664
b,ADRC,Sine,normal bandwidth,8,73.84,1126.50448224035,644.103977247467
b,ADRC,Sine,normal bandwidth,8,74.1,1122.93870215576,645.302476589324
b,ADRC,Sine,normal bandwidth,8,74.36,1119.35192451029,646.486567066378
b,ADRC,Sine,normal bandwidth,8,74.62,1115.74476191478,647.658108737159
b,ADRC,Sine,normal bandwidth,8,74.88,1112.11783046175,648.815462681265
b,ADRC,Sine,normal bandwidth,8,75.14,1108.47174962021,649.959622457234
b,ADRC,Sine,normal bandwidth,8,75.4,1104.8071421298,651.090670642464
b,ADRC,Sine,normal bandwidth,8,75.66,1101.12463389447,652.20736616318
b,ADRC,Sine,normal bandwidth,8,75.92,1097.42485387556,653.311480841549
b,ADRC,Sine,normal bandwidth,8,76.18,1093.70843398438,654.401470639654
b,ADRC,Sine,normal bandwidth,8,76.44,1089.97600897428,655.478285603573
b,ADRC,Sine,normal bandwidth,8,76.7,1086.22821633223,656.542012107613
b,ADRC,Sine,normal bandwidth,8,76.96,1082.46569616996,657.591486396252
b,ADRC,Sine,normal bandwidth,8,77.22,1078.6890911146,658.628391814527
b,ADRC,Sine,normal bandwidth,8,77.48,1074.89904619895,659.651279388184
b,ADRC,Sine,normal bandwidth,8,77.74,1071.09620875128,660.661055545768
b,ADRC,Sine,normal bandwidth,8,78,1067.28122828481,661.657810483664
b,ADRC,Sine,normal bandwidth,8,78.26,1063.45475638674,662.640457704339
b,ADRC,Sine,normal bandwidth,8,78.52,1059.61744660696,663.610592114046
b,ADRC,Sine,normal bandwidth,8,78.78,1055.76995434646,664.56685966386
b,ADRC,Sine,normal bandwidth,8,79.04,1051.91293674536,665.510123192732
b,ADRC,Sine,normal bandwidth,8,79.3,1048.04705257065,666.440476722684
b,ADRC,Sine,normal bandwidth,8,79.56,1044.17296210376,667.356910691799
b,ADRC,Sine,normal bandwidth,8,79.82,1040.29132702768,668.260931886167
b,ADRC,Sine,normal bandwidth,8,80.08,1036.40281031403,669.15128072378
b,ADRC,Sine,normal bandwidth,8,80.34,1032.50807610977,670.028776615544
b,ADRC,Sine,normal bandwidth,8,80.6,1028.6077896238,670.893517391112
b,ADRC,Sine,normal bandwidth,8,80.86,1024.70261701333,671.744569840179
b,ADRC,Sine,normal bandwidth,8,81.12,1020.79322527011,672.583353227512
b,ADRC,Sine,normal bandwidth,8,81.38,1016.88028210649,673.408701660336
b,ADRC,Sine,normal bandwidth,8,81.64,1012.96445584142,674.221391416689
b,ADRC,Sine,normal bandwidth,8,81.9,1009.04641528626,675.021524094445
b,ADRC,Sine,normal bandwidth,8,82.16,1005.12682963054,675.808241990852
b,ADRC,Sine,normal bandwidth,8,82.42,1001.20636832774,676.582877727154
b,ADRC,Sine,normal bandwidth,8,82.68,997.285700980845,677.344358005047
b,ADRC,Sine,normal bandwidth,8,82.94,993.365497228069,678.093416397944
b,ADRC,Sine,normal bandwidth,8,83.2,989.446426628429,678.830158211346
b,ADRC,Sine,normal bandwidth,8,83.46,985.529158547406,679.553800148675
b,ADRC,Sine,normal bandwidth,8,83.72,981.614362042617,680.265589341938
b,ADRC,Sine,normal bandwidth,8,83.98,977.70270574954,680.964543679015
b,ADRC,Sine,normal bandwidth,8,84.24,973.794857767316,681.651354588855
b,ADRC,Sine,normal bandwidth,8,84.5,969.891485544636,682.326131003154
b,ADRC,Sine,normal bandwidth,8,84.76,965.993255765746,682.988162676618
b,ADRC,Sine,normal bandwidth,8,85.02,962.100834236577,683.63861267912
b,ADRC,Sine,normal bandwidth,8,85.28,958.21488577103,684.276588367824
b,ADRC,Sine,normal bandwidth,8,85.54,954.336074077425,684.902739717592
b,ADRC,Sine,normal bandwidth,8,85.8,950.465061645143,685.517179184448
b,ADRC,Sine,normal bandwidth,8,86.06,946.602509631474,686.119267970914
b,ADRC,Sine,normal bandwidth,8,86.32,942.749077748696,686.710086779784
b,ADRC,Sine,normal bandwidth,8,86.58,938.905424151393,687.288830418253
b,ADRC,Sine,normal bandwidth,8,86.84,935.07220532405,687.856108225396
b,ADRC,Sine,normal bandwidth,8,87.1,931.250075968923,688.412036059762
b,ADRC,Sine,normal bandwidth,8,87.36,927.43968889422,688.956044725638
b,ADRC,Sine,normal bandwidth,8,87.62,923.641694902604,689.489134515752
b,ADRC,Sine,normal bandwidth,8,87.88,919.856742680033,690.010585373243
b,ADRC,Sine,normal bandwidth,8,88.14,916.085478684975,690.520966944804
b,ADRC,Sine,normal bandwidth,8,88.4,912.328547037985,691.02039835037
b,ADRC,Sine,normal bandwidth,8,88.66,908.5865894117,691.508377914384
b,ADRC,Sine,normal bandwidth,8,88.92,904.860244921237,691.985827731325
b,ADRC,Sine,normal bandwidth,8,89.18,901.150150015037,692.452110280194
b,ADRC,Sine,normal bandwidth,8,89.44,897.456938366161,692.907756580428
b,ADRC,Sine,normal bandwidth,8,89.7,893.781240764059,693.352888853527
b,ADRC,Sine,normal bandwidth,8,89.96,890.123685006837,693.787070634998
b,ADRC,Sine,normal bandwidth,8,90.22,886.484895794027,694.21114827943
b,ADRC,Sine,normal bandwidth,8,90.48,882.865494619891,694.624563925674
b,ADRC,Sine,normal bandwidth,8,90.74,879.266099667273,695.027811148853
b,ADRC,Sine,normal bandwidth,8,91,875.687325702015,695.421015094277
b,ADRC,Sine,normal bandwidth,8,91.26,872.129783967954,695.803801980971
b,ADRC,Sine,normal bandwidth,8,91.52,868.59408208253,696.176945119231
b,ADRC,Sine,normal bandwidth,8,91.78,865.080823932997,696.539963167049
b,ADRC,Sine,normal bandwidth,8,92.04,861.590609573291,696.893313551575
b,ADRC,Sine,normal bandwidth,8,92.3,858.124035121537,697.237124147071
b,ADRC,Sine,normal bandwidth,8,92.56,854.681692658231,697.571081120062
b,ADRC,Sine,normal bandwidth,8,92.82,851.264170125124,697.895887659035
b,ADRC,Sine,normal bandwidth,8,93.08,847.872051224794,698.211135548108
b,ADRC,Sine,normal bandwidth,8,93.34,844.505915320954,698.5172474713
b,ADRC,Sine,normal bandwidth,8,93.6,841.166337339503,698.814353820748
b,ADRC,Sine,normal bandwidth,8,93.86,837.853887670323,699.102197776873
b,ADRC,Sine,normal bandwidth,8,94.12,834.569132069864,699.381415544387
b,ADRC,Sine,normal bandwidth,8,94.38,831.312631564511,699.651668401708
b,ADRC,Sine,normal bandwidth,8,94.64,828.084942354764,699.913345797674
b,ADRC,Sine,normal bandwidth,8,94.9,824.886615720241,700.166580415966
b,ADRC,Sine,normal bandwidth,8,95.16,821.71819792552,700.411169331453
b,ADRC,Sine,normal bandwidth,8,95.42,818.580230126839,700.647685106387
b,ADRC,Sine,normal bandwidth,8,95.68,815.473248279668,700.875854657362
b,ADRC,Sine,normal bandwidth,8,95.94,812.397783047169,701.09603580327
b,ADRC,Sine,normal bandwidth,8,96.2,809.354359709563,701.308363278779
b,ADRC,Sine,normal bandwidth,8,96.46,806.343498074409,701.512684760446
b,ADRC,Sine,normal bandwidth,8,96.72,803.365712387827,701.709512699518
b,ADRC,Sine,normal bandwidth,8,96.98,800.421511246663,701.89863558582
b,ADRC,Sine,normal bandwidth,8,97.24,797.511397511625,702.080381304567
b,ADRC,Sine,normal bandwidth,8,97.5,794.635868221393,702.254886387722
b,ADRC,Sine,normal bandwidth,8,97.76,791.79541450773,702.422045660752
b,ADRC,Sine,normal bandwidth,8,98.02,788.990521511594,702.582315171513
b,ADRC,Sine,normal bandwidth,8,98.28,786.221668300278,702.735540725693
b,ADRC,Sine,normal bandwidth,8,98.54,783.489327785592,702.882022055481
b,ADRC,Sine,normal bandwidth,8,98.8,780.793966643084,703.021897224441
b,ADRC,Sine,normal bandwidth,8,99.06,778.136045232337,703.155104608146
b,ADRC,Sine,normal bandwidth,8,99.32,775.516017518341,703.282047720087
b,ADRC,Sine,normal bandwidth,8,99.58,772.934330993956,703.402625249248
b,ADRC,Sine,normal bandwidth,8,99.84,770.391426603483,703.517110632813
b,ADRC,Sine,normal bandwidth,8,100.1,767.887738667349,703.625643189449
b,ADRC,Sine,normal bandwidth,8,100.36,765.42369480793,703.728201114612
b,ADRC,Sine,normal bandwidth,8,100.62,762.999715876513,703.825139402425
b,ADRC,Sine,normal bandwidth,8,100.88,760.616215881415,703.916405035385
b,ADRC,Sine,normal bandwidth,8,101.14,758.273601917272,704.002247083708
b,ADRC,Sine,normal bandwidth,8,101.4,755.97227409551,704.082805835093
b,ADRC,Sine,normal bandwidth,8,101.66,753.712625476004,704.158095458439
b,ADRC,Sine,normal bandwidth,8,101.92,751.495041999949,704.228426573377
b,ADRC,Sine,normal bandwidth,8,102.18,749.319902423938,704.293789727594
b,ADRC,Sine,normal bandwidth,8,102.44,747.187578255275,704.354411614716
b,ADRC,Sine,normal bandwidth,8,102.7,745.098433688519,704.410433197127
b,ADRC,Sine,normal bandwidth,8,102.96,743.052825543285,704.461900670188
b,ADRC,Sine,normal bandwidth,8,103.22,741.051103203295,704.50908453715
b,ADRC,Sine,normal bandwidth,8,103.48,739.093608556712,704.552014063292
b,ADRC,Sine,normal bandwidth,8,103.74,737.180675937737,704.590895610452
b,ADRC,Sine,normal bandwidth,8,104,735.312632069514,704.625870514359
b,ADRC,Sine,normal bandwidth,8,104.26,733.489796008321,704.657012965473
b,ADRC,Sine,normal bandwidth,8,104.52,731.712479089081,704.684557704855
b,ADRC,Sine,normal bandwidth,8,104.78,729.980984872181,704.708567768297
b,ADRC,Sine,normal bandwidth,8,105.04,728.295609091631,704.72923127689
b,ADRC,Sine,normal bandwidth,8,105.3,726.65663960455,704.746689632743
b,ADRC,Sine,normal bandwidth,8,105.56,725.064356342,704.761040922151
b,ADRC,Sine,normal bandwidth,8,105.82,723.519031261178,704.77248855668
b,ADRC,Sine,normal bandwidth,8,106.08,722.020928298964,704.781124316314
b,ADRC,Sine,normal bandwidth,8,106.34,720.570303326841,704.787120210301
b,ADRC,Sine,normal bandwidth,8,106.6,719.167404107196,704.790617395887
b,ADRC,Sine,normal bandwidth,8,106.86,717.812470250999,704.791733704852
b,ADRC,Sine,normal bandwidth,8,107.12,716.505733176882,704.790645712548
b,ADRC,Sine,normal bandwidth,8,107.38,715.24741607161,704.787468858163
b,ADRC,Sine,normal bandwidth,8,107.64,714.037733851963,704.782361197317
b,ADRC,Sine,normal bandwidth,8,107.9,712.876893128029,704.775463328263
b,ADRC,Sine,normal bandwidth,8,108.16,711.765092167915,704.766908643856
b,ADRC,Sine,normal bandwidth,8,108.42,710.702520863884,704.756851418905
b,ADRC,Sine,normal bandwidth,8,108.68,709.689360699922,704.745425628989
b,ADRC,Sine,normal bandwidth,8,108.94,708.72578472074,704.732777554946
b,ADRC,Sine,normal bandwidth,8,109.2,707.811957502219,704.71904692041
b,ADRC,Sine,normal bandwidth,8,109.46,706.948035123303,704.704378478035
b,ADRC,Sine,normal bandwidth,8,109.72,706.134165139338,704.688908761747
b,ADRC,Sine,normal bandwidth,8,109.98,705.37048655687,704.672785143906
b,ADRC,Sine,normal bandwidth,8,110.24,704.657129809908,704.656144321266
b,ADRC,Sine,normal bandwidth,8,110.5,703.99421673764,704.639124827125
b,ADRC,Sine,normal bandwidth,8,110.76,703.381860563625,704.621878573038
b,ADRC,Sine,normal bandwidth,8,111.02,702.82016587646,704.604528917219
b,ADRC,Sine,normal bandwidth,8,111.28,702.309228611907,704.587231493483
b,ADRC,Sine,normal bandwidth,8,111.54,701.849136036518,704.570115608223
b,ADRC,Sine,normal bandwidth,8,111.8,701.43996673272,704.553318289977
b,ADRC,Sine,normal bandwidth,8,112.06,701.081790585402,704.53699442599
b,ADRC,Sine,normal bandwidth,8,112.32,700.774668769972,704.521258750871
b,ADRC,Sine,normal bandwidth,8,112.58,700.518653741915,704.506270049954
b,ADRC,Sine,normal bandwidth,8,112.84,700.313789227827,704.492152427166
b,ADRC,Sine,normal bandwidth,8,113.1,700.160110217953,704.479041094561
b,ADRC,Sine,normal bandwidth,8,113.36,700.057642960204,704.46708976672
b,ADRC,Sine,normal bandwidth,8,113.62,700.006404955681,704.456409075223
b,ADRC,Sine,normal bandwidth,8,113.88,700.006404955681,704.447155893371
b,ADRC,Sine,normal bandwidth,8,114.14,700.057642960204,704.439451295834
b,ADRC,Sine,normal bandwidth,8,114.4,700.160110217953,704.433428370545
b,ADRC,Sine,normal bandwidth,8,114.66,700.313789227827,704.429235563013
b,ADRC,Sine,normal bandwidth,8,114.92,700.518653741915,704.426983872439
b,ADRC,Sine,normal bandwidth,8,115.18,700.774668769972,704.426823263722
b,ADRC,Sine,normal bandwidth,8,115.44,701.081790585402,704.428873932056
b,ADRC,Sine,normal bandwidth,8,115.7,701.43996673272,704.433266539038
b,ADRC,Sine,normal bandwidth,8,115.96,701.849136036518,704.440140233493
b,ADRC,Sine,normal bandwidth,8,116.22,702.309228611907,704.449610784797
b,ADRC,Sine,normal bandwidth,8,116.48,702.82016587646,704.461816340807
b,ADRC,Sine,normal bandwidth,8,116.74,703.381860563625,704.476878334873
b,ADRC,Sine,normal bandwidth,8,117,703.99421673764,704.494924706834
b,ADRC,Sine,normal bandwidth,8,117.26,704.657129809908,704.516081366573
b,ADRC,Sine,normal bandwidth,8,117.52,705.37048655687,704.540473170206
b,ADRC,Sine,normal bandwidth,8,117.78,706.134165139338,704.568221647799
b,ADRC,Sine,normal bandwidth,8,118.04,706.948035123303,704.599451547801
b,ADRC,Sine,normal bandwidth,8,118.3,707.811957502219,704.634287800948
b,ADRC,Sine,normal bandwidth,8,118.56,708.72578472074,704.67283923751
b,ADRC,Sine,normal bandwidth,8,118.82,709.689360699922,704.715244013369
b,ADRC,Sine,normal bandwidth,8,119.08,710.702520863884,704.761602367656
b,ADRC,Sine,normal bandwidth,8,119.34,711.765092167915,704.812044391785
b,ADRC,Sine,normal bandwidth,8,119.6,712.876893128029,704.866691729412
b,ADRC,Sine,normal bandwidth,8,119.86,714.037733851963,704.925632407877
b,ADRC,Sine,normal bandwidth,8,120.12,715.24741607161,704.98902197521
b,ADRC,Sine,normal bandwidth,8,120.38,716.505733176882,705.05693485326
b,ADRC,Sine,normal bandwidth,8,120.64,717.812470250999,705.129508447003
b,ADRC,Sine,normal bandwidth,8,120.9,719.167404107195,705.206860845631
b,ADRC,Sine,normal bandwidth,8,121.16,720.570303326841,705.289055682893
b,ADRC,Sine,normal bandwidth,8,121.42,722.020928298963,705.3762698541
b,ADRC,Sine,normal bandwidth,8,121.68,723.519031261178,705.468547602831
b,ADRC,Sine,normal bandwidth,8,121.94,725.064356342,705.566035553006
b,ADRC,Sine,normal bandwidth,8,122.2,726.65663960455,705.668847983756
b,ADRC,Sine,normal bandwidth,8,122.46,728.295609091631,705.777020691971
b,ADRC,Sine,normal bandwidth,8,122.72,729.980984872181,705.890755722082
b,ADRC,Sine,normal bandwidth,8,122.98,731.712479089081,706.010062961646
b,ADRC,Sine,normal bandwidth,8,123.24,733.489796008321,706.135100086024
b,ADRC,Sine,normal bandwidth,8,123.5,735.312632069514,706.265977321597
b,ADRC,Sine,normal bandwidth,8,123.76,737.180675937737,706.402699346646
b,ADRC,Sine,normal bandwidth,8,124.02,739.093608556712,706.545496987877
b,ADRC,Sine,normal bandwidth,8,124.28,741.051103203295,706.694341799411
b,ADRC,Sine,normal bandwidth,8,124.54,743.052825543285,706.849404260282
b,ADRC,Sine,normal bandwidth,8,124.8,745.098433688519,707.010790315443
b,ADRC,Sine,normal bandwidth,8,125.06,747.187578255275,707.178470417744
b,ADRC,Sine,normal bandwidth,8,125.32,749.319902423938,707.35270762597
b,ADRC,Sine,normal bandwidth,8,125.58,751.495041999949,707.533431399971
b,ADRC,Sine,normal bandwidth,8,125.84,753.712625476004,707.7208266874
b,ADRC,Sine,normal bandwidth,8,126.1,755.972274095509,707.914994938118
b,ADRC,Sine,normal bandwidth,8,126.36,758.273601917272,708.115869460365
b,ADRC,Sine,normal bandwidth,8,126.62,760.616215881415,708.323748797525
b,ADRC,Sine,normal bandwidth,8,126.88,762.999715876513,708.538516786283
b,ADRC,Sine,normal bandwidth,8,127.14,765.42369480793,708.760374413888
b,ADRC,Sine,normal bandwidth,8,127.4,767.887738667349,708.989418437425
b,ADRC,Sine,normal bandwidth,8,127.66,770.391426603483,709.225542300881
b,ADRC,Sine,normal bandwidth,8,127.92,772.934330993956,709.469083074412
b,ADRC,Sine,normal bandwidth,8,128.18,775.516017518341,709.719875688926
b,ADRC,Sine,normal bandwidth,8,128.44,778.136045232337,709.978138642014
b,ADRC,Sine,normal bandwidth,8,128.7,780.793966643084,710.243963817162
b,ADRC,Sine,normal bandwidth,8,128.96,783.489327785592,710.517202285056
b,ADRC,Sine,normal bandwidth,8,129.22,786.221668300278,710.79823246225
b,ADRC,Sine,normal bandwidth,8,129.48,788.990521511593,711.086837350872
b,ADRC,Sine,normal bandwidth,8,129.74,791.79541450773,711.383254323515
b,ADRC,Sine,normal bandwidth,8,130,794.635868221393,711.687570226926
b,ADRC,Sine,normal bandwidth,8,130.26,797.511397511624,711.999591470202
b,ADRC,Sine,normal bandwidth,8,130.52,800.421511246663,712.319740402114
b,ADRC,Sine,normal bandwidth,8,130.78,803.365712387826,712.647745344837
b,ADRC,Sine,normal bandwidth,8,131.04,806.343498074409,712.983863799144
b,ADRC,Sine,normal bandwidth,8,131.3,809.354359709563,713.32817743031
b,ADRC,Sine,normal bandwidth,8,131.56,812.397783047169,713.680445927544
b,ADRC,Sine,normal bandwidth,8,131.82,815.473248279668,714.041137913602
b,ADRC,Sine,normal bandwidth,8,132.08,818.580230126839,714.409924562419
b,ADRC,Sine,normal bandwidth,8,132.34,821.71819792552,714.7870846397
b,ADRC,Sine,normal bandwidth,8,132.6,824.886615720241,715.172694503601
b,ADRC,Sine,normal bandwidth,8,132.86,828.084942354764,715.56646530339
b,ADRC,Sine,normal bandwidth,8,133.12,831.312631564511,715.968914024266
b,ADRC,Sine,normal bandwidth,8,133.38,834.569132069864,716.379652516402
b,ADRC,Sine,normal bandwidth,8,133.64,837.853887670323,716.798981826335
b,ADRC,Sine,normal bandwidth,8,133.9,841.166337339503,717.226972899099
b,ADRC,Sine,normal bandwidth,8,134.16,844.505915320954,717.663286769465
b,ADRC,Sine,normal bandwidth,8,134.42,847.872051224793,718.108490612069
b,ADRC,Sine,normal bandwidth,8,134.68,851.264170125124,718.562135079194
b,ADRC,Sine,normal bandwidth,8,134.94,854.681692658231,719.024544389313
b,ADRC,Sine,normal bandwidth,8,135.2,858.124035121536,719.495783988481
b,ADRC,Sine,normal bandwidth,8,135.46,861.590609573291,719.975463474114
b,ADRC,Sine,normal bandwidth,8,135.72,865.080823932997,720.464201768756
b,ADRC,Sine,normal bandwidth,8,135.98,868.59408208253,720.961486761423
b,ADRC,Sine,normal bandwidth,8,136.24,872.129783967954,721.467666605421
b,ADRC,Sine,normal bandwidth,8,136.5,875.687325702015,721.982801182529
b,ADRC,Sine,normal bandwidth,8,136.76,879.266099667273,722.506447586784
b,ADRC,Sine,normal bandwidth,8,137.02,882.865494619892,723.039277772665
b,ADRC,Sine,normal bandwidth,8,137.28,886.484895794027,723.580715615326
b,ADRC,Sine,normal bandwidth,8,137.54,890.123685006837,724.131133834754
b,ADRC,Sine,normal bandwidth,8,137.8,893.781240764059,724.690586704016
b,ADRC,Sine,normal bandwidth,8,138.06,897.45693836616,725.258578008633
b,ADRC,Sine,normal bandwidth,8,138.32,901.150150015037,725.835833739845
b,ADRC,Sine,normal bandwidth,8,138.58,904.860244921237,726.421712827841
b,ADRC,Sine,normal bandwidth,8,138.84,908.5865894117,727.016613057766
b,ADRC,Sine,normal bandwidth,8,139.1,912.328547037985,727.620583070644
b,ADRC,Sine,normal bandwidth,8,139.36,916.085478684974,728.233072802164
b,ADRC,Sine,normal bandwidth,8,139.62,919.856742680033,728.854863002376
b,ADRC,Sine,normal bandwidth,8,139.88,923.641694902604,729.485247048245
b,ADRC,Sine,normal bandwidth,8,140.14,927.439688894221,730.124648153437
b,ADRC,Sine,normal bandwidth,8,140.4,931.250075968923,730.773109324839
b,ADRC,Sine,normal bandwidth,8,140.66,935.07220532405,731.430026372646
b,ADRC,Sine,normal bandwidth,8,140.92,938.905424151393,732.096235242598
b,ADRC,Sine,normal bandwidth,8,141.18,942.749077748696,732.770963475004
b,ADRC,Sine,normal bandwidth,8,141.44,946.602509631474,733.454659939138
b,ADRC,Sine,normal bandwidth,8,141.7,950.465061645142,734.147362026934
b,ADRC,Sine,normal bandwidth,8,141.96,954.336074077425,734.848411413774
b,ADRC,Sine,normal bandwidth,8,142.22,958.21488577103,735.558699391636
b,ADRC,Sine,normal bandwidth,8,142.48,962.100834236577,736.277387706174
b,ADRC,Sine,normal bandwidth,8,142.74,965.993255765745,737.004950972474
b,ADRC,Sine,normal bandwidth,8,143,969.891485544635,737.741421007938
b,ADRC,Sine,normal bandwidth,8,143.26,973.794857767315,738.486085609726
b,ADRC,Sine,normal bandwidth,8,143.52,977.70270574954,739.239891280307
b,ADRC,Sine,normal bandwidth,8,143.78,981.614362042617,740.001934337337
b,ADRC,Sine,normal bandwidth,8,144.04,985.529158547405,740.772715095017
b,ADRC,Sine,normal bandwidth,8,144.3,989.446426628429,741.552259857746
b,ADRC,Sine,normal bandwidth,8,144.56,993.365497228069,742.339803065397
b,ADRC,Sine,normal bandwidth,8,144.82,997.285700980845,743.136346010138
b,ADRC,Sine,normal bandwidth,8,145.08,1001.20636832774,743.940920270786
b,ADRC,Sine,normal bandwidth,8,145.34,1005.12682963054,744.754051677631
b,ADRC,Sine,normal bandwidth,8,145.6,1009.04641528626,745.575761104465
b,ADRC,Sine,normal bandwidth,8,145.86,1012.96445584142,746.405230416471
b,ADRC,Sine,normal bandwidth,8,146.12,1016.88028210649,747.243514992148
b,ADRC,Sine,normal bandwidth,8,146.38,1020.79322527011,748.089582679602
b,ADRC,Sine,normal bandwidth,8,146.64,1024.70261701333,748.943984506988
b,ADRC,Sine,normal bandwidth,8,146.9,1028.6077896238,749.806736020464
b,ADRC,Sine,normal bandwidth,8,147.16,1032.50807610977,750.676967550967
b,ADRC,Sine,normal bandwidth,8,147.42,1036.40281031403,751.555787581038
b,ADRC,Sine,normal bandwidth,8,147.68,1040.29132702768,752.442101550303
b,ADRC,Sine,normal bandwidth,8,147.94,1044.17296210376,753.336485233082
b,ADRC,Sine,normal bandwidth,8,148.2,1048.04705257065,754.238948971013
b,ADRC,Sine,normal bandwidth,8,148.46,1051.91293674536,755.148572854211
b,ADRC,Sine,normal bandwidth,8,148.72,1055.76995434646,756.066517212887
b,ADRC,Sine,normal bandwidth,8,148.98,1059.61744660696,756.991626708305
b,ADRC,Sine,normal bandwidth,8,149.24,1063.45475638674,757.924501278041
b,ADRC,Sine,normal bandwidth,8,149.5,1067.28122828481,758.865146201994
b,ADRC,Sine,normal bandwidth,8,149.76,1071.09620875128,759.812592869895
b,ADRC,Sine,normal bandwidth,8,150.02,1074.89904619895,760.768051935161
b,ADRC,Sine,normal bandwidth,8,150.28,1078.6890911146,761.730309211188
b,ADRC,Sine,normal bandwidth,8,150.54,1082.46569616996,762.699988087526
b,ADRC,Sine,normal bandwidth,8,150.8,1086.22821633223,763.677088944212
b,ADRC,Sine,normal bandwidth,8,151.06,1089.97600897428,764.660596251008
b,ADRC,Sine,normal bandwidth,8,151.32,1093.70843398438,765.651769199137
b,ADRC,Sine,normal bandwidth,8,151.58,1097.42485387556,766.649336976202
b,ADRC,Sine,normal bandwidth,8,151.84,1101.12463389447,767.653945587448
b,ADRC,Sine,normal bandwidth,8,152.1,1104.8071421298,768.665590693356
b,ADRC,Sine,normal bandwidth,8,152.36,1108.47174962021,769.683211856101
b,ADRC,Sine,normal bandwidth,8,152.62,1112.11783046175,770.708114766604
b,ADRC,Sine,normal bandwidth,8,152.88,1115.74476191478,771.7389744903
b,ADRC,Sine,normal bandwidth,8,153.14,1119.35192451029,772.776458690763
b,ADRC,Sine,normal bandwidth,8,153.4,1122.93870215576,773.820558506919
b,ADRC,Sine,normal bandwidth,8,153.66,1126.50448224035,774.870170828677
b,ADRC,Sine,normal bandwidth,8,153.92,1130.04865573953,775.926645565162
b,ADRC,Sine,normal bandwidth,8,154.18,1133.57061731912,776.988606433599
b,ADRC,Sine,normal bandwidth,8,154.44,1137.06976543866,778.05674168184
b,ADRC,Sine,normal bandwidth,8,154.7,1140.54550245418,779.131038142147
b,ADRC,Sine,normal bandwidth,8,154.96,1143.99723472023,780.210352480468
b,ADRC,Sine,normal bandwidth,8,155.22,1147.42437269131,781.296076309587
b,ADRC,Sine,normal bandwidth,8,155.48,1150.82633102257,782.386785030431
b,ADRC,Sine,normal bandwidth,8,155.74,1154.20252866973,783.483186289323
b,ADRC,Sine,normal bandwidth,8,156,1157.55238898839,784.58526284275
b,ADRC,Sine,normal bandwidth,8,156.26,1160.87533983247,785.691833783118
b,ADRC,Sine,normal bandwidth,8,156.52,1164.17081365196,786.804329690604
b,ADRC,Sine,normal bandwidth,8,156.78,1167.43824758982,787.921280926253
b,ADRC,Sine,normal bandwidth,8,157.04,1170.67708357816,789.043413242666
b,ADRC,Sine,normal bandwidth,8,157.3,1173.88676843353,790.170705566487
b,ADRC,Sine,normal bandwidth,8,157.56,1177.0667539514,791.301942257397
b,ADRC,Sine,normal bandwidth,8,157.82,1180.2164969998,792.438589917249
b,ADRC,Sine,normal bandwidth,8,158.08,1183.33545961207,793.579137373614
b,ADRC,Sine,normal bandwidth,8,158.34,1186.42310907879,794.724327092634
b,ADRC,Sine,normal bandwidth,8,158.6,1189.4789180387,795.87413443107
b,ADRC,Sine,normal bandwidth,8,158.86,1192.50236456881,797.027312034555
b,ADRC,Sine,normal bandwidth,8,159.12,1195.49293227353,798.185359384607
b,ADRC,Sine,normal bandwidth,8,159.38,1198.45011037291,799.346727496253
b,ADRC,Sine,normal bandwidth,8,159.64,1201.37339378979,800.512174062146
b,ADRC,Sine,normal bandwidth,8,159.9,1204.26228323616,801.681671142074
b,ADRC,Sine,normal bandwidth,8,160.16,1207.11628529838,802.853942850881
b,ADRC,Sine,normal bandwidth,8,160.42,1209.93491252148,804.030518225424
b,ADRC,Sine,normal bandwidth,8,160.68,1212.7176834924,805.209814387255
b,ADRC,Sine,normal bandwidth,8,160.94,1215.46412292221,806.39260268087
b,ADRC,Sine,normal bandwidth,8,161.2,1218.17376172732,807.578852153816
b,ADRC,Sine,normal bandwidth,8,161.46,1220.84613710956,808.767261724002
b,ADRC,Sine,normal bandwidth,8,161.72,1223.48079263524,809.959386491743
b,ADRC,Sine,normal bandwidth,8,161.98,1226.07727831313,811.153613785094
b,ADRC,Sine,normal bandwidth,8,162.24,1228.63515067127,812.350726945125
b,ADRC,Sine,normal bandwidth,8,162.5,1231.15397283274,813.5506923025
b,ADRC,Sine,normal bandwidth,8,162.76,1233.63331459029,814.752187048031
b,ADRC,Sine,normal bandwidth,8,163.02,1236.0727524798,815.956788701505
b,ADRC,Sine,normal bandwidth,8,163.28,1238.47186985261,817.162859060396
b,ADRC,Sine,normal bandwidth,8,163.54,1240.83025694668,818.371191733832
b,ADRC,Sine,normal bandwidth,8,163.8,1243.14751095659,819.581750640351
b,ADRC,Sine,normal bandwidth,8,164.06,1245.4232361023,820.793194834288
b,ADRC,Sine,normal bandwidth,8,164.32,1247.65704369681,822.007120474939
b,ADRC,Sine,normal bandwidth,8,164.58,1249.84855221249,823.221868236347
b,ADRC,Sine,normal bandwidth,8,164.84,1251.99738734627,824.438240201621
b,ADRC,Sine,normal bandwidth,8,165.1,1254.10318208358,825.656198190057
b,ADRC,Sine,normal bandwidth,8,165.36,1256.16557676098,826.874386815224
b,ADRC,Sine,normal bandwidth,8,165.62,1258.18421912768,828.094416976638
b,ADRC,Sine,normal bandwidth,8,165.88,1260.15876440562,829.314612757032
b,ADRC,Sine,normal bandwidth,8,166.14,1262.08887534841,830.535782861796
b,ADRC,Sine,normal bandwidth,8,166.4,1263.97422229888,831.757887330696
b,ADRC,Sine,normal bandwidth,8,166.66,1265.81448324546,832.979560121174
b,ADRC,Sine,normal bandwidth,8,166.92,1267.6093438771,834.202422871547
b,ADRC,Sine,normal bandwidth,8,167.18,1269.358497637,835.424787710504
b,ADRC,Sine,normal bandwidth,8,167.44,1271.06164577495,836.647468064598
b,ADRC,Sine,normal bandwidth,8,167.7,1272.71849739836,837.870422519254
b,ADRC,Sine,normal bandwidth,8,167.96,1274.32876952197,839.092278232851
b,ADRC,Sine,normal bandwidth,8,168.22,1275.89218711613,840.314663496549
b,ADRC,Sine,normal bandwidth,8,168.48,1277.40848315382,841.535883207164
b,ADRC,Sine,normal bandwidth,8,168.74,1278.87739865622,842.756753570255
b,ADRC,Sine,normal bandwidth,8,169,1280.29868273698,843.977232046236
b,ADRC,Sine,normal bandwidth,8,169.26,1281.67209264506,845.195942907063
b,ADRC,Sine,normal bandwidth,8,169.52,1282.99739380617,846.414516944225
b,ADRC,Sine,normal bandwidth,8,169.78,1284.27435986285,847.631256609101
b,ADRC,Sine,normal bandwidth,8,170.04,1285.50277271314,848.846978911664
b,ADRC,Sine,normal bandwidth,8,170.3,1286.68242254782,850.061640519381
b,ADRC,Sine,normal bandwidth,8,170.56,1287.81310788623,851.27386676896
b,ADRC,Sine,normal bandwidth,8,170.82,1288.89463561072,852.485286751376
b,ADRC,Sine,normal bandwidth,8,171.08,1289.92682099961,853.694205302414
b,ADRC,Sine,normal bandwidth,8,171.34,1290.90948775873,854.90143823811
b,ADRC,Sine,normal bandwidth,8,171.6,1291.84246805155,856.106941766416
b,ADRC,Sine,normal bandwidth,8,171.86,1292.72560252785,857.309346261279
b,ADRC,Sine,normal bandwidth,8,172.12,1293.5587403509,858.51027488242
b,ADRC,Sine,normal bandwidth,8,172.38,1294.34173922328,859.708039702213
b,ADRC,Sine,normal bandwidth,8,172.64,1295.07446541112,860.903453329464
b,ADRC,Sine,normal bandwidth,8,172.9,1295.756793767,862.096471846007
b,ADRC,Sine,normal bandwidth,8,173.16,1296.38860775128,863.285734639514
b,ADRC,Sine,normal bandwidth,8,173.42,1296.96979945203,864.472854696387
b,ADRC,Sine,normal bandwidth,8,173.68,1297.50026960346,865.656156178966
b,ADRC,Sine,normal bandwidth,8,173.94,1297.97992760286,866.836446469452
b,ADRC,Sine,normal bandwidth,8,174.2,1298.40869152609,868.013681855517
b,ADRC,Sine,normal bandwidth,8,174.46,1298.78648814155,869.186514701741
b,ADRC,Sine,normal bandwidth,8,174.72,1299.11325292272,870.356543586415
b,ADRC,Sine,normal bandwidth,8,174.98,1299.38893005916,871.522109595253
b,ADRC,Sine,normal bandwidth,8,175.24,1299.61347246603,872.684012867287
b,ADRC,Sine,normal bandwidth,8,175.5,1299.78684179218,873.842210225162
b,ADRC,Sine,normal bandwidth,8,175.76,1299.90900842663,874.995370942986
b,ADRC,Sine,normal bandwidth,8,176.02,1299.97995150371,876.145074981963
b,ADRC,Sine,normal bandwidth,8,176.28,1299.99965890654,877.289685143594
b,ADRC,Sine,normal bandwidth,8,176.54,1299.96812726915,878.429992318841
b,ADRC,Sine,normal bandwidth,8,176.8,1299.88536197706,879.565954190259
b,ADRC,Sine,normal bandwidth,8,177.06,1299.75137716633,880.69626082641
b,ADRC,Sine,normal bandwidth,8,177.32,1299.56619572117,881.822469406728
b,ADRC,Sine,normal bandwidth,8,177.58,1299.32984927,882.942969179008
b,ADRC,Sine,normal bandwidth,8,177.84,1299.04237818009,884.058539801743
b,ADRC,Sine,normal bandwidth,8,178.1,1298.70383155064,885.169140136768
b,ADRC,Sine,normal bandwidth,8,178.36,1298.3142672044,886.273484867429
b,ADRC,Sine,normal bandwidth,8,178.62,1297.87375167778,887.373104289231
b,ADRC,Sine,normal bandwidth,8,178.88,1297.38236020952,888.466418744278
b,ADRC,Sine,normal bandwidth,8,179.14,1296.8401767278,889.554194703404
b,ADRC,Sine,normal bandwidth,8,179.4,1296.24729383592,890.636392520199
b,ADRC,Sine,normal bandwidth,8,179.66,1295.60381279651,891.711755231895
b,ADRC,Sine,normal bandwidth,8,179.92,1294.9098435142,892.781782228406
b,ADRC,Sine,normal bandwidth,8,180.18,1294.16550451684,893.844929491418
b,ADRC,Sine,normal bandwidth,8,180.44,1293.37092293531,894.901948386738
b,ADRC,Sine,normal bandwidth,8,180.7,1292.52623448175,895.952801063968
b,ADRC,Sine,normal bandwidth,8,180.96,1291.63158342642,896.996262555811
b,ADRC,Sine,normal bandwidth,8,181.22,1290.68712257301,898.033797423075
b,ADRC,Sine,normal bandwidth,8,181.48,1289.69301323262,899.063901709745
b,ADRC,Sine,normal bandwidth,8,181.74,1288.64942519612,900.087309805475
b,ADRC,Sine,normal bandwidth,8,182,1287.55653670521,901.103985950655
b,ADRC,Sine,normal bandwidth,8,182.26,1286.41453442198,902.112740701682
b,ADRC,Sine,normal bandwidth,8,182.52,1285.22361339697,903.114999982063
b,ADRC,Sine,normal bandwidth,8,182.78,1283.98397703591,904.109304178976
b,ADRC,Sine,normal bandwidth,8,183.04,1282.69583706498,905.096368889278
b,ADRC,Sine,normal bandwidth,8,183.3,1281.35941349461,906.076160728211
b,ADRC,Sine,normal bandwidth,8,183.56,1279.97493458192,907.047529175333
b,ADRC,Sine,normal bandwidth,8,183.82,1278.54263679176,908.011857840702
b,ADRC,Sine,normal bandwidth,8,184.08,1277.06276475629,908.967735575087
b,ADRC,Sine,normal bandwidth,8,184.34,1275.53557123319,909.915857428385
b,ADRC,Sine,normal bandwidth,8,184.6,1273.96131706255,910.856192662838
b,ADRC,Sine,normal bandwidth,8,184.86,1272.34027112222,911.787632937077
b,ADRC,Sine,normal bandwidth,8,185.12,1270.672710282,912.711516019737
b,ADRC,Sine,normal bandwidth,8,185.38,1268.95891935627,913.626483167106
b,ADRC,Sine,normal bandwidth,8,185.64,1267.19919105535,914.533207198155
b,ADRC,Sine,normal bandwidth,8,185.9,1265.39382593556,915.43166028124
b,ADRC,Sine,normal bandwidth,8,186.16,1263.54313234784,916.320779352211
b,ADRC,Sine,normal bandwidth,8,186.42,1261.64742638509,917.201852973965
b,ADRC,Sine,normal bandwidth,8,186.68,1259.70703182818,918.073578554566
b,ADRC,Sine,normal bandwidth,8,186.94,1257.72228009069,918.936605075724
b,ADRC,Sine,normal bandwidth,8,187.2,1255.69351016224,919.790907856889
b,ADRC,Sine,normal bandwidth,8,187.46,1253.62106855063,920.635472037988
b,ADRC,Sine,normal bandwidth,8,187.72,1251.50530922268,921.471533790331
b,ADRC,Sine,normal bandwidth,8,187.98,1249.3465935437,922.297850207971
b,ADRC,Sine,normal bandwidth,8,188.24,1247.14529021587,923.115044913729
b,ADRC,Sine,normal bandwidth,8,188.5,1244.90177521516,923.92309660799
b,ADRC,Sine,normal bandwidth,8,188.76,1242.61643172719,924.721041377534
b,ADRC,Sine,normal bandwidth,8,189.02,1240.28965008178,925.510060008716
b,ADRC,Sine,normal bandwidth,8,189.28,1237.92182768622,926.288972588285
b,ADRC,Sine,normal bandwidth,8,189.54,1235.51336895747,927.058375949997
b,ADRC,Sine,normal bandwidth,8,189.8,1233.06468525305,927.818252388896
b,ADRC,Sine,normal bandwidth,8,190.06,1230.57619480077,928.567691485315
b,ADRC,Sine,normal bandwidth,8,190.32,1228.04832262732,929.307815852971
b,ADRC,Sine,normal bandwidth,8,190.58,1225.48150048568,930.037511636033
b,ADRC,Sine,normal bandwidth,8,190.84,1222.87616678134,930.757347546778
b,ADRC,Sine,normal bandwidth,8,191.1,1220.23276649749,931.467309671641
b,ADRC,Sine,normal bandwidth,8,191.36,1217.55175111894,932.166543423979
b,ADRC,Sine,normal bandwidth,8,191.62,1214.83357855506,932.856110675168
b,ADRC,Sine,normal bandwidth,8,191.88,1212.07871306156,933.534966436104
b,ADRC,Sine,normal bandwidth,8,192.14,1209.28762516119,934.203650068849
b,ADRC,Sine,normal bandwidth,8,192.4,1206.46079156337,934.862151630148
b,ADRC,Sine,normal bandwidth,8,192.66,1203.59869508278,935.50967448834
b,ADRC,Sine,normal bandwidth,8,192.92,1200.70182455691,936.147217432136
b,ADRC,Sine,normal bandwidth,8,193.18,1197.77067476254,936.773806880682
b,ADRC,Sine,normal bandwidth,8,193.44,1194.80574633124,937.389951726238
b,ADRC,Sine,normal bandwidth,8,193.7,1191.80754566387,937.995646156224
b,ADRC,Sine,normal bandwidth,8,193.96,1188.77658484411,938.590153389078
b,ADRC,Sine,normal bandwidth,8,194.22,1185.71338155094,939.174407030282
b,ADRC,Sine,normal bandwidth,8,194.48,1182.6184589703,939.747507169775
b,ADRC,Sine,normal bandwidth,8,194.74,1179.49234570565,940.309931224576
b,ADRC,Sine,normal bandwidth,8,195,1176.33557568774,940.86167765392
b,ADRC,Sine,normal bandwidth,8,195.26,1173.14868808342,941.402071186252
b,ADRC,Sine,normal bandwidth,8,195.52,1169.93222720349,941.931978392384
b,ADRC,Sine,normal bandwidth,8,195.78,1166.68674240983,942.450575006617
b,ADRC,Sine,normal bandwidth,8,196.04,1163.41278802147,942.958306083931
b,ADRC,Sine,normal bandwidth,8,196.3,1160.11092321999,943.455174476719
b,ADRC,Sine,normal bandwidth,8,196.56,1156.78171195397,943.940567840779
b,ADRC,Sine,normal bandwidth,8,196.82,1153.4257228427,944.415284118225
b,ADRC,Sine,normal bandwidth,8,197.08,1150.04352907902,944.878576363543
b,ADRC,Sine,normal bandwidth,8,197.34,1146.63570833147,945.330856505518
b,ADRC,Sine,normal bandwidth,8,197.6,1143.2028426456,945.77213189075
b,ADRC,Sine,normal bandwidth,8,197.86,1139.74551834454,946.201854270846
b,ADRC,Sine,normal bandwidth,8,198.12,1136.26432592889,946.620751629812
b,ADRC,Sine,normal bandwidth,8,198.38,1132.75985997587,947.028155712892
b,ADRC,Sine,normal bandwidth,8,198.64,1129.23271903772,947.424444684642
b,ADRC,Sine,normal bandwidth,8,198.9,1125.68350553951,947.809630466206
b,ADRC,Sine,normal bandwidth,8,199.16,1122.11282567625,948.183229819323
b,ADRC,Sine,normal bandwidth,8,199.42,1118.52128930932,948.545899711137
b,ADRC,Sine,normal bandwidth,8,199.68,1114.90950986235,948.897051636809
b,ADRC,Sine,normal bandwidth,8,199.94,1111.27810421641,949.237029487671
b,ADRC,Sine,normal bandwidth,8,200.2,1107.62769260467,949.565849818721
b,ADRC,Sine,normal bandwidth,8,200.46,1103.95889850647,949.883095057847
b,ADRC,Sine,normal bandwidth,8,200.72,1100.2723485408,950.189350372142
b,ADRC,Sine,normal bandwidth,8,200.98,1096.56867235934,950.484107749562
b,ADRC,Sine,normal bandwidth,8,201.24,1092.84850253883,950.767676430644
b,ADRC,Sine,normal bandwidth,8,201.5,1089.11247447311,951.040077642288
b,ADRC,Sine,normal bandwidth,8,201.76,1085.36122626454,951.300959873179
b,ADRC,Sine,normal bandwidth,8,202.02,1081.59539861505,951.550835986454
b,ADRC,Sine,normal bandwidth,8,202.28,1077.81563471667,951.789278885974
b,ADRC,Sine,normal bandwidth,8,202.54,1074.02258014173,952.016562917132
b,ADRC,Sine,normal bandwidth,8,202.8,1070.21688273254,952.232713995373
b,ADRC,Sine,normal bandwidth,8,203.06,1066.39919249079,952.43744680154
b,ADRC,Sine,normal bandwidth,8,203.32,1062.5701614665,952.631201672686
b,ADRC,Sine,normal bandwidth,8,203.58,1058.73044364667,952.813632529788
b,ADRC,Sine,normal bandwidth,8,203.84,1054.88069484355,952.984978713233
b,ADRC,Sine,normal bandwidth,8,204.1,1051.02157258267,953.145270822193
b,ADRC,Sine,normal bandwidth,8,204.36,1047.15373599052,953.294289596908
b,ADRC,Sine,normal bandwidth,8,204.62,1043.27784568196,953.432402909325
b,ADRC,Sine,normal bandwidth,8,204.88,1039.39456364741,953.559345476114
b,ADRC,Sine,normal bandwidth,8,205.14,1035.50455313978,953.675321657911
b,ADRC,Sine,normal bandwidth,8,205.4,1031.60847856117,953.780366711387
b,ADRC,Sine,normal bandwidth,8,205.66,1027.70700534941,953.87432703963
b,ADRC,Sine,normal bandwidth,8,205.92,1023.80079986439,953.957498393657
b,ADRC,Sine,normal bandwidth,8,206.18,1019.89052927428,954.029695742384
b,ADRC,Sine,normal bandwidth,8,206.44,1015.97686144154,954.091088627184
b,ADRC,Sine,normal bandwidth,8,206.7,1012.06046480889,954.141716914711
b,ADRC,Sine,normal bandwidth,8,206.96,1008.14200828508,954.181492012
b,ADRC,Sine,normal bandwidth,8,207.22,1004.22216113073,954.210638175394
b,ADRC,Sine,normal bandwidth,8,207.48,1000.30159284394,954.229049762618
b,ADRC,Sine,normal bandwidth,8,207.74,996.380973046007,954.236861790985
b,ADRC,Sine,normal bandwidth,8,208,992.460971366999,954.234118668555
b,ADRC,Sine,normal bandwidth,8,208.26,988.542257331425,954.220795887637
b,ADRC,Sine,normal bandwidth,8,208.52,984.625500243867,954.197047115907
b,ADRC,Sine,normal bandwidth,8,208.78,980.711369074667,954.162844919839
b,ADRC,Sine,normal bandwidth,8,209.04,976.800532345663,954.118290221549
b,ADRC,Sine,normal bandwidth,8,209.3,972.893658016019,954.063431881171
b,ADRC,Sine,normal bandwidth,8,209.56,968.991413368128,953.998308301521
b,ADRC,Sine,normal bandwidth,8,209.82,965.09446489365,953.923003743846
b,ADRC,Sine,normal bandwidth,8,210.08,961.203478179674,953.83756749143
b,ADRC,Sine,normal bandwidth,8,210.34,957.319117795037,953.742066932057
b,ADRC,Sine,normal bandwidth,8,210.6,953.44204717682,953.636555268249
b,ADRC,Sine,normal bandwidth,8,210.86,949.572928517035,953.521132387255
b,ADRC,Sine,normal bandwidth,8,211.12,945.712422649519,953.395814597648
b,ADRC,Sine,normal bandwidth,8,211.38,941.861188937076,953.260726101775
b,ADRC,Sine,normal bandwidth,8,211.64,938.01988515885,953.11590144375
b,ADRC,Sine,normal bandwidth,8,211.9,934.189167397982,952.961398038927
b,ADRC,Sine,normal bandwidth,8,212.16,930.369689929555,952.797375587459
b,ADRC,Sine,normal bandwidth,8,212.42,926.56210510884,952.623784164646
b,ADRC,Sine,normal bandwidth,8,212.68,922.767063259886,952.440820795725
b,ADRC,Sine,normal bandwidth,8,212.94,918.985212564434,952.248487998823
b,ADRC,Sine,normal bandwidth,8,213.2,915.217198951219,952.04684725329
b,ADRC,Sine,normal bandwidth,8,213.46,911.463665985643,951.836116162089
b,ADRC,Sine,normal bandwidth,8,213.72,907.725254759855,951.616180545288
b,ADRC,Sine,normal bandwidth,8,213.98,904.002603783259,951.387307865081
b,ADRC,Sine,normal bandwidth,8,214.24,900.296348873455,951.149469555002
b,ADRC,Sine,normal bandwidth,8,214.5,896.607123047645,950.90273099091
b,ADRC,Sine,normal bandwidth,8,214.76,892.935556414512,950.647365537867
b,ADRC,Sine,normal bandwidth,8,215.02,889.282276066604,950.383196989267
b,ADRC,Sine,normal bandwidth,8,215.28,885.647905973226,950.110560578463
b,ADRC,Sine,normal bandwidth,8,215.54,882.033066873869,949.829397715658
b,ADRC,Sine,normal bandwidth,8,215.8,878.438376172187,949.539777487819
b,ADRC,Sine,normal bandwidth,8,216.06,874.86444783055,949.242026659701
b,ADRC,Sine,normal bandwidth,8,216.32,871.311892265178,948.935909467897
b,ADRC,Sine,normal bandwidth,8,216.58,867.781316241887,948.621825982354
b,ADRC,Sine,normal bandwidth,8,216.84,864.273322772452,948.299688766721
b,ADRC,Sine,normal bandwidth,8,217.1,860.788511011616,947.969570416577
b,ADRC,Sine,normal bandwidth,8,217.36,857.327476154753,947.631848522104
b,ADRC,Sine,normal bandwidth,8,217.62,853.890809336219,947.286230464078
b,ADRC,Sine,normal bandwidth,8,217.88,850.479097528377,946.933177957952
b,ADRC,Sine,normal bandwidth,8,218.14,847.092923441352,946.57257600826
b,ADRC,Sine,normal bandwidth,8,218.4,843.732865423502,946.204500500473
b,ADRC,Sine,normal bandwidth,8,218.66,840.39949736264,945.82937707487
b,ADRC,Sine,normal bandwidth,8,218.92,837.093388588013,945.44685917726
b,ADRC,Sine,normal bandwidth,8,219.18,833.815103773064,945.057466734364
b,ADRC,Sine,normal bandwidth,8,219.44,830.56520283899,944.661058584359
b,ADRC,Sine,normal bandwidth,8,219.7,827.344240859101,944.257713668619
b,ADRC,Sine,normal bandwidth,8,219.96,824.152767964026,943.847902712754
b,ADRC,Sine,normal bandwidth,8,220.22,820.991329247743,943.43122835618
b,ADRC,Sine,normal bandwidth,8,220.48,817.860464674487,943.008265073855
b,ADRC,Sine,normal bandwidth,8,220.74,814.760708986518,942.578847029922
b,ADRC,Sine,normal bandwidth,8,221,811.69259161279,942.143055973414
b,ADRC,Sine,normal bandwidth,8,221.26,808.656636578533,941.701404573505
b,ADRC,Sine,normal bandwidth,8,221.52,805.653362415741,941.253447986459
b,ADRC,Sine,normal bandwidth,8,221.78,802.683282074619,940.799811359046
b,ADRC,Sine,normal bandwidth,8,222.04,799.746902835961,940.340305767028
b,ADRC,Sine,normal bandwidth,8,222.3,796.844726224519,939.875015505682
b,ADRC,Sine,normal bandwidth,8,222.56,793.977247923336,939.404491882186
b,ADRC,Sine,normal bandwidth,8,222.82,791.144957689088,938.928246073672
b,ADRC,Sine,normal bandwidth,8,223.08,788.348339268437,938.446949825172
b,ADRC,Sine,normal bandwidth,8,223.34,785.587870315405,937.960392796469
b,ADRC,Sine,normal bandwidth,8,223.6,782.864022309793,937.468661555613
b,ADRC,Sine,normal bandwidth,8,223.86,780.177260476655,936.972342592338
b,ADRC,Sine,normal bandwidth,8,224.12,777.528043706839,936.470906774792
b,ADRC,Sine,normal bandwidth,8,224.38,774.916824478606,935.965068192719
b,ADRC,Sine,normal bandwidth,8,224.64,772.344048780356,935.454596842082
b,ADRC,Sine,normal bandwidth,8,224.9,769.810156034446,934.939581279374
b,ADRC,Sine,normal bandwidth,8,225.16,767.315579022141,934.420639586099
b,ADRC,Sine,normal bandwidth,8,225.42,764.860743809699,933.897206142301
b,ADRC,Sine,normal bandwidth,8,225.68,762.446069675597,933.370032966808
b,ADRC,Sine,normal bandwidth,8,225.94,760.071969038922,932.838872216358
b,ADRC,Sine,normal bandwidth,8,226.2,757.738847388927,932.303814141915
b,ADRC,Sine,normal bandwidth,8,226.46,755.44710321578,931.765504705758
b,ADRC,Sine,normal bandwidth,8,226.72,753.197127942497,931.223345755429
b,ADRC,Sine,normal bandwidth,8,226.98,750.989305858094,930.678122679718
b,ADRC,Sine,normal bandwidth,8,227.24,748.824014051949,930.129571685526
b,ADRC,Sine,normal bandwidth,8,227.5,746.701622349395,929.577784415969
b,ADRC,Sine,normal bandwidth,8,227.76,744.622493248557,929.023430898524
b,ADRC,Sine,normal bandwidth,8,228.02,742.586981858437,928.46588452196
b,ADRC,Sine,normal bandwidth,8,228.28,740.595435838264,927.905959361622
b,ADRC,Sine,normal bandwidth,8,228.54,738.648195338114,927.34337762086
b,ADRC,Sine,normal bandwidth,8,228.8,736.745592940811,926.778232025554
b,ADRC,Sine,normal bandwidth,8,229.06,734.887953605128,926.211212764332
b,ADRC,Sine,normal bandwidth,8,229.32,733.075594610281,925.641668941924
b,ADRC,Sine,normal bandwidth,8,229.58,731.308825501741,925.070438532292
b,ADRC,Sine,normal bandwidth,8,229.84,729.587948038361,924.497231730253
b,ADRC,Sine,normal bandwidth,8,230.1,727.913256140841,923.922142029343
b,ADRC,Sine,normal bandwidth,8,230.36,726.285035841524,923.345875803285
b,ADRC,Sine,normal bandwidth,8,230.62,724.703565235545,922.767762130976
b,ADRC,Sine,normal bandwidth,8,230.88,723.16911443333,922.188658012713
b,ADRC,Sine,normal bandwidth,8,231.14,721.681945514466,921.608263670171
b,ADRC,Sine,normal bandwidth,8,231.4,720.242312482934,921.026673045064
b,ADRC,Sine,normal bandwidth,8,231.66,718.850461223731,920.44460466494
b,ADRC,Sine,normal bandwidth,8,231.92,717.506629460868,919.861371906622
b,ADRC,Sine,normal bandwidth,8,232.18,716.211046716773,919.277845860691
b,ADRC,Sine,normal bandwidth,8,232.44,714.963934273084,918.693718842886
b,ADRC,Sine,normal bandwidth,8,232.7,713.76550513286,918.109084920646
b,ADRC,Sine,normal bandwidth,8,232.96,712.615963984195,917.524670705862
b,ADRC,Sine,normal bandwidth,8,233.22,711.515507165265,916.939778244423
b,ADRC,Sine,normal bandwidth,8,233.48,710.464322630786,916.355287738195
b,ADRC,Sine,normal bandwidth,8,233.74,709.462589919918,915.770885687337
b,ADRC,Sine,normal bandwidth,8,234,708.510480125598,915.186665960962
b,ADRC,Sine,normal bandwidth,8,234.26,707.608155865317,914.603359164814
b,ADRC,Sine,normal bandwidth,8,234.52,706.755771253348,914.020260413962
b,ADRC,Sine,normal bandwidth,8,234.78,705.953471874421,913.438254020641
b,ADRC,Sine,normal bandwidth,8,235.04,705.201394758859,912.857022774147
b,ADRC,Sine,normal bandwidth,8,235.3,704.499668359172,912.276660021024
b,ADRC,Sine,normal bandwidth,8,235.56,703.848412528122,911.697896266634
b,ADRC,Sine,normal bandwidth,8,235.82,703.247738498247,911.120024105809
b,ADRC,Sine,normal bandwidth,8,236.08,702.697748862866,910.543926959421
b,ADRC,Sine,normal bandwidth,8,236.34,702.198537558557,909.969286016155
b,ADRC,Sine,normal bandwidth,8,236.6,701.75018984911,909.396193776935
b,ADRC,Sine,normal bandwidth,8,236.86,701.352782310966,908.825376566075
b,ADRC,Sine,normal bandwidth,8,237.12,701.006382820138,908.256128860637
b,ADRC,Sine,normal bandwidth,8,237.38,700.71105054062,907.689328208727
b,ADRC,Sine,normal bandwidth,8,237.64,700.466835914276,907.124656305311
b,ADRC,Sine,normal bandwidth,8,237.9,700.27378065223,906.562204485248
b,ADRC,Sine,normal bandwidth,8,238.16,700.131917727743,906.002690841936
b,ADRC,Sine,normal bandwidth,8,238.42,700.041271370573,905.445416110483
b,ADRC,Sine,normal bandwidth,8,238.68,700.001857062848,904.891247026188
b,ADRC,Sine,normal bandwidth,8,238.94,700.013681536412,904.339867884994
b,ADRC,Sine,normal bandwidth,8,239.2,700.076742771681,903.79136853922
b,ADRC,Sine,normal bandwidth,8,239.46,700.191029997986,903.24645484939
b,ADRC,Sine,normal bandwidth,8,239.72,700.35652369541,902.704438139411
b,ADRC,Sine,normal bandwidth,8,239.98,700.57319559813,902.166169453953
b,ADRC,Sine,normal bandwidth,8,240.24,700.841008699233,901.631337763625
b,ADRC,Sine,normal bandwidth,8,240.5,701.159917257048,901.100031127074
b,ADRC,Sine,normal bandwidth,8,240.76,701.529866802952,900.572939234817
b,ADRC,Sine,normal bandwidth,8,241.02,701.950794150673,900.049388266993
b,ADRC,Sine,normal bandwidth,8,241.28,702.422627407085,899.530208782662
b,ADRC,Sine,normal bandwidth,8,241.54,702.945285984487,899.015096471055
b,ADRC,Sine,normal bandwidth,8,241.8,703.518680614363,898.504137292697
b,ADRC,Sine,normal bandwidth,8,242.06,704.142713362635,897.998000912427
b,ADRC,Sine,normal bandwidth,8,242.32,704.817277646384,897.496032552766
b,ADRC,Sine,normal bandwidth,8,242.58,705.542258252057,896.999037595259
b,ADRC,Sine,normal bandwidth,8,242.84,706.317531355146,896.506720453407
b,ADRC,Sine,normal bandwidth,8,243.1,707.142964541334,896.019164693153
b,ADRC,Sine,normal bandwidth,8,243.36,708.018416829114,895.537016195741
b,ADRC,Sine,normal bandwidth,8,243.62,708.943738693866,895.059643313304
b,ADRC,Sine,normal bandwidth,8,243.88,709.918772093396,894.587821680884
b,ADRC,Sine,normal bandwidth,8,244.14,710.94335049493,894.121266395135
b,ADRC,Sine,normal bandwidth,8,244.4,712.017298903555,893.660058340237
b,ADRC,Sine,normal bandwidth,8,244.66,713.14043389211,893.204815969538
b,ADRC,Sine,normal bandwidth,8,244.92,714.312563632515,892.754934735905
b,ADRC,Sine,normal bandwidth,8,245.18,715.533487928532,892.311156101071
b,ADRC,Sine,normal bandwidth,8,245.44,716.802998249961,891.873207748756
b,ADRC,Sine,normal bandwidth,8,245.7,718.120877768254,891.4411676047
b,ADRC,Sine,normal bandwidth,8,245.96,719.486901393549,891.015623179082
b,ADRC,Sine,normal bandwidth,8,246.22,720.900835813116,890.596000863774
b,ADRC,Sine,normal bandwidth,8,246.48,722.362439531206,890.183003681294
b,ADRC,Sine,normal bandwidth,8,246.74,723.871462910295,889.776373743345
b,ADRC,Sine,normal bandwidth,8,247,725.427648213725,889.376185752266
b,ADRC,Sine,normal bandwidth,8,247.26,727.030729649723,888.982992903646
b,ADRC,Sine,normal bandwidth,8,247.52,728.680433416797,888.596256217651
b,ADRC,Sine,normal bandwidth,8,247.78,730.376477750501,888.216636190568
b,ADRC,Sine,normal bandwidth,8,248.04,732.118572971559,887.843891132286
b,ADRC,Sine,normal bandwidth,8,248.3,733.906421535344,887.478092269618
b,ADRC,Sine,normal bandwidth,8,248.56,735.739718082693,887.119755270252
b,ADRC,Sine,normal bandwidth,8,248.82,737.618149492065,886.768379307418
b,ADRC,Sine,normal bandwidth,8,249.08,739.54139493302,886.424578460295
b,ADRC,Sine,normal bandwidth,8,249.34,741.509125921016,886.088128929016
b,ADRC,Sine,normal bandwidth,8,249.6,743.521006373514,885.759098226685
b,ADRC,Sine,normal bandwidth,8,249.86,745.576692667379,885.437961451419
b,ADRC,Sine,normal bandwidth,8,250.12,747.675833697568,885.124259274956
b,ADRC,Sine,normal bandwidth,8,250.38,749.818070937103,884.818555681051
b,ADRC,Sine,normal bandwidth,8,250.64,752.003038498301,884.520646366873
b,ADRC,Sine,normal bandwidth,8,250.9,754.230363195266,884.230594908605
b,ADRC,Sine,normal bandwidth,8,251.16,756.499664607637,883.948832977607
b,ADRC,Sine,normal bandwidth,8,251.42,758.810555145549,883.674945896185
b,ADRC,Sine,normal bandwidth,8,251.68,761.162640115844,883.409444102399
b,ADRC,Sine,normal bandwidth,8,251.94,763.555517789477,883.152144305267
b,ADRC,Sine,normal bandwidth,8,252.2,765.988779470132,882.903105936765
b,ADRC,Sine,normal bandwidth,8,252.46,768.462009564028,882.662714580838
b,ADRC,Sine,normal bandwidth,8,252.72,770.974785650895,882.430603155787
b,ADRC,Sine,normal bandwidth,8,252.98,773.526678556129,882.207225346311
b,ADRC,Sine,normal bandwidth,8,253.24,776.11725242409,881.992420289747
b,ADRC,Sine,normal bandwidth,8,253.5,778.746064792548,881.786243083401
b,ADRC,Sine,normal bandwidth,8,253.76,781.412666668249,881.589030770882
b,ADRC,Sine,normal bandwidth,8,254.02,784.116602603606,881.400466592935
b,ADRC,Sine,normal bandwidth,8,254.28,786.857410774488,881.220944529325
b,ADRC,Sine,normal bandwidth,8,254.54,789.634623059095,881.05032745791
b,ADRC,Sine,normal bandwidth,8,254.8,792.447765117914,880.888665968517
b,ADRC,Sine,normal bandwidth,8,255.06,795.296356474735,880.736246329552
b,ADRC,Sine,normal bandwidth,8,255.32,798.179910598716,880.592804600242
b,ADRC,Sine,normal bandwidth,8,255.58,801.097934987478,880.458672372361
b,ADRC,Sine,normal bandwidth,8,255.84,804.049931251223,880.33373746673
b,ADRC,Sine,normal bandwidth,8,256.1,807.03539519786,880.218045811293
b,ADRC,Sine,normal bandwidth,8,256.36,810.053816919121,880.111830891828
b,ADRC,Sine,normal bandwidth,8,256.62,813.104680877644,880.01488384124
b,ADRC,Sine,normal bandwidth,8,256.88,816.187465995034,879.927471460026
b,ADRC,Sine,normal bandwidth,8,257.14,819.301645740857,879.849507599644
b,ADRC,Sine,normal bandwidth,8,257.4,822.446688222571,879.781033390814
b,ADRC,Sine,normal bandwidth,8,257.66,825.622056276371,879.722227765144
b,ADRC,Sine,normal bandwidth,8,257.92,828.827207558937,879.672938934137
b,ADRC,Sine,normal bandwidth,8,258.18,832.06159464006,879.633366793584
b,ADRC,Sine,normal bandwidth,8,258.44,835.324665096147,879.603452193943
b,ADRC,Sine,normal bandwidth,8,258.7,838.615861604568,879.58323135304
b,ADRC,Sine,normal bandwidth,8,258.96,841.934622038854,879.572827120053
b,ADRC,Sine,normal bandwidth,8,259.22,845.280379564692,879.572146531382
b,ADRC,Sine,normal bandwidth,8,259.48,848.652562736753,879.581320763385
b,ADRC,Sine,normal bandwidth,8,259.74,852.050595596285,879.600318510559
b,ADRC,Sine,normal bandwidth,8,260,855.473897769486,879.629170982318
b,ADRC,Sine,normal bandwidth,8,260.26,858.921884566633,879.667943666833
b,ADRC,Sine,normal bandwidth,8,260.52,862.39396708194,879.716603905824
b,ADRC,Sine,normal bandwidth,8,260.78,865.889552294152,879.775212647754
b,ADRC,Sine,normal bandwidth,8,261.04,869.408043167817,879.843767149368
b,ADRC,Sine,normal bandwidth,8,261.3,872.948838755265,879.922293536742
b,ADRC,Sine,normal bandwidth,8,261.56,876.511334299254,880.010798913455
b,ADRC,Sine,normal bandwidth,8,261.82,880.094921336248,880.109312134972
b,ADRC,Sine,normal bandwidth,8,262.08,883.698987800352,880.217822725928
b,ADRC,Sine,normal bandwidth,8,262.34,887.322918127843,880.336357093746
b,ADRC,Sine,normal bandwidth,8,262.6,890.966093362312,880.464936227146
b,ADRC,Sine,normal bandwidth,8,262.86,894.627891260377,880.603508080754
b,ADRC,Sine,normal bandwidth,8,263.12,898.30768639796,880.752163955254
b,ADRC,Sine,normal bandwidth,8,263.38,902.004850277112,880.91082107299
b,ADRC,Sine,normal bandwidth,8,263.64,905.718751433352,881.079535448294
b,ADRC,Sine,normal bandwidth,8,263.9,909.448755543522,881.258322899669
b,ADRC,Sine,normal bandwidth,8,264.16,913.194225534129,881.447071730788
b,ADRC,Sine,normal bandwidth,8,264.42,916.954521690155,881.645936338281
b,ADRC,Sine,normal bandwidth,8,264.68,920.729001764317,881.854761084779
b,ADRC,Sine,normal bandwidth,8,264.94,924.51702108676,882.073631913725
b,ADRC,Sine,normal bandwidth,8,265.2,928.317932675167,882.302559461851
b,ADRC,Sine,normal bandwidth,8,265.46,932.131087345262,882.541372144237
b,ADRC,Sine,normal bandwidth,8,265.72,935.955833821685,882.790287820863
b,ADRC,Sine,normal bandwidth,8,265.98,939.791518849233,883.049077760483
b,ADRC,Sine,normal bandwidth,8,266.24,943.637487304428,883.317858022551
b,ADRC,Sine,normal bandwidth,8,266.5,947.493082307418,883.596634071833
b,ADRC,Sine,normal bandwidth,8,266.76,951.35764533416,883.885174462424
b,ADRC,Sine,normal bandwidth,8,267.02,955.230516328904,884.183760600355
b,ADRC,Sine,normal bandwidth,8,267.28,959.111033816922,884.492090750428
b,ADRC,Sine,normal bandwidth,8,267.54,962.99853501749,884.810311138999
b,ADRC,Sine,normal bandwidth,8,267.8,966.892355957082,885.138422090016
b,ADRC,Sine,normal bandwidth,8,268.06,970.791831582786,885.476132589199
b,ADRC,Sine,normal bandwidth,8,268.32,974.696295875882,885.823787386449
b,ADRC,Sine,normal bandwidth,8,268.58,978.605081965602,886.181012156094
b,ADRC,Sine,normal bandwidth,8,268.84,982.51752224303,886.547983206166
b,ADRC,Sine,normal bandwidth,8,269.1,986.43294847512,886.924695772146
b,ADRC,Sine,normal bandwidth,8,269.36,990.350691918842,887.310799827609
b,ADRC,Sine,normal bandwidth,8,269.62,994.270083435385,887.70670298033
b,ADRC,Sine,normal bandwidth,8,269.88,998.19045360446,888.111959049253
b,ADRC,Sine,normal bandwidth,8,270.14,1002.11113283862,888.526774203207
b,ADRC,Sine,normal bandwidth,8,270.4,1006.03145149764,888.951138662549
b,ADRC,Sine,normal bandwidth,8,270.66,1009.95074000286,889.384644206073
b,ADRC,Sine,normal bandwidth,8,270.92,1013.8683289516,889.827760531854
b,ADRC,Sine,normal bandwidth,8,271.18,1017.78354923143,890.279970656861
b,ADRC,Sine,normal bandwidth,8,271.44,1021.69573213449,890.741510255226
b,ADRC,Sine,normal bandwidth,8,271.7,1025.60420947169,891.212364626232
b,ADRC,Sine,normal bandwidth,8,271.96,1029.50831368687,891.692068428752
b,ADRC,Sine,normal bandwidth,8,272.22,1033.40737797074,892.181152405468
b,ADRC,Sine,normal bandwidth,8,272.48,1037.30073637485,892.679030138472
b,ADRC,Sine,normal bandwidth,8,272.74,1041.18772392527,893.185966318692
b,ADRC,Sine,normal bandwidth,8,273,1045.06767673623,893.701941438678
b,ADRC,Sine,normal bandwidth,8,273.26,1048.93993212343,894.226434365054
b,ADRC,Sine,normal bandwidth,8,273.52,1052.80382871729,894.760035565944
b,ADRC,Sine,normal bandwidth,8,273.78,1056.65870657589,895.302090863328
b,ADRC,Sine,normal bandwidth,8,274.04,1060.50390729767,895.852893345607
b,ADRC,Sine,normal bandwidth,8,274.3,1064.3387741339,896.412418832773
b,ADRC,Sine,normal bandwidth,8,274.56,1068.16265210086,896.980091973876
b,ADRC,Sine,normal bandwidth,8,274.82,1071.97488809167,897.55656137564
b,ADRC,Sine,normal bandwidth,8,275.08,1075.77483098789,898.141107075083
b,ADRC,Sine,normal bandwidth,8,275.34,1079.56183177069,898.734049810678
b,ADRC,Sine,normal bandwidth,8,275.6,1083.33524363171,899.335360883281
b,ADRC,Sine,normal bandwidth,8,275.86,1087.09442208355,899.944412539216
b,ADRC,Sine,normal bandwidth,8,276.12,1090.83872506982,900.561909676248
b,ADRC,Sine,normal bandwidth,8,276.38,1094.56751307484,901.187068813376
b,ADRC,Sine,normal bandwidth,8,276.64,1098.2801492328,901.820237466936
b,ADRC,Sine,normal bandwidth,8,276.9,1101.97599943662,902.461382590691
b,ADRC,Sine,normal bandwidth,8,277.16,1105.65443244618,903.109826075397
b,ADRC,Sine,normal bandwidth,8,277.42,1109.31481999618,903.766327009619
b,ADRC,Sine,normal bandwidth,8,277.68,1112.95653690343,904.43004094326
b,ADRC,Sine,normal bandwidth,8,277.94,1116.57896117362,905.101341177328
b,ADRC,Sine,normal bandwidth,8,278.2,1120.18147410758,905.780190508419
b,ADRC,Sine,normal bandwidth,8,278.46,1123.76346040691,906.46586274233
b,ADRC,Sine,normal bandwidth,8,278.72,1127.32430827913,907.159168814648
b,ADRC,Sine,normal bandwidth,8,278.98,1130.86340954211,907.859206126055
b,ADRC,Sine,normal bandwidth,8,279.24,1134.38015972801,908.566372652374
b,ADRC,Sine,normal bandwidth,8,279.5,1137.87395818645,909.28062724005
b,ADRC,Sine,normal bandwidth,8,279.76,1141.34420818715,910.001198094181
b,ADRC,Sine,normal bandwidth,8,280.02,1144.79031702185,910.72894542022
b,ADRC,Sine,normal bandwidth,8,280.28,1148.21169610551,911.46291154827
b,ADRC,Sine,normal bandwidth,8,280.54,1151.60776107687,912.203517907284
b,ADRC,Sine,normal bandwidth,8,280.8,1154.97793189823,912.950719616788
b,ADRC,Sine,normal bandwidth,8,281.06,1158.32163295455,913.703701968359
b,ADRC,Sine,normal bandwidth,8,281.32,1161.63829315173,914.463371637962
b,ADRC,Sine,normal bandwidth,8,281.58,1164.92734601418,915.228719209246
b,ADRC,Sine,normal bandwidth,8,281.84,1168.18822978156,916.000188236076
b,ADRC,Sine,normal bandwidth,8,282.1,1171.42038750471,916.777730349556
b,ADRC,Sine,normal bandwidth,8,282.36,1174.62326714081,917.560490806275
b,ADRC,Sine,normal bandwidth,8,282.62,1177.79632164764,918.349419743252
b,ADRC,Sine,normal bandwidth,8,282.88,1180.93900907703,919.14345955296
b,ADRC,Sine,normal bandwidth,8,283.14,1184.05079266741,919.943074485192
b,ADRC,Sine,normal bandwidth,8,283.4,1187.1311409355,920.748212935385
b,ADRC,Sine,normal bandwidth,8,283.66,1190.17952776706,921.557983182619
b,ADRC,Sine,normal bandwidth,8,283.92,1193.19543250678,922.373375618412
b,ADRC,Sine,normal bandwidth,8,284.18,1196.17834004721,923.193288215188
b,ADRC,Sine,normal bandwidth,8,284.44,1199.12774091669,924.01820439509
b,ADRC,Sine,normal bandwidth,8,284.7,1202.04313136642,924.84806958383
b,ADRC,Sine,normal bandwidth,8,284.96,1204.92401345647,925.681958306249
b,ADRC,Sine,normal bandwidth,8,285.22,1207.76989514084,926.520897818563
b,ADRC,Sine,normal bandwidth,8,285.48,1210.58029035149,927.363745643878
b,ADRC,Sine,normal bandwidth,8,285.74,1213.35471908137,928.211002765103
b,ADRC,Sine,normal bandwidth,8,286,1216.09270746637,929.062611916233
b,ADRC,Sine,normal bandwidth,8,286.26,1218.79378786632,929.917617243073
b,ADRC,Sine,normal bandwidth,8,286.52,1221.4574989448,930.777079308095
b,ADRC,Sine,normal bandwidth,8,286.78,1224.08338574797,931.639819338342
b,ADRC,Sine,normal bandwidth,8,287.04,1226.67099978224,932.506354184877
b,ADRC,Sine,normal bandwidth,8,287.3,1229.21989909091,933.376624178864
b,ADRC,Sine,normal bandwidth,8,287.56,1231.72964832965,934.249646599681
b,ADRC,Sine,normal bandwidth,8,287.82,1234.19981884083,935.126511604331
b,ADRC,Sine,normal bandwidth,8,288.08,1236.62998872674,936.006008441721
b,ADRC,Sine,normal bandwidth,8,288.34,1239.01974292168,936.888668064713
b,ADRC,Sine,normal bandwidth,8,288.6,1241.3686732628,937.774428700183
b,ADRC,Sine,normal bandwidth,8,288.86,1243.67637855986,938.662284396011
b,ADRC,Sine,normal bandwidth,8,289.12,1245.94246466374,939.553351054709
b,ADRC,Sine,normal bandwidth,8,289.38,1248.16654453374,940.446390411076
b,ADRC,Sine,normal bandwidth,8,289.64,1250.34823830369,941.341945687302
b,ADRC,Sine,normal bandwidth,8,289.9,1252.48717334686,942.239953312922
b,ADRC,Sine,normal bandwidth,8,290.16,1254.58298433958,943.139387845937
b,ADRC,Sine,normal bandwidth,8,290.42,1256.63531332362,944.041386964631
b,ADRC,Sine,normal bandwidth,8,290.68,1258.64380976735,944.944689480631
b,ADRC,Sine,normal bandwidth,8,290.94,1260.60813062563,945.849848994789
b,ADRC,Sine,normal bandwidth,8,291.2,1262.52794039835,946.756800453321
b,ADRC,Sine,normal bandwidth,8,291.46,1264.40291118778,947.664502756598
b,ADRC,Sine,normal bandwidth,8,291.72,1266.23272275452,948.574111285309
b,ADRC,Sine,normal bandwidth,8,291.98,1268.01706257228,949.484346626047
b,ADRC,Sine,normal bandwidth,8,292.24,1269.75562588117,950.395770817589
b,ADRC,Sine,normal bandwidth,8,292.5,1271.44811573981,951.308317642614
b,ADRC,Sine,normal bandwidth,8,292.76,1273.094243076,952.220934250281
b,ADRC,Sine,normal bandwidth,8,293.02,1274.69372673615,953.134789564216
b,ADRC,Sine,normal bandwidth,8,293.28,1276.24629353325,954.048590731134
b,ADRC,Sine,normal bandwidth,8,293.54,1277.75167829357,954.962906245294
b,ADRC,Sine,normal bandwidth,8,293.8,1279.20962390191,955.877669050031
b,ADRC,Sine,normal bandwidth,8,294.06,1280.61988134554,956.791818507094
b,ADRC,Sine,normal bandwidth,8,294.32,1281.98220975672,957.706532855383
b,ADRC,Sine,normal bandwidth,8,294.58,1283.29637645386,958.620510653352
b,ADRC,Sine,normal bandwidth,8,294.84,1284.56215698124,959.534324835144
b,ADRC,Sine,normal bandwidth,8,295.1,1285.77933514734,960.447907831954
b,ADRC,Sine,normal bandwidth,8,295.36,1286.9477030618,961.36019522231
b,ADRC,Sine,normal bandwidth,8,295.62,1288.06706117087,962.2723702827
b,ADRC,Sine,normal bandwidth,8,295.88,1289.13721829158,963.183127880575
b,ADRC,Sine,normal bandwidth,8,296.14,1290.15799164428,964.093043349876
b,ADRC,Sine,normal bandwidth,8,296.4,1291.12920688396,965.002048938501
b,ADRC,Sine,normal bandwidth,8,296.66,1292.05069812998,965.909080469132
b,ADRC,Sine,normal bandwidth,8,296.92,1292.9223079944,966.815321946547
b,ADRC,Sine,normal bandwidth,8,297.18,1293.74388760888,967.719469469052
b,ADRC,Sine,normal bandwidth,8,297.44,1294.51529665008,968.622098714604
b,ADRC,Sine,normal bandwidth,8,297.7,1295.23640336366,969.523142076887
b,ADRC,Sine,normal bandwidth,8,297.96,1295.90708458677,970.421539656014
b,ADRC,Sine,normal bandwidth,8,298.22,1296.52722576905,971.318471862664
b,ADRC,Sine,normal bandwidth,8,298.48,1297.09672099227,972.212640951342
b,ADRC,Sine,normal bandwidth,8,298.74,1297.61547298835,973.104620881388
b,ADRC,Sine,normal bandwidth,8,299,1298.083393156,973.99434452019
b,ADRC,Sine,normal bandwidth,8,299.26,1298.50040157588,974.880760267166
b,ADRC,Sine,normal bandwidth,8,299.52,1298.86642702419,975.765040622003
b,ADRC,Sine,normal bandwidth,8,299.78,1299.18140698488,976.645898903089
b,ADRC,Sine,normal bandwidth,8,300.04,1299.44528766034,977.523905290538
b,ADRC,Sine,normal bandwidth,8,300.3,1299.65802398052,978.398993450812
b,ADRC,Sine,normal bandwidth,8,300.56,1299.81957961071,979.270124075839
b,ADRC,Sine,normal bandwidth,8,300.82,1299.92992695769,980.138457461479
b,ADRC,Sine,normal bandwidth,8,301.08,1299.98904717447,981.002722858968
b,ADRC,Sine,normal bandwidth,8,301.34,1299.99693016348,981.863484619464
b,ADRC,Sine,normal bandwidth,8,301.6,1299.95357457835,982.720677529949
b,ADRC,Sine,normal bandwidth,8,301.86,1299.85898782406,983.573278522265
b,ADRC,Sine,normal bandwidth,8,302.12,1299.71318605577,984.422431438115
b,ADRC,Sine,normal bandwidth,8,302.38,1299.51619417596,985.266886270922
b,ADRC,Sine,normal bandwidth,8,302.64,1299.26804583026,986.107199512886
b,ADRC,Sine,normal bandwidth,8,302.9,1298.96878340166,986.943307387641
b,ADRC,Sine,normal bandwidth,8,303.16,1298.6184580033,987.774206951613
b,ADRC,Sine,normal bandwidth,8,303.42,1298.21712946968,988.6010214028
b,ADRC,Sine,normal bandwidth,8,303.68,1297.76486634652,989.42252620589
b,ADRC,Sine,normal bandwidth,8,303.94,1297.261745879,990.239267992561
b,ADRC,Sine,normal bandwidth,8,304.2,1296.70785399859,991.051184732599
b,ADRC,Sine,normal bandwidth,8,304.46,1296.10328530835,991.857297412271
b,ADRC,Sine,normal bandwidth,8,304.72,1295.4481430668,992.658704475111
b,ADRC,Sine,normal bandwidth,8,304.98,1294.74253917027,993.454211485591
b,ADRC,Sine,normal bandwidth,8,305.24,1293.98659413377,994.244353250365
b,ADRC,Sine,normal bandwidth,8,305.5,1293.18043707046,995.02906978691
b,ADRC,Sine,normal bandwidth,8,305.76,1292.32420566953,995.80740972085
b,ADRC,Sine,normal bandwidth,8,306.02,1291.41804617274,996.580442726969
b,ADRC,Sine,normal bandwidth,8,306.28,1290.4621133494,997.347008977606
b,ADRC,Sine,normal bandwidth,8,306.54,1289.45657046997,998.1076295354
b,ADRC,Sine,normal bandwidth,8,306.8,1288.40158927814,998.862246757833
b,ADRC,Sine,normal bandwidth,8,307.06,1287.29734996155,999.609940507735
b,ADRC,Sine,normal bandwidth,8,307.32,1286.14404112094,1000.35174779056
b,ADRC,Sine,normal bandwidth,8,307.58,1284.94185973799,1001.08654775485
b,ADRC,Sine,normal bandwidth,8,307.84,1283.69101114168,1001.814845854
b,ADRC,Sine,normal bandwidth,8,308.1,1282.39170897319,1002.53658706731
b,ADRC,Sine,normal bandwidth,8,308.36,1281.04417514942,1003.25088596559
b,ADRC,Sine,normal bandwidth,8,308.62,1279.6486398251,1003.95874311489
b,ADRC,Sine,normal bandwidth,8,308.88,1278.20534135348,1004.65908084971
b,ADRC,Sine,normal bandwidth,8,309.14,1276.71452624558,1005.35238721078
b,ADRC,Sine,normal bandwidth,8,309.4,1275.17644912815,1006.03861006941
b,ADRC,Sine,normal bandwidth,8,309.66,1273.59137270015,1006.7169020331
b,ADRC,Sine,normal bandwidth,8,309.92,1271.95956768786,1007.38822360514
b,ADRC,Sine,normal bandwidth,8,310.18,1270.28131279867,1008.05154433919
b,ADRC,Sine,normal bandwidth,8,310.44,1268.55689467348,1008.70733312942
b,ADRC,Sine,normal bandwidth,8,310.7,1266.78660783772,1009.35554099649
b,ADRC,Sine,normal bandwidth,8,310.96,1264.97075465106,1009.99536175708
b,ADRC,Sine,normal bandwidth,8,311.22,1263.10964525577,1010.62771239061
b,ADRC,Sine,normal bandwidth,8,311.48,1261.20359752374,1011.25161350914
b,ADRC,Sine,normal bandwidth,8,311.74,1259.2529370022,1011.86751320349
b,ADRC,Sine,normal bandwidth,8,312,1257.2579968581,1012.47536588705
b,ADRC,Sine,normal bandwidth,8,312.26,1255.21911782122,1013.07440958822
b,ADRC,Sine,normal bandwidth,8,312.52,1253.13664812597,1013.66551447869
b,ADRC,Sine,normal bandwidth,8,312.78,1251.01094345193,1014.24775585775
b,ADRC,Sine,normal bandwidth,8,313.04,1248.84236686306,1014.82155944016
b,ADRC,Sine,normal bandwidth,8,313.3,1246.63128874572,1015.38688326055
b,ADRC,Sine,normal bandwidth,8,313.56,1244.37808674542,1015.94301237877
b,ADRC,Sine,normal bandwidth,8,313.82,1242.08314570228,1016.49076706618
b,ADRC,Sine,normal bandwidth,8,314.08,1239.74685758534,1017.02928071214
b,ADRC,Sine,normal bandwidth,8,314.34,1237.36962142559,1017.55895517361
b,ADRC,Sine,normal bandwidth,8,314.6,1234.95184324781,1018.07975231903
b,ADRC,Sine,normal bandwidth,8,314.86,1232.49393600127,1018.59100686449
b,ADRC,Sine,normal bandwidth,8,315.12,1229.99631948912,1019.09348629309
b,ADRC,Sine,normal bandwidth,8,315.38,1227.45942029677,1019.58638524644
b,ADRC,Sine,normal bandwidth,8,315.64,1224.88367171896,1020.07008033929
b,ADRC,Sine,normal bandwidth,8,315.9,1222.26951368583,1020.54453746964
b,ADRC,Sine,normal bandwidth,8,316.16,1219.6173926877,1021.00914342841
b,ADRC,Sine,normal bandwidth,8,316.42,1216.92776169887,1021.46461023955
b,ADRC,Sine,normal bandwidth,8,316.68,1214.20108010023,1021.91019670492
b,ADRC,Sine,normal bandwidth,8,316.94,1211.43781360081,1022.34625291589
b,ADRC,Sine,normal bandwidth,8,317.2,1208.63843415821,1022.77274897817
b,ADRC,Sine,normal bandwidth,8,317.46,1205.80341989804,1023.18912595948
b,ADRC,Sine,normal bandwidth,8,317.72,1202.93325503222,1023.5960379823
b,ADRC,Sine,normal bandwidth,8,317.98,1200.02842977626,1023.99281065
b,ADRC,Sine,normal bandwidth,8,318.24,1197.08944026561,1024.37976635826
b,ADRC,Sine,normal bandwidth,8,318.5,1194.11678847083,1024.75687958018
b,ADRC,Sine,normal bandwidth,8,318.76,1191.11098211193,1025.1236476362
b,ADRC,Sine,normal bandwidth,8,319.02,1188.07253457158,1025.48066454416
b,ADRC,Sine,normal bandwidth,8,319.28,1185.00196480751,1025.82732507203
b,ADRC,Sine,normal bandwidth,8,319.54,1181.89979726379,1026.16392286141
b,ADRC,Sine,normal bandwidth,8,319.8,1178.76656178134,1026.49043689341
b,ADRC,Sine,normal bandwidth,8,320.06,1175.60279350734,1026.80642248249
b,ADRC,Sine,normal bandwidth,8,320.32,1172.40903280391,1027.11241158729
b,ADRC,Sine,normal bandwidth,8,320.58,1169.18582515579,1027.40787021523
b,ADRC,Sine,normal bandwidth,8,320.84,1165.93372107715,1027.69306231386
b,ADRC,Sine,normal bandwidth,8,321.1,1162.6532760176,1027.96797149328
b,ADRC,Sine,normal bandwidth,8,321.36,1159.34505026729,1028.23221256114
b,ADRC,Sine,normal bandwidth,8,321.62,1156.00960886124,1028.48625371941
b,ADRC,Sine,normal bandwidth,8,321.88,1152.64752148283,1028.72963399259
b,ADRC,Sine,normal bandwidth,8,322.14,1149.25936236647,1028.9625868167
b,ADRC,Sine,normal bandwidth,8,322.4,1145.84571019955,1029.18510053165
b,ADRC,Sine,normal bandwidth,8,322.66,1142.40714802362,1029.39685068889
b,ADRC,Sine,normal bandwidth,8,322.92,1138.94426313475,1029.59824030068
b,ADRC,Sine,normal bandwidth,8,323.18,1135.45764698327,1029.78888288127
b,ADRC,Sine,normal bandwidth,8,323.44,1131.94789507276,1029.9689806638
b,ADRC,Sine,normal bandwidth,8,323.7,1128.41560685829,1030.13852679816
b,ADRC,Sine,normal bandwidth,8,323.96,1124.86138564406,1030.29725857625
b,ADRC,Sine,normal bandwidth,8,324.22,1121.28583848039,1030.44551265822
b,ADRC,Sine,normal bandwidth,8,324.48,1117.68957605998,1030.58297820944
b,ADRC,Sine,normal bandwidth,8,324.74,1114.07321261365,1030.70982569792
b,ADRC,Sine,normal bandwidth,8,325,1110.4373658054,1030.82605314276
b,ADRC,Sine,normal bandwidth,8,325.26,1106.78265662696,1030.93146031464
b,ADRC,Sine,normal bandwidth,8,325.52,1103.10970929165,1031.0263166349
b,ADRC,Sine,normal bandwidth,8,325.78,1099.41915112785,1031.11038776508
b,ADRC,Sine,normal bandwidth,8,326.04,1095.7116124718,1031.18381197733
b,ADRC,Sine,normal bandwidth,8,326.3,1091.98772655997,1031.24659219801
b,ADRC,Sine,normal bandwidth,8,326.56,1088.24812942087,1031.29859115337
b,ADRC,Sine,normal bandwidth,8,326.82,1084.49345976646,1031.34001041885
b,ADRC,Sine,normal bandwidth,8,327.08,1080.72435888303,1031.3706926772
b,ADRC,Sine,normal bandwidth,8,327.34,1076.94147052169,1031.39074370735
b,ADRC,Sine,normal bandwidth,8,327.6,1073.1454407884,1031.40017135966
b,ADRC,Sine,normal bandwidth,8,327.86,1069.33691803364,1031.3989015291
b,ADRC,Sine,normal bandwidth,8,328.12,1065.51655274164,1031.38706762041
b,ADRC,Sine,normal bandwidth,8,328.38,1061.68499741931,1031.3645895402
b,ADRC,Sine,normal bandwidth,8,328.64,1057.8429064848,1031.33154041163
b,ADRC,Sine,normal bandwidth,8,328.9,1053.99093615568,1031.28793300436
b,ADRC,Sine,normal bandwidth,8,329.16,1050.12974433691,1031.23375633058
b,ADRC,Sine,normal bandwidth,8,329.42,1046.25999050846,1031.16907558337
b,ADRC,Sine,normal bandwidth,8,329.68,1042.38233561264,1031.09388777247
b,ADRC,Sine,normal bandwidth,8,329.94,1038.49744194126,1031.00823333824
b,ADRC,Sine,normal bandwidth,8,330.2,1034.60597302249,1030.91212994355
b,ADRC,Sine,normal bandwidth,8,330.46,1030.70859350752,1030.80562940192
b,ADRC,Sine,normal bandwidth,8,330.72,1026.80596905707,1030.68872893773
b,ADRC,Sine,normal bandwidth,8,330.98,1022.89876622765,1030.56150222034
b,ADRC,Sine,normal bandwidth,8,331.24,1018.98765235777,1030.42395711591
b,ADRC,Sine,normal bandwidth,8,331.5,1015.07329545393,1030.27611613317
b,ADRC,Sine,normal bandwidth,8,331.76,1011.15636407653,1030.11809330784
b,ADRC,Sine,normal bandwidth,8,332.02,1007.23752722566,1029.94981842175
b,ADRC,Sine,normal bandwidth,8,332.28,1003.31745422689,1029.77144103924
b,ADRC,Sine,normal bandwidth,8,332.54,999.396814616916,1029.58293669615
b,ADRC,Sine,normal bandwidth,8,332.8,995.47627802919,1029.38433267865
b,ADRC,Sine,normal bandwidth,8,333.06,991.55651407958,1029.17580440475
b,ADRC,Sine,normal bandwidth,8,333.32,987.638192251993,1028.95721502086
b,ADRC,Sine,normal bandwidth,8,333.58,983.721981784021,1028.72878890375
b,ADRC,Sine,normal bandwidth,8,333.84,979.808551552642,1028.49046963705
b,ADRC,Sine,normal bandwidth,8,334.1,975.898569959982,1028.2422891952
b,ADRC,Sine,normal bandwidth,8,334.36,971.992704819145,1027.9844832814
b,ADRC,Sine,normal bandwidth,8,334.62,968.091623240161,1027.71684949128
b,ADRC,Sine,normal bandwidth,8,334.88,964.195991516038,1027.43968561816
b,ADRC,Sine,normal bandwidth,8,335.14,960.30647500897,1027.15290380433
b,ADRC,Sine,normal bandwidth,8,335.4,956.423738036689,1026.85654060293
b,ADRC,Sine,normal bandwidth,8,335.66,952.548443758999,1026.55089065254
b,ADRC,Sine,normal bandwidth,8,335.92,948.681254064519,1026.2356873558
b,ADRC,Sine,normal bandwidth,8,336.18,944.822829457625,1025.91130021921
b,ADRC,Sine,normal bandwidth,8,336.44,940.973828945649,1025.5776105851
b,ADRC,Sine,normal bandwidth,8,336.7,937.134909926308,1025.23465945587
b,ADRC,Sine,normal bandwidth,8,336.96,933.306728075436,1024.88279880877
b,ADRC,Sine,normal bandwidth,8,337.22,929.489937234991,1024.52169947855
b,ADRC,Sine,normal bandwidth,8,337.48,925.685189301373,1024.15180068122
b,ADRC,Sine,normal bandwidth,8,337.74,921.8931341141,1023.77295372849
b,ADRC,Sine,normal bandwidth,8,338,918.114419344802,1023.38520392316
b,ADRC,Sine,normal bandwidth,8,338.26,914.349690386606,1022.98895874427
b,ADRC,Sine,normal bandwidth,8,338.52,910.599590243904,1022.58382834429
b,ADRC,Sine,normal bandwidth,8,338.78,906.864759422531,1022.17031935331
b,ADRC,Sine,normal bandwidth,8,339.04,903.145835820368,1021.74825394631
b,ADRC,Sine,normal bandwidth,8,339.3,899.443454618391,1021.31768155901
b,ADRC,Sine,normal bandwidth,8,339.56,895.758248172181,1020.87906310291
b,ADRC,Sine,normal bandwidth,8,339.82,892.090845903928,1020.4319501864
b,ADRC,Sine,normal bandwidth,8,340.08,888.441874194916,1019.97691427605
b,ADRC,Sine,normal bandwidth,8,340.34,884.811956278549,1019.51374942497
b,ADRC,Sine,normal bandwidth,8,340.6,881.201712133897,1019.04250901627
b,ADRC,Sine,normal bandwidth,8,340.86,877.611758379813,1018.56370510096
b,ADRC,Sine,normal bandwidth,8,341.12,874.042708169608,1018.07683312506
b,ADRC,Sine,normal bandwidth,8,341.38,870.495171086334,1017.5825265429
b,ADRC,Sine,normal bandwidth,8,341.64,866.969753038663,1017.08055241711
b,ADRC,Sine,normal bandwidth,8,341.9,863.467056157405,1016.5709678755
b,ADRC,Sine,normal bandwidth,8,342.16,859.987678692659,1016.05433360175
b,ADRC,Sine,normal bandwidth,8,342.42,856.532214911641,1015.53009149461
b,ADRC,Sine,normal bandwidth,8,342.68,853.101254997182,1014.99893388837
b,ADRC,Sine,normal bandwidth,8,342.94,849.695384946923,1014.46060209842
b,ADRC,Sine,normal bandwidth,8,343.2,846.315186473237,1013.91515677822
b,ADRC,Sine,normal bandwidth,8,343.46,842.96123690386,1013.36320453404
b,ADRC,Sine,normal bandwidth,8,343.72,839.634109083305,1012.80413655483
b,ADRC,Sine,normal bandwidth,8,343.98,836.334371275003,1012.23870070111
b,ADRC,Sine,normal bandwidth,8,344.24,833.062587064255,1011.66661389084
b,ADRC,Sine,normal bandwidth,8,344.5,829.819315261974,1011.08794006872
b,ADRC,Sine,normal bandwidth,8,344.76,826.605109809235,1010.50332886171
b,ADRC,Sine,normal bandwidth,8,345.02,823.420519682672,1009.91212379679
b,ADRC,Sine,normal bandwidth,8,345.28,820.266088800708,1009.31512467538
b,ADRC,Sine,normal bandwidth,8,345.54,817.142355930659,1008.71202546857
b,ADRC,Sine,normal bandwidth,8,345.8,814.049854596712,1008.10289316355
b,ADRC,Sine,normal bandwidth,8,346.06,810.9891129888,1007.48841732668
b,ADRC,Sine,normal bandwidth,8,346.32,807.960653872395,1006.86789706816
b,ADRC,Sine,normal bandwidth,8,346.58,804.964994499208,1006.24218032853
b,ADRC,Sine,normal bandwidth,8,346.84,802.002646518863,1005.61093967735
b,ADRC,Sine,normal bandwidth,8,347.1,799.074115891491,1004.97424488217
b,ADRC,Sine,normal bandwidth,8,347.36,796.179902801322,1004.33282220114
b,ADRC,Sine,normal bandwidth,8,347.62,793.320501571255,1003.68592975649
b,ADRC,Sine,normal bandwidth,8,347.88,790.496400578426,1003.03445962589
b,ADRC,Sine,normal bandwidth,8,348.14,787.7080821708,1002.37806461078
b,ADRC,Sine,normal bandwidth,8,348.4,784.956022584782,1001.71681698478
b,ADRC,Sine,normal bandwidth,8,348.66,782.240691863876,1001.0514762977
b,ADRC,Sine,normal bandwidth,8,348.92,779.562553778412,1000.38126328171
b,ADRC,Sine,normal bandwidth,8,349.18,776.922065746327,999.707109966299
b,ADRC,Sine,normal bandwidth,8,349.44,774.319678755039,999.028651099455
b,ADRC,Sine,normal bandwidth,8,349.7,771.755837284429,998.345961175564
b,ADRC,Sine,normal bandwidth,8,349.96,769.230979230914,997.659829497869
b,ADRC,Sine,normal bandwidth,8,350.22,766.745535832664,996.969443160201
b,ADRC,Sine,normal bandwidth,8,350.48,764.299931595939,996.275769793143
b,ADRC,Sine,normal bandwidth,8,350.74,761.894584222596,995.578427879783
b,ADRC,Sine,normal bandwidth,8,351,759.529904538737,994.877493840189
b,ADRC,Sine,normal bandwidth,8,351.26,757.206296424547,994.173783069816
b,ADRC,Sine,normal bandwidth,8,351.52,754.924156745307,993.466452913699
b,ADRC,Sine,normal bandwidth,8,351.78,752.683875283618,992.756502105848
b,ADRC,Sine,normal bandwidth,8,352.04,750.485834672822,992.043534719354
b,ADRC,Sine,normal bandwidth,8,352.3,748.330410331648,991.327628796346
b,ADRC,Sine,normal bandwidth,8,352.56,746.217970400098,990.609622055827
b,ADRC,Sine,normal bandwidth,8,352.82,744.148875676563,989.888646104924
b,ADRC,Sine,normal bandwidth,8,353.08,742.123479556204,989.165726155571
b,ADRC,Sine,normal bandwidth,8,353.34,740.142127970591,988.44045378424
b,ADRC,Sine,normal bandwidth,8,353.6,738.205159328624,987.712908344268
b,ADRC,Sine,normal bandwidth,8,353.86,736.312904458723,986.98394601813
b,ADRC,Sine,normal bandwidth,8,354.12,734.465686552335,986.252676790222
b,ADRC,Sine,normal bandwidth,8,354.38,732.663821108726,985.520147616769
b,ADRC,Sine,normal bandwidth,8,354.64,730.9076158811,984.78593954132
b,ADRC,Sine,normal bandwidth,8,354.9,729.197370824032,984.050132911676
b,ADRC,Sine,normal bandwidth,8,355.16,727.533378042239,983.313598438726
b,ADRC,Sine,normal bandwidth,8,355.42,725.915921740686,982.575428686112
b,ADRC,Sine,normal bandwidth,8,355.68,724.345278176051,981.836687532705
b,ADRC,Sine,normal bandwidth,8,355.94,722.821715609533,981.096947494832
b,ADRC,Sine,normal bandwidth,8,356.2,721.34549426104,980.356289593469
b,ADRC,Sine,normal bandwidth,8,356.46,719.916866264743,979.615595074625
b,ADRC,Sine,normal bandwidth,8,356.72,718.536075626011,978.873943352095
b,ADRC,Sine,normal bandwidth,8,356.98,717.203358179734,978.13241033827
b,ADRC,Sine,normal bandwidth,8,357.24,715.918941550048,977.390562061425
b,ADRC,Sine,normal bandwidth,8,357.5,714.683045111454,976.648479891262
b,ADRC,Sine,normal bandwidth,8,357.76,713.495879951349,975.907051574361
b,ADRC,Sine,normal bandwidth,8,358.02,712.357648833974,975.165347696367
b,ADRC,Sine,normal bandwidth,8,358.28,711.268546165785,974.424451267379
b,ADRC,Sine,normal bandwidth,8,358.54,710.228757962244,973.683923891598
b,ADRC,Sine,normal bandwidth,8,358.8,709.238461816051,972.943846961224
b,ADRC,Sine,normal bandwidth,8,359.06,708.297826866813,972.205110664791
b,ADRC,Sine,normal bandwidth,8,359.32,707.407013772152,971.466781113889
b,ADRC,Sine,normal bandwidth,8,359.58,706.566174680267,970.729943454842
b,ADRC,Sine,normal bandwidth,8,359.84,705.775453203949,969.994156947787
b,ADRC,Sine,normal bandwidth,8,360.1,705.03498439605,969.259502680819
b,ADRC,Sine,normal bandwidth,8,360.36,704.344894726417,968.526869219008
b,ADRC,Sine,normal bandwidth,8,360.62,703.705302060291,967.795322567874
b,ADRC,Sine,normal bandwidth,8,360.88,703.116315638179,967.065945043922
b,ADRC,Sine,normal bandwidth,8,361.14,702.57803605719,966.338295650435
b,ADRC,Sine,normal bandwidth,8,361.4,702.09055525386,965.61245484581
b,ADRC,Sine,normal bandwidth,8,361.66,701.653956488445,964.889305516748
b,ADRC,Sine,normal bandwidth,8,361.92,701.268314330703,964.167917925996
b,ADRC,Sine,normal bandwidth,8,362.18,700.933694647154,963.449366610771
b,ADRC,Sine,normal bandwidth,8,362.44,700.650154589836,962.733212403042
b,ADRC,Sine,normal bandwidth,8,362.7,700.417742586537,962.019534808325
b,ADRC,Sine,normal bandwidth,8,362.96,700.23649833253,961.309207007806
b,ADRC,Sine,normal bandwidth,8,363.22,700.106452783789,960.601307861521
b,ADRC,Sine,normal bandwidth,8,363.48,700.027628151702,959.896899215576
b,ADRC,Sine,normal bandwidth,8,363.74,700.00003789928,959.195545805613
b,ADRC,Sine,normal bandwidth,8,364,700.023686738855,958.497325864889
b,ADRC,Sine,normal bandwidth,8,364.26,700.098570631277,957.803098886837
b,ADRC,Sine,normal bandwidth,8,364.52,700.2246767866,957.111956627147
b,ADRC,Sine,normal bandwidth,8,364.78,700.401983666274,956.424943387531
b,ADRC,Sine,normal bandwidth,8,365.04,700.630460986816,955.741629862943
b,ADRC,Sine,normal bandwidth,8,365.3,700.910069724986,955.06209270016
b,ADRC,Sine,normal bandwidth,8,365.56,701.240762124452,954.387173784482
b,ADRC,Sine,normal bandwidth,8,365.82,701.622481703946,953.715982005636
b,ADRC,Sine,normal bandwidth,8,366.08,702.055163266911,953.049539346872
b,ADRC,Sine,normal bandwidth,8,366.34,702.538732912635,952.387424489989
b,ADRC,Sine,normal bandwidth,8,366.6,703.073108048878,951.729712187566
b,ADRC,Sine,normal bandwidth,8,366.86,703.65819740597,951.077222874946
b,ADRC,Sine,normal bandwidth,8,367.12,704.29390105241,950.429086736271
b,ADRC,Sine,normal bandwidth,8,367.38,704.980110411923,949.786298761784
b,ADRC,Sine,normal bandwidth,8,367.64,705.716708282014,949.148447610949
b,ADRC,Sine,normal bandwidth,8,367.9,706.503568853979,948.515605842257
b,ADRC,Sine,normal bandwidth,8,368.16,707.340557734398,947.888568694154
b,ADRC,Sine,normal bandwidth,8,368.42,708.227531968085,947.266491709894
b,ADRC,Sine,normal bandwidth,8,368.68,709.164340062507,946.650338331583
b,ADRC,Sine,normal bandwidth,8,368.94,710.150822013656,946.039709141991
b,ADRC,Sine,normal bandwidth,8,369.2,711.18680933338,945.434674214733
b,ADRC,Sine,normal bandwidth,8,369.46,712.272125078156,944.835999955283
b,ADRC,Sine,normal bandwidth,8,369.72,713.406583879319,944.242871217707
b,ADRC,Sine,normal bandwidth,8,369.98,714.589991974713,943.65621547966
b,ADRC,Sine,normal bandwidth,8,370.24,715.822147241793,943.075647139406
b,ADRC,Sine,normal bandwidth,8,370.5,717.10283923214,942.501233505255
b,ADRC,Sine,normal bandwidth,8,370.76,718.431849207413,941.933708639948
b,ADRC,Sine,normal bandwidth,8,371.02,719.808950176701,941.372290530283
b,ADRC,Sine,normal bandwidth,8,371.28,721.233906935297,940.817866430753
b,ADRC,Sine,normal bandwidth,8,371.54,722.706476104868,940.270066385813
b,ADRC,Sine,normal bandwidth,8,371.8,724.226406175025,939.72895466959
b,ADRC,Sine,normal bandwidth,8,372.06,725.793437546281,939.195229633593
b,ADRC,Sine,normal bandwidth,8,372.32,727.407302574386,938.668146073245
b,ADRC,Sine,normal bandwidth,8,372.58,729.067725616043,938.14854693688
b,ADRC,Sine,normal bandwidth,8,372.84,730.774423075987,937.636079676578
b,ADRC,Sine,normal bandwidth,8,373.1,732.527103455419,937.130805276099
b,ADRC,Sine,normal bandwidth,8,373.36,734.325467401798,936.633383162828
b,ADRC,Sine,normal bandwidth,8,373.62,736.169207759967,936.143108455028
b,ADRC,Sine,normal bandwidth,8,373.88,738.058009624612,935.660775904997
b,ADRC,Sine,normal bandwidth,8,374.14,739.991550394052,935.1860520571
b,ADRC,Sine,normal bandwidth,8,374.4,741.969499825333,934.718994362358
b,ADRC,Sine,normal bandwidth,8,374.66,743.991520090637,934.2602202804
b,ADRC,Sine,normal bandwidth,8,374.92,746.057265834978,933.809068589953
b,ADRC,Sine,normal bandwidth,8,375.18,748.166384235192,933.366282167034
b,ADRC,Sine,normal bandwidth,8,375.44,750.318515060193,932.931548249051
b,ADRC,Sine,normal bandwidth,8,375.7,752.513290732503,932.50492052675
b,ADRC,Sine,normal bandwidth,8,375.96,754.750336391035,932.08697163059
b,ADRC,Sine,normal bandwidth,8,376.22,757.029269955111,931.677087146589
b,ADRC,Sine,normal bandwidth,8,376.48,759.349702189728,931.275954619557
b,ADRC,Sine,normal bandwidth,8,376.74,761.711236772032,930.883283489985
b,ADRC,Sine,normal bandwidth,8,377,764.113470359014,930.499123476611
b,ADRC,Sine,normal bandwidth,8,377.26,766.555992656397,930.12399971371
b,ADRC,Sine,normal bandwidth,8,377.52,769.03838648871,929.757347537258
b,ADRC,Sine,normal bandwidth,8,377.78,771.56022787055,929.399795945929
b,ADRC,Sine,normal bandwidth,8,378.04,774.121086078986,929.051077996206
b,ADRC,Sine,normal bandwidth,8,378.3,776.720523727129,928.711239239812
b,ADRC,Sine,normal bandwidth,8,378.56,779.358096838843,928.380754853554
b,ADRC,Sine,normal bandwidth,8,378.82,782.033354924566,928.059112649367
b,ADRC,Sine,normal bandwidth,8,379.08,784.745841058257,927.746880118533
b,ADRC,Sine,normal bandwidth,8,379.34,787.495091955434,927.44381524331
b,ADRC,Sine,normal bandwidth,8,379.6,790.280638052307,927.149959230959
b,ADRC,Sine,normal bandwidth,8,379.86,793.102003585974,926.865735055724
b,ADRC,Sine,normal bandwidth,8,380.12,795.958706675679,926.590685503269
b,ADRC,Sine,normal bandwidth,8,380.38,798.850259405118,926.325313862488
b,ADRC,Sine,normal bandwidth,8,380.64,801.776167905777,926.06940424251
b,ADRC,Sine,normal bandwidth,8,380.9,804.735932441275,925.822993346991
b,ADRC,Sine,normal bandwidth,8,381.16,807.729047492724,925.58644992828
b,ADRC,Sine,normal bandwidth,8,381.42,810.755001845068,925.359374004679
b,ADRC,Sine,normal bandwidth,8,381.68,813.813278674397,925.142202245418
b,ADRC,Sine,normal bandwidth,8,381.94,816.903355636219,924.934745973802
b,ADRC,Sine,normal bandwidth,8,382.2,820.024704954673,924.737037249757
b,ADRC,Sine,normal bandwidth,8,382.46,823.176793512679,924.549388818703
b,ADRC,Sine,normal bandwidth,8,382.72,826.35908294298,924.371459942072
b,ADRC,Sine,normal bandwidth,8,382.98,829.571029720107,924.203618540134
b,ADRC,Sine,normal bandwidth,8,383.24,832.812085253202,924.045704119294
b,ADRC,Sine,normal bandwidth,8,383.5,836.081695979719,923.897743975198
b,ADRC,Sine,normal bandwidth,8,383.76,839.379303459972,923.759993303228
b,ADRC,Sine,normal bandwidth,8,384.02,842.704344472512,923.63217236147
b,ADRC,Sine,normal bandwidth,8,384.28,846.056251110328,923.514578488967
b,ADRC,Sine,normal bandwidth,8,384.54,849.434450877838,923.407080221637
b,ADRC,Sine,normal bandwidth,8,384.8,852.838366788673,923.309699990425
b,ADRC,Sine,normal bandwidth,8,385.06,856.267417464226,923.222634146016
b,ADRC,Sine,normal bandwidth,8,385.32,859.721017232945,923.145665432283
b,ADRC,Sine,normal bandwidth,8,385.58,863.198576230368,923.079019079573
b,ADRC,Sine,normal bandwidth,8,385.84,866.699500499869,923.022593373648
b,ADRC,Sine,normal bandwidth,8,386.1,870.223192094103,922.976405800884
b,ADRC,Sine,normal bandwidth,8,386.36,873.769049177136,922.940592826537
b,ADRC,Sine,normal bandwidth,8,386.62,877.336466127232,922.915000898724
b,ADRC,Sine,normal bandwidth,8,386.88,880.924833640298,922.899781922888
b,ADRC,Sine,normal bandwidth,8,387.14,884.533538833946,922.894864525849
b,ADRC,Sine,normal bandwidth,8,387.4,888.161965352172,922.900261190421
b,ADRC,Sine,normal bandwidth,8,387.66,891.809493470631,922.916047714064
b,ADRC,Sine,normal bandwidth,8,387.92,895.475500202483,922.942135191743
b,ADRC,Sine,normal bandwidth,8,388.18,899.159359404793,922.978601304215
b,ADRC,Sine,normal bandwidth,8,388.44,902.860441885482,923.025405478932
b,ADRC,Sine,normal bandwidth,8,388.7,906.578115510781,923.082555157321
b,ADRC,Sine,normal bandwidth,8,388.96,910.31174531321,923.150064948309
b,ADRC,Sine,normal bandwidth,8,389.22,914.060693600017,923.227911256515
b,ADRC,Sine,normal bandwidth,8,389.48,917.824320062101,923.316096958433
b,ADRC,Sine,normal bandwidth,8,389.74,921.601981883372,923.414612608172
b,ADRC,Sine,normal bandwidth,8,390,925.393033850544,923.523460589248
b,ADRC,Sine,normal bandwidth,8,390.26,929.196828463331,923.642594065157
b,ADRC,Sine,normal bandwidth,8,390.52,933.012716045048,923.7720551304
b,ADRC,Sine,normal bandwidth,8,390.78,936.840044853561,923.911771600258
b,ADRC,Sine,normal bandwidth,8,391.04,940.678161192611,924.061765346607
b,ADRC,Sine,normal bandwidth,8,391.3,944.52640952346,924.222033699906
b,ADRC,Sine,normal bandwidth,8,391.56,948.384132576859,924.392468386233
b,ADRC,Sine,normal bandwidth,8,391.82,952.250671465304,924.573177286022
b,ADRC,Sine,normal bandwidth,8,392.08,956.12536579557,924.764013220094
b,ADRC,Sine,normal bandwidth,8,392.34,960.007553781513,924.965029433488
b,ADRC,Sine,normal bandwidth,8,392.6,963.896572357086,925.176218229835
b,ADRC,Sine,normal bandwidth,8,392.86,967.791757289608,925.397410170619
b,ADRC,Sine,normal bandwidth,8,393.12,971.692443293193,925.628778733754
b,ADRC,Sine,normal bandwidth,8,393.38,975.5979641424,925.870102135715
b,ADRC,Sine,normal bandwidth,8,393.64,979.507652786,926.121464914177
b,ADRC,Sine,normal bandwidth,8,393.9,983.420841460921,926.382854393428
b,ADRC,Sine,normal bandwidth,8,394.16,987.3368618063,926.654040506815
b,ADRC,Sine,normal bandwidth,8,394.42,991.255044977628,926.935261857619
b,ADRC,Sine,normal bandwidth,8,394.68,995.174721760995,927.226222769718
b,ADRC,Sine,normal bandwidth,8,394.94,999.095222687384,927.527038857363
b,ADRC,Sine,normal bandwidth,8,395.2,1003.01587814702,927.83769253404
b,ADRC,Sine,normal bandwidth,8,395.46,1006.93601850373,928.157893902719
b,ADRC,Sine,normal bandwidth,8,395.72,1010.85497420932,928.487945938328
b,ADRC,Sine,normal bandwidth,8,395.98,1014.77207591794,928.827480102487
b,ADRC,Sine,normal bandwidth,8,396.24,1018.68665460039,929.176642735351
b,ADRC,Sine,normal bandwidth,8,396.5,1022.59804165838,929.535411428912
b,ADRC,Sine,normal bandwidth,8,396.76,1026.50556903877,929.903437511387
b,ADRC,Sine,normal bandwidth,8,397.02,1030.40856934761,930.28108729731
b,ADRC,Sine,normal bandwidth,8,397.28,1034.3063759642,930.667920730496
b,ADRC,Sine,normal bandwidth,8,397.54,1038.19832315486,931.064114393264
b,ADRC,Sine,normal bandwidth,8,397.8,1042.08374618672,931.469641165812
b,ADRC,Sine,normal bandwidth,8,398.06,1045.96198144119,931.88409491055
b,ADRC,Sine,normal bandwidth,8,398.32,1049.83236652736,932.307903975696
b,ADRC,Sine,normal bandwidth,8,398.58,1053.69424039507,932.740558440062
b,ADRC,Sine,normal bandwidth,8,398.84,1057.54694344789,933.182264513415
b,ADRC,Sine,normal bandwidth,8,399.1,1061.38981765569,933.632990493774
b,ADRC,Sine,normal bandwidth,8,399.36,1065.22220666712,934.092274334397
b,ADRC,Sine,normal bandwidth,8,399.62,1069.04345592165,934.560604843001
b,ADRC,Sine,normal bandwidth,8,399.88,1072.85291276139,935.037404187462
b,ADRC,Sine,normal bandwidth,8,400.14,1076.64992654257,935.522907461925
b,ADRC,Sine,normal bandwidth,8,400.4,1080.43384874663,936.017078531232
b,ADRC,Sine,normal bandwidth,8,400.66,1084.20403309103,936.519401237165
b,ADRC,Sine,normal bandwidth,8,400.92,1087.95983563963,937.030423011271
b,ADRC,Sine,normal bandwidth,8,401.18,1091.70061491263,937.549500357413
b,ADRC,Sine,normal bandwidth,8,401.44,1095.42573199617,938.076896385929
b,ADRC,Sine,normal bandwidth,8,401.7,1099.13455065144,938.612570696204
b,ADRC,Sine,normal bandwidth,8,401.96,1102.82643742338,939.155955049552
b,ADRC,Sine,normal bandwidth,8,402.22,1106.50076174881,939.707653412068
b,ADRC,Sine,normal bandwidth,8,402.48,1110.15689606417,940.266959153778
b,ADRC,Sine,normal bandwidth,8,402.74,1113.79421591273,940.834162411597
b,ADRC,Sine,normal bandwidth,8,403,1117.41210005116,941.409218705216
b,ADRC,Sine,normal bandwidth,8,403.26,1121.00993055574,941.991509971109
b,ADRC,Sine,normal bandwidth,8,403.52,1124.58709292783,942.581694375987
b,ADRC,Sine,normal bandwidth,8,403.78,1128.14297619885,943.179004958606
b,ADRC,Sine,normal bandwidth,8,404.04,1131.67697303461,943.7837577757
b,ADRC,Sine,normal bandwidth,8,404.3,1135.18847983908,944.395904470259
b,ADRC,Sine,normal bandwidth,8,404.56,1138.67689685745,945.014779624493
b,ADRC,Sine,normal bandwidth,8,404.82,1142.14162827857,945.641093037177
b,ADRC,Sine,normal bandwidth,8,405.08,1145.58208233674,946.274020478754
b,ADRC,Sine,normal bandwidth,8,405.34,1148.99767141273,946.91390270661
b,ADRC,Sine,normal bandwidth,8,405.6,1152.38781213419,947.560687706391
b,ADRC,Sine,normal bandwidth,8,405.86,1155.75192547528,948.213665381025
b,ADRC,Sine,normal bandwidth,8,406.12,1159.08943685556,948.873594369143
b,ADRC,Sine,normal bandwidth,8,406.38,1162.39977623809,949.539596483138
b,ADRC,Sine,normal bandwidth,8,406.64,1165.68237822688,950.212035854681
b,ADRC,Sine,normal bandwidth,8,406.9,1168.93668216335,950.890857046884
b,ADRC,Sine,normal bandwidth,8,407.16,1172.16213222218,951.575308151295
b,ADRC,Sine,normal bandwidth,8,407.42,1175.35817750619,952.266193642541
b,ADRC,Sine,normal bandwidth,8,407.68,1178.52427214045,952.962584918326
b,ADRC,Sine,normal bandwidth,8,407.94,1181.65987536552,953.664868056767
b,ADRC,Sine,normal bandwidth,8,408.2,1184.76445162978,954.372984447665
b,ADRC,Sine,normal bandwidth,8,408.46,1187.83747068093,955.08614341977
b,ADRC,Sine,normal bandwidth,8,408.72,1190.87840765656,955.805192081039
b,ADRC,Sine,normal bandwidth,8,408.98,1193.88674317378,956.529155175808
b,ADRC,Sine,normal bandwidth,8,409.24,1196.86196341791,957.258439205401
b,ADRC,Sine,normal bandwidth,8,409.5,1199.80356023027,957.992982648929
b,ADRC,Sine,normal bandwidth,8,409.76,1202.71103119498,958.731959288539
b,ADRC,Sine,normal bandwidth,8,410.02,1205.58387972473,959.476255477758
b,ADRC,Sine,normal bandwidth,8,410.28,1208.42161514562,960.22485327074
b,ADRC,Sine,normal bandwidth,8,410.54,1211.22375278098,960.978177979933
b,ADRC,Sine,normal bandwidth,8,410.8,1213.9898140341,961.736165448625
b,ADRC,Sine,normal bandwidth,8,411.06,1216.71932647005,962.497957282424
b,ADRC,Sine,normal bandwidth,8,411.32,1219.4118238963,963.264475522082
b,ADRC,Sine,normal bandwidth,8,411.58,1222.06684644239,964.034663679664
b,ADRC,Sine,normal bandwidth,8,411.84,1224.68394063843,964.808964184703
b,ADRC,Sine,normal bandwidth,8,412.1,1227.26265949261,965.587310530617
b,ADRC,Sine,normal bandwidth,8,412.36,1229.8025625675,966.368815655999
b,ADRC,Sine,normal bandwidth,8,412.62,1232.30321605528,967.154433575114
b,ADRC,Sine,normal bandwidth,8,412.88,1234.76419285185,967.9430735732
b,ADRC,Sine,normal bandwidth,8,413.14,1237.18507262978,968.735193428142
b,ADRC,Sine,normal bandwidth,8,413.4,1239.56544191006,969.530724579312
b,ADRC,Sine,normal bandwidth,8,413.66,1241.90489413278,970.328754932244
b,ADRC,Sine,normal bandwidth,8,413.92,1244.20302972653,971.130266621551
b,ADRC,Sine,normal bandwidth,8,414.18,1246.45945617666,971.934139169612
b,ADRC,Sine,normal bandwidth,8,414.44,1248.67378809231,972.740843866803
b,ADRC,Sine,normal bandwidth,8,414.7,1250.84564727225,973.550310402881
b,ADRC,Sine,normal bandwidth,8,414.96,1252.97466276944,974.361605393184
b,ADRC,Sine,normal bandwidth,8,415.22,1255.06047095445,975.175735116526
b,ADRC,Sine,normal bandwidth,8,415.48,1257.1027155775,975.99155392602
b,ADRC,Sine,normal bandwidth,8,415.74,1259.10104782935,976.809544729407
b,ADRC,Sine,normal bandwidth,8,416,1261.05512640086,977.629635778562
b,ADRC,Sine,normal bandwidth,8,416.26,1262.96461754127,978.4508762344
b,ADRC,Sine,normal bandwidth,8,416.52,1264.82919511524,979.274292437814
b,ADRC,Sine,normal bandwidth,8,416.78,1266.64854065853,980.098718276226
b,ADRC,Sine,normal bandwidth,8,417.04,1268.42234343237,980.924646328456
b,ADRC,Sine,normal bandwidth,8,417.3,1270.15030047659,981.752003726223
b,ADRC,Sine,normal bandwidth,8,417.56,1271.83211666133,982.579826088278
b,ADRC,Sine,normal bandwidth,8,417.82,1273.46750473741,983.409155646977
b,ADRC,Sine,normal bandwidth,8,418.08,1275.05618538549,984.238810617493
b,ADRC,Sine,normal bandwidth,8,418.34,1276.59788726367,985.069291260611
b,ADRC,Sine,normal bandwidth,8,418.6,1278.09234705391,985.900523910237
b,ADRC,Sine,normal bandwidth,8,418.86,1279.53930950697,986.731534615003
b,ADRC,Sine,normal bandwidth,8,419.12,1280.93852748601,987.563377257446
b,ADRC,Sine,normal bandwidth,8,419.38,1282.2897620088,988.394859243304
b,ADRC,Sine,normal bandwidth,8,419.64,1283.59278228856,989.226486491897
b,ADRC,Sine,normal bandwidth,8,419.9,1284.84736577332,990.058184864917
b,ADRC,Sine,normal bandwidth,8,420.16,1286.053298184,990.888974855715
b,ADRC,Sine,normal bandwidth,8,420.42,1287.21037355097,991.719917703201
b,ADRC,Sine,normal bandwidth,8,420.68,1288.31839424923,992.549814915081
b,ADRC,Sine,normal bandwidth,8,420.94,1289.37717103218,993.379176020117
b,ADRC,Sine,normal bandwidth,8,421.2,1290.38652306393,994.207926735256
b,ADRC,Sine,normal bandwidth,8,421.46,1291.34627795018,995.035086039026
b,ADRC,Sine,normal bandwidth,8,421.72,1292.25627176768,995.861718198759
b,ADRC,Sine,normal bandwidth,8,421.98,1293.11634909222,996.686623763111
b,ADRC,Sine,normal bandwidth,8,422.24,1293.92636302517,997.510313804305
b,ADRC,Sine,normal bandwidth,8,422.5,1294.68617521861,998.332714222478
b,ADRC,Sine,normal bandwidth,8,422.76,1295.39565589887,999.152846530155
b,ADRC,Sine,normal bandwidth,8,423.02,1296.0546838888,999.971773679488
b,ADRC,Sine,normal bandwidth,8,423.28,1296.6631466284,1000.78830020554
b,ADRC,Sine,normal bandwidth,8,423.54,1297.22094019406,1001.60293664996
b,ADRC,Sine,normal bandwidth,8,423.8,1297.72796931631,1002.41560942309
b,ADRC,Sine,normal bandwidth,8,424.06,1298.1841473961,1003.22534661131
b,ADRC,Sine,normal bandwidth,8,424.32,1298.58939651959,1004.03320551092
b,ADRC,Sine,normal bandwidth,8,424.58,1298.94364747144,1004.8379995742
b,ADRC,Sine,normal bandwidth,8,424.84,1299.24683974666,1005.640236739
b,ADRC,Sine,normal bandwidth,8,425.1,1299.49892156092,1006.43984425052
b,ADRC,Sine,normal bandwidth,8,425.36,1299.69984985941,1007.23586078268
b,ADRC,Sine,normal bandwidth,8,425.62,1299.84959032416,1008.02933365677
b,ADRC,Sine,normal bandwidth,8,425.88,1299.94811737996,1008.81909013728
b,ADRC,Sine,normal bandwidth,8,426.14,1299.99541419869,1009.60563349475
b,ADRC,Sine,normal bandwidth,8,426.4,1299.99147270219,1010.38889213025
b,ADRC,Sine,normal bandwidth,8,426.66,1299.93629356366,1011.16791927549
b,ADRC,Sine,normal bandwidth,8,426.92,1299.82988620753,1011.94374799752
b,ADRC,Sine,normal bandwidth,8,427.18,1299.67226880785,1012.71522421145
b,ADRC,Sine,normal bandwidth,8,427.44,1299.4634682852,1013.48284447548
b,ADRC,Sine,normal bandwidth,8,427.7,1299.20352030209,1014.24653866245
b,ADRC,Sine,normal bandwidth,8,427.96,1298.89246925684,1015.00537847177
b,ADRC,Sine,normal bandwidth,8,428.22,1298.53036827605,1015.76037849535
b,ADRC,Sine,normal bandwidth,8,428.48,1298.11727920547,1016.51040805993
b,ADRC,Sine,normal bandwidth,8,428.74,1297.65327259947,1017.25595499359
b,ADRC,Sine,normal bandwidth,8,429,1297.138427709,1017.99695095042
b,ADRC,Sine,normal bandwidth,8,429.26,1296.57283246799,1018.73248993044
b,ADRC,Sine,normal bandwidth,8,429.52,1295.95658347844,1019.46356390579
b,ADRC,Sine,normal bandwidth,8,429.78,1295.28978599381,1020.18907027811
b,ADRC,Sine,normal bandwidth,8,430.04,1294.5725539011,1020.90948616354
b,ADRC,Sine,normal bandwidth,8,430.3,1293.80500970141,1021.62474529916
b,ADRC,Sine,normal bandwidth,8,430.56,1292.98728448897,1022.333967725
b,ADRC,Sine,normal bandwidth,8,430.82,1292.1195179288,1023.03811874285
b,ADRC,Sine,normal bandwidth,8,431.08,1291.20185823281,1023.73612837496
b,ADRC,Sine,normal bandwidth,8,431.34,1290.23446213453,1024.42846108801
b,ADRC,Sine,normal bandwidth,8,431.6,1289.2174948623,1025.1150529948
b,ADRC,Sine,normal bandwidth,8,431.86,1288.15113011108,1025.79505380535
b,ADRC,Sine,normal bandwidth,8,432.12,1287.03555001275,1026.46939821192
b,ADRC,Sine,normal bandwidth,8,432.38,1285.87094510505,1027.13705326592
b,ADRC,Sine,normal bandwidth,8,432.64,1284.657514299,1027.79846889978
b,ADRC,Sine,normal bandwidth,8,432.9,1283.39546484494,1028.45358388444
b,ADRC,Sine,normal bandwidth,8,433.16,1282.0850122971,1029.10158110495
b,ADRC,Sine,normal bandwidth,8,433.42,1280.72638047686,1029.74336083309
b,ADRC,Sine,normal bandwidth,8,433.68,1279.31980143445,1030.37793140207
b,ADRC,Sine,normal bandwidth,8,433.94,1277.86551540934,1031.00572638595
b,ADRC,Sine,normal bandwidth,8,434.2,1276.3637707892,1031.62668748481
b,ADRC,Sine,normal bandwidth,8,434.46,1274.81482406752,1032.24003412383
b,ADRC,Sine,normal bandwidth,8,434.72,1273.21893979973,1032.84662848783
b,ADRC,Sine,normal bandwidth,8,434.98,1271.57639055807,1033.44552427039
b,ADRC,Sine,normal bandwidth,8,435.24,1269.88745688503,1034.03713693164
b,ADRC,Sine,normal bandwidth,8,435.5,1268.15242724538,1034.6214113591
b,ADRC,Sine,normal bandwidth,8,435.76,1266.37159797698,1035.19760672889
b,ADRC,Sine,normal bandwidth,8,436.02,1264.54527324013,1035.7665436326
b,ADRC,Sine,normal bandwidth,8,436.28,1262.67376496559,1036.32732501122
b,ADRC,Sine,normal bandwidth,8,436.54,1260.75739280135,1036.88034653136
b,ADRC,Sine,normal bandwidth,8,436.8,1258.79648405803,1037.42555651263
b,ADRC,Sine,normal bandwidth,8,437.06,1256.79137365293,1037.96225692483
b,ADRC,Sine,normal bandwidth,8,437.32,1254.74240405291,1038.49122343524
b,ADRC,Sine,normal bandwidth,8,437.58,1252.64992521579,1039.01161191109
b,ADRC,Sine,normal bandwidth,8,437.84,1250.51429453069,1039.52379662922
b,ADRC,Sine,normal bandwidth,8,438.1,1248.3358767569,1040.02772957111
b,ADRC,Sine,normal bandwidth,8,438.36,1246.11504396163,1040.52275836192
b,ADRC,Sine,normal bandwidth,8,438.62,1243.85217545646,1041.00961060304
b,ADRC,Sine,normal bandwidth,8,438.88,1241.54765773252,1041.4874985429
b,ADRC,Sine,normal bandwidth,8,439.14,1239.20188439451,1041.95677356227
b,ADRC,Sine,normal bandwidth,8,439.4,1236.81525609348,1042.4173915186
b,ADRC,Sine,normal bandwidth,8,439.66,1234.38818045835,1042.86874836081
b,ADRC,Sine,normal bandwidth,8,439.92,1231.92107202637,1043.31152068566
b,ADRC,Sine,normal bandwidth,8,440.18,1229.41435217223,1043.74498033907
b,ADRC,Sine,normal bandwidth,8,440.44,1226.86844903615,1044.16945439602
b,ADRC,Sine,normal bandwidth,8,440.7,1224.28379745073,1044.58490278731
b,ADRC,Sine,normal bandwidth,8,440.96,1221.66083886671,1044.9907722493
b,ADRC,Sine,normal bandwidth,8,441.22,1219.00002127752,1045.38768565087
b,ADRC,Sine,normal bandwidth,8,441.48,1216.30179914282,1045.77497739932
b,ADRC,Sine,normal bandwidth,8,441.74,1213.56663331083,1046.15294895657
b,ADRC,Sine,normal bandwidth,8,442,1210.79499093966,1046.5215645067
b,ADRC,Sine,normal bandwidth,8,442.26,1207.98734541749,1046.88032382198
b,ADRC,Sine,normal bandwidth,8,442.52,1205.14417628175,1047.22979354723
b,ADRC,Sine,normal bandwidth,8,442.78,1202.26596913718,1047.56937334991
b,ADRC,Sine,normal bandwidth,8,443.04,1199.35321557292,1047.89933787981
b,ADRC,Sine,normal bandwidth,8,443.3,1196.40641307851,1048.2196557359
b,ADRC,Sine,normal bandwidth,8,443.56,1193.42606495896,1048.52988174994
b,ADRC,Sine,normal bandwidth,8,443.82,1190.41268024879,1048.83052408438
b,ADRC,Sine,normal bandwidth,8,444.08,1187.36677362504,1049.12105008893
b,ADRC,Sine,normal bandwidth,8,444.34,1184.2888653194,1049.40170651545
b,ADRC,Sine,normal bandwidth,8,444.6,1181.17948102938,1049.67246652046
b,ADRC,Sine,normal bandwidth,8,444.86,1178.03915182846,1049.93294178527
b,ADRC,Sine,normal bandwidth,8,445.12,1174.86841407544,1050.18357997909
b,ADRC,Sine,normal bandwidth,8,445.38,1171.66780932279,1050.42391826901
b,ADRC,Sine,normal bandwidth,8,445.64,1168.43788422418,1050.65417454106
b,ADRC,Sine,normal bandwidth,8,445.9,1165.17919044112,1050.87432663237
b,ADRC,Sine,normal bandwidth,8,446.16,1161.89228454871,1051.08404462274
b,ADRC,Sine,normal bandwidth,8,446.42,1158.57772794061,1051.28371393333
b,ADRC,Sine,normal bandwidth,8,446.68,1155.23608673311,1051.47294338757
b,ADRC,Sine,normal bandwidth,8,446.94,1151.8679316685,1051.65192115981
b,ADRC,Sine,normal bandwidth,8,447.2,1148.47383801754,1051.82062987082
b,ADRC,Sine,normal bandwidth,8,447.46,1145.05438548123,1051.97879929994
b,ADRC,Sine,normal bandwidth,8,447.72,1141.61015809178,1052.12675112912
b,ADRC,Sine,normal bandwidth,8,447.98,1138.14174411288,1052.26416737308
b,ADRC,Sine,normal bandwidth,8,448.24,1134.64973593921,1052.39120577433
b,ADRC,Sine,normal bandwidth,8,448.5,1131.13472999528,1052.50785381975
b,ADRC,Sine,normal bandwidth,8,448.76,1127.59732663354,1052.6139020359
b,ADRC,Sine,normal bandwidth,8,449.02,1124.03813003186,1052.70960714436
b,ADRC,Sine,normal bandwidth,8,449.28,1120.45774809031,1052.79472557546
b,ADRC,Sine,normal bandwidth,8,449.54,1116.85679232737,1052.86938404852
b,ADRC,Sine,normal bandwidth,8,449.8,1113.23587777548,1052.93357497808
b,ADRC,Sine,normal bandwidth,8,450.06,1109.59562287594,1052.9871504278
b,ADRC,Sine,normal bandwidth,8,450.32,1105.93664937336,1053.03030121289
b,ADRC,Sine,normal bandwidth,8,450.58,1102.25958220942,1053.06285908781
b,ADRC,Sine,normal bandwidth,8,450.84,1098.56504941614,1053.08491928861
b,ADRC,Sine,normal bandwidth,8,451.1,1094.85368200861,1053.09647919798
b,ADRC,Sine,normal bandwidth,8,451.36,1091.12611387725,1053.09745294519
b,ADRC,Sine,normal bandwidth,8,451.62,1087.38298167947,1053.08796477247
b,ADRC,Sine,normal bandwidth,8,451.88,1083.62492473102,1053.06792234713
b,ADRC,Sine,normal bandwidth,8,452.14,1079.85258489673,1053.03738909521
b,ADRC,Sine,normal bandwidth,8,452.4,1076.0666064809,1052.99636738663
b,ADRC,Sine,normal bandwidth,8,452.66,1072.26763611727,1052.94483368135
b,ADRC,Sine,normal bandwidth,8,452.92,1068.45632265857,1052.8828452641
b,ADRC,Sine,normal bandwidth,8,453.18,1064.63331706567,1052.81038598151
b,ADRC,Sine,normal bandwidth,8,453.44,1060.79927229645,1052.72748725757
b,ADRC,Sine,normal bandwidth,8,453.7,1056.95484319423,1052.63415644716
b,ADRC,Sine,normal bandwidth,8,453.96,1053.10068637594,1052.53043234123
b,ADRC,Sine,normal bandwidth,8,454.22,1049.23746012,1052.41630516643
b,ADRC,Sine,normal bandwidth,8,454.48,1045.36582425383,1052.29183489167
b,ADRC,Sine,normal bandwidth,8,454.74,1041.4864400412,1052.15702088238
b,ADRC,Sine,normal bandwidth,8,455,1037.59997006929,1052.01187545476
b,ADRC,Sine,normal bandwidth,8,455.26,1033.70707813548,1051.85649946638
b,ADRC,Sine,normal bandwidth,8,455.52,1029.80842913402,1051.69081626947
b,ADRC,Sine,normal bandwidth,8,455.78,1025.90468894244,1051.51496157498
b,ADRC,Sine,normal bandwidth,8,456.04,1021.99652430784,1051.32890276908
b,ADRC,Sine,normal bandwidth,8,456.3,1018.08460273298,1051.13265708436
b,ADRC,Sine,normal bandwidth,8,456.56,1014.16959236233,1050.92638691701
b,ADRC,Sine,normal bandwidth,8,456.82,1010.25216186788,1050.70994921204
b,ADRC,Sine,normal bandwidth,8,457.08,1006.33298033499,1050.48355472063
b,ADRC,Sine,normal bandwidth,8,457.34,1002.41271714809,1050.24713906442
b,ADRC,Sine,normal bandwidth,8,457.6,998.492041876354,1050.00072432635
b,ADRC,Sine,normal bandwidth,8,457.86,994.571624159333,1049.74453365191
b,ADRC,Sine,normal bandwidth,8,458.12,990.652133592594,1049.47835832769
b,ADRC,Sine,normal bandwidth,8,458.38,986.734239613345,1049.20248312453
b,ADRC,Sine,normal bandwidth,8,458.64,982.818611386105,1048.91681224889
b,ADRC,Sine,normal bandwidth,8,458.9,978.90591768841,1048.62137254725
b,ADRC,Sine,normal bandwidth,8,459.16,974.996826796582,1048.31644686704
b,ADRC,Sine,normal bandwidth,8,459.42,971.092006371601,1048.00176186359
b,ADRC,Sine,normal bandwidth,8,459.68,967.19212334506,1047.67767499259
b,ADRC,Sine,normal bandwidth,8,459.94,963.297843805261,1047.34405952774
b,ADRC,Sine,normal bandwidth,8,460.2,959.409832883447,1047.00094697176
b,ADRC,Sine,normal bandwidth,8,460.46,955.528754640197,1046.64867857314
b,ADRC,Sine,normal bandwidth,8,460.72,951.655271952017,1046.28691765718
b,ADRC,Sine,normal bandwidth,8,460.98,947.790046398104,1045.9160927209
b,ADRC,Sine,normal bandwidth,8,461.24,943.933738147371,1045.53604671871
b,ADRC,Sine,normal bandwidth,8,461.5,940.087005845678,1045.14681568238
b,ADRC,Sine,normal bandwidth,8,461.76,936.250506503342,1044.74879771247
b,ADRC,Sine,normal bandwidth,8,462.02,932.424895382922,1044.341594374
b,ADRC,Sine,normal bandwidth,8,462.28,928.6108258873,1043.92570326022
b,ADRC,Sine,normal bandwidth,8,462.54,924.808949448085,1043.50093774811
b,ADRC,Sine,normal bandwidth,8,462.8,921.019915414349,1043.06733825184
b,ADRC,Sine,normal bandwidth,8,463.06,917.244370941715,1042.62535793369
b,ADRC,Sine,normal bandwidth,8,463.32,913.482960881837,1042.17453842996
b,ADRC,Sine,normal bandwidth,8,463.58,909.736327672248,1041.71544419158
b,ADRC,Sine,normal bandwidth,8,463.84,906.005111226639,1041.24785988537
b,ADRC,Sine,normal bandwidth,8,464.1,902.289948825571,1040.77183014237
b,ADRC,Sine,normal bandwidth,8,464.36,898.591475007614,1040.28786116243
b,ADRC,Sine,normal bandwidth,8,464.62,894.910321460984,1039.79543673876
b,ADRC,Sine,normal bandwidth,8,464.88,891.247116915642,1039.29518565763
b,ADRC,Sine,normal bandwidth,8,465.14,887.602487035918,1038.78686486444
b,ADRC,Sine,normal bandwidth,8,465.4,883.977054313643,1038.27052302357
b,ADRC,Sine,normal bandwidth,8,465.66,880.371437961831,1037.7467171231
b,ADRC,Sine,normal bandwidth,8,465.92,876.786253808918,1037.21487544392
b,ADRC,Sine,normal bandwidth,8,466.18,873.222114193586,1036.67568831219
b,ADRC,Sine,normal bandwidth,8,466.44,869.679627860169,1036.12888605809
b,ADRC,Sine,normal bandwidth,8,466.7,866.159399854689,1035.57452117846
b,ADRC,Sine,normal bandwidth,8,466.96,862.662031421508,1035.01319898468
b,ADRC,Sine,normal bandwidth,8,467.22,859.188119900647,1034.44429481131
b,ADRC,Sine,normal bandwidth,8,467.48,855.738258625752,1033.86855746778
b,ADRC,Sine,normal bandwidth,8,467.74,852.313036822763,1033.28569188793
b,ADRC,Sine,normal bandwidth,8,468,848.913039509272,1032.69575418375
b,ADRC,Sine,normal bandwidth,8,468.26,845.538847394601,1032.09939531983
b,ADRC,Sine,normal bandwidth,8,468.52,842.191036780624,1031.4959404748
b,ADRC,Sine,normal bandwidth,8,468.78,838.870179463331,1030.88619363656
b,ADRC,Sine,normal bandwidth,8,469.04,835.576842635177,1030.26983566894
b,ADRC,Sine,normal bandwidth,8,469.3,832.311588788192,1029.64692606623
b,ADRC,Sine,normal bandwidth,8,469.56,829.074975617922,1029.01815858255
b,ADRC,Sine,normal bandwidth,8,469.82,825.867555928169,1028.38281124327
b,ADRC,Sine,normal bandwidth,8,470.08,822.689877536579,1027.74173967596
b,ADRC,Sine,normal bandwidth,8,470.34,819.54248318107,1027.09460210264
b,ADRC,Sine,normal bandwidth,8,470.6,816.425910427142,1026.44146115252
b,ADRC,Sine,normal bandwidth,8,470.86,813.340691576054,1025.78305032399
b,ADRC,Sine,normal bandwidth,8,471.12,810.287353573916,1025.11860369159
b,ADRC,Sine,normal bandwidth,8,471.38,807.26641792168,1024.44902476467
b,ADRC,Sine,normal bandwidth,8,471.64,804.27840058608,1023.77395064741
b,ADRC,Sine,normal bandwidth,8,471.9,801.323811911499,1023.09344684313
b,ADRC,Sine,normal bandwidth,8,472.16,798.4031565328,1022.40828338071
b,ADRC,Sine,normal bandwidth,8,472.42,795.516933289148,1021.7176537722
b,ADRC,Sine,normal bandwidth,8,472.68,792.665635138797,1021.02250544797
b,ADRC,Sine,normal bandwidth,8,472.94,789.849749074904,1020.32245600757
b,ADRC,Sine,normal bandwidth,8,473.2,787.069756042346,1019.61757355522
b,ADRC,Sine,normal bandwidth,8,473.46,784.32613085558,1018.90866128174
b,ADRC,Sine,normal bandwidth,8,473.72,781.619342117543,1018.19487569657
b,ADRC,Sine,normal bandwidth,8,473.98,778.949852139616,1017.47720400424
b,ADRC,Sine,normal bandwidth,8,474.24,776.318116862665,1016.75524599529
b,ADRC,Sine,normal bandwidth,8,474.5,773.72458577917,1016.02907209043
b,ADRC,Sine,normal bandwidth,8,474.76,771.169701856441,1015.29951513342
b,ADRC,Sine,normal bandwidth,8,475.02,768.653901460979,1014.56569834734
b,ADRC,Sine,normal bandwidth,8,475.28,766.177614283928,1013.82864439563
b,ADRC,Sine,normal bandwidth,8,475.54,763.741263267699,1013.08793703058
b,ADRC,Sine,normal bandwidth,8,475.8,761.345264533722,1012.34364869507
b,ADRC,Sine,normal bandwidth,8,476.06,758.990027311381,1011.59663825125
b,ADRC,Sine,normal bandwidth,8,476.32,756.675953868117,1010.84599949263
b,ADRC,Sine,normal bandwidth,8,476.58,754.403439440719,1010.09278607633
b,ADRC,Sine,normal bandwidth,8,476.84,752.172872167823,1009.33656755478
b,ADRC,Sine,normal bandwidth,8,477.1,749.984633023615,1008.57741808992
b,ADRC,Sine,normal bandwidth,8,477.36,747.839095752766,1007.81621881786
b,ADRC,Sine,normal bandwidth,8,477.62,745.736626806593,1007.05203808335
b,ADRC,Sine,normal bandwidth,8,477.88,743.677585280475,1006.285955941
b,ADRC,Sine,normal bandwidth,8,478.14,741.662322852516,1005.51752964156
b,ADRC,Sine,normal bandwidth,8,478.4,739.691183723484,1004.74683475557
b,ADRC,Sine,normal bandwidth,8,478.66,737.764504558018,1003.97477085453
b,ADRC,Sine,normal bandwidth,8,478.92,735.88261442713,1003.20038492243
b,ADRC,Sine,normal bandwidth,8,479.18,734.045834751998,1002.42477870383
b,ADRC,Sine,normal bandwidth,8,479.44,732.254479249072,1001.64749909767
b,ADRC,Sine,normal bandwidth,8,479.7,730.508853876489,1000.86862276647
b,ADRC,Sine,normal bandwidth,8,479.96,728.809256781816,1000.08906380097
b,ADRC,Sine,normal bandwidth,8,480.22,727.155978251128,999.307852002081
b,ADRC,Sine,normal bandwidth,8,480.48,725.549300659433,998.526106005451
b,ADRC,Sine,normal bandwidth,8,480.74,723.989498422432,997.743364351471
b,ADRC,Sine,normal bandwidth,8,481,722.476837949663,996.959704473332
b,ADRC,Sine,normal bandwidth,8,481.26,721.011577598986,996.176051003899
b,ADRC,Sine,normal bandwidth,8,481.52,719.593967632468,995.391420810482
b,ADRC,Sine,normal bandwidth,8,481.78,718.22425017363,994.606944550244
b,ADRC,Sine,normal bandwidth,8,482.04,716.902659166098,993.822154433131
b,ADRC,Sine,normal bandwidth,8,482.3,715.629420333646,993.037128338304
b,ADRC,Sine,normal bandwidth,8,482.56,714.404751141637,992.252797419663
b,ADRC,Sine,normal bandwidth,8,482.82,713.228860759892,991.46816991419
b,ADRC,Sine,normal bandwidth,8,483.08,712.101950026954,990.684383580894
b,ADRC,Sine,normal bandwidth,8,483.34,711.024211415788,989.900966353643
b,ADRC,Sine,normal bandwidth,8,483.6,709.995829000911,989.117996230888
b,ADRC,Sine,normal bandwidth,8,483.86,709.01697842695,988.336406839629
b,ADRC,Sine,normal bandwidth,8,484.12,708.08782687864,987.55520212519
b,ADRC,Sine,normal bandwidth,8,484.38,707.208533052274,986.775521999715
b,ADRC,Sine,normal bandwidth,8,484.64,706.379247128596,985.996892192827
b,ADRC,Sine,normal bandwidth,8,484.9,705.600110747148,985.219390495003
b,ADRC,Sine,normal bandwidth,8,485.16,704.871256982083,984.443948948844
b,ADRC,Sine,normal bandwidth,8,485.42,704.192810319435,983.669571563584
b,ADRC,Sine,normal bandwidth,8,485.68,703.564886635854,982.897395447837
b,ADRC,Sine,normal bandwidth,8,485.94,702.987593178819,982.126946207467
b,ADRC,Sine,normal bandwidth,8,486.2,702.461028548317,981.358301098518
b,ADRC,Sine,normal bandwidth,8,486.46,701.985282680005,980.59238652943
b,ADRC,Sine,normal bandwidth,8,486.72,701.560436829846,979.828210927243
b,ADRC,Sine,normal bandwidth,8,486.98,701.186563560237,979.066903653569
b,ADRC,Sine,normal bandwidth,8,487.24,700.863726727608,978.307992270769
b,ADRC,Sine,normal bandwidth,8,487.5,700.591981471519,977.551553176205
b,ADRC,Sine,normal bandwidth,8,487.76,700.371374205243,976.798503119404
b,ADRC,Sine,normal bandwidth,8,488.02,700.20194260784,976.047859278867
b,ADRC,Sine,normal bandwidth,8,488.28,700.083715617716,975.300738360013
b,ADRC,Sine,normal bandwidth,8,488.54,700.016713427686,974.556671952855
b,ADRC,Sine,normal bandwidth,8,488.8,700.000947481524,973.815735275418
b,ADRC,Sine,normal bandwidth,8,489.06,700.036420472004,973.078831435738
b,ADRC,Sine,normal bandwidth,8,489.32,700.123126340447,972.34499065872
b,ADRC,Sine,normal bandwidth,8,489.58,700.261050277752,971.615312139607
b,ADRC,Sine,normal bandwidth,8,489.84,700.450168726923,970.8893335493
b,ADRC,Sine,normal bandwidth,8,490.1,700.690449387099,970.167128610787
b,ADRC,Sine,normal bandwidth,8,490.36,700.981851219065,969.4495828672
b,ADRC,Sine,normal bandwidth,8,490.62,701.324324452263,968.735743827757
b,ADRC,Sine,normal bandwidth,8,490.88,701.717810593294,968.026688399465
b,ADRC,Sine,normal bandwidth,8,491.14,702.162242435909,967.321962360662
b,ADRC,Sine,normal bandwidth,8,491.4,702.657544072483,966.621637629911
b,ADRC,Sine,normal bandwidth,8,491.66,703.203630906986,965.926578337924
b,ADRC,Sine,normal bandwidth,8,491.92,703.800409669427,965.235853441042
b,ADRC,Sine,normal bandwidth,8,492.18,704.447778431787,964.550512876267
b,ADRC,Sine,normal bandwidth,8,492.44,705.145626625428,963.870112520604
b,ADRC,Sine,normal bandwidth,8,492.7,705.893835059974,963.194722186438
b,ADRC,Sine,normal bandwidth,8,492.96,706.692275943674,962.525180836848
b,ADRC,Sine,normal bandwidth,8,493.22,707.540812905223,961.860582945254
b,ADRC,Sine,normal bandwidth,8,493.48,708.439301017059,961.20194691315
b,ADRC,Sine,normal bandwidth,8,493.74,709.387586820112,960.548840663633
b,ADRC,Sine,normal bandwidth,8,494,710.385508350018,959.901331610064
b,ADRC,Sine,normal bandwidth,8,494.26,711.432895164776,959.260229901016
b,ADRC,Sine,normal bandwidth,8,494.52,712.529568373868,958.624659486725
b,ADRC,Sine,normal bandwidth,8,494.78,713.675340668804,957.995602803416
b,ADRC,Sine,normal bandwidth,8,495.04,714.87001635512,957.372641715579
b,ADRC,Sine,normal bandwidth,8,495.3,716.113391385798,956.755840954893
b,ADRC,Sine,normal bandwidth,8,495.56,717.40525339612,956.145978332412
b,ADRC,Sine,normal bandwidth,8,495.82,718.745381739937,955.542211107847
b,ADRC,Sine,normal bandwidth,8,496.08,720.133547527354,954.945481477017
b,ADRC,Sine,normal bandwidth,8,496.34,721.569513663828,954.355387080918
b,ADRC,Sine,normal bandwidth,8,496.6,723.053034890655,953.771989698254
b,ADRC,Sine,normal bandwidth,8,496.86,724.583857826871,953.196031418466
b,ADRC,Sine,normal bandwidth,8,497.12,726.161721012516,952.626706499954
b,ADRC,Sine,normal bandwidth,8,497.38,727.786354953301,952.064912795862
b,ADRC,Sine,normal bandwidth,8,497.64,729.457482166631,951.510265490783
b,ADRC,Sine,normal bandwidth,8,497.9,731.174817229,950.962823151696
b,ADRC,Sine,normal bandwidth,8,498.16,732.93806682474,950.423288915665
b,ADRC,Sine,normal bandwidth,8,498.42,734.746929796118,949.890897569834
b,ADRC,Sine,normal bandwidth,8,498.68,736.601097194775,949.366498712757
b,ADRC,Sine,normal bandwidth,8,498.94,738.500252334492,948.849726764168
b,ADRC,Sine,normal bandwidth,8,499.2,740.444070845276,948.340636834209
b,ADRC,Sine,normal bandwidth,8,499.46,742.43222072877,947.839890043929
b,ADRC,Sine,normal bandwidth,8,499.72,744.464362414946,947.346765065043
b,ADRC,Sine,normal bandwidth,8,499.98,746.540148820111,946.86205953665
b,ADRC,Sine,normal bandwidth,8,500.24,748.659225406185,946.385428722397
b,ADRC,Sine,normal bandwidth,8,500.5,750.821230241256,945.916924045175
b,ADRC,Sine,normal bandwidth,8,500.76,753.025794061395,945.457161726553
b,ADRC,Sine,normal bandwidth,8,501.02,755.272540333726,945.00546749013
b,ADRC,Sine,normal bandwidth,8,501.28,757.561085320738,944.56258353352
b,ADRC,Sine,normal bandwidth,8,501.54,759.891038145824,944.128187483443
b,ADRC,Sine,normal bandwidth,8,501.8,762.262000860043,943.702326860788
b,ADRC,Sine,normal bandwidth,8,502.06,764.673568510089,943.285570296663
b,ADRC,Sine,normal bandwidth,8,502.32,767.125329207455,942.877293531832
b,ADRC,Sine,normal bandwidth,8,502.58,769.616864198778,942.478180078092
b,ADRC,Sine,normal bandwidth,8,502.84,772.147747937374,942.087931348284
b,ADRC,Sine,normal bandwidth,8,503.1,774.717548155902,941.706590763151
b,ADRC,Sine,normal bandwidth,8,503.36,777.32582594021,941.334676876313
b,ADRC,Sine,normal bandwidth,8,503.62,779.97213580429,940.971618196308
b,ADRC,Sine,normal bandwidth,8,503.88,782.656025766367,940.618036556301
b,ADRC,Sine,normal bandwidth,8,504.14,785.377037426104,940.273658476155
b,ADRC,Sine,normal bandwidth,8,504.4,788.134706042884,939.938523095745
b,ADRC,Sine,normal bandwidth,8,504.66,790.928560615197,939.613096618743
b,ADRC,Sine,normal bandwidth,8,504.92,793.758123961076,939.29686284567
b,ADRC,Sine,normal bandwidth,8,505.18,796.622912799606,938.990379202542
b,ADRC,Sine,normal bandwidth,8,505.44,799.52243783346,938.693398529342
b,ADRC,Sine,normal bandwidth,8,505.7,802.456203832477,938.405955522571
b,ADRC,Sine,normal bandwidth,8,505.96,805.423709718241,938.128461987733
b,ADRC,Sine,normal bandwidth,8,506.22,808.424448649664,937.860459304399
b,ADRC,Sine,normal bandwidth,8,506.48,811.457908109554,937.602438038827
b,ADRC,Sine,normal bandwidth,8,506.74,814.52356999215,937.354178451256
b,ADRC,Sine,normal bandwidth,8,507,817.620910691618,937.11571065122
b,ADRC,Sine,normal bandwidth,8,507.26,820.749401191473,936.887390230815
b,ADRC,Sine,normal bandwidth,8,507.52,823.908507154937,936.668818188826
b,ADRC,Sine,normal bandwidth,8,507.78,827.097689016207,936.460416065517
b,ADRC,Sine,normal bandwidth,8,508.04,830.316402072603,936.261992523879
b,ADRC,Sine,normal bandwidth,8,508.3,833.56409657761,936.073572962394
b,ADRC,Sine,normal bandwidth,8,508.56,836.840217834765,935.89545518523
b,ADRC,Sine,normal bandwidth,8,508.82,840.144206292404,935.72730159495
b,ADRC,Sine,normal bandwidth,8,509.08,843.475497639225,935.56946283521
b,ADRC,Sine,normal bandwidth,8,509.34,846.833522900676,935.421776832401
b,ADRC,Sine,normal bandwidth,8,509.6,850.217708536136,935.284264169918
b,ADRC,Sine,normal bandwidth,8,509.86,853.627476536866,935.157163536918
b,ADRC,Sine,normal bandwidth,8,510.12,857.062244524741,935.040200261113
b,ADRC,Sine,normal bandwidth,8,510.38,860.521425851708,934.9336525225
b,ADRC,Sine,normal bandwidth,8,510.64,864.004429699993,934.837388246027
b,ADRC,Sine,normal bandwidth,8,510.9,867.510661183005,934.751423116468
b,ADRC,Sine,normal bandwidth,8,511.16,871.039521446944,934.675935633954
b,ADRC,Sine,normal bandwidth,8,511.42,874.590407773081,934.610715303047
b,ADRC,Sine,normal bandwidth,8,511.68,878.1627136807,934.5559665833
b,ADRC,Sine,normal bandwidth,8,511.94,881.75582903069,934.511588004732
b,ADRC,Sine,normal bandwidth,8,512.2,885.369140129746,934.477590290808
b,ADRC,Sine,normal bandwidth,8,512.46,889.002029835191,934.454090936293
b,ADRC,Sine,normal bandwidth,8,512.72,892.653877660382,934.440944599284
b,ADRC,Sine,normal bandwidth,8,512.98,896.324059880681,934.438281077708
b,ADRC,Sine,normal bandwidth,8,513.24,900.011949639995,934.446029981971
b,ADRC,Sine,normal bandwidth,8,513.5,903.716917057836,934.464197032661
b,ADRC,Sine,normal bandwidth,8,513.76,907.438329336905,934.492838163952
b,ADRC,Sine,normal bandwidth,8,514.02,911.175550871166,934.531873885015
b,ADRC,Sine,normal bandwidth,8,514.28,914.927943354412,934.581358710585
b,ADRC,Sine,normal bandwidth,8,514.54,918.694865889282,934.641253673522
b,ADRC,Sine,normal bandwidth,8,514.8,922.475675096729,934.711559471277
b,ADRC,Sine,normal bandwidth,8,515.06,926.269725225902,934.792270185701
b,ADRC,Sine,normal bandwidth,8,515.32,930.076368264438,934.883372592458
b,ADRC,Sine,normal bandwidth,8,515.58,933.894954049148,934.98484562377
b,ADRC,Sine,normal bandwidth,8,515.84,937.724830377053,935.096681942342
b,ADRC,Sine,normal bandwidth,8,516.1,941.565343116787,935.218877223597
b,ADRC,Sine,normal bandwidth,8,516.36,945.415836320315,935.351363670078
b,ADRC,Sine,normal bandwidth,8,516.62,949.27565233497,935.494194455466
b,ADRC,Sine,normal bandwidth,8,516.88,953.144131915773,935.647272953672
b,ADRC,Sine,normal bandwidth,8,517.14,957.020614338035,935.810623529076
b,ADRC,Sine,normal bandwidth,8,517.4,960.904437510214,935.984236857575
b,ADRC,Sine,normal bandwidth,8,517.66,964.794938086982,936.167983500225
b,ADRC,Sine,normal bandwidth,8,517.92,968.691451582528,936.361982875837
b,ADRC,Sine,normal bandwidth,8,518.18,972.593312484059,936.566063147615
b,ADRC,Sine,normal bandwidth,8,518.44,976.499854365456,936.780280317573
b,ADRC,Sine,normal bandwidth,8,518.7,980.41041000111,937.004620105866
b,ADRC,Sine,normal bandwidth,8,518.96,984.324311479864,937.238891933715
b,ADRC,Sine,normal bandwidth,8,519.22,988.240890319113,937.483281028397
b,ADRC,Sine,normal bandwidth,8,519.48,992.159477578957,937.737541011919
b,ADRC,Sine,normal bandwidth,8,519.74,996.079403976468,938.00175932431
b,ADRC,Sine,normal bandwidth,8,520,1000,938.275916794871
c,Preview,Sine,normal bandwidth,8,0,1000,0
c,Preview,Sine,normal bandwidth,8,0.26,1000,999.997160919434
c,Preview,Sine,normal bandwidth,8,0.52,1000,999.999999995415
c,Preview,Sine,normal bandwidth,8,0.78,1000,999.999999999999
c,Preview,Sine,normal bandwidth,8,1.04,1000,999.999999999999
c,Preview,Sine,normal bandwidth,8,1.3,1000,999.999999999999
c,Preview,Sine,normal bandwidth,8,1.56,1000,999.999999999999
c,Preview,Sine,normal bandwidth,8,1.82,1000,999.999999999999
c,Preview,Sine,normal bandwidth,8,2.08,1000,999.999999999999
c,Preview,Sine,normal bandwidth,8,2.34,1000,1000.00053279265
c,Preview,Sine,normal bandwidth,8,2.6,1000,1000.00020392007
c,Preview,Sine,normal bandwidth,8,2.86,1000,1000.00020391878
c,Preview,Sine,normal bandwidth,8,3.12,1000,1000.00020391878
c,Preview,Sine,normal bandwidth,8,3.38,1000,1000.00020391878
c,Preview,Sine,normal bandwidth,8,3.64,1000,1000.00020391878
c,Preview,Sine,normal bandwidth,8,3.9,1000,1000.00020391878
c,Preview,Sine,normal bandwidth,8,4.16,1000,1000.00416024723
c,Preview,Sine,normal bandwidth,8,4.42,1000,1000.00017629888
c,Preview,Sine,normal bandwidth,8,4.68,1000,1000.00020391965
c,Preview,Sine,normal bandwidth,8,4.94,1000,1000.00020391982
c,Preview,Sine,normal bandwidth,8,5.2,1000,1000.00020391982
c,Preview,Sine,normal bandwidth,8,5.46,1000,1000.00020391982
c,Preview,Sine,normal bandwidth,8,5.72,1000,1000.00020391982
c,Preview,Sine,normal bandwidth,8,5.98,1000,1000.00020391982
c,Preview,Sine,normal bandwidth,8,6.24,1000,1000.00006940194
c,Preview,Sine,normal bandwidth,8,6.5,1000,1000.0002058901
c,Preview,Sine,normal bandwidth,8,6.76,1000,1000.00020391984
c,Preview,Sine,normal bandwidth,8,7.02,1000,1000.00020391983
c,Preview,Sine,normal bandwidth,8,7.28,1000,1000.00020391983
c,Preview,Sine,normal bandwidth,8,7.54,1000,1000.00020391983
c,Preview,Sine,normal bandwidth,8,7.8,1000,1000.00020391983
c,Preview,Sine,normal bandwidth,8,8.06,1000,1000.00020391983
c,Preview,Sine,normal bandwidth,8,8.32,1000,1000.00020515579
c,Preview,Sine,normal bandwidth,8,8.58,1000,1000.00020385347
c,Preview,Sine,normal bandwidth,8,8.84,1000,1000.00020391982
c,Preview,Sine,normal bandwidth,8,9.1,1000,1000.00020391982
c,Preview,Sine,normal bandwidth,8,9.36,1000,1000.00020391982
c,Preview,Sine,normal bandwidth,8,9.62,1000,1000.00020391982
c,Preview,Sine,normal bandwidth,8,9.88,1000,1000.00020391982
c,Preview,Sine,normal bandwidth,8,10.14,1000,1000.00020395081
c,Preview,Sine,normal bandwidth,8,10.4,1000,1000.00020412827
c,Preview,Sine,normal bandwidth,8,10.66,1000,1000.00020392225
c,Preview,Sine,normal bandwidth,8,10.92,1000,1000.00020391983
c,Preview,Sine,normal bandwidth,8,11.18,1000,1000.00020391983
c,Preview,Sine,normal bandwidth,8,11.44,1000,1000.00020391983
c,Preview,Sine,normal bandwidth,8,11.7,1000,1000.00020391983
c,Preview,Sine,normal bandwidth,8,11.96,1000,1000.00020391983
c,Preview,Sine,normal bandwidth,8,12.22,1000,1000.00020391783
c,Preview,Sine,normal bandwidth,8,12.48,1000,1000.00020391299
c,Preview,Sine,normal bandwidth,8,12.74,1000,1000.00020391973
c,Preview,Sine,normal bandwidth,8,13,1000,1000.00020391982
c,Preview,Sine,normal bandwidth,8,13.26,1000,1000.00020391982
c,Preview,Sine,normal bandwidth,8,13.52,1000,1000.00020391982
c,Preview,Sine,normal bandwidth,8,13.78,1000,1000.00020391982
c,Preview,Sine,normal bandwidth,8,14.04,1000,1000.00020391982
c,Preview,Sine,normal bandwidth,8,14.3,1000,1000.00020391974
c,Preview,Sine,normal bandwidth,8,14.56,1000,1000.00020392001
c,Preview,Sine,normal bandwidth,8,14.82,1000,1000.00020391983
c,Preview,Sine,normal bandwidth,8,15.08,1000,1000.00020391983
c,Preview,Sine,normal bandwidth,8,15.34,1000,1000.00020391983
c,Preview,Sine,normal bandwidth,8,15.6,1000,1000.00020391983
c,Preview,Sine,normal bandwidth,8,15.86,1000,1000.00020391983
c,Preview,Sine,normal bandwidth,8,16.12,1000,1000.00020391983
c,Preview,Sine,normal bandwidth,8,16.38,1000,1000.00020391983
c,Preview,Sine,normal bandwidth,8,16.64,1000,1000.00020391982
c,Preview,Sine,normal bandwidth,8,16.9,1000,1000.00020391983
c,Preview,Sine,normal bandwidth,8,17.16,1000,1000.00020391983
c,Preview,Sine,normal bandwidth,8,17.42,1000,1000.00020391983
c,Preview,Sine,normal bandwidth,8,17.68,1000,1000.00020391983
c,Preview,Sine,normal bandwidth,8,17.94,1000,1000.00020391983
c,Preview,Sine,normal bandwidth,8,18.2,1000,1000.00020391983
c,Preview,Sine,normal bandwidth,8,18.46,1000,1000.00020391983
c,Preview,Sine,normal bandwidth,8,18.72,1000,1000.00020391983
c,Preview,Sine,normal bandwidth,8,18.98,1000,1000.00020391983
c,Preview,Sine,normal bandwidth,8,19.24,1000,1000.00020391983
c,Preview,Sine,normal bandwidth,8,19.5,1000,1000.00020391983
c,Preview,Sine,normal bandwidth,8,19.76,1000,1000.00020391983
c,Preview,Sine,normal bandwidth,8,20.02,1000.30159284394,1000.2945891071
c,Preview,Sine,normal bandwidth,8,20.28,1004.22216113073,1004.21796683463
c,Preview,Sine,normal bandwidth,8,20.54,1008.14200828508,1008.13781524051
c,Preview,Sine,normal bandwidth,8,20.8,1012.06046480889,1012.0562737623
c,Preview,Sine,normal bandwidth,8,21.06,1015.97686144154,1015.97267314358
c,Preview,Sine,normal bandwidth,8,21.32,1019.89052927428,1019.88634447512
c,Preview,Sine,normal bandwidth,8,21.58,1023.80079986439,1023.79661931361
c,Preview,Sine,normal bandwidth,8,21.84,1027.7070053494,1027.70282979586
c,Preview,Sine,normal bandwidth,8,22.1,1031.60847856117,1031.6121230088
c,Preview,Sine,normal bandwidth,8,22.36,1035.50455313978,1035.50811960882
c,Preview,Sine,normal bandwidth,8,22.62,1039.39456364741,1039.39815510561
c,Preview,Sine,normal bandwidth,8,22.88,1043.27784568196,1043.28146201095
c,Preview,Sine,normal bandwidth,8,23.14,1047.15373599052,1047.15737572922
c,Preview,Sine,normal bandwidth,8,23.4,1051.02157258267,1051.02523682855
c,Preview,Sine,normal bandwidth,8,23.66,1054.88069484355,1054.88438091347
c,Preview,Sine,normal bandwidth,8,23.92,1058.73044364667,1058.7341516012
c,Preview,Sine,normal bandwidth,8,24.18,1062.57016146651,1062.57389280238
c,Preview,Sine,normal bandwidth,8,24.44,1066.39919249079,1066.40294288008
c,Preview,Sine,normal bandwidth,8,24.7,1070.21688273254,1070.22065581562
c,Preview,Sine,normal bandwidth,8,24.96,1074.02258014173,1074.0263711294
c,Preview,Sine,normal bandwidth,8,25.22,1077.81563471667,1077.81944437953
c,Preview,Sine,normal bandwidth,8,25.48,1081.59539861505,1081.59922834199
c,Preview,Sine,normal bandwidth,8,25.74,1085.36122626454,1085.36507194577
c,Preview,Sine,normal bandwidth,8,26,1089.11247447311,1089.11634094607
c,Preview,Sine,normal bandwidth,8,26.26,1092.84850253883,1092.85238279546
c,Preview,Sine,normal bandwidth,8,26.52,1096.56867235934,1096.57256814924
c,Preview,Sine,normal bandwidth,8,26.78,1100.2723485408,1100.27626186234
c,Preview,Sine,normal bandwidth,8,27.04,1103.95889850646,1103.96282395003
c,Preview,Sine,normal bandwidth,8,27.3,1107.62769260467,1107.63163684922
c,Preview,Sine,normal bandwidth,8,27.56,1111.27810421641,1111.28205833776
c,Preview,Sine,normal bandwidth,8,27.82,1114.90950986235,1114.91347603603
c,Preview,Sine,normal bandwidth,8,28.08,1118.52128930932,1118.52527047394
c,Preview,Sine,normal bandwidth,8,28.34,1122.11282567625,1122.11681502128
c,Preview,Sine,normal bandwidth,8,28.6,1125.68350553951,1125.68751160558
c,Preview,Sine,normal bandwidth,8,28.86,1129.23271903772,1129.23673089482
c,Preview,Sine,normal bandwidth,8,29.12,1132.75985997587,1132.76388048957
c,Preview,Sine,normal bandwidth,8,29.38,1136.2643259289,1136.26835869597
c,Preview,Sine,normal bandwidth,8,29.64,1139.74551834454,1139.7495554305
c,Preview,Sine,normal bandwidth,8,29.9,1143.2028426456,1143.20689431915
c,Preview,Sine,normal bandwidth,8,30.16,1146.63570833148,1146.63976168168
c,Preview,Sine,normal bandwidth,8,30.42,1150.04352907902,1150.04758765652
c,Preview,Sine,normal bandwidth,8,30.68,1153.4257228427,1153.4297909508
c,Preview,Sine,normal bandwidth,8,30.94,1156.78171195397,1156.78578044336
c,Preview,Sine,normal bandwidth,8,31.2,1160.11092321999,1160.1150040923
c,Preview,Sine,normal bandwidth,8,31.46,1163.41278802147,1163.41686645667
c,Preview,Sine,normal bandwidth,8,31.72,1166.68674240983,1166.69082261395
c,Preview,Sine,normal bandwidth,8,31.98,1169.93222720349,1169.93631417375
c,Preview,Sine,normal bandwidth,8,32.24,1173.14868808342,1173.15277149587
c,Preview,Sine,normal bandwidth,8,32.5,1176.33557568774,1176.33966922549
c,Preview,Sine,normal bandwidth,8,32.76,1179.49234570565,1179.496432699
c,Preview,Sine,normal bandwidth,8,33.02,1182.6184589703,1182.62254427004
c,Preview,Sine,normal bandwidth,8,33.28,1185.71338155094,1185.71747082397
c,Preview,Sine,normal bandwidth,8,33.54,1188.77658484411,1188.78066663517
c,Preview,Sine,normal bandwidth,8,33.8,1191.80754566387,1191.81163527959
c,Preview,Sine,normal bandwidth,8,34.06,1194.80574633124,1194.80982532327
c,Preview,Sine,normal bandwidth,8,34.32,1197.77067476254,1197.77474860565
c,Preview,Sine,normal bandwidth,8,34.58,1200.70182455691,1200.70589956351
c,Preview,Sine,normal bandwidth,8,34.84,1203.59869508278,1203.60275871532
c,Preview,Sine,normal bandwidth,8,35.1,1206.46079156337,1206.46486068641
c,Preview,Sine,normal bandwidth,8,35.36,1209.28762516119,1209.29167962656
c,Preview,Sine,normal bandwidth,8,35.62,1212.07871306156,1212.0827589447
c,Preview,Sine,normal bandwidth,8,35.88,1214.83357855506,1214.83762278691
c,Preview,Sine,normal bandwidth,8,36.14,1217.55175111894,1217.55578013318
c,Preview,Sine,normal bandwidth,8,36.4,1220.23276649749,1220.23679864465
c,Preview,Sine,normal bandwidth,8,36.66,1222.87616678134,1222.88018029944
c,Preview,Sine,normal bandwidth,8,36.92,1225.48150048568,1225.48550202484
c,Preview,Sine,normal bandwidth,8,37.18,1228.04832262732,1228.05231970747
c,Preview,Sine,normal bandwidth,8,37.44,1230.57619480077,1230.58017288472
c,Preview,Sine,normal bandwidth,8,37.7,1233.06468525305,1233.06866409897
c,Preview,Sine,normal bandwidth,8,37.96,1235.51336895747,1235.51732528244
c,Preview,Sine,normal bandwidth,8,38.22,1237.92182768622,1237.92576868669
c,Preview,Sine,normal bandwidth,8,38.48,1240.28965008178,1240.29358383454
c,Preview,Sine,normal bandwidth,8,38.74,1242.61643172719,1242.62034278625
c,Preview,Sine,normal bandwidth,8,39,1244.90177521516,1244.90568466198
c,Preview,Sine,normal bandwidth,8,39.26,1247.14529021587,1247.14917334597
c,Preview,Sine,normal bandwidth,8,39.52,1249.3465935437,1249.35045806916
c,Preview,Sine,normal bandwidth,8,39.78,1251.50530922268,1251.50916374268
c,Preview,Sine,normal bandwidth,8,40.04,1253.62106855063,1253.62489677629
c,Preview,Sine,normal bandwidth,8,40.3,1255.69351016224,1255.69733440834
c,Preview,Sine,normal bandwidth,8,40.56,1257.72228009069,1257.72607433664
c,Preview,Sine,normal bandwidth,8,40.82,1259.70703182818,1259.71080426875
c,Preview,Sine,normal bandwidth,8,41.08,1261.64742638509,1261.65118610516
c,Preview,Sine,normal bandwidth,8,41.34,1263.54313234784,1263.54686228516
c,Preview,Sine,normal bandwidth,8,41.6,1265.39382593556,1265.39754954299
c,Preview,Sine,normal bandwidth,8,41.86,1267.19919105535,1267.20288110725
c,Preview,Sine,normal bandwidth,8,42.12,1268.95891935627,1268.96258449513
c,Preview,Sine,normal bandwidth,8,42.38,1270.672710282,1270.67636003962
c,Preview,Sine,normal bandwidth,8,42.64,1272.34027112222,1272.34388773581
c,Preview,Sine,normal bandwidth,8,42.9,1273.96131706255,1273.96492502291
c,Preview,Sine,normal bandwidth,8,43.16,1275.53557123319,1275.5391422259
c,Preview,Sine,normal bandwidth,8,43.42,1277.06276475629,1277.06630783463
c,Preview,Sine,normal bandwidth,8,43.68,1278.54263679176,1278.54616189376
c,Preview,Sine,normal bandwidth,8,43.94,1279.97493458192,1279.9784233201
c,Preview,Sine,normal bandwidth,8,44.2,1281.35941349461,1281.36289129318
c,Preview,Sine,normal bandwidth,8,44.46,1282.69583706498,1282.69927464154
c,Preview,Sine,normal bandwidth,8,44.72,1283.98397703591,1283.98738381594
c,Preview,Sine,normal bandwidth,8,44.98,1285.22361339697,1285.22699968229
c,Preview,Sine,normal bandwidth,8,45.24,1286.41453442198,1286.41788127889
c,Preview,Sine,normal bandwidth,8,45.5,1287.55653670521,1287.55987038284
c,Preview,Sine,normal bandwidth,8,45.76,1288.64942519612,1288.65271556907
c,Preview,Sine,normal bandwidth,8,46.02,1289.69301323262,1289.69627005832
c,Preview,Sine,normal bandwidth,8,46.28,1290.68712257301,1290.69035647313
c,Preview,Sine,normal bandwidth,8,46.54,1291.63158342642,1291.63477500184
c,Preview,Sine,normal bandwidth,8,46.8,1292.52623448175,1292.52941069446
c,Preview,Sine,normal bandwidth,8,47.06,1293.37092293531,1293.37405294552
c,Preview,Sine,normal bandwidth,8,47.32,1294.16550451684,1294.16859837229
c,Preview,Sine,normal bandwidth,8,47.58,1294.9098435142,1294.91291211103
c,Preview,Sine,normal bandwidth,8,47.84,1295.60381279651,1295.60683635303
c,Preview,Sine,normal bandwidth,8,48.1,1296.24729383592,1296.25029991186
c,Preview,Sine,normal bandwidth,8,48.36,1296.8401767278,1296.84313390064
c,Preview,Sine,normal bandwidth,8,48.62,1297.38236020952,1297.38527877441
c,Preview,Sine,normal bandwidth,8,48.88,1297.87375167778,1297.87664275885
c,Preview,Sine,normal bandwidth,8,49.14,1298.3142672044,1298.31711072178
c,Preview,Sine,normal bandwidth,8,49.4,1298.70383155064,1298.70665554421
c,Preview,Sine,normal bandwidth,8,49.66,1299.04237818009,1299.0451507787
c,Preview,Sine,normal bandwidth,8,49.92,1299.32984927,1299.33258097225
c,Preview,Sine,normal bandwidth,8,50.18,1299.56619572117,1299.5688978317
c,Preview,Sine,normal bandwidth,8,50.44,1299.75137716633,1299.75402939284
c,Preview,Sine,normal bandwidth,8,50.7,1299.88536197706,1299.88799271984
c,Preview,Sine,normal bandwidth,8,50.96,1299.96812726915,1299.97070434448
c,Preview,Sine,normal bandwidth,8,51.22,1299.99965890654,1300.00219297168
c,Preview,Sine,normal bandwidth,8,51.48,1299.97995150371,1299.98245399555
c,Preview,Sine,normal bandwidth,8,51.74,1299.90900842663,1299.91145892703
c,Preview,Sine,normal bandwidth,8,52,1299.78684179218,1299.78926894064
c,Preview,Sine,normal bandwidth,8,52.26,1299.61347246603,1299.61584390365
c,Preview,Sine,normal bandwidth,8,52.52,1299.38893005916,1299.39125655634
c,Preview,Sine,normal bandwidth,8,52.78,1299.11325292272,1299.11554599979
c,Preview,Sine,normal bandwidth,8,53.04,1298.78648814155,1298.78872734167
c,Preview,Sine,normal bandwidth,8,53.3,1298.40869152609,1298.41090560576
c,Preview,Sine,normal bandwidth,8,53.56,1297.97992760286,1297.98208416608
c,Preview,Sine,normal bandwidth,8,53.82,1297.50026960346,1297.50237948782
c,Preview,Sine,normal bandwidth,8,54.08,1296.96979945203,1296.97187421212
c,Preview,Sine,normal bandwidth,8,54.34,1296.38860775128,1296.3906269789
c,Preview,Sine,normal bandwidth,8,54.6,1295.756793767,1295.75878621286
c,Preview,Sine,normal bandwidth,8,54.86,1295.07446541112,1295.07639878043
c,Preview,Sine,normal bandwidth,8,55.12,1294.34173922328,1294.34362437456
c,Preview,Sine,normal bandwidth,8,55.38,1293.5587403509,1293.56058882368
c,Preview,Sine,normal bandwidth,8,55.64,1292.72560252785,1292.72739404968
c,Preview,Sine,normal bandwidth,8,55.9,1291.84246805155,1291.84423124464
c,Preview,Sine,normal bandwidth,8,56.16,1290.90948775873,1290.91119056733
c,Preview,Sine,normal bandwidth,8,56.42,1289.92682099961,1289.92847425683
c,Preview,Sine,normal bandwidth,8,56.68,1288.89463561072,1288.89625079176
c,Preview,Sine,normal bandwidth,8,56.94,1287.81310788623,1287.81466494093
c,Preview,Sine,normal bandwidth,8,57.2,1286.68242254782,1286.68394984772
c,Preview,Sine,normal bandwidth,8,57.46,1285.50277271314,1285.50423857837
c,Preview,Sine,normal bandwidth,8,57.72,1284.27435986285,1284.27577505485
c,Preview,Sine,normal bandwidth,8,57.98,1282.99739380617,1282.99876968684
c,Preview,Sine,normal bandwidth,8,58.24,1281.67209264506,1281.67340947211
c,Preview,Sine,normal bandwidth,8,58.5,1280.29868273698,1280.29996851018
c,Preview,Sine,normal bandwidth,8,58.76,1278.87739865622,1278.87862220679
c,Preview,Sine,normal bandwidth,8,59.02,1277.40848315382,1277.40965512561
c,Preview,Sine,normal bandwidth,8,59.28,1275.89218711613,1275.89331870925
c,Preview,Sine,normal bandwidth,8,59.54,1274.32876952197,1274.32984138626
c,Preview,Sine,normal bandwidth,8,59.8,1272.71849739836,1272.71953704229
c,Preview,Sine,normal bandwidth,8,60.06,1271.06164577495,1271.06262267389
c,Preview,Sine,normal bandwidth,8,60.32,1269.358497637,1269.35942227178
c,Preview,Sine,normal bandwidth,8,60.58,1267.6093438771,1267.61022723821
c,Preview,Sine,normal bandwidth,8,60.84,1265.81448324546,1265.81530645748
c,Preview,Sine,normal bandwidth,8,61.1,1263.97422229888,1263.97501226157
c,Preview,Sine,normal bandwidth,8,61.36,1262.08887534841,1262.08960231158
c,Preview,Sine,normal bandwidth,8,61.62,1260.15876440562,1260.15943864234
c,Preview,Sine,normal bandwidth,8,61.88,1258.18421912768,1258.18485137191
c,Preview,Sine,normal bandwidth,8,62.14,1256.16557676098,1256.1661486926
c,Preview,Sine,normal bandwidth,8,62.4,1254.10318208358,1254.10371987881
c,Preview,Sine,normal bandwidth,8,62.66,1251.99738734627,1251.99786215638
c,Preview,Sine,normal bandwidth,8,62.92,1249.84855221249,1249.8489740589
c,Preview,Sine,normal bandwidth,8,63.18,1247.65704369681,1247.65742301116
c,Preview,Sine,normal bandwidth,8,63.44,1245.4232361023,1245.42355519796
c,Preview,Sine,normal bandwidth,8,63.7,1243.14751095659,1243.14779517453
c,Preview,Sine,normal bandwidth,8,63.96,1240.83025694668,1240.83047846272
c,Preview,Sine,normal bandwidth,8,64.22,1238.47186985261,1238.47203839379
c,Preview,Sine,normal bandwidth,8,64.48,1236.0727524798,1236.07287813089
c,Preview,Sine,normal bandwidth,8,64.74,1233.63331459029,1233.63338037366
c,Preview,Sine,normal bandwidth,8,65,1231.15397283274,1231.15400314593
c,Preview,Sine,normal bandwidth,8,65.26,1228.63515067127,1228.63511883342
c,Preview,Sine,normal bandwidth,8,65.52,1226.07727831313,1226.07719371538
c,Preview,Sine,normal bandwidth,8,65.78,1223.48079263524,1223.48066497245
c,Preview,Sine,normal bandwidth,8,66.04,1220.84613710956,1220.84595018556
c,Preview,Sine,normal bandwidth,8,66.3,1218.17376172732,1218.17353889208
c,Preview,Sine,normal bandwidth,8,66.56,1215.46412292221,1215.46383875209
c,Preview,Sine,normal bandwidth,8,66.82,1212.7176834924,1212.71734700254
c,Preview,Sine,normal bandwidth,8,67.08,1209.93491252148,1209.93453297545
c,Preview,Sine,normal bandwidth,8,67.34,1207.11628529838,1207.11584735061
c,Preview,Sine,normal bandwidth,8,67.6,1204.26228323616,1204.26180908937
c,Preview,Sine,normal bandwidth,8,67.86,1201.37339378979,1201.37285938609
c,Preview,Sine,normal bandwidth,8,68.12,1198.45011037291,1198.44952431295
c,Preview,Sine,normal bandwidth,8,68.38,1195.49293227353,1195.49230335006
c,Preview,Sine,normal bandwidth,8,68.64,1192.50236456881,1192.50167835233
c,Preview,Sine,normal bandwidth,8,68.9,1189.4789180387,1189.47819548995
c,Preview,Sine,normal bandwidth,8,69.16,1186.42310907879,1186.4223276083
c,Preview,Sine,normal bandwidth,8,69.42,1183.33545961207,1183.33462736931
c,Preview,Sine,normal bandwidth,8,69.68,1180.2164969998,1180.21562226913
c,Preview,Sine,normal bandwidth,8,69.94,1177.0667539514,1177.06582328104
c,Preview,Sine,normal bandwidth,8,70.2,1173.88676843353,1173.88580145273
c,Preview,Sine,normal bandwidth,8,70.46,1170.67708357816,1170.67605926229
c,Preview,Sine,normal bandwidth,8,70.72,1167.43824758982,1167.43717360237
c,Preview,Sine,normal bandwidth,8,70.98,1164.17081365196,1164.16969773357
c,Preview,Sine,normal bandwidth,8,71.24,1160.87533983247,1160.87416956648
c,Preview,Sine,normal bandwidth,8,71.5,1157.55238898839,1157.55118258876
c,Preview,Sine,normal bandwidth,8,71.76,1154.20252866973,1154.20126676644
c,Preview,Sine,normal bandwidth,8,72.02,1150.82633102257,1150.82502076042
c,Preview,Sine,normal bandwidth,8,72.28,1147.42437269131,1147.42302123419
c,Preview,Sine,normal bandwidth,8,72.54,1143.99723472023,1143.99583073956
c,Preview,Sine,normal bandwidth,8,72.8,1140.54550245418,1140.54406267092
c,Preview,Sine,normal bandwidth,8,73.06,1137.06976543866,1137.06827222007
c,Preview,Sine,normal bandwidth,8,73.32,1133.57061731912,1133.56907726081
c,Preview,Sine,normal bandwidth,8,73.58,1130.04865573953,1130.04707539804
c,Preview,Sine,normal bandwidth,8,73.84,1126.50448224035,1126.50285142357
c,Preview,Sine,normal bandwidth,8,74.1,1122.93870215576,1122.93703602026
c,Preview,Sine,normal bandwidth,8,74.36,1119.35192451029,1119.35020723586
c,Preview,Sine,normal bandwidth,8,74.62,1115.74476191478,1115.7429995197
c,Preview,Sine,normal bandwidth,8,74.88,1112.11783046175,1112.11602886723
c,Preview,Sine,normal bandwidth,8,75.14,1108.47174962021,1108.46989981411
c,Preview,Sine,normal bandwidth,8,75.4,1104.8071421298,1104.80525763961
c,Preview,Sine,normal bandwidth,8,75.66,1101.12463389447,1101.12270078005
c,Preview,Sine,normal bandwidth,8,75.92,1097.42485387556,1097.42287755217
c,Preview,Sine,normal bandwidth,8,76.18,1093.70843398438,1093.7064197126
c,Preview,Sine,normal bandwidth,8,76.44,1089.97600897428,1089.97394896041
c,Preview,Sine,normal bandwidth,8,76.7,1086.22821633223,1086.22612241695
c,Preview,Sine,normal bandwidth,8,76.96,1082.46569616996,1082.4635563527
c,Preview,Sine,normal bandwidth,8,77.22,1078.6890911146,1078.68691018447
c,Preview,Sine,normal bandwidth,8,77.48,1074.89904619895,1074.89682873347
c,Preview,Sine,normal bandwidth,8,77.74,1071.09620875128,1071.09394820847
c,Preview,Sine,normal bandwidth,8,78,1067.28122828481,1067.27893476797
c,Preview,Sine,normal bandwidth,8,78.26,1063.45475638674,1063.45241988609
c,Preview,Sine,normal bandwidth,8,78.52,1059.61744660696,1059.61507126504
c,Preview,Sine,normal bandwidth,8,78.78,1055.76995434646,1055.76754403819
c,Preview,Sine,normal bandwidth,8,79.04,1051.91293674536,1051.91048620836
c,Preview,Sine,normal bandwidth,8,79.3,1048.04705257065,1048.04457012776
c,Preview,Sine,normal bandwidth,8,79.56,1044.17296210376,1044.17043977871
c,Preview,Sine,normal bandwidth,8,79.82,1040.29132702768,1040.28876829874
c,Preview,Sine,normal bandwidth,8,80.08,1036.40281031403,1036.40021833699
c,Preview,Sine,normal bandwidth,8,80.34,1032.50807610977,1032.50544692434
c,Preview,Sine,normal bandwidth,8,80.6,1028.6077896238,1028.60512973679
c,Preview,Sine,normal bandwidth,8,80.86,1024.70261701333,1024.69992051606
c,Preview,Sine,normal bandwidth,8,81.12,1020.79322527011,1020.79049496172
c,Preview,Sine,normal bandwidth,8,81.38,1016.88028210649,1016.87752041017
c,Preview,Sine,normal bandwidth,8,81.64,1012.96445584142,1012.96166011587
c,Preview,Sine,normal bandwidth,8,81.9,1009.04641528626,1009.0435901945
c,Preview,Sine,normal bandwidth,8,82.16,1005.12682963054,1005.12397135667
c,Preview,Sine,normal bandwidth,8,82.42,1001.20636832774,1001.20347897985
c,Preview,Sine,normal bandwidth,8,82.68,997.285700980845,997.28278223916
c,Preview,Sine,normal bandwidth,8,82.94,993.365497228069,993.362547781572
c,Preview,Sine,normal bandwidth,8,83.2,989.446426628429,989.443449276437
c,Preview,Sine,normal bandwidth,8,83.46,985.529158547406,985.5261515831
c,Preview,Sine,normal bandwidth,8,83.72,981.614362042617,981.611326874026
c,Preview,Sine,normal bandwidth,8,83.98,977.70270574954,977.699643306763
c,Preview,Sine,normal bandwidth,8,84.24,973.794857767316,973.7917680752
c,Preview,Sine,normal bandwidth,8,84.5,969.891485544636,969.888369526856
c,Preview,Sine,normal bandwidth,8,84.76,965.993255765746,965.990113831846
c,Preview,Sine,normal bandwidth,8,85.02,962.100834236577,962.097667088517
c,Preview,Sine,normal bandwidth,8,85.28,958.21488577103,958.211693584812
c,Preview,Sine,normal bandwidth,8,85.54,954.336074077425,954.332858213654
c,Preview,Sine,normal bandwidth,8,85.8,950.465061645143,950.461821147909
c,Preview,Sine,normal bandwidth,8,86.06,946.602509631474,946.599247024936
c,Preview,Sine,normal bandwidth,8,86.32,942.749077748696,942.745793025746
c,Preview,Sine,normal bandwidth,8,86.58,938.905424151393,938.902116733189
c,Preview,Sine,normal bandwidth,8,86.84,935.07220532405,935.068877901146
c,Preview,Sine,normal bandwidth,8,87.1,931.250075968923,931.246725709905
c,Preview,Sine,normal bandwidth,8,87.36,927.43968889422,927.436320427087
c,Preview,Sine,normal bandwidth,8,87.62,923.641694902604,923.638307511211
c,Preview,Sine,normal bandwidth,8,87.88,919.856742680033,919.853335033162
c,Preview,Sine,normal bandwidth,8,88.14,916.085478684975,916.082054791646
c,Preview,Sine,normal bandwidth,8,88.4,912.328547037985,912.325102203366
c,Preview,Sine,normal bandwidth,8,88.66,908.5865894117,908.583130347875
c,Preview,Sine,normal bandwidth,8,88.92,904.860244921237,904.856770206084
c,Preview,Sine,normal bandwidth,8,89.18,901.150150015037,901.146657570641
c,Preview,Sine,normal bandwidth,8,89.44,897.456938366161,897.453433502898
c,Preview,Sine,normal bandwidth,8,89.7,893.781240764059,893.777716943717
c,Preview,Sine,normal bandwidth,8,89.96,890.123685006837,890.120150996935
c,Preview,Sine,normal bandwidth,8,90.22,886.484895794027,886.481349472535
c,Preview,Sine,normal bandwidth,8,90.48,882.865494619891,882.861933171069
c,Preview,Sine,normal bandwidth,8,90.74,879.266099667273,879.262529680184
c,Preview,Sine,normal bandwidth,8,91,875.687325702015,875.683738822974
c,Preview,Sine,normal bandwidth,8,91.26,872.129783967954,872.126190982493
c,Preview,Sine,normal bandwidth,8,91.52,868.59408208253,868.590480177767
c,Preview,Sine,normal bandwidth,8,91.78,865.080823932997,865.077209567388
c,Preview,Sine,normal bandwidth,8,92.04,861.590609573291,861.58699058646
c,Preview,Sine,normal bandwidth,8,92.3,858.124035121537,858.120401379986
c,Preview,Sine,normal bandwidth,8,92.56,854.681692658231,854.678056919465
c,Preview,Sine,normal bandwidth,8,92.82,851.264170125124,851.260528897418
c,Preview,Sine,normal bandwidth,8,93.08,847.872051224794,847.868400255913
c,Preview,Sine,normal bandwidth,8,93.34,844.505915320954,844.502263667622
c,Preview,Sine,normal bandwidth,8,93.6,841.166337339503,841.162673131661
c,Preview,Sine,normal bandwidth,8,93.86,837.853887670323,837.850225582996
c,Preview,Sine,normal bandwidth,8,94.12,834.569132069864,834.565467947387
c,Preview,Sine,normal bandwidth,8,94.38,831.312631564511,831.308960462112
c,Preview,Sine,normal bandwidth,8,94.64,828.084942354764,828.081274507605
c,Preview,Sine,normal bandwidth,8,94.9,824.886615720241,824.882937572374
c,Preview,Sine,normal bandwidth,8,95.16,821.71819792552,821.714526006846
c,Preview,Sine,normal bandwidth,8,95.42,818.580230126839,818.576559635493
c,Preview,Sine,normal bandwidth,8,95.68,815.473248279668,815.469573599445
c,Preview,Sine,normal bandwidth,8,95.94,812.397783047169,812.394115547983
c,Preview,Sine,normal bandwidth,8,96.2,809.354359709563,809.350684207436
c,Preview,Sine,normal bandwidth,8,96.46,806.343498074409,806.339832883565
c,Preview,Sine,normal bandwidth,8,96.72,803.365712387827,803.362052080695
c,Preview,Sine,normal bandwidth,8,96.98,800.421511246663,800.41784955958
c,Preview,Sine,normal bandwidth,8,97.24,797.511397511625,797.507746900725
c,Preview,Sine,normal bandwidth,8,97.5,794.635868221393,794.63221193948
c,Preview,Sine,normal bandwidth,8,97.76,791.79541450773,791.791772575176
c,Preview,Sine,normal bandwidth,8,98.02,788.990521511594,788.986887898291
c,Preview,Sine,normal bandwidth,8,98.28,786.221668300278,786.218036121841
c,Preview,Sine,normal bandwidth,8,98.54,783.489327785592,783.485710531203
c,Preview,Sine,normal bandwidth,8,98.8,780.793966643084,780.790346073817
c,Preview,Sine,normal bandwidth,8,99.06,778.136045232337,778.132442989256
c,Preview,Sine,normal bandwidth,8,99.32,775.516017518341,775.51242699454
c,Preview,Sine,normal bandwidth,8,99.58,772.934330993956,772.930744713712
c,Preview,Sine,normal bandwidth,8,99.84,770.391426603483,770.387859031452
c,Preview,Sine,normal bandwidth,8,100.1,767.887738667349,767.884170150724
c,Preview,Sine,normal bandwidth,8,100.36,765.42369480793,765.420148516092
c,Preview,Sine,normal bandwidth,8,100.62,762.999715876513,762.99618465396
c,Preview,Sine,normal bandwidth,8,100.88,760.616215881415,760.612691692996
c,Preview,Sine,normal bandwidth,8,101.14,758.273601917272,758.270100141375
c,Preview,Sine,normal bandwidth,8,101.4,755.97227409551,755.968773749334
c,Preview,Sine,normal bandwidth,8,101.66,753.712625476004,753.709151158352
c,Preview,Sine,normal bandwidth,8,101.92,751.495041999949,751.491586037264
c,Preview,Sine,normal bandwidth,8,102.18,749.319902423938,749.316456255941
c,Preview,Sine,normal bandwidth,8,102.44,747.187578255275,747.18415810844
c,Preview,Sine,normal bandwidth,8,102.7,745.098433688519,745.09501733962
c,Preview,Sine,normal bandwidth,8,102.96,743.052825543285,743.049438915543
c,Preview,Sine,normal bandwidth,8,103.22,741.051103203295,741.047738137856
c,Preview,Sine,normal bandwidth,8,103.48,739.093608556712,739.090256004704
c,Preview,Sine,normal bandwidth,8,103.74,737.180675937737,737.177352904464
c,Preview,Sine,normal bandwidth,8,104,735.312632069514,735.309315186178
c,Preview,Sine,normal bandwidth,8,104.26,733.489796008321,733.486512411913
c,Preview,Sine,normal bandwidth,8,104.52,731.712479089081,731.709220170272
c,Preview,Sine,normal bandwidth,8,104.78,729.980984872181,729.977741132135
c,Preview,Sine,normal bandwidth,8,105.04,728.295609091631,728.292398241891
c,Preview,Sine,normal bandwidth,8,105.3,726.65663960455,726.653437230498
c,Preview,Sine,normal bandwidth,8,105.56,725.064356342,725.061190678562
c,Preview,Sine,normal bandwidth,8,105.82,723.519031261178,723.5158932853
c,Preview,Sine,normal bandwidth,8,106.08,722.020928298964,722.01780810239
c,Preview,Sine,normal bandwidth,8,106.34,720.570303326841,720.567219251752
c,Preview,Sine,normal bandwidth,8,106.6,719.167404107196,719.164330797369
c,Preview,Sine,normal bandwidth,8,106.86,717.812470250999,717.809436918775
c,Preview,Sine,normal bandwidth,8,107.12,716.505733176882,716.502730423996
c,Preview,Sine,normal bandwidth,8,107.38,715.24741607161,715.24443362268
c,Preview,Sine,normal bandwidth,8,107.64,714.037733851963,714.034790601515
c,Preview,Sine,normal bandwidth,8,107.9,712.876893128029,712.873962886465
c,Preview,Sine,normal bandwidth,8,108.16,711.765092167915,711.762205000298
c,Preview,Sine,normal bandwidth,8,108.42,710.702520863884,710.699667036856
c,Preview,Sine,normal bandwidth,8,108.68,709.689360699922,709.686529614834
c,Preview,Sine,normal bandwidth,8,108.94,708.72578472074,708.722995743813
c,Preview,Sine,normal bandwidth,8,109.2,707.811957502219,707.809183722271
c,Preview,Sine,normal bandwidth,8,109.46,706.948035123303,706.945307329787
c,Preview,Sine,normal bandwidth,8,109.72,706.134165139338,706.131473305349
c,Preview,Sine,normal bandwidth,8,109.98,705.37048655687,705.367819805732
c,Preview,Sine,normal bandwidth,8,110.24,704.657129809908,704.654507896874
c,Preview,Sine,normal bandwidth,8,110.5,703.99421673764,703.991612144809
c,Preview,Sine,normal bandwidth,8,110.76,703.381860563625,703.379304673421
c,Preview,Sine,normal bandwidth,8,111.02,702.82016587646,702.817648411228
c,Preview,Sine,normal bandwidth,8,111.28,702.309228611907,702.306738463372
c,Preview,Sine,normal bandwidth,8,111.54,701.849136036518,701.846693264639
c,Preview,Sine,normal bandwidth,8,111.8,701.43996673272,701.43754333034
c,Preview,Sine,normal bandwidth,8,112.06,701.081790585402,701.079418393957
c,Preview,Sine,normal bandwidth,8,112.32,700.774668769972,700.77233730493
c,Preview,Sine,normal bandwidth,8,112.58,700.518653741915,700.516351710815
c,Preview,Sine,normal bandwidth,8,112.84,700.313789227827,700.31153690971
c,Preview,Sine,normal bandwidth,8,113.1,700.160110217953,700.157879235952
c,Preview,Sine,normal bandwidth,8,113.36,700.057642960204,700.055465478854
c,Preview,Sine,normal bandwidth,8,113.62,700.006404955681,700.004270328325
c,Preview,Sine,normal bandwidth,8,113.88,700.006404955681,700.004301753874
c,Preview,Sine,normal bandwidth,8,114.14,700.057642960204,700.055591595508
c,Preview,Sine,normal bandwidth,8,114.4,700.160110217953,700.158082064918
c,Preview,Sine,normal bandwidth,8,114.66,700.313789227827,700.311816636794
c,Preview,Sine,normal bandwidth,8,114.92,700.518653741915,700.516725949546
c,Preview,Sine,normal bandwidth,8,115.18,700.774668769972,700.772774260621
c,Preview,Sine,normal bandwidth,8,115.44,701.081790585402,701.079949816025
c,Preview,Sine,normal bandwidth,8,115.7,701.43996673272,701.438150951471
c,Preview,Sine,normal bandwidth,8,115.96,701.849136036518,701.847377641456
c,Preview,Sine,normal bandwidth,8,116.22,702.309228611907,702.307516768958
c,Preview,Sine,normal bandwidth,8,116.48,702.82016587646,702.818489031929
c,Preview,Sine,normal bandwidth,8,116.74,703.381860563625,703.380239132545
c,Preview,Sine,normal bandwidth,8,117,703.99421673764,703.992621964493
c,Preview,Sine,normal bandwidth,8,117.26,704.657129809908,704.655594002184
c,Preview,Sine,normal bandwidth,8,117.52,705.37048655687,705.368998856001
c,Preview,Sine,normal bandwidth,8,117.78,706.134165139338,706.132714002899
c,Preview,Sine,normal bandwidth,8,118.04,706.948035123303,706.94664083726
c,Preview,Sine,normal bandwidth,8,118.3,707.811957502219,707.810591430127
c,Preview,Sine,normal bandwidth,8,118.56,708.72578472074,708.724478941613
c,Preview,Sine,normal bandwidth,8,118.82,709.689360699922,709.688104377049
c,Preview,Sine,normal bandwidth,8,119.08,710.702520863884,710.701302515379
c,Preview,Sine,normal bandwidth,8,119.34,711.765092167915,711.763931864087
c,Preview,Sine,normal bandwidth,8,119.6,712.876893128029,712.875762473739
c,Preview,Sine,normal bandwidth,8,119.86,714.037733851963,714.036664560823
c,Preview,Sine,normal bandwidth,8,120.12,715.24741607161,715.246397375022
c,Preview,Sine,normal bandwidth,8,120.38,716.505733176882,716.504753702507
c,Preview,Sine,normal bandwidth,8,120.64,717.812470250999,717.811549767822
c,Preview,Sine,normal bandwidth,8,120.9,719.167404107195,719.166514582585
c,Preview,Sine,normal bandwidth,8,121.16,720.570303326841,720.569475973637
c,Preview,Sine,normal bandwidth,8,121.42,722.020928298963,722.020152462648
c,Preview,Sine,normal bandwidth,8,121.68,723.519031261178,723.518295727503
c,Preview,Sine,normal bandwidth,8,121.94,725.064356342,725.06368049424
c,Preview,Sine,normal bandwidth,8,122.2,726.65663960455,726.65599589224
c,Preview,Sine,normal bandwidth,8,122.46,728.295609091631,728.29502809361
c,Preview,Sine,normal bandwidth,8,122.72,729.980984872181,729.980456093486
c,Preview,Sine,normal bandwidth,8,122.98,731.712479089081,731.711991521422
c,Preview,Sine,normal bandwidth,8,123.24,733.489796008321,733.489368566528
c,Preview,Sine,normal bandwidth,8,123.5,735.312632069514,735.312237802885
c,Preview,Sine,normal bandwidth,8,123.76,737.180675937737,737.180344660584
c,Preview,Sine,normal bandwidth,8,124.02,739.093608556712,739.093329978427
c,Preview,Sine,normal bandwidth,8,124.28,741.051103203295,741.050866568534
c,Preview,Sine,normal bandwidth,8,124.54,743.052825543285,743.052649217694
c,Preview,Sine,normal bandwidth,8,124.8,745.098433688519,745.0982914362
c,Preview,Sine,normal bandwidth,8,125.06,747.187578255275,747.187498998751
c,Preview,Sine,normal bandwidth,8,125.32,749.319902423938,749.319876120881
c,Preview,Sine,normal bandwidth,8,125.58,751.495041999949,751.495058193869
c,Preview,Sine,normal bandwidth,8,125.84,753.712625476004,753.712701904973
c,Preview,Sine,normal bandwidth,8,126.1,755.972274095509,755.972385350416
c,Preview,Sine,normal bandwidth,8,126.36,758.273601917272,758.273775905397
c,Preview,Sine,normal bandwidth,8,126.62,760.616215881415,760.616442851575
c,Preview,Sine,normal bandwidth,8,126.88,762.999715876513,762.999985715707
c,Preview,Sine,normal bandwidth,8,127.14,765.42369480793,765.424024550939
c,Preview,Sine,normal bandwidth,8,127.4,767.887738667349,767.888103840309
c,Preview,Sine,normal bandwidth,8,127.66,770.391426603483,770.391853979311
c,Preview,Sine,normal bandwidth,8,127.92,772.934330993956,772.934811154235
c,Preview,Sine,normal bandwidth,8,128.18,775.516017518341,775.516540736725
c,Preview,Sine,normal bandwidth,8,128.44,778.136045232337,778.136627767605
c,Preview,Sine,normal bandwidth,8,128.7,780.793966643084,780.794585061085
c,Preview,Sine,normal bandwidth,8,128.96,783.489327785592,783.490007610599
c,Preview,Sine,normal bandwidth,8,129.22,786.221668300278,786.222400486843
c,Preview,Sine,normal bandwidth,8,129.48,788.990521511593,788.991296761544
c,Preview,Sine,normal bandwidth,8,129.74,791.79541450773,791.796248234441
c,Preview,Sine,normal bandwidth,8,130,794.635868221393,794.636738130454
c,Preview,Sine,normal bandwidth,8,130.26,797.511397511624,797.512327769716
c,Preview,Sine,normal bandwidth,8,130.52,800.421511246663,800.422493219916
c,Preview,Sine,normal bandwidth,8,130.78,803.365712387826,803.366737245931
c,Preview,Sine,normal bandwidth,8,131.04,806.343498074409,806.344580319544
c,Preview,Sine,normal bandwidth,8,131.3,809.354359709563,809.355478282222
c,Preview,Sine,normal bandwidth,8,131.56,812.397783047169,812.398960653286
c,Preview,Sine,normal bandwidth,8,131.82,815.473248279668,815.474476733806
c,Preview,Sine,normal bandwidth,8,132.08,818.580230126839,818.58150110424
c,Preview,Sine,normal bandwidth,8,132.34,821.71819792552,821.719524955269
c,Preview,Sine,normal bandwidth,8,132.6,824.886615720241,824.887979067625
c,Preview,Sine,normal bandwidth,8,132.86,828.084942354764,828.086363168049
c,Preview,Sine,normal bandwidth,8,133.12,831.312631564511,831.314102141634
c,Preview,Sine,normal bandwidth,8,133.38,834.569132069864,834.570644627153
c,Preview,Sine,normal bandwidth,8,133.64,837.853887670323,837.855454706018
c,Preview,Sine,normal bandwidth,8,133.9,841.166337339503,841.167940527924
c,Preview,Sine,normal bandwidth,8,134.16,844.505915320954,844.50757416243
c,Preview,Sine,normal bandwidth,8,134.42,847.872051224793,847.873758533508
c,Preview,Sine,normal bandwidth,8,134.68,851.264170125124,851.265918691717
c,Preview,Sine,normal bandwidth,8,134.94,854.681692658231,854.683493896749
c,Preview,Sine,normal bandwidth,8,135.2,858.124035121536,858.125872193555
c,Preview,Sine,normal bandwidth,8,135.46,861.590609573291,861.592500247964
c,Preview,Sine,normal bandwidth,8,135.72,865.080823932997,865.082761571429
c,Preview,Sine,normal bandwidth,8,135.98,868.59408208253,868.596060080445
c,Preview,Sine,normal bandwidth,8,136.24,872.129783967954,872.131812606486
c,Preview,Sine,normal bandwidth,8,136.5,875.687325702015,875.689389701866
c,Preview,Sine,normal bandwidth,8,136.76,879.266099667273,879.268214990577
c,Preview,Sine,normal bandwidth,8,137.02,882.865494619892,882.867655203012
c,Preview,Sine,normal bandwidth,8,137.28,886.484895794027,886.487095665963
c,Preview,Sine,normal bandwidth,8,137.54,890.123685006837,890.125933271922
c,Preview,Sine,normal bandwidth,8,137.8,893.781240764059,893.783523767345
c,Preview,Sine,normal bandwidth,8,138.06,897.45693836616,897.459270194625
c,Preview,Sine,normal bandwidth,8,138.32,901.150150015037,901.152525206186
c,Preview,Sine,normal bandwidth,8,138.58,904.860244921237,904.862658162829
c,Preview,Sine,normal bandwidth,8,138.84,908.5865894117,908.58904859241
c,Preview,Sine,normal bandwidth,8,139.1,912.328547037985,912.331040185498
c,Preview,Sine,normal bandwidth,8,139.36,916.085478684974,916.088017950984
c,Preview,Sine,normal bandwidth,8,139.62,919.856742680033,919.859323226502
c,Preview,Sine,normal bandwidth,8,139.88,923.641694902604,923.644312098727
c,Preview,Sine,normal bandwidth,8,140.14,927.439688894221,927.44234937934
c,Preview,Sine,normal bandwidth,8,140.4,931.250075968923,931.252769504463
c,Preview,Sine,normal bandwidth,8,140.66,935.07220532405,935.074942074549
c,Preview,Sine,normal bandwidth,8,140.92,938.905424151393,938.908199923921
c,Preview,Sine,normal bandwidth,8,141.18,942.749077748696,942.751888613652
c,Preview,Sine,normal bandwidth,8,141.44,946.602509631474,946.605360950529
c,Preview,Sine,normal bandwidth,8,141.7,950.465061645142,950.467944957159
c,Preview,Sine,normal bandwidth,8,141.96,954.336074077425,954.3389975164
c,Preview,Sine,normal bandwidth,8,142.22,958.21488577103,958.217845807042
c,Preview,Sine,normal bandwidth,8,142.48,962.100834236577,962.103827657999
c,Preview,Sine,normal bandwidth,8,142.74,965.993255765745,965.996286633691
c,Preview,Sine,normal bandwidth,8,143,969.891485544635,969.894547211523
c,Preview,Sine,normal bandwidth,8,143.26,973.794857767315,973.797956301883
c,Preview,Sine,normal bandwidth,8,143.52,977.70270574954,977.705838299937
c,Preview,Sine,normal bandwidth,8,143.78,981.614362042617,981.617526128903
c,Preview,Sine,normal bandwidth,8,144.04,985.529158547405,985.532356912799
c,Preview,Sine,normal bandwidth,8,144.3,989.446426628429,989.449654467281
c,Preview,Sine,normal bandwidth,8,144.56,993.365497228069,993.368758517953
c,Preview,Sine,normal bandwidth,8,144.82,997.285700980845,997.288993560157
c,Preview,Sine,normal bandwidth,8,145.08,1001.20636832774,1001.20969045881
c,Preview,Sine,normal bandwidth,8,145.34,1005.12682963054,1005.13018272699
c,Preview,Sine,normal bandwidth,8,145.6,1009.04641528626,1009.04979640487
c,Preview,Sine,normal bandwidth,8,145.86,1012.96445584142,1012.96786685163
c,Preview,Sine,normal bandwidth,8,146.12,1016.88028210649,1016.88372154617
c,Preview,Sine,normal bandwidth,8,146.38,1020.79322527011,1020.79669215127
c,Preview,Sine,normal bandwidth,8,146.64,1024.70261701333,1024.70611141395
c,Preview,Sine,normal bandwidth,8,146.9,1028.6077896238,1028.61131047569
c,Preview,Sine,normal bandwidth,8,147.16,1032.50807610977,1032.51162316624
c,Preview,Sine,normal bandwidth,8,147.42,1036.40281031403,1036.40638281866
c,Preview,Sine,normal bandwidth,8,147.68,1040.29132702768,1040.29492474639
c,Preview,Sine,normal bandwidth,8,147.94,1044.17296210376,1044.17658377856
c,Preview,Sine,normal bandwidth,8,148.2,1048.04705257065,1048.05069901291
c,Preview,Sine,normal bandwidth,8,148.46,1051.91293674536,1051.91660559331
c,Preview,Sine,normal bandwidth,8,148.72,1055.76995434646,1055.77364555264
c,Preview,Sine,normal bandwidth,8,148.98,1059.61744660696,1059.62116069219
c,Preview,Sine,normal bandwidth,8,149.24,1063.45475638674,1063.45849076243
c,Preview,Sine,normal bandwidth,8,149.5,1067.28122828481,1067.28498563843
c,Preview,Sine,normal bandwidth,8,149.76,1071.09620875128,1071.09998461608
c,Preview,Sine,normal bandwidth,8,150.02,1074.89904619895,1074.9028412366
c,Preview,Sine,normal bandwidth,8,150.28,1078.6890911146,1078.69290659861
c,Preview,Sine,normal bandwidth,8,150.54,1082.46569616996,1082.46952819219
c,Preview,Sine,normal bandwidth,8,150.8,1086.22821633223,1086.23206944479
c,Preview,Sine,normal bandwidth,8,151.06,1089.97600897428,1089.97987662449
c,Preview,Sine,normal bandwidth,8,151.32,1093.70843398438,1093.71231754023
c,Preview,Sine,normal bandwidth,8,151.58,1097.42485387556,1097.42875535781
c,Preview,Sine,normal bandwidth,8,151.84,1101.12463389447,1101.1285480921
c,Preview,Sine,normal bandwidth,8,152.1,1104.8071421298,1104.81107544013
c,Preview,Sine,normal bandwidth,8,152.36,1108.47174962021,1108.4756934326
c,Preview,Sine,normal bandwidth,8,152.62,1112.11783046175,1112.12178684469
c,Preview,Sine,normal bandwidth,8,152.88,1115.74476191478,1115.74873362763
c,Preview,Sine,normal bandwidth,8,153.14,1119.35192451029,1119.35590506142
c,Preview,Sine,normal bandwidth,8,153.4,1122.93870215576,1122.94269976038
c,Preview,Sine,normal bandwidth,8,153.66,1126.50448224035,1126.50848626662
c,Preview,Sine,normal bandwidth,8,153.92,1130.04865573953,1130.05266894758
c,Preview,Sine,normal bandwidth,8,154.18,1133.57061731912,1133.57464319517
c,Preview,Sine,normal bandwidth,8,154.44,1137.06976543866,1137.07379623816
c,Preview,Sine,normal bandwidth,8,154.7,1140.54550245418,1140.54954817515
c,Preview,Sine,normal bandwidth,8,154.96,1143.99723472023,1144.00128275503
c,Preview,Sine,normal bandwidth,8,155.22,1147.42437269131,1147.42842647995
c,Preview,Sine,normal bandwidth,8,155.48,1150.82633102257,1150.83039476321
c,Preview,Sine,normal bandwidth,8,155.74,1154.20252866973,1154.20659339797
c,Preview,Sine,normal bandwidth,8,156,1157.55238898839,1157.55646644241
c,Preview,Sine,normal bandwidth,8,156.26,1160.87533983247,1160.87941548263
c,Preview,Sine,normal bandwidth,8,156.52,1164.17081365196,1164.17489160344
c,Preview,Sine,normal bandwidth,8,156.78,1167.43824758982,1167.44233273483
c,Preview,Sine,normal bandwidth,8,157.04,1170.67708357816,1170.68116577071
c,Preview,Sine,normal bandwidth,8,157.3,1173.88676843353,1173.89086110184
c,Preview,Sine,normal bandwidth,8,157.56,1177.0667539514,1177.07084070585
c,Preview,Sine,normal bandwidth,8,157.82,1180.2164969998,1180.22058259324
c,Preview,Sine,normal bandwidth,8,158.08,1183.33545961207,1183.33954960987
c,Preview,Sine,normal bandwidth,8,158.34,1186.42310907879,1186.42719219666
c,Preview,Sine,normal bandwidth,8,158.6,1189.4789180387,1189.4830093376
c,Preview,Sine,normal bandwidth,8,158.86,1192.50236456881,1192.50644586909
c,Preview,Sine,normal bandwidth,8,159.12,1195.49293227353,1195.49700895543
c,Preview,Sine,normal bandwidth,8,159.38,1198.45011037291,1198.45418865119
c,Preview,Sine,normal bandwidth,8,159.64,1201.37339378979,1201.37746129005
c,Preview,Sine,normal bandwidth,8,159.9,1204.26228323616,1204.2663565878
c,Preview,Sine,normal bandwidth,8,160.16,1207.11628529838,1207.12034460933
c,Preview,Sine,normal bandwidth,8,160.42,1209.93491252148,1209.93896377637
c,Preview,Sine,normal bandwidth,8,160.68,1212.7176834924,1212.72173352888
c,Preview,Sine,normal bandwidth,8,160.94,1215.46412292221,1215.46815832858
c,Preview,Sine,normal bandwidth,8,161.2,1218.17376172732,1218.17780063044
c,Preview,Sine,normal bandwidth,8,161.46,1220.84613710956,1220.85015798984
c,Preview,Sine,normal bandwidth,8,161.72,1223.48079263524,1223.48480205619
c,Preview,Sine,normal bandwidth,8,161.98,1226.07727831313,1226.08128370609
c,Preview,Sine,normal bandwidth,8,162.24,1228.63515067127,1228.63913764447
c,Preview,Sine,normal bandwidth,8,162.5,1231.15397283274,1231.15796093313
c,Preview,Sine,normal bandwidth,8,162.76,1233.63331459029,1233.63728076263
c,Preview,Sine,normal bandwidth,8,163.02,1236.0727524798,1236.07670383845
c,Preview,Sine,normal bandwidth,8,163.28,1238.47186985261,1238.47581439087
c,Preview,Sine,normal bandwidth,8,163.54,1240.83025694668,1240.83417935417
c,Preview,Sine,normal bandwidth,8,163.8,1243.14751095659,1243.1514321169
c,Preview,Sine,normal bandwidth,8,164.06,1245.4232361023,1245.42713152295
c,Preview,Sine,normal bandwidth,8,164.32,1247.65704369681,1247.66092101263
c,Preview,Sine,normal bandwidth,8,164.58,1249.84855221249,1249.85241994464
c,Preview,Sine,normal bandwidth,8,164.84,1251.99738734627,1252.0012293311
c,Preview,Sine,normal bandwidth,8,165.1,1254.10318208358,1254.10702045219
c,Preview,Sine,normal bandwidth,8,165.36,1256.16557676098,1256.16938568818
c,Preview,Sine,normal bandwidth,8,165.62,1258.18421912768,1258.1880067362
c,Preview,Sine,normal bandwidth,8,165.88,1260.15876440562,1260.16253970809
c,Preview,Sine,normal bandwidth,8,166.14,1262.08887534841,1262.0926213969
c,Preview,Sine,normal bandwidth,8,166.4,1263.97422229888,1263.97796237756
c,Preview,Sine,normal bandwidth,8,166.66,1265.81448324546,1265.81819030665
c,Preview,Sine,normal bandwidth,8,166.92,1267.6093438771,1267.61302649675
c,Preview,Sine,normal bandwidth,8,167.18,1269.358497637,1269.36216528075
c,Preview,Sine,normal bandwidth,8,167.44,1271.06164577495,1271.06528078294
c,Preview,Sine,normal bandwidth,8,167.7,1272.71849739836,1272.72212410842
c,Preview,Sine,normal bandwidth,8,167.96,1274.32876952197,1274.33235977939
c,Preview,Sine,normal bandwidth,8,168.22,1275.89218711613,1275.89574991349
c,Preview,Sine,normal bandwidth,8,168.48,1277.40848315382,1277.41202836936
c,Preview,Sine,normal bandwidth,8,168.74,1278.87739865622,1278.88090799353
c,Preview,Sine,normal bandwidth,8,169,1280.29868273698,1280.30218148364
c,Preview,Sine,normal bandwidth,8,169.26,1281.67209264506,1281.67555165954
c,Preview,Sine,normal bandwidth,8,169.52,1282.99739380617,1283.00082245928
c,Preview,Sine,normal bandwidth,8,169.78,1284.27435986285,1284.27776840326
c,Preview,Sine,normal bandwidth,8,170.04,1285.50277271314,1285.50614228599
c,Preview,Sine,normal bandwidth,8,170.3,1286.68242254782,1286.68577928251
c,Preview,Sine,normal bandwidth,8,170.56,1287.81310788623,1287.8164217788
c,Preview,Sine,normal bandwidth,8,170.82,1288.89463561072,1288.8979163702
c,Preview,Sine,normal bandwidth,8,171.08,1289.92682099961,1289.93007920137
c,Preview,Sine,normal bandwidth,8,171.34,1290.90948775873,1290.91270406992
c,Preview,Sine,normal bandwidth,8,171.6,1291.84246805155,1291.84566933189
c,Preview,Sine,normal bandwidth,8,171.86,1292.72560252785,1292.72875803898
c,Preview,Sine,normal bandwidth,8,172.12,1293.5587403509,1293.56186009865
c,Preview,Sine,normal bandwidth,8,172.38,1294.34173922328,1294.34483406457
c,Preview,Sine,normal bandwidth,8,172.64,1295.07446541112,1295.07751561765
c,Preview,Sine,normal bandwidth,8,172.9,1295.756793767,1295.75982681414
c,Preview,Sine,normal bandwidth,8,173.16,1296.38860775128,1296.39159229749
c,Preview,Sine,normal bandwidth,8,173.42,1296.96979945203,1296.97274575723
c,Preview,Sine,normal bandwidth,8,173.68,1297.50026960346,1297.50318875978
c,Preview,Sine,normal bandwidth,8,173.94,1297.97992760286,1297.98279957075
c,Preview,Sine,normal bandwidth,8,174.2,1298.40869152609,1298.41154427929
c,Preview,Sine,normal bandwidth,8,174.46,1298.78648814155,1298.78928986913
c,Preview,Sine,normal bandwidth,8,174.72,1299.11325292272,1299.11601409488
c,Preview,Sine,normal bandwidth,8,174.98,1299.38893005916,1299.39166195589
c,Preview,Sine,normal bandwidth,8,175.24,1299.61347246603,1299.61615482209
c,Preview,Sine,normal bandwidth,8,175.5,1299.78684179218,1299.78950296027
c,Preview,Sine,normal bandwidth,8,175.76,1299.90900842663,1299.91161626222
c,Preview,Sine,normal bandwidth,8,176.02,1299.97995150371,1299.98251664257
c,Preview,Sine,normal bandwidth,8,176.28,1299.99965890654,1300.0021927684
c,Preview,Sine,normal bandwidth,8,176.54,1299.96812726915,1299.97060944955
c,Preview,Sine,normal bandwidth,8,176.8,1299.88536197706,1299.88782108665
c,Preview,Sine,normal bandwidth,8,177.06,1299.75137716633,1299.75378086418
c,Preview,Sine,normal bandwidth,8,177.32,1299.56619572117,1299.56855476325
c,Preview,Sine,normal bandwidth,8,177.58,1299.32984927,1299.332175167
c,Preview,Sine,normal bandwidth,8,177.84,1299.04237818009,1299.04465047544
c,Preview,Sine,normal bandwidth,8,178.1,1298.70383155064,1298.70607899082
c,Preview,Sine,normal bandwidth,8,178.36,1298.3142672044,1298.31645739011
c,Preview,Sine,normal bandwidth,8,178.62,1297.87375167778,1297.8758954393
c,Preview,Sine,normal bandwidth,8,178.88,1297.38236020952,1297.38446909936
c,Preview,Sine,normal bandwidth,8,179.14,1296.8401767278,1296.8422303246
c,Preview,Sine,normal bandwidth,8,179.4,1296.24729383592,1296.24932089928
c,Preview,Sine,normal bandwidth,8,179.66,1295.60381279651,1295.60578100708
c,Preview,Sine,normal bandwidth,8,179.92,1294.9098435142,1294.91176373029
c,Preview,Sine,normal bandwidth,8,180.18,1294.16550451684,1294.16738828351
c,Preview,Sine,normal bandwidth,8,180.44,1293.37092293531,1293.37274995357
c,Preview,Sine,normal bandwidth,8,180.7,1292.52623448175,1292.52803340156
c,Preview,Sine,normal bandwidth,8,180.96,1291.63158342642,1291.63332214631
c,Preview,Sine,normal bandwidth,8,181.22,1290.68712257301,1290.68881193302
c,Preview,Sine,normal bandwidth,8,181.48,1289.69301323262,1289.69466472103
c,Preview,Sine,normal bandwidth,8,181.74,1288.64942519612,1288.65101872299
c,Preview,Sine,normal bandwidth,8,182,1287.55653670521,1287.55810068856
c,Preview,Sine,normal bandwidth,8,182.26,1286.41453442198,1286.41603711524
c,Preview,Sine,normal bandwidth,8,182.52,1285.22361339697,1285.22506557563
c,Preview,Sine,normal bandwidth,8,182.78,1283.98397703591,1283.98539008247
c,Preview,Sine,normal bandwidth,8,183.04,1282.69583706498,1282.69719118426
c,Preview,Sine,normal bandwidth,8,183.3,1281.35941349461,1281.36073675139
c,Preview,Sine,normal bandwidth,8,183.56,1279.97493458192,1279.97619572009
c,Preview,Sine,normal bandwidth,8,183.82,1278.54263679176,1278.54384647622
c,Preview,Sine,normal bandwidth,8,184.08,1277.06276475629,1277.06393421517
c,Preview,Sine,normal bandwidth,8,184.34,1275.53557123319,1275.53668105058
c,Preview,Sine,normal bandwidth,8,184.6,1273.96131706255,1273.96239483021
c,Preview,Sine,normal bandwidth,8,184.86,1272.34027112222,1272.34128620787
c,Preview,Sine,normal bandwidth,8,185.12,1270.672710282,1270.67367319448
c,Preview,Sine,normal bandwidth,8,185.38,1268.95891935627,1268.95984112138
c,Preview,Sine,normal bandwidth,8,185.64,1267.19919105535,1267.20005271935
c,Preview,Sine,normal bandwidth,8,185.9,1265.39382593556,1265.3946544994
c,Preview,Sine,normal bandwidth,8,186.16,1263.54313234784,1263.54389793383
c,Preview,Sine,normal bandwidth,8,186.42,1261.64742638509,1261.64813930113
c,Preview,Sine,normal bandwidth,8,186.68,1259.70703182818,1259.70770285073
c,Preview,Sine,normal bandwidth,8,186.94,1257.72228009069,1257.72289080903
c,Preview,Sine,normal bandwidth,8,187.2,1255.69351016224,1255.69408687127
c,Preview,Sine,normal bandwidth,8,187.46,1253.62106855063,1253.62158225481
c,Preview,Sine,normal bandwidth,8,187.72,1251.50530922268,1251.50576998495
c,Preview,Sine,normal bandwidth,8,187.98,1249.3465935437,1249.34701184516
c,Preview,Sine,normal bandwidth,8,188.24,1247.14529021587,1247.14564826743
c,Preview,Sine,normal bandwidth,8,188.5,1244.90177521516,1244.90209849344
c,Preview,Sine,normal bandwidth,8,188.76,1242.61643172719,1242.61669224253
c,Preview,Sine,normal bandwidth,8,189.02,1240.28965008178,1240.28985760924
c,Preview,Sine,normal bandwidth,8,189.28,1237.92182768622,1237.92199236679
c,Preview,Sine,normal bandwidth,8,189.54,1235.51336895747,1235.51347369965
c,Preview,Sine,normal bandwidth,8,189.8,1233.06468525305,1233.0647546064
c,Preview,Sine,normal bandwidth,8,190.06,1230.57619480077,1230.57620190099
c,Preview,Sine,normal bandwidth,8,190.32,1228.04832262732,1228.04827691988
c,Preview,Sine,normal bandwidth,8,190.58,1225.48150048568,1225.48141172815
c,Preview,Sine,normal bandwidth,8,190.84,1222.87616678134,1222.87601865276
c,Preview,Sine,normal bandwidth,8,191.1,1220.23276649749,1220.23258251558
c,Preview,Sine,normal bandwidth,8,191.36,1217.55175111894,1217.55150565945
c,Preview,Sine,normal bandwidth,8,191.62,1214.83357855506,1214.83328069352
c,Preview,Sine,normal bandwidth,8,191.88,1212.07871306156,1212.07837213051
c,Preview,Sine,normal bandwidth,8,192.14,1209.28762516119,1209.28722567984
c,Preview,Sine,normal bandwidth,8,192.4,1206.46079156337,1206.46035591724
c,Preview,Sine,normal bandwidth,8,192.66,1203.59869508278,1203.59819899704
c,Preview,Sine,normal bandwidth,8,192.92,1200.70182455691,1200.7012766984
c,Preview,Sine,normal bandwidth,8,193.18,1197.77067476254,1197.77008399893
c,Preview,Sine,normal bandwidth,8,193.44,1194.80574633124,1194.80509808801
c,Preview,Sine,normal bandwidth,8,193.7,1191.80754566387,1191.80686109879
c,Preview,Sine,normal bandwidth,8,193.96,1188.77658484411,1188.77584113534
c,Preview,Sine,normal bandwidth,8,194.22,1185.71338155094,1185.7125869197
c,Preview,Sine,normal bandwidth,8,194.48,1182.6184589703,1182.61762178151
c,Preview,Sine,normal bandwidth,8,194.74,1179.49234570565,1179.49145235327
c,Preview,Sine,normal bandwidth,8,195,1176.33557568774,1176.33464601146
c,Preview,Sine,normal bandwidth,8,195.26,1173.14868808342,1173.14770081185
c,Preview,Sine,normal bandwidth,8,195.52,1169.93222720349,1169.93119007708
c,Preview,Sine,normal bandwidth,8,195.78,1166.68674240983,1166.68566325508
c,Preview,Sine,normal bandwidth,8,196.04,1163.41278802147,1163.4116542589
c,Preview,Sine,normal bandwidth,8,196.3,1160.11092321999,1160.10975328651
c,Preview,Sine,normal bandwidth,8,196.56,1156.78171195397,1156.78048621945
c,Preview,Sine,normal bandwidth,8,196.82,1153.4257228427,1153.42444853378
c,Preview,Sine,normal bandwidth,8,197.08,1150.04352907902,1150.04221345037
c,Preview,Sine,normal bandwidth,8,197.34,1146.63570833147,1146.63433988385
c,Preview,Sine,normal bandwidth,8,197.6,1143.2028426456,1143.20143833447
c,Preview,Sine,normal bandwidth,8,197.86,1139.74551834454,1139.74406026479
c,Preview,Sine,normal bandwidth,8,198.12,1136.26432592889,1136.26282076253
c,Preview,Sine,normal bandwidth,8,198.38,1132.75985997587,1132.75831437474
c,Preview,Sine,normal bandwidth,8,198.64,1129.23271903772,1129.23112263193
c,Preview,Sine,normal bandwidth,8,198.9,1125.68350553951,1125.68187373069
c,Preview,Sine,normal bandwidth,8,199.16,1122.11282567625,1122.11114236075
c,Preview,Sine,normal bandwidth,8,199.42,1118.52128930932,1118.51956059597
c,Preview,Sine,normal bandwidth,8,199.68,1114.90950986235,1114.90774177181
c,Preview,Sine,normal bandwidth,8,199.94,1111.27810421641,1111.27628755238
c,Preview,Sine,normal bandwidth,8,200.2,1107.62769260467,1107.6258411492
c,Preview,Sine,normal bandwidth,8,200.46,1103.95889850647,1103.9569980261
c,Preview,Sine,normal bandwidth,8,200.72,1100.2723485408,1100.27040454514
c,Preview,Sine,normal bandwidth,8,200.98,1096.56867235934,1096.56669021214
c,Preview,Sine,normal bandwidth,8,201.24,1092.84850253883,1092.84647425664
c,Preview,Sine,normal bandwidth,8,201.5,1089.11247447311,1089.11041215959
c,Preview,Sine,normal bandwidth,8,201.76,1085.36122626454,1085.35911761717
c,Preview,Sine,normal bandwidth,8,202.02,1081.59539861505,1081.59324852067
c,Preview,Sine,normal bandwidth,8,202.28,1077.81563471667,1077.81344785926
c,Preview,Sine,normal bandwidth,8,202.54,1074.02258014173,1074.02034978475
c,Preview,Sine,normal bandwidth,8,202.8,1070.21688273254,1070.21461924959
c,Preview,Sine,normal bandwidth,8,203.06,1066.39919249079,1066.39688556283
c,Preview,Sine,normal bandwidth,8,203.32,1062.5701614665,1062.56781533674
c,Preview,Sine,normal bandwidth,8,203.58,1058.73044364667,1058.72806229928
c,Preview,Sine,normal bandwidth,8,203.84,1054.88069484355,1054.8782728177
c,Preview,Sine,normal bandwidth,8,204.1,1051.02157258267,1051.01911847761
c,Preview,Sine,normal bandwidth,8,204.36,1047.15373599052,1047.15124151471
c,Preview,Sine,normal bandwidth,8,204.62,1043.27784568196,1043.27531441689
c,Preview,Sine,normal bandwidth,8,204.88,1039.39456364741,1039.39199886047
c,Preview,Sine,normal bandwidth,8,205.14,1035.50455313978,1035.50195066912
c,Preview,Sine,normal bandwidth,8,205.4,1031.60847856117,1031.60584519499
c,Preview,Sine,normal bandwidth,8,205.66,1027.70700534941,1027.70433485906
c,Preview,Sine,normal bandwidth,8,205.92,1023.80079986439,1023.79809515436
c,Preview,Sine,normal bandwidth,8,206.18,1019.89052927428,1019.88779288121
c,Preview,Sine,normal bandwidth,8,206.44,1015.97686144154,1015.97409052035
c,Preview,Sine,normal bandwidth,8,206.7,1012.06046480889,1012.05766430773
c,Preview,Sine,normal bandwidth,8,206.96,1008.14200828508,1008.13917406481
c,Preview,Sine,normal bandwidth,8,207.22,1004.22216113073,1004.21929540642
c,Preview,Sine,normal bandwidth,8,207.48,1000.30159284394,1000.29869741066
c,Preview,Sine,normal bandwidth,8,207.74,996.380973046007,996.378046387569
c,Preview,Sine,normal bandwidth,8,208,992.460971366999,992.458016570425
c,Preview,Sine,normal bandwidth,8,208.26,988.542257331425,988.539272364724
c,Preview,Sine,normal bandwidth,8,208.52,984.625500243867,984.622486623234
c,Preview,Sine,normal bandwidth,8,208.78,980.711369074667,980.708327845944
c,Preview,Sine,normal bandwidth,8,209.04,976.800532345663,976.797463328044
c,Preview,Sine,normal bandwidth,8,209.3,972.893658016019,972.890562422197
c,Preview,Sine,normal bandwidth,8,209.56,968.991413368128,968.98829128194
c,Preview,Sine,normal bandwidth,8,209.82,965.09446489365,965.091317125951
c,Preview,Sine,normal bandwidth,8,210.08,961.203478179674,961.200305022612
c,Preview,Sine,normal bandwidth,8,210.34,957.319117795037,957.315920403951
c,Preview,Sine,normal bandwidth,8,210.6,953.44204717682,953.438824884903
c,Preview,Sine,normal bandwidth,8,210.86,949.572928517035,949.569683523595
c,Preview,Sine,normal bandwidth,8,211.12,945.712422649519,945.709155056611
c,Preview,Sine,normal bandwidth,8,211.38,941.861188937076,941.857898281905
c,Preview,Sine,normal bandwidth,8,211.64,938.01988515885,938.016573927971
c,Preview,Sine,normal bandwidth,8,211.9,934.189167397982,934.185833047932
c,Preview,Sine,normal bandwidth,8,212.16,930.369689929555,930.366336765726
c,Preview,Sine,normal bandwidth,8,212.42,926.56210510884,926.55873252405
c,Preview,Sine,normal bandwidth,8,212.68,922.767063259886,922.763670038374
c,Preview,Sine,normal bandwidth,8,212.94,918.985212564434,918.981802513354
c,Preview,Sine,normal bandwidth,8,213.2,915.217198951219,915.213767661312
c,Preview,Sine,normal bandwidth,8,213.46,911.463665985643,911.460219850008
c,Preview,Sine,normal bandwidth,8,213.72,907.725254759855,907.721792464662
c,Preview,Sine,normal bandwidth,8,213.98,904.002603783259,903.999123364972
c,Preview,Sine,normal bandwidth,8,214.24,900.296348873455,900.29285544358
c,Preview,Sine,normal bandwidth,8,214.5,896.607123047645,896.603610349944
c,Preview,Sine,normal bandwidth,8,214.76,892.935556414512,892.932032902501
c,Preview,Sine,normal bandwidth,8,215.02,889.282276066604,889.278739725416
c,Preview,Sine,normal bandwidth,8,215.28,885.647905973226,885.644354099931
c,Preview,Sine,normal bandwidth,8,215.54,882.033066873869,882.029505862501
c,Preview,Sine,normal bandwidth,8,215.8,878.438376172187,878.434797946239
c,Preview,Sine,normal bandwidth,8,216.06,874.86444783055,874.860862867871
c,Preview,Sine,normal bandwidth,8,216.32,871.311892265178,871.308297858465
c,Preview,Sine,normal bandwidth,8,216.58,867.781316241887,867.77770896035
c,Preview,Sine,normal bandwidth,8,216.84,864.273322772452,864.269710265367
c,Preview,Sine,normal bandwidth,8,217.1,860.788511011616,860.784883416674
c,Preview,Sine,normal bandwidth,8,217.36,857.327476154753,857.323845929417
c,Preview,Sine,normal bandwidth,8,217.62,853.890809336219,853.887173092301
c,Preview,Sine,normal bandwidth,8,217.88,850.479097528377,850.475451121874
c,Preview,Sine,normal bandwidth,8,218.14,847.092923441352,847.08927574413
c,Preview,Sine,normal bandwidth,8,218.4,843.732865423502,843.729204829551
c,Preview,Sine,normal bandwidth,8,218.66,840.39949736264,840.395838255856
c,Preview,Sine,normal bandwidth,8,218.92,837.093388588013,837.089726913792
c,Preview,Sine,normal bandwidth,8,219.18,833.815103773064,833.811434691877
c,Preview,Sine,normal bandwidth,8,219.44,830.56520283899,830.561536407419
c,Preview,Sine,normal bandwidth,8,219.7,827.344240859101,827.340563776978
c,Preview,Sine,normal bandwidth,8,219.96,824.152767964026,824.149096480284
c,Preview,Sine,normal bandwidth,8,220.22,820.991329247743,820.987658658668
c,Preview,Sine,normal bandwidth,8,220.48,817.860464674487,817.85678946568
c,Preview,Sine,normal bandwidth,8,220.74,814.760708986518,814.757040356356
c,Preview,Sine,normal bandwidth,8,221,811.69259161279,811.688914623713
c,Preview,Sine,normal bandwidth,8,221.26,808.656636578533,808.652969275155
c,Preview,Sine,normal bandwidth,8,221.52,805.653362415741,805.649699465313
c,Preview,Sine,normal bandwidth,8,221.78,802.683282074619,802.679617311413
c,Preview,Sine,normal bandwidth,8,222.04,799.746902835961,799.743248552348
c,Preview,Sine,normal bandwidth,8,222.3,796.844726224519,796.841065909308
c,Preview,Sine,normal bandwidth,8,222.56,793.977247923336,793.9736013398
c,Preview,Sine,normal bandwidth,8,222.82,791.144957689088,791.141318898205
c,Preview,Sine,normal bandwidth,8,223.08,788.348339268437,788.344701479468
c,Preview,Sine,normal bandwidth,8,223.34,785.587870315405,785.584246862243
c,Preview,Sine,normal bandwidth,8,223.6,782.864022309793,782.860395178097
c,Preview,Sine,normal bandwidth,8,223.86,780.177260476655,780.173651063996
c,Preview,Sine,normal bandwidth,8,224.12,777.528043706839,777.524445493273
c,Preview,Sine,normal bandwidth,8,224.38,774.916824478606,774.91323007737
c,Preview,Sine,normal bandwidth,8,224.64,772.344048780356,772.340472509951
c,Preview,Sine,normal bandwidth,8,224.9,769.810156034446,769.806578454271
c,Preview,Sine,normal bandwidth,8,225.16,767.315579022141,767.312023072731
c,Preview,Sine,normal bandwidth,8,225.42,764.860743809699,764.85720241802
c,Preview,Sine,normal bandwidth,8,225.68,762.446069675597,762.44253489039
c,Preview,Sine,normal bandwidth,8,225.94,760.071969038922,760.068456102179
c,Preview,Sine,normal bandwidth,8,226.2,757.738847388927,757.73533551677
c,Preview,Sine,normal bandwidth,8,226.46,755.44710321578,755.443616793786
c,Preview,Sine,normal bandwidth,8,226.72,753.197127942497,753.193659374733
c,Preview,Sine,normal bandwidth,8,226.98,750.989305858094,750.985846662745
c,Preview,Sine,normal bandwidth,8,227.24,748.824014051949,748.820580329436
c,Preview,Sine,normal bandwidth,8,227.5,746.701622349395,746.69819206128
c,Preview,Sine,normal bandwidth,8,227.76,744.622493248557,744.61909212137
c,Preview,Sine,normal bandwidth,8,228.02,742.586981858437,742.583601805769
c,Preview,Sine,normal bandwidth,8,228.28,740.595435838264,740.592067883947
c,Preview,Sine,normal bandwidth,8,228.54,738.648195338114,738.644856372276
c,Preview,Sine,normal bandwidth,8,228.8,736.745592940811,736.742259764523
c,Preview,Sine,normal bandwidth,8,229.06,734.887953605128,734.884653176062
c,Preview,Sine,normal bandwidth,8,229.32,733.075594610281,733.072318386066
c,Preview,Sine,normal bandwidth,8,229.58,731.308825501741,731.305564050173
c,Preview,Sine,normal bandwidth,8,229.84,729.587948038361,729.584718967179
c,Preview,Sine,normal bandwidth,8,230.1,727.913256140841,727.910035189648
c,Preview,Sine,normal bandwidth,8,230.36,726.285035841524,726.281851084065
c,Preview,Sine,normal bandwidth,8,230.62,724.703565235545,724.700407709951
c,Preview,Sine,normal bandwidth,8,230.88,723.16911443333,723.165974291623
c,Preview,Sine,normal bandwidth,8,231.14,721.681945514466,721.678841006837
c,Preview,Sine,normal bandwidth,8,231.4,720.242312482934,720.239218391074
c,Preview,Sine,normal bandwidth,8,231.66,718.850461223731,718.847406617625
c,Preview,Sine,normal bandwidth,8,231.92,717.506629460868,717.503604997404
c,Preview,Sine,normal bandwidth,8,232.18,716.211046716773,716.208042174232
c,Preview,Sine,normal bandwidth,8,232.44,714.963934273084,714.960968466211
c,Preview,Sine,normal bandwidth,8,232.7,713.76550513286,713.762551993075
c,Preview,Sine,normal bandwidth,8,232.96,712.615963984195,712.613053453642
c,Preview,Sine,normal bandwidth,8,233.22,711.515507165265,711.512629559467
c,Preview,Sine,normal bandwidth,8,233.48,710.464322630786,710.461467397916
c,Preview,Sine,normal bandwidth,8,233.74,709.462589919918,709.459776358964
c,Preview,Sine,normal bandwidth,8,234,708.510480125598,708.507681428983
c,Preview,Sine,normal bandwidth,8,234.26,707.608155865317,707.605402719535
c,Preview,Sine,normal bandwidth,8,234.52,706.755771253348,706.753053673897
c,Preview,Sine,normal bandwidth,8,234.78,705.953471874421,705.950779024404
c,Preview,Sine,normal bandwidth,8,235.04,705.201394758859,705.19874633913
c,Preview,Sine,normal bandwidth,8,235.3,704.499668359172,704.497036937585
c,Preview,Sine,normal bandwidth,8,235.56,703.848412528122,703.845829404536
c,Preview,Sine,normal bandwidth,8,235.82,703.247738498247,703.245193430755
c,Preview,Sine,normal bandwidth,8,236.08,702.697748862866,702.695230775758
c,Preview,Sine,normal bandwidth,8,236.34,702.198537558557,702.19606647046
c,Preview,Sine,normal bandwidth,8,236.6,701.75018984911,701.747737820402
c,Preview,Sine,normal bandwidth,8,236.86,701.352782310966,701.350381121269
c,Preview,Sine,normal bandwidth,8,237.12,701.006382820138,701.004022013856
c,Preview,Sine,normal bandwidth,8,237.38,700.71105054062,700.708718850506
c,Preview,Sine,normal bandwidth,8,237.64,700.466835914276,700.464553591283
c,Preview,Sine,normal bandwidth,8,237.9,700.27378065223,700.271519368519
c,Preview,Sine,normal bandwidth,8,238.16,700.131917727743,700.129709607049
c,Preview,Sine,normal bandwidth,8,238.42,700.041271370573,700.039105788239
c,Preview,Sine,normal bandwidth,8,238.68,700.001857062848,699.999722608187
c,Preview,Sine,normal bandwidth,8,238.94,700.013681536412,700.011598606259
c,Preview,Sine,normal bandwidth,8,239.2,700.076742771681,700.074682770897
c,Preview,Sine,normal bandwidth,8,239.46,700.191029997986,700.1890252573
c,Preview,Sine,normal bandwidth,8,239.72,700.35652369541,700.354563466457
c,Preview,Sine,normal bandwidth,8,239.98,700.57319559813,700.571268375484
c,Preview,Sine,normal bandwidth,8,240.24,700.841008699233,700.839134938552
c,Preview,Sine,normal bandwidth,8,240.5,701.159917257048,701.15806821795
c,Preview,Sine,normal bandwidth,8,240.76,701.529866802952,701.528074885158
c,Preview,Sine,normal bandwidth,8,241.02,701.950794150673,701.949048527986
c,Preview,Sine,normal bandwidth,8,241.28,702.422627407085,702.420916528457
c,Preview,Sine,normal bandwidth,8,241.54,702.945285984487,702.943630277079
c,Preview,Sine,normal bandwidth,8,241.8,703.518680614363,703.51705131523
c,Preview,Sine,normal bandwidth,8,242.06,704.142713362635,704.14114280219
c,Preview,Sine,normal bandwidth,8,242.32,704.817277646384,704.815754966812
c,Preview,Sine,normal bandwidth,8,242.58,705.542258252057,705.540771905989
c,Preview,Sine,normal bandwidth,8,242.84,706.317531355146,706.316101654059
c,Preview,Sine,normal bandwidth,8,243.1,707.142964541334,707.141562822489
c,Preview,Sine,normal bandwidth,8,243.36,708.018416829114,708.017075215619
c,Preview,Sine,normal bandwidth,8,243.62,708.943738693866,708.942446342631
c,Preview,Sine,normal bandwidth,8,243.88,709.918772093396,709.917517510023
c,Preview,Sine,normal bandwidth,8,244.14,710.94335049493,710.94215378851
c,Preview,Sine,normal bandwidth,8,244.4,712.017298903555,712.016131633903
c,Preview,Sine,normal bandwidth,8,244.66,713.14043389211,713.139327837911
c,Preview,Sine,normal bandwidth,8,244.92,714.312563632515,714.311508011691
c,Preview,Sine,normal bandwidth,8,245.18,715.533487928532,715.532471348718
c,Preview,Sine,normal bandwidth,8,245.44,716.802998249961,716.802040532026
c,Preview,Sine,normal bandwidth,8,245.7,718.120877768254,718.119950815964
c,Preview,Sine,normal bandwidth,8,245.96,719.486901393549,719.486036505519
c,Preview,Sine,normal bandwidth,8,246.22,720.900835813116,720.900022314301
c,Preview,Sine,normal bandwidth,8,246.48,722.362439531206,722.361666179901
c,Preview,Sine,normal bandwidth,8,246.74,723.871462910295,723.870749154547
c,Preview,Sine,normal bandwidth,8,247,725.427648213725,725.426966421177
c,Preview,Sine,normal bandwidth,8,247.26,727.030729649723,727.030110505323
c,Preview,Sine,normal bandwidth,8,247.52,728.680433416797,728.679866398099
c,Preview,Sine,normal bandwidth,8,247.78,730.376477750501,730.375951814447
c,Preview,Sine,normal bandwidth,8,248.04,732.118572971559,732.118107110357
c,Preview,Sine,normal bandwidth,8,248.3,733.906421535344,733.905988698462
c,Preview,Sine,normal bandwidth,8,248.56,735.739718082693,735.739348210436
c,Preview,Sine,normal bandwidth,8,248.82,737.618149492065,737.6178322595
c,Preview,Sine,normal bandwidth,8,249.08,739.54139493302,739.541119542873
c,Preview,Sine,normal bandwidth,8,249.34,741.509125921016,741.508910828588
c,Preview,Sine,normal bandwidth,8,249.6,743.521006373514,743.520825225565
c,Preview,Sine,normal bandwidth,8,249.86,745.576692667379,745.576574531767
c,Preview,Sine,normal bandwidth,8,250.12,747.675833697568,747.67576849095
c,Preview,Sine,normal bandwidth,8,250.38,749.818070937103,749.818048154072
c,Preview,Sine,normal bandwidth,8,250.64,752.003038498301,752.003075978478
c,Preview,Sine,normal bandwidth,8,250.9,754.230363195266,754.230435395189
c,Preview,Sine,normal bandwidth,8,251.16,756.499664607637,756.499799598645
c,Preview,Sine,normal bandwidth,8,251.42,758.810555145549,758.810743128925
c,Preview,Sine,normal bandwidth,8,251.68,761.162640115844,761.162870922894
c,Preview,Sine,normal bandwidth,8,251.94,763.555517789477,763.555808567992
c,Preview,Sine,normal bandwidth,8,252.2,765.988779470132,765.98910559546
c,Preview,Sine,normal bandwidth,8,252.46,768.462009564028,768.462397991167
c,Preview,Sine,normal bandwidth,8,252.72,770.974785650895,770.975226907579
c,Preview,Sine,normal bandwidth,8,252.98,773.526678556129,773.527162853783
c,Preview,Sine,normal bandwidth,8,253.24,776.11725242409,776.11779614548
c,Preview,Sine,normal bandwidth,8,253.5,778.746064792548,778.74664433694
c,Preview,Sine,normal bandwidth,8,253.76,781.412666668249,781.413307759247
c,Preview,Sine,normal bandwidth,8,254.02,784.116602603606,784.117296135825
c,Preview,Sine,normal bandwidth,8,254.28,786.857410774488,786.858147381254
c,Preview,Sine,normal bandwidth,8,254.54,789.634623059095,789.63541828822
c,Preview,Sine,normal bandwidth,8,254.8,792.447765117914,792.448596493322
c,Preview,Sine,normal bandwidth,8,255.06,795.296356474735,795.297248378832
c,Preview,Sine,normal bandwidth,8,255.32,798.179910598716,798.180854331868
c,Preview,Sine,normal bandwidth,8,255.58,801.097934987478,801.09892164489
c,Preview,Sine,normal bandwidth,8,255.84,804.049931251223,804.05097547939
c,Preview,Sine,normal bandwidth,8,256.1,807.03539519786,807.036475741302
c,Preview,Sine,normal bandwidth,8,256.36,810.053816919121,810.054956714969
c,Preview,Sine,normal bandwidth,8,256.62,813.104680877644,813.105871669151
c,Preview,Sine,normal bandwidth,8,256.88,816.187465995034,816.188699377294
c,Preview,Sine,normal bandwidth,8,257.14,819.301645740857,819.302935396529
c,Preview,Sine,normal bandwidth,8,257.4,822.446688222571,822.448014207498
c,Preview,Sine,normal bandwidth,8,257.66,825.622056276371,825.623439984507
c,Preview,Sine,normal bandwidth,8,257.92,828.827207558937,828.82864121166
c,Preview,Sine,normal bandwidth,8,258.18,832.06159464006,832.063070368233
c,Preview,Sine,normal bandwidth,8,258.44,835.324665096147,835.326195560187
c,Preview,Sine,normal bandwidth,8,258.7,838.615861604568,838.617428256774
c,Preview,Sine,normal bandwidth,8,258.96,841.934622038854,841.936244638681
c,Preview,Sine,normal bandwidth,8,259.22,845.280379564692,845.28205084485
c,Preview,Sine,normal bandwidth,8,259.48,848.652562736753,848.654275397459
c,Preview,Sine,normal bandwidth,8,259.74,852.050595596285,852.052361221675
c,Preview,Sine,normal bandwidth,8,260,855.473897769486,855.475699287484
c,Preview,Sine,normal bandwidth,8,260.26,858.921884566633,858.923740017854
c,Preview,Sine,normal bandwidth,8,260.52,862.39396708194,862.395869741445
c,Preview,Sine,normal bandwidth,8,260.78,865.889552294152,865.891495462672
c,Preview,Sine,normal bandwidth,8,261.04,869.408043167817,869.410037303759
c,Preview,Sine,normal bandwidth,8,261.3,872.948838755265,872.950868335053
c,Preview,Sine,normal bandwidth,8,261.56,876.511334299254,876.513415567655
c,Preview,Sine,normal bandwidth,8,261.82,880.094921336248,880.097048139377
c,Preview,Sine,normal bandwidth,8,262.08,883.698987800352,883.701154068052
c,Preview,Sine,normal bandwidth,8,262.34,887.322918127843,887.325133148152
c,Preview,Sine,normal bandwidth,8,262.6,890.966093362312,890.968343226412
c,Preview,Sine,normal bandwidth,8,262.86,894.627891260377,894.630190347848
c,Preview,Sine,normal bandwidth,8,263.12,898.30768639796,898.310029152241
c,Preview,Sine,normal bandwidth,8,263.38,902.004850277112,902.007231283067
c,Preview,Sine,normal bandwidth,8,263.64,905.718751433352,905.721178769003
c,Preview,Sine,normal bandwidth,8,263.9,909.448755543522,909.45121697418
c,Preview,Sine,normal bandwidth,8,264.16,913.194225534129,913.196733512808
c,Preview,Sine,normal bandwidth,8,264.42,916.954521690155,916.957071281336
c,Preview,Sine,normal bandwidth,8,264.68,920.729001764317,920.731588230998
c,Preview,Sine,normal bandwidth,8,264.94,924.51702108676,924.519651262468
c,Preview,Sine,normal bandwidth,8,265.2,928.317932675167,928.320596051565
c,Preview,Sine,normal bandwidth,8,265.46,932.131087345262,932.133794395643
c,Preview,Sine,normal bandwidth,8,265.72,935.955833821685,935.958580252638
c,Preview,Sine,normal bandwidth,8,265.98,939.791518849233,939.79430062211
c,Preview,Sine,normal bandwidth,8,266.24,943.637487304428,943.640309979093
c,Preview,Sine,normal bandwidth,8,266.5,947.493082307418,947.495937146739
c,Preview,Sine,normal bandwidth,8,266.76,951.35764533416,951.360540787004
c,Preview,Sine,normal bandwidth,8,267.02,955.230516328904,955.233448762295
c,Preview,Sine,normal bandwidth,8,267.28,959.111033816922,959.113999907807
c,Preview,Sine,normal bandwidth,8,267.54,962.99853501749,963.001539028335
c,Preview,Sine,normal bandwidth,8,267.8,966.892355957082,966.895390959257
c,Preview,Sine,normal bandwidth,8,268.06,970.791831582786,970.794903964667
c,Preview,Sine,normal bandwidth,8,268.32,974.696295875882,974.699402680435
c,Preview,Sine,normal bandwidth,8,268.58,978.605081965602,978.608220599551
c,Preview,Sine,normal bandwidth,8,268.84,982.51752224303,982.520695653251
c,Preview,Sine,normal bandwidth,8,269.1,986.43294847512,986.436151571058
c,Preview,Sine,normal bandwidth,8,269.36,990.350691918842,990.353929001115
c,Preview,Sine,normal bandwidth,8,269.62,994.270083435385,994.273352235523
c,Preview,Sine,normal bandwidth,8,269.88,998.19045360446,998.193752270035
c,Preview,Sine,normal bandwidth,8,270.14,1002.11113283862,1002.11446298834
c,Preview,Sine,normal bandwidth,8,270.4,1006.03145149764,1006.03480990075
c,Preview,Sine,normal bandwidth,8,270.66,1009.95074000286,1009.95412885387
c,Preview,Sine,normal bandwidth,8,270.92,1013.8683289516,1013.87174668027
c,Preview,Sine,normal bandwidth,8,271.18,1017.78354923143,1017.7869947341
c,Preview,Sine,normal bandwidth,8,271.44,1021.69573213449,1021.69920569478
c,Preview,Sine,normal bandwidth,8,271.7,1025.60420947169,1025.60770973246
c,Preview,Sine,normal bandwidth,8,271.96,1029.50831368687,1029.51184072712
c,Preview,Sine,normal bandwidth,8,272.22,1033.40737797074,1033.41093092521
c,Preview,Sine,normal bandwidth,8,272.48,1037.30073637485,1037.30431489332
c,Preview,Sine,normal bandwidth,8,272.74,1041.18772392527,1041.19132695509
c,Preview,Sine,normal bandwidth,8,273,1045.06767673623,1045.07130479962
c,Preview,Sine,normal bandwidth,8,273.26,1048.93993212343,1048.94358318359
c,Preview,Sine,normal bandwidth,8,273.52,1052.80382871729,1052.8075026176
c,Preview,Sine,normal bandwidth,8,273.78,1056.65870657589,1056.66240372109
c,Preview,Sine,normal bandwidth,8,274.04,1060.50390729767,1060.50762530331
c,Preview,Sine,normal bandwidth,8,274.3,1064.3387741339,1064.34251539937
c,Preview,Sine,normal bandwidth,8,274.56,1068.16265210086,1068.16641248223
c,Preview,Sine,normal bandwidth,8,274.82,1071.97488809167,1071.97866814162
c,Preview,Sine,normal bandwidth,8,275.08,1075.77483098789,1075.7786318644
c,Preview,Sine,normal bandwidth,8,275.34,1079.56183177069,1079.56564976769
c,Preview,Sine,normal bandwidth,8,275.6,1083.33524363171,1083.3390830155
c,Preview,Sine,normal bandwidth,8,275.86,1087.09442208355,1087.09827662077
c,Preview,Sine,normal bandwidth,8,276.12,1090.83872506982,1090.84259602011
c,Preview,Sine,normal bandwidth,8,276.38,1094.56751307484,1094.57140234446
c,Preview,Sine,normal bandwidth,8,276.64,1098.2801492328,1098.28405180989
c,Preview,Sine,normal bandwidth,8,276.9,1101.97599943662,1101.97992143617
c,Preview,Sine,normal bandwidth,8,277.16,1105.65443244618,1105.65836557201
c,Preview,Sine,normal bandwidth,8,277.42,1109.31481999618,1109.3187662095
c,Preview,Sine,normal bandwidth,8,277.68,1112.95653690343,1112.96049885066
c,Preview,Sine,normal bandwidth,8,277.94,1116.57896117362,1116.58293255848
c,Preview,Sine,normal bandwidth,8,278.2,1120.18147410758,1120.18546286768
c,Preview,Sine,normal bandwidth,8,278.46,1123.76346040691,1123.76745621865
c,Preview,Sine,normal bandwidth,8,278.72,1127.32430827913,1127.32831379691
c,Preview,Sine,normal bandwidth,8,278.98,1130.86340954211,1130.86742814123
c,Preview,Sine,normal bandwidth,8,279.24,1134.38015972801,1134.38418385464
c,Preview,Sine,normal bandwidth,8,279.5,1137.87395818645,1137.87799756693
c,Preview,Sine,normal bandwidth,8,279.76,1141.34420818715,1141.34825051453
c,Preview,Sine,normal bandwidth,8,280.02,1144.79031702185,1144.7943656324
c,Preview,Sine,normal bandwidth,8,280.28,1148.21169610551,1148.21575508897
c,Preview,Sine,normal bandwidth,8,280.54,1151.60776107687,1151.61182165414
c,Preview,Sine,normal bandwidth,8,280.8,1154.97793189823,1154.98200554285
c,Preview,Sine,normal bandwidth,8,281.06,1158.32163295455,1158.32570542874
c,Preview,Sine,normal bandwidth,8,281.32,1161.63829315173,1161.64236845941
c,Preview,Sine,normal bandwidth,8,281.58,1164.92734601418,1164.93142894207
c,Preview,Sine,normal bandwidth,8,281.84,1168.18822978156,1168.19231036274
c,Preview,Sine,normal bandwidth,8,282.1,1171.42038750471,1171.42447891097
c,Preview,Sine,normal bandwidth,8,282.36,1174.62326714081,1174.62735326431
c,Preview,Sine,normal bandwidth,8,282.62,1177.79632164764,1177.80040714284
c,Preview,Sine,normal bandwidth,8,282.88,1180.93900907703,1180.94309940722
c,Preview,Sine,normal bandwidth,8,283.14,1184.05079266741,1184.0548767204
c,Preview,Sine,normal bandwidth,8,283.4,1187.1311409355,1187.13523352507
c,Preview,Sine,normal bandwidth,8,283.66,1190.17952776706,1190.1836109841
c,Preview,Sine,normal bandwidth,8,283.92,1193.19543250678,1193.19951163642
c,Preview,Sine,normal bandwidth,8,284.18,1196.17834004721,1196.18242120597
c,Preview,Sine,normal bandwidth,8,284.44,1199.12774091669,1199.13181189456
c,Preview,Sine,normal bandwidth,8,284.7,1202.04313136642,1202.04720855595
c,Preview,Sine,normal bandwidth,8,284.96,1204.92401345647,1204.9280772237
c,Preview,Sine,normal bandwidth,8,285.22,1207.76989514084,1207.77395137901
c,Preview,Sine,normal bandwidth,8,285.48,1210.58029035149,1210.58434580426
c,Preview,Sine,normal bandwidth,8,285.74,1213.35471908137,1213.358760493
c,Preview,Sine,normal bandwidth,8,286,1216.09270746637,1216.09675273823
c,Preview,Sine,normal bandwidth,8,286.26,1218.79378786632,1218.7978157234
c,Preview,Sine,normal bandwidth,8,286.52,1221.4574989448,1221.4615158633
c,Preview,Sine,normal bandwidth,8,286.78,1224.08338574797,1224.0873990699
c,Preview,Sine,normal bandwidth,8,287.04,1226.67099978224,1226.67499526272
c,Preview,Sine,normal bandwidth,8,287.3,1229.21989909091,1229.2238960637
c,Preview,Sine,normal bandwidth,8,287.56,1231.72964832965,1231.73362396951
c,Preview,Sine,normal bandwidth,8,287.82,1234.19981884083,1234.20378017929
c,Preview,Sine,normal bandwidth,8,288.08,1236.62998872674,1236.63394367282
c,Preview,Sine,normal bandwidth,8,288.34,1239.01974292168,1239.02367630215
c,Preview,Sine,normal bandwidth,8,288.6,1241.3686732628,1241.37260576129
c,Preview,Sine,normal bandwidth,8,288.86,1243.67637855986,1243.68028589834
c,Preview,Sine,normal bandwidth,8,289.12,1245.94246466374,1245.94635439904
c,Preview,Sine,normal bandwidth,8,289.38,1248.16654453374,1248.17042510812
c,Preview,Sine,normal bandwidth,8,289.64,1250.34823830369,1250.35209368036
c,Preview,Sine,normal bandwidth,8,289.9,1252.48717334686,1252.49102547104
c,Preview,Sine,normal bandwidth,8,290.16,1254.58298433958,1254.58680758405
c,Preview,Sine,normal bandwidth,8,290.42,1256.63531332362,1256.63911573826
c,Preview,Sine,normal bandwidth,8,290.68,1258.64380976735,1258.64760029165
c,Preview,Sine,normal bandwidth,8,290.94,1260.60813062563,1260.61189242768
c,Preview,Sine,normal bandwidth,8,291.2,1262.52794039835,1262.53169659127
c,Preview,Sine,normal bandwidth,8,291.46,1264.40291118778,1264.40663490457
c,Preview,Sine,normal bandwidth,8,291.72,1266.23272275452,1266.23642250376
c,Preview,Sine,normal bandwidth,8,291.98,1268.01706257228,1268.02074775249
c,Preview,Sine,normal bandwidth,8,292.24,1269.75562588117,1269.75927893718
c,Preview,Sine,normal bandwidth,8,292.5,1271.44811573981,1271.45176085399
c,Preview,Sine,normal bandwidth,8,292.76,1273.094243076,1273.09785225626
c,Preview,Sine,normal bandwidth,8,293.02,1274.69372673615,1274.69730891343
c,Preview,Sine,normal bandwidth,8,293.28,1276.24629353325,1276.24985852502
c,Preview,Sine,normal bandwidth,8,293.54,1277.75167829357,1277.75520789631
c,Preview,Sine,normal bandwidth,8,293.8,1279.20962390191,1279.21314326403
c,Preview,Sine,normal bandwidth,8,294.06,1280.61988134554,1280.62336146932
c,Preview,Sine,normal bandwidth,8,294.32,1281.98220975672,1281.98565995736
c,Preview,Sine,normal bandwidth,8,294.58,1283.29637645386,1283.29980692585
c,Preview,Sine,normal bandwidth,8,294.84,1284.56215698124,1284.56554895044
c,Preview,Sine,normal bandwidth,8,295.1,1285.77933514734,1285.78271462083
c,Preview,Sine,normal bandwidth,8,295.36,1286.9477030618,1286.95104016003
c,Preview,Sine,normal bandwidth,8,295.62,1288.06706117087,1288.07036555352
c,Preview,Sine,normal bandwidth,8,295.88,1289.13721829158,1289.14050048665
c,Preview,Sine,normal bandwidth,8,296.14,1290.15799164428,1290.16123238714
c,Preview,Sine,normal bandwidth,8,296.4,1291.12920688396,1291.13243292937
c,Preview,Sine,normal bandwidth,8,296.66,1292.05069812998,1292.05387884409
c,Preview,Sine,normal bandwidth,8,296.92,1292.9223079944,1292.92545334012
c,Preview,Sine,normal bandwidth,8,297.18,1293.74388760888,1293.74700840281
c,Preview,Sine,normal bandwidth,8,297.44,1294.51529665008,1294.51837321932
c,Preview,Sine,normal bandwidth,8,297.7,1295.23640336366,1295.23946309644
c,Preview,Sine,normal bandwidth,8,297.96,1295.90708458677,1295.91009622569
c,Preview,Sine,normal bandwidth,8,298.22,1296.52722576905,1296.53019953776
c,Preview,Sine,normal bandwidth,8,298.48,1297.09672099227,1297.09966794978
c,Preview,Sine,normal bandwidth,8,298.74,1297.61547298835,1297.61837313745
c,Preview,Sine,normal bandwidth,8,299,1298.083393156,1298.0862744015
c,Preview,Sine,normal bandwidth,8,299.26,1298.50040157588,1298.50323217025
c,Preview,Sine,normal bandwidth,8,299.52,1298.86642702419,1298.86921740817
c,Preview,Sine,normal bandwidth,8,299.78,1299.18140698488,1299.18416841269
c,Preview,Sine,normal bandwidth,8,300.04,1299.44528766034,1299.44799989583
c,Preview,Sine,normal bandwidth,8,300.3,1299.65802398052,1299.66071532595
c,Preview,Sine,normal bandwidth,8,300.56,1299.81957961071,1299.82221796396
c,Preview,Sine,normal bandwidth,8,300.82,1299.92992695769,1299.93252293201
c,Preview,Sine,normal bandwidth,8,301.08,1299.98904717447,1299.99161217123
c,Preview,Sine,normal bandwidth,8,301.34,1299.99693016348,1299.99944379399
c,Preview,Sine,normal bandwidth,8,301.6,1299.95357457835,1299.95606542151
c,Preview,Sine,normal bandwidth,8,301.86,1299.85898782406,1299.86142356017
c,Preview,Sine,normal bandwidth,8,302.12,1299.71318605577,1299.7155774253
c,Preview,Sine,normal bandwidth,8,302.38,1299.51619417596,1299.51855267879
c,Preview,Sine,normal bandwidth,8,302.64,1299.26804583026,1299.27035101216
c,Preview,Sine,normal bandwidth,8,302.9,1298.96878340166,1298.97106399619
c,Preview,Sine,normal bandwidth,8,303.16,1298.6184580033,1298.62068161113
c,Preview,Sine,normal bandwidth,8,303.42,1298.21712946968,1298.21930691266
c,Preview,Sine,normal bandwidth,8,303.68,1297.76486634652,1297.76700917394
c,Preview,Sine,normal bandwidth,8,303.94,1297.261745879,1297.26383365841
c,Preview,Sine,normal bandwidth,8,304.2,1296.70785399859,1296.70991549556
c,Preview,Sine,normal bandwidth,8,304.46,1296.10328530835,1296.10528818222
c,Preview,Sine,normal bandwidth,8,304.72,1295.4481430668,1295.45009817461
c,Preview,Sine,normal bandwidth,8,304.98,1294.74253917027,1294.74445806141
c,Preview,Sine,normal bandwidth,8,305.24,1293.98659413377,1293.98845648479
c,Preview,Sine,normal bandwidth,8,305.5,1293.18043707046,1293.18227155615
c,Preview,Sine,normal bandwidth,8,305.76,1292.32420566953,1292.32598014596
c,Preview,Sine,normal bandwidth,8,306.02,1291.41804617274,1291.41977148577
c,Preview,Sine,normal bandwidth,8,306.28,1290.4621133494,1290.46380099926
c,Preview,Sine,normal bandwidth,8,306.54,1289.45657046997,1289.45820032893
c,Preview,Sine,normal bandwidth,8,306.8,1288.40158927814,1288.40318980784
c,Preview,Sine,normal bandwidth,8,307.06,1287.29734996155,1287.29888935196
c,Preview,Sine,normal bandwidth,8,307.32,1286.14404112094,1286.14553016048
c,Preview,Sine,normal bandwidth,8,307.58,1284.94185973799,1284.94330982861
c,Preview,Sine,normal bandwidth,8,307.84,1283.69101114168,1283.69240243731
c,Preview,Sine,normal bandwidth,8,308.1,1282.39170897319,1282.3930696008
c,Preview,Sine,normal bandwidth,8,308.36,1281.04417514942,1281.0454737687
c,Preview,Sine,normal bandwidth,8,308.62,1279.6486398251,1279.64988712095
c,Preview,Sine,normal bandwidth,8,308.88,1278.20534135348,1278.2065485809
c,Preview,Sine,normal bandwidth,8,309.14,1276.71452624558,1276.71567392488
c,Preview,Sine,normal bandwidth,8,309.4,1275.17644912815,1275.17756493159
c,Preview,Sine,normal bandwidth,8,309.66,1273.59137270015,1273.59242589089
c,Preview,Sine,normal bandwidth,8,309.92,1271.95956768786,1271.96056880168
c,Preview,Sine,normal bandwidth,8,310.18,1270.28131279867,1270.2822728956
c,Preview,Sine,normal bandwidth,8,310.44,1268.55689467348,1268.55779472335
c,Preview,Sine,normal bandwidth,8,310.7,1266.78660783772,1266.78747493994
c,Preview,Sine,normal bandwidth,8,310.96,1264.97075465106,1264.97155880347
c,Preview,Sine,normal bandwidth,8,311.22,1263.10964525577,1263.11039680007
c,Preview,Sine,normal bandwidth,8,311.48,1261.20359752374,1261.20430727776
c,Preview,Sine,normal bandwidth,8,311.74,1259.2529370022,1259.25358646651
c,Preview,Sine,normal bandwidth,8,312,1257.2579968581,1257.25861244361
c,Preview,Sine,normal bandwidth,8,312.26,1255.21911782122,1255.21967038851
c,Preview,Sine,normal bandwidth,8,312.52,1253.13664812597,1253.13714777852
c,Preview,Sine,normal bandwidth,8,312.78,1251.01094345193,1251.01140071919
c,Preview,Sine,normal bandwidth,8,313.04,1248.84236686306,1248.84276385531
c,Preview,Sine,normal bandwidth,8,313.3,1246.63128874572,1246.63165107264
c,Preview,Sine,normal bandwidth,8,313.56,1244.37808674542,1244.3783862547
c,Preview,Sine,normal bandwidth,8,313.82,1242.08314570228,1242.08339221604
c,Preview,Sine,normal bandwidth,8,314.08,1239.74685758534,1239.74706129973
c,Preview,Sine,normal bandwidth,8,314.34,1237.36962142559,1237.36976513696
c,Preview,Sine,normal bandwidth,8,314.6,1234.95184324781,1234.95195165528
c,Preview,Sine,normal bandwidth,8,314.86,1232.49393600127,1232.49398205981
c,Preview,Sine,normal bandwidth,8,315.12,1229.99631948912,1229.99631269757
c,Preview,Sine,normal bandwidth,8,315.38,1227.45942029677,1227.45937047445
c,Preview,Sine,normal bandwidth,8,315.64,1224.88367171896,1224.88356242174
c,Preview,Sine,normal bandwidth,8,315.9,1222.26951368583,1222.26936859682
c,Preview,Sine,normal bandwidth,8,316.16,1219.6173926877,1219.61718598462
c,Preview,Sine,normal bandwidth,8,316.42,1216.92776169887,1216.92750251672
c,Preview,Sine,normal bandwidth,8,316.68,1214.20108010023,1214.20077783959
c,Preview,Sine,normal bandwidth,8,316.94,1211.43781360081,1211.43745264723
c,Preview,Sine,normal bandwidth,8,317.2,1208.63843415821,1208.63803707776
c,Preview,Sine,normal bandwidth,8,317.46,1205.80341989804,1205.80296220136
c,Preview,Sine,normal bandwidth,8,317.72,1202.93325503222,1202.9327454515
c,Preview,Sine,normal bandwidth,8,317.98,1200.02842977626,1200.02787725321
c,Preview,Sine,normal bandwidth,8,318.24,1197.08944026561,1197.08883008212
c,Preview,Sine,normal bandwidth,8,318.5,1194.11678847083,1194.11614197957
c,Preview,Sine,normal bandwidth,8,318.76,1191.11098211193,1191.11027626102
c,Preview,Sine,normal bandwidth,8,319.02,1188.07253457158,1188.07177765313
c,Preview,Sine,normal bandwidth,8,319.28,1185.00196480751,1185.00116526617
c,Preview,Sine,normal bandwidth,8,319.54,1181.89979726379,1181.89894134065
c,Preview,Sine,normal bandwidth,8,319.8,1178.76656178134,1178.7656695245
c,Preview,Sine,normal bandwidth,8,320.06,1175.60279350734,1175.60184340082
c,Preview,Sine,normal bandwidth,8,320.32,1172.40903280391,1172.40803266433
c,Preview,Sine,normal bandwidth,8,320.58,1169.18582515579,1169.18478289471
c,Preview,Sine,normal bandwidth,8,320.84,1165.93372107715,1165.93262395354
c,Preview,Sine,normal bandwidth,8,321.1,1162.6532760176,1162.65214268948
c,Preview,Sine,normal bandwidth,8,321.36,1159.34505026729,1159.34386084638
c,Preview,Sine,normal bandwidth,8,321.62,1156.00960886124,1156.00837065531
c,Preview,Sine,normal bandwidth,8,321.88,1152.64752148283,1152.64624183658
c,Preview,Sine,normal bandwidth,8,322.14,1149.25936236647,1149.25802961116
c,Preview,Sine,normal bandwidth,8,322.4,1145.84571019955,1145.84434152344
c,Preview,Sine,normal bandwidth,8,322.66,1142.40714802362,1142.40572525104
c,Preview,Sine,normal bandwidth,8,322.92,1138.94426313475,1138.94279303341
c,Preview,Sine,normal bandwidth,8,323.18,1135.45764698327,1135.45613629969
c,Preview,Sine,normal bandwidth,8,323.44,1131.94789507276,1131.94633326028
c,Preview,Sine,normal bandwidth,8,323.7,1128.41560685829,1128.41400956204
c,Preview,Sine,normal bandwidth,8,323.96,1124.86138564406,1124.85973647858
c,Preview,Sine,normal bandwidth,8,324.22,1121.28583848039,1121.28414364444
c,Preview,Sine,normal bandwidth,8,324.48,1117.68957605998,1117.68784167308
c,Preview,Sine,normal bandwidth,8,324.74,1114.07321261365,1114.07142929626
c,Preview,Sine,normal bandwidth,8,325,1110.4373658054,1110.43554759275
c,Preview,Sine,normal bandwidth,8,325.26,1106.78265662696,1106.78078899369
c,Preview,Sine,normal bandwidth,8,325.52,1103.10970929165,1103.10779784117
c,Preview,Sine,normal bandwidth,8,325.78,1099.41915112785,1099.41720132653
c,Preview,Sine,normal bandwidth,8,326.04,1095.7116124718,1095.70961614725
c,Preview,Sine,normal bandwidth,8,326.3,1091.98772655997,1091.98569607759
c,Preview,Sine,normal bandwidth,8,326.56,1088.24812942087,1088.24605217747
c,Preview,Sine,normal bandwidth,8,326.82,1084.49345976646,1084.49134074611
c,Preview,Sine,normal bandwidth,8,327.08,1080.72435888303,1080.72220287566
c,Preview,Sine,normal bandwidth,8,327.34,1076.94147052169,1076.93927059693
c,Preview,Sine,normal bandwidth,8,327.6,1073.1454407884,1073.14320758908
c,Preview,Sine,normal bandwidth,8,327.86,1069.33691803364,1069.33464093247
c,Preview,Sine,normal bandwidth,8,328.12,1065.51655274164,1065.51423608212
c,Preview,Sine,normal bandwidth,8,328.38,1061.68499741931,1061.68264529446
c,Preview,Sine,normal bandwidth,8,328.64,1057.8429064848,1057.84051323586
c,Preview,Sine,normal bandwidth,8,328.9,1053.99093615568,1053.98851065745
c,Preview,Sine,normal bandwidth,8,329.16,1050.12974433691,1050.12727798342
c,Preview,Sine,normal bandwidth,8,329.42,1046.25999050846,1046.25748698406
c,Preview,Sine,normal bandwidth,8,329.68,1042.38233561264,1042.37979829598
c,Preview,Sine,normal bandwidth,8,329.94,1038.49744194126,1038.49486646936
c,Preview,Sine,normal bandwidth,8,330.2,1034.60597302249,1034.60336646424
c,Preview,Sine,normal bandwidth,8,330.46,1030.70859350752,1030.70594931497
c,Preview,Sine,normal bandwidth,8,330.72,1026.80596905707,1026.80329023972
c,Preview,Sine,normal bandwidth,8,330.98,1022.89876622765,1022.89605543535
c,Preview,Sine,normal bandwidth,8,331.24,1018.98765235777,1018.98490654194
c,Preview,Sine,normal bandwidth,8,331.5,1015.07329545393,1015.07051984738
c,Preview,Sine,normal bandwidth,8,331.76,1011.15636407653,1011.15355421727
c,Preview,Sine,normal bandwidth,8,332.02,1007.23752722566,1007.23468543552
c,Preview,Sine,normal bandwidth,8,332.28,1003.31745422689,1003.3145824156
c,Preview,Sine,normal bandwidth,8,332.54,999.396814616916,999.393911063287
c,Preview,Sine,normal bandwidth,8,332.8,995.47627802919,995.473346107628
c,Preview,Sine,normal bandwidth,8,333.06,991.55651407958,991.553551433126
c,Preview,Sine,normal bandwidth,8,333.32,987.638192251993,987.635200504857
c,Preview,Sine,normal bandwidth,8,333.58,983.721981784021,983.718962097681
c,Preview,Sine,normal bandwidth,8,333.84,979.808551552642,979.805503540657
c,Preview,Sine,normal bandwidth,8,334.1,975.898569959982,975.89549512394
c,Preview,Sine,normal bandwidth,8,334.36,971.992704819145,971.989602917169
c,Preview,Sine,normal bandwidth,8,334.62,968.091623240161,968.08849519192
c,Preview,Sine,normal bandwidth,8,334.88,964.195991516038,964.192837729795
c,Preview,Sine,normal bandwidth,8,335.14,960.30647500897,960.303296434682
c,Preview,Sine,normal bandwidth,8,335.4,956.423738036689,956.420534296717
c,Preview,Sine,normal bandwidth,8,335.66,952.548443758999,952.54521672758
c,Preview,Sine,normal bandwidth,8,335.92,948.681254064519,948.678003952858
c,Preview,Sine,normal bandwidth,8,336.18,944.822829457625,944.819555919026
c,Preview,Sine,normal bandwidth,8,336.44,940.973828945649,940.97053426241
c,Preview,Sine,normal bandwidth,8,336.7,937.134909926308,937.131591843179
c,Preview,Sine,normal bandwidth,8,336.96,933.306728075436,933.303390574767
c,Preview,Sine,normal bandwidth,8,337.22,929.489937234991,929.486579818619
c,Preview,Sine,normal bandwidth,8,337.48,925.685189301373,925.681810869123
c,Preview,Sine,normal bandwidth,8,337.74,921.8931341141,921.889738270872
c,Preview,Sine,normal bandwidth,8,338,918.114419344802,918.111001967358
c,Preview,Sine,normal bandwidth,8,338.26,914.349690386606,914.346257548412
c,Preview,Sine,normal bandwidth,8,338.52,910.599590243904,910.596140739556
c,Preview,Sine,normal bandwidth,8,338.78,906.864759422531,906.86129140307
c,Preview,Sine,normal bandwidth,8,339.04,903.145835820368,903.14235419791
c,Preview,Sine,normal bandwidth,8,339.3,899.443454618391,899.439953419308
c,Preview,Sine,normal bandwidth,8,339.56,895.758248172181,895.754735535132
c,Preview,Sine,normal bandwidth,8,339.82,892.090845903928,892.087319921413
c,Preview,Sine,normal bandwidth,8,340.08,888.441874194916,888.438332277085
c,Preview,Sine,normal bandwidth,8,340.34,884.811956278549,884.808404623765
c,Preview,Sine,normal bandwidth,8,340.6,881.201712133897,881.198142943642
c,Preview,Sine,normal bandwidth,8,340.86,877.611758379813,877.608181823199
c,Preview,Sine,normal bandwidth,8,341.12,874.042708169608,874.039121645181
c,Preview,Sine,normal bandwidth,8,341.38,870.495171086334,870.491571274406
c,Preview,Sine,normal bandwidth,8,341.64,866.969753038663,866.966147397388
c,Preview,Sine,normal bandwidth,8,341.9,863.467056157405,863.463435096663
c,Preview,Sine,normal bandwidth,8,342.16,859.987678692659,859.984054368607
c,Preview,Sine,normal bandwidth,8,342.42,856.532214911641,856.528584039976
c,Preview,Sine,normal bandwidth,8,342.68,853.101254997182,853.097613542549
c,Preview,Sine,normal bandwidth,8,342.94,849.695384946923,849.691741595433
c,Preview,Sine,normal bandwidth,8,343.2,846.315186473237,846.3115298841
c,Preview,Sine,normal bandwidth,8,343.46,842.96123690386,842.957581168393
c,Preview,Sine,normal bandwidth,8,343.72,839.634109083305,839.630450248373
c,Preview,Sine,normal bandwidth,8,343.98,836.334371275003,836.330704606809
c,Preview,Sine,normal bandwidth,8,344.24,833.062587064255,833.058922439788
c,Preview,Sine,normal bandwidth,8,344.5,829.819315261974,829.815639638186
c,Preview,Sine,normal bandwidth,8,344.76,826.605109809235,826.601439152451
c,Preview,Sine,normal bandwidth,8,345.02,823.420519682672,823.416849387801
c,Preview,Sine,normal bandwidth,8,345.28,820.266088800708,820.262413455719
c,Preview,Sine,normal bandwidth,8,345.54,817.142355930659,817.138686561257
c,Preview,Sine,normal bandwidth,8,345.8,814.049854596712,814.046176513267
c,Preview,Sine,normal bandwidth,8,346.06,810.9891129888,810.985443964491
c,Preview,Sine,normal bandwidth,8,346.32,807.960653872395,807.956988669833
c,Preview,Sine,normal bandwidth,8,346.58,804.964994499208,804.961327051226
c,Preview,Sine,normal bandwidth,8,346.84,802.002646518863,801.998988952824
c,Preview,Sine,normal bandwidth,8,347.1,799.074115891491,799.07045193388
c,Preview,Sine,normal bandwidth,8,347.36,796.179902801322,796.176251956313
c,Preview,Sine,normal bandwidth,8,347.62,793.320501571255,793.316857991511
c,Preview,Sine,normal bandwidth,8,347.88,790.496400578426,790.492757567546
c,Preview,Sine,normal bandwidth,8,348.14,787.7080821708,787.704452906037
c,Preview,Sine,normal bandwidth,8,348.4,784.956022584782,784.9523892782
c,Preview,Sine,normal bandwidth,8,348.66,782.240691863876,782.23707566739
c,Preview,Sine,normal bandwidth,8,348.92,779.562553778412,779.558948259701
c,Preview,Sine,normal bandwidth,8,349.18,776.922065746327,776.918463608333
c,Preview,Sine,normal bandwidth,8,349.44,774.319678755039,774.316094168662
c,Preview,Sine,normal bandwidth,8,349.7,771.755837284429,771.75225102324
c,Preview,Sine,normal bandwidth,8,349.96,769.230979230914,769.227414004281
c,Preview,Sine,normal bandwidth,8,350.22,766.745535832664,766.741984650737
c,Preview,Sine,normal bandwidth,8,350.48,764.299931595939,764.296386592154
c,Preview,Sine,normal bandwidth,8,350.74,761.894584222596,761.891060501008
c,Preview,Sine,normal bandwidth,8,351,759.529904538737,759.526381516492
c,Preview,Sine,normal bandwidth,8,351.26,757.206296424547,757.202798271533
c,Preview,Sine,normal bandwidth,8,351.52,754.924156745307,754.920675943981
c,Preview,Sine,normal bandwidth,8,351.78,752.683875283618,752.680403431488
c,Preview,Sine,normal bandwidth,8,352.04,750.485834672822,750.482387742627
c,Preview,Sine,normal bandwidth,8,352.3,748.330410331648,748.326966471966
c,Preview,Sine,normal bandwidth,8,352.56,746.217970400098,746.214555138167
c,Preview,Sine,normal bandwidth,8,352.82,744.148875676563,744.145480999237
c,Preview,Sine,normal bandwidth,8,353.08,742.123479556204,742.120096560927
c,Preview,Sine,normal bandwidth,8,353.34,740.142127970591,740.13877343061
c,Preview,Sine,normal bandwidth,8,353.6,738.205159328624,738.201810217219
c,Preview,Sine,normal bandwidth,8,353.86,736.312904458723,736.309587551523
c,Preview,Sine,normal bandwidth,8,354.12,734.465686552335,734.462393374792
c,Preview,Sine,normal bandwidth,8,354.38,732.663821108726,732.660542296221
c,Preview,Sine,normal bandwidth,8,354.64,730.9076158811,730.904368935791
c,Preview,Sine,normal bandwidth,8,354.9,729.197370824032,729.194131642191
c,Preview,Sine,normal bandwidth,8,355.16,727.533378042239,727.530174533593
c,Preview,Sine,normal bandwidth,8,355.42,725.915921740686,725.91274500546
c,Preview,Sine,normal bandwidth,8,355.68,724.345278176051,724.342118427536
c,Preview,Sine,normal bandwidth,8,355.94,722.821715609533,722.818591004088
c,Preview,Sine,normal bandwidth,8,356.2,721.34549426104,721.342379720817
c,Preview,Sine,normal bandwidth,8,356.46,719.916866264743,719.913790714437
c,Preview,Sine,normal bandwidth,8,356.72,718.536075626011,718.533029778604
c,Preview,Sine,normal bandwidth,8,356.98,717.203358179734,717.200331868205
c,Preview,Sine,normal bandwidth,8,357.24,715.918941550048,715.915953507457
c,Preview,Sine,normal bandwidth,8,357.5,714.683045111454,714.680069392875
c,Preview,Sine,normal bandwidth,8,357.76,713.495879951349,713.492946372979
c,Preview,Sine,normal bandwidth,8,358.02,712.357648833974,712.354747761201
c,Preview,Sine,normal bandwidth,8,358.28,711.268546165785,711.265667094666
c,Preview,Sine,normal bandwidth,8,358.54,710.228757962244,710.225920122582
c,Preview,Sine,normal bandwidth,8,358.8,709.238461816051,709.235638506588
c,Preview,Sine,normal bandwidth,8,359.06,708.297826866813,708.295048667978
c,Preview,Sine,normal bandwidth,8,359.32,707.407013772152,707.404270742859
c,Preview,Sine,normal bandwidth,8,359.58,706.566174680267,706.563456024493
c,Preview,Sine,normal bandwidth,8,359.84,705.775453203949,705.772778566156
c,Preview,Sine,normal bandwidth,8,360.1,705.03498439605,705.03232643262
c,Preview,Sine,normal bandwidth,8,360.36,704.344894726417,704.342284651481
c,Preview,Sine,normal bandwidth,8,360.62,703.705302060291,703.702729668724
c,Preview,Sine,normal bandwidth,8,360.88,703.116315638179,703.113769887956
c,Preview,Sine,normal bandwidth,8,361.14,702.57803605719,702.575536923583
c,Preview,Sine,normal bandwidth,8,361.4,702.09055525386,702.088074867606
c,Preview,Sine,normal bandwidth,8,361.66,701.653956488445,701.651526564142
c,Preview,Sine,normal bandwidth,8,361.92,701.268314330703,701.265924442744
c,Preview,Sine,normal bandwidth,8,362.18,700.933694647154,700.931333554649
c,Preview,Sine,normal bandwidth,8,362.44,700.650154589836,700.647842513599
c,Preview,Sine,normal bandwidth,8,362.7,700.417742586537,700.415451250621
c,Preview,Sine,normal bandwidth,8,362.96,700.23649833253,700.234259816625
c,Preview,Sine,normal bandwidth,8,363.22,700.106452783789,700.104256486311
c,Preview,Sine,normal bandwidth,8,363.48,700.027628151702,700.025462680874
c,Preview,Sine,normal bandwidth,8,363.74,700.00003789928,699.997923635149
c,Preview,Sine,normal bandwidth,8,364,700.023686738855,700.021595119484
c,Preview,Sine,normal bandwidth,8,364.26,700.098570631277,700.096533964516
c,Preview,Sine,normal bandwidth,8,364.52,700.2246767866,700.222684340141
c,Preview,Sine,normal bandwidth,8,364.78,700.401983666274,700.400023946079
c,Preview,Sine,normal bandwidth,8,365.04,700.630460986816,700.628554445172
c,Preview,Sine,normal bandwidth,8,365.3,700.910069724986,700.908187635882
c,Preview,Sine,normal bandwidth,8,365.56,701.240762124452,701.238936885995
c,Preview,Sine,normal bandwidth,8,365.82,701.622481703946,701.620702498912
c,Preview,Sine,normal bandwidth,8,366.08,702.055163266911,702.053418548063
c,Preview,Sine,normal bandwidth,8,366.34,702.538732912635,702.537043117203
c,Preview,Sine,normal bandwidth,8,366.6,703.073108048878,703.071444409391
c,Preview,Sine,normal bandwidth,8,366.86,703.65819740597,703.656592272503
c,Preview,Sine,normal bandwidth,8,367.12,704.29390105241,704.292343568994
c,Preview,Sine,normal bandwidth,8,367.38,704.980110411923,704.978589027414
c,Preview,Sine,normal bandwidth,8,367.64,705.716708282014,705.715243331344
c,Preview,Sine,normal bandwidth,8,367.9,706.503568853979,706.502131651015
c,Preview,Sine,normal bandwidth,8,368.16,707.340557734398,707.339180443093
c,Preview,Sine,normal bandwidth,8,368.42,708.227531968085,708.226203740069
c,Preview,Sine,normal bandwidth,8,368.68,709.164340062507,709.163049392031
c,Preview,Sine,normal bandwidth,8,368.94,710.150822013656,710.149589046559
c,Preview,Sine,normal bandwidth,8,369.2,711.18680933338,711.185605587307
c,Preview,Sine,normal bandwidth,8,369.46,712.272125078156,712.270982393652
c,Preview,Sine,normal bandwidth,8,369.72,713.406583879319,713.405491461916
c,Preview,Sine,normal bandwidth,8,369.98,714.589991974713,714.588938413169
c,Preview,Sine,normal bandwidth,8,370.24,715.822147241793,715.821152406861
c,Preview,Sine,normal bandwidth,8,370.5,717.10283923214,717.101874966824
c,Preview,Sine,normal bandwidth,8,370.76,718.431849207413,718.430946892937
c,Preview,Sine,normal bandwidth,8,371.02,719.808950176701,719.808099118573
c,Preview,Sine,normal bandwidth,8,371.28,721.233906935297,721.233095865492
c,Preview,Sine,normal bandwidth,8,371.54,722.706476104868,722.705724534238
c,Preview,Sine,normal bandwidth,8,371.8,724.226406175025,724.225686392116
c,Preview,Sine,normal bandwidth,8,372.06,725.793437546281,725.792780339046
c,Preview,Sine,normal bandwidth,8,372.32,727.407302574386,727.406697393962
c,Preview,Sine,normal bandwidth,8,372.58,729.067725616043,729.067161385719
c,Preview,Sine,normal bandwidth,8,372.84,730.774423075987,730.773918863428
c,Preview,Sine,normal bandwidth,8,373.1,732.527103455419,732.526632113
c,Preview,Sine,normal bandwidth,8,373.36,734.325467401798,734.325058992788
c,Preview,Sine,normal bandwidth,8,373.62,736.169207759967,736.168851926155
c,Preview,Sine,normal bandwidth,8,373.88,738.058009624612,738.057695527882
c,Preview,Sine,normal bandwidth,8,374.14,739.991550394052,739.991296577496
c,Preview,Sine,normal bandwidth,8,374.4,741.969499825333,741.969279821032
c,Preview,Sine,normal bandwidth,8,374.66,743.991520090637,743.991363108848
c,Preview,Sine,normal bandwidth,8,374.92,746.057265834978,746.057161752359
c,Preview,Sine,normal bandwidth,8,375.18,748.166384235192,748.166322498483
c,Preview,Sine,normal bandwidth,8,375.44,750.318515060193,750.318513608761
c,Preview,Sine,normal bandwidth,8,375.7,752.513290732503,752.513323891115
c,Preview,Sine,normal bandwidth,8,375.96,754.750336391035,754.750432392253
c,Preview,Sine,normal bandwidth,8,376.22,757.029269955111,757.029418953674
c,Preview,Sine,normal bandwidth,8,376.48,759.349702189728,759.349893962277
c,Preview,Sine,normal bandwidth,8,376.74,761.711236772032,761.711488577636
c,Preview,Sine,normal bandwidth,8,377,764.113470359014,764.113757424719
c,Preview,Sine,normal bandwidth,8,377.26,766.555992656397,766.556342116562
c,Preview,Sine,normal bandwidth,8,377.52,769.03838648871,769.038788818176
c,Preview,Sine,normal bandwidth,8,377.78,771.56022787055,771.560673219499
c,Preview,Sine,normal bandwidth,8,378.04,774.121086078986,774.121590952518
c,Preview,Sine,normal bandwidth,8,378.3,776.720523727129,776.721064360313
c,Preview,Sine,normal bandwidth,8,378.56,779.358096838843,779.358699152011
c,Preview,Sine,normal bandwidth,8,378.82,782.033354924566,782.03400975332
c,Preview,Sine,normal bandwidth,8,379.08,784.745841058257,784.746538968365
c,Preview,Sine,normal bandwidth,8,379.34,787.495091955434,787.495848627575
c,Preview,Sine,normal bandwidth,8,379.6,790.280638052307,790.281430831011
c,Preview,Sine,normal bandwidth,8,379.86,793.102003585974,793.102857066907
c,Preview,Sine,normal bandwidth,8,380.12,795.958706675679,795.959612094322
c,Preview,Sine,normal bandwidth,8,380.38,798.850259405118,798.851207783094
c,Preview,Sine,normal bandwidth,8,380.64,801.776167905777,801.777174032412
c,Preview,Sine,normal bandwidth,8,380.9,804.735932441275,804.736974867265
c,Preview,Sine,normal bandwidth,8,381.16,807.729047492724,807.730149384083
c,Preview,Sine,normal bandwidth,8,381.42,810.755001845068,810.756154874568
c,Preview,Sine,normal bandwidth,8,381.68,813.813278674397,813.814474357837
c,Preview,Sine,normal bandwidth,8,381.94,816.903355636219,816.904607808446
c,Preview,Sine,normal bandwidth,8,382.2,820.024704954673,820.025993464104
c,Preview,Sine,normal bandwidth,8,382.46,823.176793512679,823.178139996794
c,Preview,Sine,normal bandwidth,8,382.72,826.35908294298,826.360479547385
c,Preview,Sine,normal bandwidth,8,382.98,829.571029720107,829.572468490993
c,Preview,Sine,normal bandwidth,8,383.24,832.812085253202,832.813579011883
c,Preview,Sine,normal bandwidth,8,383.5,836.081695979719,836.083225958349
c,Preview,Sine,normal bandwidth,8,383.76,839.379303459972,839.380889675136
c,Preview,Sine,normal bandwidth,8,384.02,842.704344472512,842.705979576178
c,Preview,Sine,normal bandwidth,8,384.28,846.056251110328,846.05792771303
c,Preview,Sine,normal bandwidth,8,384.54,849.434450877838,849.436180732629
c,Preview,Sine,normal bandwidth,8,384.8,852.838366788673,852.840132591554
c,Preview,Sine,normal bandwidth,8,385.06,856.267417464226,856.269237525449
c,Preview,Sine,normal bandwidth,8,385.32,859.721017232945,859.722884742202
c,Preview,Sine,normal bandwidth,8,385.58,863.198576230368,863.200484394079
c,Preview,Sine,normal bandwidth,8,385.84,866.699500499869,866.701459952659
c,Preview,Sine,normal bandwidth,8,386.1,870.223192094103,870.225187069682
c,Preview,Sine,normal bandwidth,8,386.36,873.769049177136,873.771096201264
c,Preview,Sine,normal bandwidth,8,386.62,877.336466127232,877.338558956397
c,Preview,Sine,normal bandwidth,8,386.88,880.924833640298,880.926966105802
c,Preview,Sine,normal bandwidth,8,387.14,884.533538833946,884.535720406592
c,Preview,Sine,normal bandwidth,8,387.4,888.161965352172,888.164181870677
c,Preview,Sine,normal bandwidth,8,387.66,891.809493470631,891.811759605725
c,Preview,Sine,normal bandwidth,8,387.92,895.475500202483,895.477810304099
c,Preview,Sine,normal bandwidth,8,388.18,899.159359404793,899.161707955448
c,Preview,Sine,normal bandwidth,8,388.44,902.860441885482,902.86283715173
c,Preview,Sine,normal bandwidth,8,388.7,906.578115510781,906.580544996793
c,Preview,Sine,normal bandwidth,8,388.96,910.31174531321,910.314221772065
c,Preview,Sine,normal bandwidth,8,389.22,914.060693600017,914.063211999209
c,Preview,Sine,normal bandwidth,8,389.48,917.824320062101,917.826875558912
c,Preview,Sine,normal bandwidth,8,389.74,921.601981883372,921.604581504824
c,Preview,Sine,normal bandwidth,8,390,925.393033850544,925.3956668196
c,Preview,Sine,normal bandwidth,8,390.26,929.196828463331,929.19950556098
c,Preview,Sine,normal bandwidth,8,390.52,933.012716045048,933.015432877831
c,Preview,Sine,normal bandwidth,8,390.78,936.840044853561,936.842797274193
c,Preview,Sine,normal bandwidth,8,391.04,940.678161192611,940.680954958586
c,Preview,Sine,normal bandwidth,8,391.3,944.52640952346,944.529235622535
c,Preview,Sine,normal bandwidth,8,391.56,948.384132576859,948.386999771917
c,Preview,Sine,normal bandwidth,8,391.82,952.250671465304,952.253576020683
c,Preview,Sine,normal bandwidth,8,392.08,956.12536579557,956.128304277124
c,Preview,Sine,normal bandwidth,8,392.34,960.007553781513,960.010530652631
c,Preview,Sine,normal bandwidth,8,392.6,963.896572357086,963.899580408788
c,Preview,Sine,normal bandwidth,8,392.86,967.791757289608,967.794803229265
c,Preview,Sine,normal bandwidth,8,393.12,971.692443293193,971.695524058887
c,Preview,Sine,normal bandwidth,8,393.38,975.5979641424,975.601077027781
c,Preview,Sine,normal bandwidth,8,393.64,979.507652786,979.510800941302
c,Preview,Sine,normal bandwidth,8,393.9,983.420841460921,983.424019511197
c,Preview,Sine,normal bandwidth,8,394.16,987.3368618063,987.340074374781
c,Preview,Sine,normal bandwidth,8,394.42,991.255044977628,991.258289689207
c,Preview,Sine,normal bandwidth,8,394.68,995.174721760995,995.177996648671
c,Preview,Sine,normal bandwidth,8,394.94,999.095222687384,999.098529574791
c,Preview,Sine,normal bandwidth,8,395.2,1003.01587814702,1003.01921351618
c,Preview,Sine,normal bandwidth,8,395.46,1006.93601850373,1006.93938487401
c,Preview,Sine,normal bandwidth,8,395.72,1010.85497420932,1010.85836990256
c,Preview,Sine,normal bandwidth,8,395.98,1014.77207591794,1014.77549971488
c,Preview,Sine,normal bandwidth,8,396.24,1018.68665460039,1018.69010699028
c,Preview,Sine,normal bandwidth,8,396.5,1022.59804165838,1022.60152099524
c,Preview,Sine,normal bandwidth,8,396.76,1026.50556903877,1026.50907572732
c,Preview,Sine,normal bandwidth,8,397.02,1030.40856934761,1030.41210241382
c,Preview,Sine,normal bandwidth,8,397.28,1034.3063759642,1034.30993494176
c,Preview,Sine,normal bandwidth,8,397.54,1038.19832315486,1038.20190719654
c,Preview,Sine,normal bandwidth,8,397.8,1042.08374618672,1042.08735552555
c,Preview,Sine,normal bandwidth,8,398.06,1045.96198144119,1045.96561436556
c,Preview,Sine,normal bandwidth,8,398.32,1049.83236652736,1049.83602277148
c,Preview,Sine,normal bandwidth,8,398.58,1053.69424039507,1053.69792024759
c,Preview,Sine,normal bandwidth,8,398.84,1057.54694344789,1057.5506447287
c,Preview,Sine,normal bandwidth,8,399.1,1061.38981765569,1061.39354247587
c,Preview,Sine,normal bandwidth,8,399.36,1065.22220666712,1065.22595120599
c,Preview,Sine,normal bandwidth,8,399.62,1069.04345592165,1069.04722062285
c,Preview,Sine,normal bandwidth,8,399.88,1072.85291276139,1072.85669866725
c,Preview,Sine,normal bandwidth,8,400.14,1076.64992654257,1076.65373014945
c,Preview,Sine,normal bandwidth,8,400.4,1080.43384874663,1080.43767403461
c,Preview,Sine,normal bandwidth,8,400.66,1084.20403309103,1084.20787414669
c,Preview,Sine,normal bandwidth,8,400.92,1087.95983563963,1087.96369361411
c,Preview,Sine,normal bandwidth,8,401.18,1091.70061491263,1091.70449159753
c,Preview,Sine,normal bandwidth,8,401.44,1095.42573199617,1095.42962257926
c,Preview,Sine,normal bandwidth,8,401.7,1099.13455065144,1099.13846096482
c,Preview,Sine,normal bandwidth,8,401.96,1102.82643742338,1102.83035948612
c,Preview,Sine,normal bandwidth,8,402.22,1106.50076174881,1106.50469741466
c,Preview,Sine,normal bandwidth,8,402.48,1110.15689606417,1110.16084786635
c,Preview,Sine,normal bandwidth,8,402.74,1113.79421591273,1113.79817775092
c,Preview,Sine,normal bandwidth,8,403,1117.41210005116,1117.41607958461
c,Preview,Sine,normal bandwidth,8,403.26,1121.00993055574,1121.01391777009
c,Preview,Sine,normal bandwidth,8,403.52,1124.58709292783,1124.59109037151
c,Preview,Sine,normal bandwidth,8,403.78,1128.14297619885,1128.14698713587
c,Preview,Sine,normal bandwidth,8,404.04,1131.67697303461,1131.68099010266
c,Preview,Sine,normal bandwidth,8,404.3,1135.18847983908,1135.19251249182
c,Preview,Sine,normal bandwidth,8,404.56,1138.67689685745,1138.68093308984
c,Preview,Sine,normal bandwidth,8,404.82,1142.14162827857,1142.14567132284
c,Preview,Sine,normal bandwidth,8,405.08,1145.58208233674,1145.58613617377
c,Preview,Sine,normal bandwidth,8,405.34,1148.99767141273,1149.00172744962
c,Preview,Sine,normal bandwidth,8,405.6,1152.38781213419,1152.39188157869
c,Preview,Sine,normal bandwidth,8,405.86,1155.75192547528,1155.75599438289
c,Preview,Sine,normal bandwidth,8,406.12,1159.08943685556,1159.09350912853
c,Preview,Sine,normal bandwidth,8,406.38,1162.39977623809,1162.40385655718
c,Preview,Sine,normal bandwidth,8,406.64,1165.68237822688,1165.68645680527
c,Preview,Sine,normal bandwidth,8,406.9,1168.93668216335,1168.94077191503
c,Preview,Sine,normal bandwidth,8,407.16,1172.16213222218,1172.16621732274
c,Preview,Sine,normal bandwidth,8,407.42,1175.35817750619,1175.36226251123
c,Preview,Sine,normal bandwidth,8,407.68,1178.52427214045,1178.52836241061
c,Preview,Sine,normal bandwidth,8,407.94,1181.65987536552,1181.66395996185
c,Preview,Sine,normal bandwidth,8,408.2,1184.76445162978,1184.76854511739
c,Preview,Sine,normal bandwidth,8,408.46,1187.83747068093,1187.84155542303
c,Preview,Sine,normal bandwidth,8,408.72,1190.87840765656,1190.88248884267
c,Preview,Sine,normal bandwidth,8,408.98,1193.88674317378,1193.89082682155
c,Preview,Sine,normal bandwidth,8,409.24,1196.86196341791,1196.86603748293
c,Preview,Sine,normal bandwidth,8,409.5,1199.80356023027,1199.80764086662
c,Preview,Sine,normal bandwidth,8,409.76,1202.71103119498,1202.71509902876
c,Preview,Sine,normal bandwidth,8,410.02,1205.58387972473,1205.58794055722
c,Preview,Sine,normal bandwidth,8,410.28,1208.42161514562,1208.4256756258
c,Preview,Sine,normal bandwidth,8,410.54,1211.22375278098,1211.2277998104
c,Preview,Sine,normal bandwidth,8,410.8,1213.9898140341,1213.99386528684
c,Preview,Sine,normal bandwidth,8,411.06,1216.71932647005,1216.72336091781
c,Preview,Sine,normal bandwidth,8,411.32,1219.4118238963,1219.41584792736
c,Preview,Sine,normal bandwidth,8,411.58,1222.06684644239,1222.07086730866
c,Preview,Sine,normal bandwidth,8,411.84,1224.68394063843,1224.68794424336
c,Preview,Sine,normal bandwidth,8,412.1,1227.26265949261,1227.26666495482
c,Preview,Sine,normal bandwidth,8,412.36,1229.8025625675,1229.80654729405
c,Preview,Sine,normal bandwidth,8,412.62,1232.30321605528,1232.30718699418
c,Preview,Sine,normal bandwidth,8,412.88,1234.76419285185,1234.76815782701
c,Preview,Sine,normal bandwidth,8,413.14,1237.18507262978,1237.18901660668
c,Preview,Sine,normal bandwidth,8,413.4,1239.56544191006,1239.56938537027
c,Preview,Sine,normal bandwidth,8,413.66,1241.90489413278,1241.90881301517
c,Preview,Sine,normal bandwidth,8,413.92,1244.20302972653,1244.20693150917
c,Preview,Sine,normal bandwidth,8,414.18,1246.45945617666,1246.46334922205
c,Preview,Sine,normal bandwidth,8,414.44,1248.67378809231,1248.67765649217
c,Preview,Sine,normal bandwidth,8,414.7,1250.84564727225,1250.84951278365
c,Preview,Sine,normal bandwidth,8,414.96,1252.97466276944,1252.97849996577
c,Preview,Sine,normal bandwidth,8,415.22,1255.06047095445,1255.06428781191
c,Preview,Sine,normal bandwidth,8,415.48,1257.1027155775,1257.10652096151
c,Preview,Sine,normal bandwidth,8,415.74,1259.10104782935,1259.10482502574
c,Preview,Sine,normal bandwidth,8,416,1261.05512640086,1261.05889834936
c,Preview,Sine,normal bandwidth,8,416.26,1262.96461754127,1262.9683575583
c,Preview,Sine,normal bandwidth,8,416.52,1264.82919511524,1264.83291164112
c,Preview,Sine,normal bandwidth,8,416.78,1266.64854065853,1266.65224302372
c,Preview,Sine,normal bandwidth,8,417.04,1268.42234343237,1268.42601418817
c,Preview,Sine,normal bandwidth,8,417.3,1270.15030047659,1270.15396364748
c,Preview,Sine,normal bandwidth,8,417.56,1271.83211666133,1271.83574442064
c,Preview,Sine,normal bandwidth,8,417.82,1273.46750473741,1273.47110595355
c,Preview,Sine,normal bandwidth,8,418.08,1275.05618538549,1275.05976981415
c,Preview,Sine,normal bandwidth,8,418.34,1276.59788726367,1276.6014367961
c,Preview,Sine,normal bandwidth,8,418.6,1278.09234705391,1278.09588669678
c,Preview,Sine,normal bandwidth,8,418.86,1279.53930950697,1279.54281040932
c,Preview,Sine,normal bandwidth,8,419.12,1280.93852748601,1280.94199890646
c,Preview,Sine,normal bandwidth,8,419.38,1282.2897620088,1282.29321408664
c,Preview,Sine,normal bandwidth,8,419.64,1283.59278228856,1283.59619633227
c,Preview,Sine,normal bandwidth,8,419.9,1284.84736577332,1284.85076766503
c,Preview,Sine,normal bandwidth,8,420.16,1286.053298184,1286.05665817161
c,Preview,Sine,normal bandwidth,8,420.42,1287.21037355097,1287.2137012438
c,Preview,Sine,normal bandwidth,8,420.68,1288.31839424923,1288.32170012688
c,Preview,Sine,normal bandwidth,8,420.94,1289.37717103218,1289.38043590017
c,Preview,Sine,normal bandwidth,8,421.2,1290.38652306393,1290.38977356934
c,Preview,Sine,normal bandwidth,8,421.46,1291.34627795018,1291.34948356678
c,Preview,Sine,normal bandwidth,8,421.72,1292.25627176768,1292.25944241446
c,Preview,Sine,normal bandwidth,8,421.98,1293.11634909222,1293.11949554437
c,Preview,Sine,normal bandwidth,8,422.24,1293.92636302517,1293.92946566717
c,Preview,Sine,normal bandwidth,8,422.5,1294.68617521861,1294.68926134876
c,Preview,Sine,normal bandwidth,8,422.76,1295.39565589887,1295.39869434711
c,Preview,Sine,normal bandwidth,8,423.02,1296.0546838888,1296.05768484146
c,Preview,Sine,normal bandwidth,8,423.28,1296.6631466284,1296.66612111025
c,Preview,Sine,normal bandwidth,8,423.54,1297.22094019406,1297.22386825225
c,Preview,Sine,normal bandwidth,8,423.8,1297.72796931631,1297.73087878388
c,Preview,Sine,normal bandwidth,8,424.06,1298.1841473961,1298.18700659217
c,Preview,Sine,normal bandwidth,8,424.32,1298.58939651959,1298.59221585437
c,Preview,Sine,normal bandwidth,8,424.58,1298.94364747144,1298.94643817222
c,Preview,Sine,normal bandwidth,8,424.84,1299.24683974666,1299.24958160846
c,Preview,Sine,normal bandwidth,8,425.1,1299.49892156092,1299.50164283266
c,Preview,Sine,normal bandwidth,8,425.36,1299.69984985941,1299.70251848464
c,Preview,Sine,normal bandwidth,8,425.62,1299.84959032416,1299.85221689254
c,Preview,Sine,normal bandwidth,8,425.88,1299.94811737996,1299.95071327337
c,Preview,Sine,normal bandwidth,8,426.14,1299.99541419869,1299.99795904626
c,Preview,Sine,normal bandwidth,8,426.4,1299.99147270219,1299.99399504816
c,Preview,Sine,normal bandwidth,8,426.66,1299.93629356366,1299.93876111285
c,Preview,Sine,normal bandwidth,8,426.92,1299.82988620753,1299.8323096838
c,Preview,Sine,normal bandwidth,8,427.18,1299.67226880785,1299.67465969912
c,Preview,Sine,normal bandwidth,8,427.44,1299.4634682852,1299.46580614165
c,Preview,Sine,normal bandwidth,8,427.7,1299.20352030209,1299.20583384144
c,Preview,Sine,normal bandwidth,8,427.96,1298.89246925684,1298.89472608304
c,Preview,Sine,normal bandwidth,8,428.22,1298.53036827605,1298.53257920141
c,Preview,Sine,normal bandwidth,8,428.48,1298.11727920547,1298.11945577489
c,Preview,Sine,normal bandwidth,8,428.74,1297.65327259947,1297.65539437146
c,Preview,Sine,normal bandwidth,8,429,1297.138427709,1297.1405234522
c,Preview,Sine,normal bandwidth,8,429.26,1296.57283246799,1296.57486982373
c,Preview,Sine,normal bandwidth,8,429.52,1295.95658347844,1295.95857330134
c,Preview,Sine,normal bandwidth,8,429.78,1295.28978599381,1295.29173983647
c,Preview,Sine,normal bandwidth,8,430.04,1294.5725539011,1294.57445141763
c,Preview,Sine,normal bandwidth,8,430.3,1293.80500970141,1293.80687958856
c,Preview,Sine,normal bandwidth,8,430.56,1292.98728448897,1292.98909456358
c,Preview,Sine,normal bandwidth,8,430.82,1292.1195179288,1292.12127904146
c,Preview,Sine,normal bandwidth,8,431.08,1291.20185823281,1291.20358189453
c,Preview,Sine,normal bandwidth,8,431.34,1290.23446213453,1290.23612818184
c,Preview,Sine,normal bandwidth,8,431.6,1289.2174948623,1289.21913179757
c,Preview,Sine,normal bandwidth,8,431.86,1288.15113011108,1288.15270606403
c,Preview,Sine,normal bandwidth,8,432.12,1287.03555001275,1287.03707578365
c,Preview,Sine,normal bandwidth,8,432.38,1285.87094510505,1285.87243211414
c,Preview,Sine,normal bandwidth,8,432.64,1284.657514299,1284.65894265134
c,Preview,Sine,normal bandwidth,8,432.9,1283.39546484494,1283.39686272683
c,Preview,Sine,normal bandwidth,8,433.16,1282.0850122971,1282.08634828721
c,Preview,Sine,normal bandwidth,8,433.42,1280.72638047686,1280.727665279
c,Preview,Sine,normal bandwidth,8,433.68,1279.31980143445,1279.32104632938
c,Preview,Sine,normal bandwidth,8,433.94,1277.86551540934,1277.86670085553
c,Preview,Sine,normal bandwidth,8,434.2,1276.3637707892,1276.36492453663
c,Preview,Sine,normal bandwidth,8,434.46,1274.81482406752,1274.81591527788
c,Preview,Sine,normal bandwidth,8,434.72,1273.21893979973,1273.21997903469
c,Preview,Sine,normal bandwidth,8,434.98,1271.57639055807,1271.57738891076
c,Preview,Sine,normal bandwidth,8,435.24,1269.88745688503,1269.88839525077
c,Preview,Sine,normal bandwidth,8,435.5,1268.15242724538,1268.15333281932
c,Preview,Sine,normal bandwidth,8,435.76,1266.37159797698,1266.37244063551
c,Preview,Sine,normal bandwidth,8,436.02,1264.54527324013,1264.54606335769
c,Preview,Sine,normal bandwidth,8,436.28,1262.67376496559,1262.67451340032
c,Preview,Sine,normal bandwidth,8,436.54,1260.75739280135,1260.75808096697
c,Preview,Sine,normal bandwidth,8,436.8,1258.79648405803,1258.79713847878
c,Preview,Sine,normal bandwidth,8,437.06,1256.79137365293,1256.79196504848
c,Preview,Sine,normal bandwidth,8,437.32,1254.74240405291,1254.7429425662
c,Preview,Sine,normal bandwidth,8,437.58,1252.64992521579,1252.65042142362
c,Preview,Sine,normal bandwidth,8,437.84,1250.51429453069,1250.51473044449
c,Preview,Sine,normal bandwidth,8,438.1,1248.3358767569,1248.33627811682
c,Preview,Sine,normal bandwidth,8,438.36,1246.11504396163,1246.11538245557
c,Preview,Sine,normal bandwidth,8,438.62,1243.85217545646,1243.85246095257
c,Preview,Sine,normal bandwidth,8,438.88,1241.54765773252,1241.54790048111
c,Preview,Sine,normal bandwidth,8,439.14,1239.20188439451,1239.20206708153
c,Preview,Sine,normal bandwidth,8,439.4,1236.81525609348,1236.81540356508
c,Preview,Sine,normal bandwidth,8,439.66,1234.38818045835,1234.38826549154
c,Preview,Sine,normal bandwidth,8,439.92,1231.92107202637,1231.92110417238
c,Preview,Sine,normal bandwidth,8,440.18,1229.41435217223,1229.41434131113
c,Preview,Sine,normal bandwidth,8,440.44,1226.86844903615,1226.86837860229
c,Preview,Sine,normal bandwidth,8,440.7,1224.28379745073,1224.28369129026
c,Preview,Sine,normal bandwidth,8,440.96,1221.66083886671,1221.6606709619
c,Preview,Sine,normal bandwidth,8,441.22,1219.00002127752,1218.99980082193
c,Preview,Sine,normal bandwidth,8,441.48,1216.30179914282,1216.30153560411
c,Preview,Sine,normal bandwidth,8,441.74,1213.56663331083,1213.56631094247
c,Preview,Sine,normal bandwidth,8,442,1210.79499093966,1210.79463248597
c,Preview,Sine,normal bandwidth,8,442.26,1207.98734541749,1207.9869261771
c,Preview,Sine,normal bandwidth,8,442.52,1205.14417628175,1205.14370505129
c,Preview,Sine,normal bandwidth,8,442.78,1202.26596913718,1202.26545493148
c,Preview,Sine,normal bandwidth,8,443.04,1199.35321557292,1199.35264353179
c,Preview,Sine,normal bandwidth,8,443.3,1196.40641307851,1196.40580474736
c,Preview,Sine,normal bandwidth,8,443.56,1193.42606495896,1193.42539705822
c,Preview,Sine,normal bandwidth,8,443.82,1190.41268024879,1190.4119611406
c,Preview,Sine,normal bandwidth,8,444.08,1187.36677362504,1187.36601183293
c,Preview,Sine,normal bandwidth,8,444.34,1184.2888653194,1184.28804693297
c,Preview,Sine,normal bandwidth,8,444.6,1181.17948102938,1181.17862630314
c,Preview,Sine,normal bandwidth,8,444.86,1178.03915182846,1178.038239004
c,Preview,Sine,normal bandwidth,8,445.12,1174.86841407544,1174.86745104473
c,Preview,Sine,normal bandwidth,8,445.38,1171.66780932279,1171.66680408168
c,Preview,Sine,normal bandwidth,8,445.64,1168.43788422418,1168.43682387139
c,Preview,Sine,normal bandwidth,8,445.9,1165.17919044112,1165.17809385387
c,Preview,Sine,normal bandwidth,8,446.16,1161.89228454871,1161.8911315826
c,Preview,Sine,normal bandwidth,8,446.42,1158.57772794061,1158.57652598376
c,Preview,Sine,normal bandwidth,8,446.68,1155.23608673311,1155.23484321956
c,Preview,Sine,normal bandwidth,8,446.94,1151.8679316685,1151.86663476117
c,Preview,Sine,normal bandwidth,8,447.2,1148.47383801754,1148.47250513574
c,Preview,Sine,normal bandwidth,8,447.46,1145.05438548123,1145.05299818058
c,Preview,Sine,normal bandwidth,8,447.72,1141.61015809178,1141.60872322501
c,Preview,Sine,normal bandwidth,8,447.98,1138.14174411288,1138.14026852048
c,Preview,Sine,normal bandwidth,8,448.24,1134.64973593921,1134.64820889885
c,Preview,Sine,normal bandwidth,8,448.5,1131.13472999528,1131.13316739401
c,Preview,Sine,normal bandwidth,8,448.76,1127.59732663354,1127.59571180572
c,Preview,Sine,normal bandwidth,8,449.02,1124.03813003186,1124.03646926558
c,Preview,Sine,normal bandwidth,8,449.28,1120.45774809031,1120.45604760331
c,Preview,Sine,normal bandwidth,8,449.54,1116.85679232737,1116.85504255782
c,Preview,Sine,normal bandwidth,8,449.8,1113.23587777548,1113.23409301036
c,Preview,Sine,normal bandwidth,8,450.06,1109.59562287594,1109.5937882995
c,Preview,Sine,normal bandwidth,8,450.32,1105.93664937336,1105.93477068221
c,Preview,Sine,normal bandwidth,8,450.58,1102.25958220942,1102.257664972
c,Preview,Sine,normal bandwidth,8,450.84,1098.56504941614,1098.56308527195
c,Preview,Sine,normal bandwidth,8,451.1,1094.85368200861,1094.85168358357
c,Preview,Sine,normal bandwidth,8,451.36,1091.12611387725,1091.12406826873
c,Preview,Sine,normal bandwidth,8,451.62,1087.38298167947,1087.38089396829
c,Preview,Sine,normal bandwidth,8,451.88,1083.62492473102,1083.62279981257
c,Preview,Sine,normal bandwidth,8,452.14,1079.85258489673,1079.8504156475
c,Preview,Sine,normal bandwidth,8,452.4,1076.0666064809,1076.06440381187
c,Preview,Sine,normal bandwidth,8,452.66,1072.26763611727,1072.26538909401
c,Preview,Sine,normal bandwidth,8,452.92,1068.45632265857,1068.4540357244
c,Preview,Sine,normal bandwidth,8,453.18,1064.63331706567,1064.63099442204
c,Preview,Sine,normal bandwidth,8,453.44,1060.79927229645,1060.79690808726
c,Preview,Sine,normal bandwidth,8,453.7,1056.95484319423,1056.95244656894
c,Preview,Sine,normal bandwidth,8,453.96,1053.10068637594,1053.09824841499
c,Preview,Sine,normal bandwidth,8,454.22,1049.23746012,1049.23498461026
c,Preview,Sine,normal bandwidth,8,454.48,1045.36582425383,1045.36331468485
c,Preview,Sine,normal bandwidth,8,454.74,1041.4864400412,1041.48389184931
c,Preview,Sine,normal bandwidth,8,455,1037.59997006929,1037.59739060337
c,Preview,Sine,normal bandwidth,8,455.26,1033.70707813548,1033.70446052892
c,Preview,Sine,normal bandwidth,8,455.52,1029.80842913402,1029.80577650106
c,Preview,Sine,normal bandwidth,8,455.78,1025.90468894244,1025.90200404586
c,Preview,Sine,normal bandwidth,8,456.04,1021.99652430784,1021.99380389584
c,Preview,Sine,normal bandwidth,8,456.3,1018.08460273298,1018.08185232252
c,Preview,Sine,normal bandwidth,8,456.56,1014.16959236233,1014.16680716902
c,Preview,Sine,normal bandwidth,8,456.82,1010.25216186788,1010.24934432008
c,Preview,Sine,normal bandwidth,8,457.08,1006.33298033499,1006.3301324569
c,Preview,Sine,normal bandwidth,8,457.34,1002.41271714809,1002.40983701369
c,Preview,Sine,normal bandwidth,8,457.6,998.492041876354,998.489133147088
c,Preview,Sine,normal bandwidth,8,457.86,994.571624159333,994.568684153514
c,Preview,Sine,normal bandwidth,8,458.12,990.652133592594,990.649164042283
c,Preview,Sine,normal bandwidth,8,458.38,986.734239613345,986.731241795541
c,Preview,Sine,normal bandwidth,8,458.64,982.818611386105,982.81558470877
c,Preview,Sine,normal bandwidth,8,458.9,978.90591768841,978.902863941875
c,Preview,Sine,normal bandwidth,8,459.16,974.996826796582,974.993745413279
c,Preview,Sine,normal bandwidth,8,459.42,971.092006371601,971.088898379922
c,Preview,Sine,normal bandwidth,8,459.68,967.19212334506,967.188989269341
c,Preview,Sine,normal bandwidth,8,459.94,963.297843805261,963.29468438998
c,Preview,Sine,normal bandwidth,8,460.2,959.409832883447,959.406648040174
c,Preview,Sine,normal bandwidth,8,460.46,955.528754640197,955.525545917907
c,Preview,Sine,normal bandwidth,8,460.72,951.655271952017,951.652039671044
c,Preview,Sine,normal bandwidth,8,460.98,947.790046398104,947.786790327882
c,Preview,Sine,normal bandwidth,8,461.24,943.933738147371,943.930460365718
c,Preview,Sine,normal bandwidth,8,461.5,940.087005845678,940.083704385779
c,Preview,Sine,normal bandwidth,8,461.76,936.250506503342,936.247185024105
c,Preview,Sine,normal bandwidth,8,462.02,932.424895382922,932.421553495254
c,Preview,Sine,normal bandwidth,8,462.28,928.6108258873,928.607462606719
c,Preview,Sine,normal bandwidth,8,462.54,924.808949448085,924.805568176878
c,Preview,Sine,normal bandwidth,8,462.8,921.019915414349,921.016512315711
c,Preview,Sine,normal bandwidth,8,463.06,917.244370941715,917.240951768869
c,Preview,Sine,normal bandwidth,8,463.32,913.482960881837,913.479524537925
c,Preview,Sine,normal bandwidth,8,463.58,909.736327672248,909.732872423073
c,Preview,Sine,normal bandwidth,8,463.84,906.005111226639,906.001641784436
c,Preview,Sine,normal bandwidth,8,464.1,902.289948825571,902.286459499922
c,Preview,Sine,normal bandwidth,8,464.36,898.591475007614,898.587973621499
c,Preview,Sine,normal bandwidth,8,464.62,894.910321460984,894.906806214463
c,Preview,Sine,normal bandwidth,8,464.88,891.247116915642,891.243585332205
c,Preview,Sine,normal bandwidth,8,465.14,887.602487035918,887.598945117632
c,Preview,Sine,normal bandwidth,8,465.4,883.977054313643,883.973494540769
c,Preview,Sine,normal bandwidth,8,465.66,880.371437961831,880.367870193713
c,Preview,Sine,normal bandwidth,8,465.92,876.786253808918,876.782675550216
c,Preview,Sine,normal bandwidth,8,466.18,873.222114193586,873.218522236048
c,Preview,Sine,normal bandwidth,8,466.44,869.679627860169,869.676029470076
c,Preview,Sine,normal bandwidth,8,466.7,866.159399854689,866.155785715077
c,Preview,Sine,normal bandwidth,8,466.96,862.662031421508,862.658413386001
c,Preview,Sine,normal bandwidth,8,467.22,859.188119900647,859.184494789156
c,Preview,Sine,normal bandwidth,8,467.48,855.738258625752,855.734622511979
c,Preview,Sine,normal bandwidth,8,467.74,852.313036822763,852.309398206186
c,Preview,Sine,normal bandwidth,8,468,848.913039509272,848.909387315471
c,Preview,Sine,normal bandwidth,8,468.26,845.538847394601,845.535195420884
c,Preview,Sine,normal bandwidth,8,468.52,842.191036780624,842.187381175727
c,Preview,Sine,normal bandwidth,8,468.78,838.870179463331,838.866515599669
c,Preview,Sine,normal bandwidth,8,469.04,835.576842635177,835.573180209145
c,Preview,Sine,normal bandwidth,8,469.3,832.311588788192,832.307915015185
c,Preview,Sine,normal bandwidth,8,469.56,829.074975617922,829.071306180038
c,Preview,Sine,normal bandwidth,8,469.82,825.867555928169,825.863886319409
c,Preview,Sine,normal bandwidth,8,470.08,822.689877536579,822.686202447823
c,Preview,Sine,normal bandwidth,8,470.34,819.54248318107,819.538813464241
c,Preview,Sine,normal bandwidth,8,470.6,816.425910427142,816.422231642021
c,Preview,Sine,normal bandwidth,8,470.86,813.340691576054,813.337021222593
c,Preview,Sine,normal bandwidth,8,471.12,810.287353573916,810.283686510611
c,Preview,Sine,normal bandwidth,8,471.38,807.26641792168,807.262748180538
c,Preview,Sine,normal bandwidth,8,471.64,804.27840058608,804.274740128234
c,Preview,Sine,normal bandwidth,8,471.9,801.323811911499,801.320144702751
c,Preview,Sine,normal bandwidth,8,472.16,798.4031565328,798.399501816257
c,Preview,Sine,normal bandwidth,8,472.42,795.516933289148,795.51328530975
c,Preview,Sine,normal bandwidth,8,472.68,792.665635138797,792.661987295152
c,Preview,Sine,normal bandwidth,8,472.94,789.849749074904,789.846114386297
c,Preview,Sine,normal bandwidth,8,473.2,787.069756042346,787.066116949045
c,Preview,Sine,normal bandwidth,8,473.46,784.32613085558,784.322508261706
c,Preview,Sine,normal bandwidth,8,473.72,781.619342117543,781.615729679047
c,Preview,Sine,normal bandwidth,8,473.98,778.949852139616,778.946242649883
c,Preview,Sine,normal bandwidth,8,474.24,776.318116862665,776.31452434356
c,Preview,Sine,normal bandwidth,8,474.5,773.72458577917,773.720991220379
c,Preview,Sine,normal bandwidth,8,474.76,771.169701856441,771.166127733872
c,Preview,Sine,normal bandwidth,8,475.02,768.653901460979,768.650340868671
c,Preview,Sine,normal bandwidth,8,475.28,766.177614283928,766.174059440808
c,Preview,Sine,normal bandwidth,8,475.54,763.741263267699,763.737729138359
c,Preview,Sine,normal bandwidth,8,475.8,761.345264533722,761.341730738411
c,Preview,Sine,normal bandwidth,8,476.06,758.990027311381,758.986517801855
c,Preview,Sine,normal bandwidth,8,476.32,756.675953868117,756.672461205984
c,Preview,Sine,normal bandwidth,8,476.58,754.403439440719,754.399955303657
c,Preview,Sine,normal bandwidth,8,476.84,752.172872167823,752.169412399277
c,Preview,Sine,normal bandwidth,8,477.1,749.984633023615,749.981175961386
c,Preview,Sine,normal bandwidth,8,477.36,747.839095752766,747.835666722223
c,Preview,Sine,normal bandwidth,8,477.62,745.736626806593,745.733217868661
c,Preview,Sine,normal bandwidth,8,477.88,743.677585280475,743.674187607108
c,Preview,Sine,normal bandwidth,8,478.14,741.662322852516,741.658953098385
c,Preview,Sine,normal bandwidth,8,478.4,739.691183723484,739.687819036408
c,Preview,Sine,normal bandwidth,8,478.66,737.764504558018,737.761171528876
c,Preview,Sine,normal bandwidth,8,478.92,735.88261442713,735.879304650052
c,Preview,Sine,normal bandwidth,8,479.18,734.045834751998,734.042538930898
c,Preview,Sine,normal bandwidth,8,479.44,732.254479249072,732.251214778755
c,Preview,Sine,normal bandwidth,8,479.7,730.508853876489,730.505596812334
c,Preview,Sine,normal bandwidth,8,479.96,728.809256781816,728.806034866714
c,Preview,Sine,normal bandwidth,8,480.22,727.155978251128,727.152782648293
c,Preview,Sine,normal bandwidth,8,480.48,725.549300659433,725.546121644417
c,Preview,Sine,normal bandwidth,8,480.74,723.989498422432,723.986354055927
c,Preview,Sine,normal bandwidth,8,481,722.476837949663,722.473703296816
c,Preview,Sine,normal bandwidth,8,481.26,721.011577598986,721.008481436277
c,Preview,Sine,normal bandwidth,8,481.52,719.593967632468,719.590900729915
c,Preview,Sine,normal bandwidth,8,481.78,718.22425017363,718.221202419934
c,Preview,Sine,normal bandwidth,8,482.04,716.902659166098,716.899649210744
c,Preview,Sine,normal bandwidth,8,482.3,715.629420333646,715.626422357982
c,Preview,Sine,normal bandwidth,8,482.56,714.404751141637,714.401794832902
c,Preview,Sine,normal bandwidth,8,482.82,713.228860759892,713.225936534307
c,Preview,Sine,normal bandwidth,8,483.08,712.101950026954,712.099047429526
c,Preview,Sine,normal bandwidth,8,483.34,711.024211415788,711.021349605193
c,Preview,Sine,normal bandwidth,8,483.6,709.995829000911,709.992981384905
c,Preview,Sine,normal bandwidth,8,483.86,709.01697842695,709.01417547681
c,Preview,Sine,normal bandwidth,8,484.12,708.08782687864,708.085058697698
c,Preview,Sine,normal bandwidth,8,484.38,707.208533052274,707.205788886472
c,Preview,Sine,normal bandwidth,8,484.64,706.379247128596,706.376546564019
c,Preview,Sine,normal bandwidth,8,484.9,705.600110747148,705.59742653147
c,Preview,Sine,normal bandwidth,8,485.16,704.871256982083,704.868620240553
c,Preview,Sine,normal bandwidth,8,485.42,704.192810319435,704.19021088474
c,Preview,Sine,normal bandwidth,8,485.68,703.564886635854,703.562313500772
c,Preview,Sine,normal bandwidth,8,485.94,702.987593178819,702.985066273245
c,Preview,Sine,normal bandwidth,8,486.2,702.461028548317,702.458520076166
c,Preview,Sine,normal bandwidth,8,486.46,701.985282680005,701.982824287643
c,Preview,Sine,normal bandwidth,8,486.72,701.560436829846,701.558018122713
c,Preview,Sine,normal bandwidth,8,486.98,701.186563560237,701.184173324932
c,Preview,Sine,normal bandwidth,8,487.24,700.863726727608,700.861385152765
c,Preview,Sine,normal bandwidth,8,487.5,700.591981471519,700.58966033594
c,Preview,Sine,normal bandwidth,8,487.76,700.371374205243,700.369105541331
c,Preview,Sine,normal bandwidth,8,488.02,700.20194260784,700.199715838155
c,Preview,Sine,normal bandwidth,8,488.28,700.083715617716,700.081519370543
c,Preview,Sine,normal bandwidth,8,488.54,700.016713427686,700.014568064224
c,Preview,Sine,normal bandwidth,8,488.8,700.000947481524,699.998824475924
c,Preview,Sine,normal bandwidth,8,489.06,700.036420472004,700.034352105973
c,Preview,Sine,normal bandwidth,8,489.32,700.123126340447,700.121101898818
c,Preview,Sine,normal bandwidth,8,489.58,700.261050277752,700.259058279034
c,Preview,Sine,normal bandwidth,8,489.84,700.450168726923,700.44822961797
c,Preview,Sine,normal bandwidth,8,490.1,700.690449387099,700.688534459171
c,Preview,Sine,normal bandwidth,8,490.36,700.981851219065,700.979992865382
c,Preview,Sine,normal bandwidth,8,490.62,701.324324452263,701.322511865666
c,Preview,Sine,normal bandwidth,8,490.88,701.717810593294,701.716032231527
c,Preview,Sine,normal bandwidth,8,491.14,702.162242435909,702.1605187442
c,Preview,Sine,normal bandwidth,8,491.4,702.657544072483,702.655846281748
c,Preview,Sine,normal bandwidth,8,491.66,703.203630906986,703.201991383687
c,Preview,Sine,normal bandwidth,8,491.92,703.800409669427,703.798817560544
c,Preview,Sine,normal bandwidth,8,492.18,704.447778431787,704.446222183565
c,Preview,Sine,normal bandwidth,8,492.44,705.145626625428,705.144126594202
c,Preview,Sine,normal bandwidth,8,492.7,705.893835059974,705.892362539111
c,Preview,Sine,normal bandwidth,8,492.96,706.692275943674,706.690863134725
c,Preview,Sine,normal bandwidth,8,493.22,707.540812905223,707.539448955633
c,Preview,Sine,normal bandwidth,8,493.48,708.439301017059,708.43797441089
c,Preview,Sine,normal bandwidth,8,493.74,709.387586820112,709.386317737916
c,Preview,Sine,normal bandwidth,8,494,710.385508350018,710.384268270149
c,Preview,Sine,normal bandwidth,8,494.26,711.432895164776,711.431715986422
c,Preview,Sine,normal bandwidth,8,494.52,712.529568373868,712.52843929126
c,Preview,Sine,normal bandwidth,8,494.78,713.675340668804,713.674250252978
c,Preview,Sine,normal bandwidth,8,495.04,714.87001635512,714.868984524706
c,Preview,Sine,normal bandwidth,8,495.3,716.113391385798,716.112389925878
c,Preview,Sine,normal bandwidth,8,495.56,717.40525339612,717.404313767359
c,Preview,Sine,normal bandwidth,8,495.82,718.745381739937,718.744493229478
c,Preview,Sine,normal bandwidth,8,496.08,720.133547527354,720.132698841991
c,Preview,Sine,normal bandwidth,8,496.34,721.569513663828,721.568724375243
c,Preview,Sine,normal bandwidth,8,496.6,723.053034890655,723.052277211098
c,Preview,Sine,normal bandwidth,8,496.86,724.583857826871,724.583162644192
c,Preview,Sine,normal bandwidth,8,497.12,726.161721012516,726.161077752499
c,Preview,Sine,normal bandwidth,8,497.38,727.786354953301,727.785752506701
c,Preview,Sine,normal bandwidth,8,497.64,729.457482166631,729.456939674645
c,Preview,Sine,normal bandwidth,8,497.9,731.174817229,731.174307449652
c,Preview,Sine,normal bandwidth,8,498.16,732.93806682474,732.937619941224
c,Preview,Sine,normal bandwidth,8,498.42,734.746929796118,734.746535417993
c,Preview,Sine,normal bandwidth,8,498.68,736.601097194775,736.600744444177
c,Preview,Sine,normal bandwidth,8,498.94,738.500252334492,738.499959840429
c,Preview,Sine,normal bandwidth,8,499.2,740.444070845276,740.443812027828
c,Preview,Sine,normal bandwidth,8,499.46,742.43222072877,742.432024937639
c,Preview,Sine,normal bandwidth,8,499.72,744.464362414946,744.464219487817
c,Preview,Sine,normal bandwidth,8,499.98,746.540148820111,746.540048156935
c,Preview,Sine,normal bandwidth,8,500.24,748.659225406185,748.659185044261
c,Preview,Sine,normal bandwidth,8,500.5,750.821230241256,750.821224376177
c,Preview,Sine,normal bandwidth,8,500.76,753.025794061395,753.025851084093
c,Preview,Sine,normal bandwidth,8,501.02,755.272540333726,755.27265035339
c,Preview,Sine,normal bandwidth,8,501.28,757.561085320738,757.561238060378
c,Preview,Sine,normal bandwidth,8,501.54,759.891038145824,759.89125097404
c,Preview,Sine,normal bandwidth,8,501.8,762.262000860043,762.262248858085
c,Preview,Sine,normal bandwidth,8,502.06,764.673568510089,764.673878988933
c,Preview,Sine,normal bandwidth,8,502.32,767.125329207455,767.125692590012
c,Preview,Sine,normal bandwidth,8,502.58,769.616864198778,769.617270574985
c,Preview,Sine,normal bandwidth,8,502.84,772.147747937374,772.148213932995
c,Preview,Sine,normal bandwidth,8,503.1,774.717548155902,774.71804984421
c,Preview,Sine,normal bandwidth,8,503.36,777.32582594021,777.326389435647
c,Preview,Sine,normal bandwidth,8,503.62,779.97213580429,779.97275188437
c,Preview,Sine,normal bandwidth,8,503.88,782.656025766367,782.656684930254
c,Preview,Sine,normal bandwidth,8,504.14,785.377037426104,785.377755485759
c,Preview,Sine,normal bandwidth,8,504.4,788.134706042884,788.135460165733
c,Preview,Sine,normal bandwidth,8,504.66,790.928560615197,790.929375607681
c,Preview,Sine,normal bandwidth,8,504.92,793.758123961076,793.758990994677
c,Preview,Sine,normal bandwidth,8,505.18,796.622912799606,796.623822823269
c,Preview,Sine,normal bandwidth,8,505.44,799.52243783346,799.523405777851
c,Preview,Sine,normal bandwidth,8,505.7,802.456203832477,802.457208056635
c,Preview,Sine,normal bandwidth,8,505.96,805.423709718241,805.42477361472
c,Preview,Sine,normal bandwidth,8,506.22,808.424448649664,808.425563821599
c,Preview,Sine,normal bandwidth,8,506.48,811.457908109554,811.459065994304
c,Preview,Sine,normal bandwidth,8,506.74,814.52356999215,814.524784575355
c,Preview,Sine,normal bandwidth,8,507,817.620910691618,817.622161616303
c,Preview,Sine,normal bandwidth,8,507.26,820.749401191473,820.750710336456
c,Preview,Sine,normal bandwidth,8,507.52,823.908507154937,823.909866590848
c,Preview,Sine,normal bandwidth,8,507.78,827.097689016207,827.099090705368
c,Preview,Sine,normal bandwidth,8,508.04,830.316402072603,830.31785899593
c,Preview,Sine,normal bandwidth,8,508.3,833.56409657761,833.565589749009
c,Preview,Sine,normal bandwidth,8,508.56,836.840217834765,836.841767525928
c,Preview,Sine,normal bandwidth,8,508.82,840.144206292404,840.145805075299
c,Preview,Sine,normal bandwidth,8,509.08,843.475497639225,843.477138035449
c,Preview,Sine,normal bandwidth,8,509.34,846.833522900676,846.835216831013
c,Preview,Sine,normal bandwidth,8,509.6,850.217708536136,850.219438466412
c,Preview,Sine,normal bandwidth,8,509.86,853.627476536866,853.629261045118
c,Preview,Sine,normal bandwidth,8,510.12,857.062244524741,857.064076715985
c,Preview,Sine,normal bandwidth,8,510.38,860.521425851708,860.523298838736
c,Preview,Sine,normal bandwidth,8,510.64,864.004429699993,864.00635429257
c,Preview,Sine,normal bandwidth,8,510.9,867.510661183005,867.512621373724
c,Preview,Sine,normal bandwidth,8,511.16,871.039521446944,871.041534040889
c,Preview,Sine,normal bandwidth,8,511.42,874.590407773081,874.592466437743
c,Preview,Sine,normal bandwidth,8,511.68,878.1627136807,878.164812149464
c,Preview,Sine,normal bandwidth,8,511.94,881.75582903069,881.757976956165
c,Preview,Sine,normal bandwidth,8,512.2,885.369140129746,885.371323099617
c,Preview,Sine,normal bandwidth,8,512.46,889.002029835191,889.004262809854
c,Preview,Sine,normal bandwidth,8,512.72,892.653877660382,892.656154896837
c,Preview,Sine,normal bandwidth,8,512.98,896.324059880681,896.326375759654
c,Preview,Sine,normal bandwidth,8,513.24,900.011949639995,900.014312615736
c,Preview,Sine,normal bandwidth,8,513.5,903.716917057836,903.71931437464
c,Preview,Sine,normal bandwidth,8,513.76,907.438329336905,907.440774046625
c,Preview,Sine,normal bandwidth,8,514.02,911.175550871166,911.178037844823
c,Preview,Sine,normal bandwidth,8,514.28,914.927943354412,914.930467644057
c,Preview,Sine,normal bandwidth,8,514.54,918.694865889282,918.697434714722
c,Preview,Sine,normal bandwidth,8,514.8,922.475675096729,922.478277413316
c,Preview,Sine,normal bandwidth,8,515.06,926.269725225902,926.272372121233
c,Preview,Sine,normal bandwidth,8,515.32,930.076368264438,930.079055245448
c,Preview,Sine,normal bandwidth,8,515.58,933.894954049148,933.897676860336
c,Preview,Sine,normal bandwidth,8,515.84,937.724830377053,937.727594972961
c,Preview,Sine,normal bandwidth,8,516.1,941.565343116787,941.568140210971
c,Preview,Sine,normal bandwidth,8,516.36,945.415836320315,945.418674988788
c,Preview,Sine,normal bandwidth,8,516.62,949.27565233497,949.278528739761
c,Preview,Sine,normal bandwidth,8,516.88,953.144131915773,953.147042511991
c,Preview,Sine,normal bandwidth,8,517.14,957.020614338035,957.023563789544
c,Preview,Sine,normal bandwidth,8,517.4,960.904437510214,960.907418328409
c,Preview,Sine,normal bandwidth,8,517.66,964.794938086982,964.797957297552
c,Preview,Sine,normal bandwidth,8,517.92,968.691451582528,968.694506018978
c,Preview,Sine,normal bandwidth,8,518.18,972.593312484059,972.596399327241
c,Preview,Sine,normal bandwidth,8,518.44,976.499854365456,976.502976968646
c,Preview,Sine,normal bandwidth,8,518.7,980.41041000111,980.413562705509
c,Preview,Sine,normal bandwidth,8,518.96,984.324311479864,984.327499230848
c,Preview,Sine,normal bandwidth,8,519.22,988.240890319113,988.244110635179
c,Preview,Sine,normal bandwidth,8,519.48,992.159477578957,992.162728378733
c,Preview,Sine,normal bandwidth,8,519.74,996.079403976468,996.082687288328
c,Preview,Sine,normal bandwidth,8,520,1000,1000.0033120191
d,PID,Square,normal bandwidth,8,0,1000,0
d,PID,Square,normal bandwidth,8,0.198,1000,237.474649906386
d,PID,Square,normal bandwidth,8,0.396,1000,276.051847167435
d,PID,Square,normal bandwidth,8,0.594,1000,314.575784768957
d,PID,Square,normal bandwidth,8,0.792,1000,353.055913999501
d,PID,Square,normal bandwidth,8,0.99,1000,391.589948585087
d,PID,Square,normal bandwidth,8,1.188,1000,430.189103985202
d,PID,Square,normal bandwidth,8,1.386,1000,468.752577627482
d,PID,Square,normal bandwidth,8,1.584,1000,507.276514695985
d,PID,Square,normal bandwidth,8,1.782,1000,545.756643926508
d,PID,Square,normal bandwidth,8,1.98,1000,584.290678512095
d,PID,Square,normal bandwidth,8,2.178,1000,576.943215551699
d,PID,Square,normal bandwidth,8,2.376,1000,597.159257290122
d,PID,Square,normal bandwidth,8,2.574,1000,617.014061519337
d,PID,Square,normal bandwidth,8,2.772,1000,635.356941141953
d,PID,Square,normal bandwidth,8,2.97,1000,652.254121222514
d,PID,Square,normal bandwidth,8,3.168,1000,667.706005336053
d,PID,Square,normal bandwidth,8,3.366,1000,681.649886764573
d,PID,Square,normal bandwidth,8,3.564,1000,694.088114747578
d,PID,Square,normal bandwidth,8,3.762,1000,705.02345859846
d,PID,Square,normal bandwidth,8,3.96,1000,714.503338368196
d,PID,Square,normal bandwidth,8,4.158,1000,722.5260532313
d,PID,Square,normal bandwidth,8,4.356,1000,741.858324526388
d,PID,Square,normal bandwidth,8,4.554,1000,753.083337610095
d,PID,Square,normal bandwidth,8,4.752,1000,763.825345385203
d,PID,Square,normal bandwidth,8,4.95,1000,774.189524561689
d,PID,Square,normal bandwidth,8,5.148,1000,784.23376803312
d,PID,Square,normal bandwidth,8,5.346,1000,793.979742372471
d,PID,Square,normal bandwidth,8,5.544,1000,803.484856965122
d,PID,Square,normal bandwidth,8,5.742,1000,812.806202119987
d,PID,Square,normal bandwidth,8,5.94,1000,822.029864901679
d,PID,Square,normal bandwidth,8,6.138,1000,831.214056228067
d,PID,Square,normal bandwidth,8,6.336,1000,838.569804214577
d,PID,Square,normal bandwidth,8,6.534,1000,845.83676509174
d,PID,Square,normal bandwidth,8,6.732,1000,853.057815370708
d,PID,Square,normal bandwidth,8,6.93,1000,859.969138765209
d,PID,Square,normal bandwidth,8,7.128,1000,866.575092843128
d,PID,Square,normal bandwidth,8,7.326,1000,872.854458767221
d,PID,Square,normal bandwidth,8,7.524,1000,878.807062414458
d,PID,Square,normal bandwidth,8,7.722,1000,884.430639378748
d,PID,Square,normal bandwidth,8,7.92,1000,889.739249862169
d,PID,Square,normal bandwidth,8,8.118,1000,894.726567288308
d,PID,Square,normal bandwidth,8,8.316,1000,899.365807394376
d,PID,Square,normal bandwidth,8,8.514,1000,904.241855124409
d,PID,Square,normal bandwidth,8,8.712,1000,908.666303671744
d,PID,Square,normal bandwidth,8,8.91,1000,912.884620794765
d,PID,Square,normal bandwidth,8,9.108,1000,916.914081376202
d,PID,Square,normal bandwidth,8,9.306,1000,920.752180684801
d,PID,Square,normal bandwidth,8,9.504,1000,924.411050111291
d,PID,Square,normal bandwidth,8,9.702,1000,927.903155817825
d,PID,Square,normal bandwidth,8,9.9,1000,931.224256183024
d,PID,Square,normal bandwidth,8,10.098,1000,934.389029387383
d,PID,Square,normal bandwidth,8,10.296,1000,937.429672238501
d,PID,Square,normal bandwidth,8,10.494,1000,940.361769668834
d,PID,Square,normal bandwidth,8,10.692,1000,943.030943601444
d,PID,Square,normal bandwidth,8,10.89,1000,945.645443489832
d,PID,Square,normal bandwidth,8,11.088,1000,948.147884403081
d,PID,Square,normal bandwidth,8,11.286,1000,950.534474014042
d,PID,Square,normal bandwidth,8,11.484,1000,952.810044574179
d,PID,Square,normal bandwidth,8,11.682,1000,954.978853558099
d,PID,Square,normal bandwidth,8,11.88,1000,957.051762369915
d,PID,Square,normal bandwidth,8,12.078,1000,959.031874578322
d,PID,Square,normal bandwidth,8,12.276,1000,960.914349963153
d,PID,Square,normal bandwidth,8,12.474,1000,962.70079864957
d,PID,Square,normal bandwidth,8,12.672,1000,964.415049796438
d,PID,Square,normal bandwidth,8,12.87,1000,966.051522964702
d,PID,Square,normal bandwidth,8,13.068,1000,967.615155439355
d,PID,Square,normal bandwidth,8,13.266,1000,969.104583189053
d,PID,Square,normal bandwidth,8,13.464,1000,970.523188857105
d,PID,Square,normal bandwidth,8,13.662,1000,971.874277447817
d,PID,Square,normal bandwidth,8,13.86,1000,973.165582422887
d,PID,Square,normal bandwidth,8,14.058,1000,974.400402031398
d,PID,Square,normal bandwidth,8,14.256,1000,975.577554338708
d,PID,Square,normal bandwidth,8,14.454,1000,976.700369548484
d,PID,Square,normal bandwidth,8,14.652,1000,977.772265649543
d,PID,Square,normal bandwidth,8,14.85,1000,978.791682294211
d,PID,Square,normal bandwidth,8,15.048,1000,979.768717338581
d,PID,Square,normal bandwidth,8,15.246,1000,980.699841526866
d,PID,Square,normal bandwidth,8,15.444,1000,981.587178713589
d,PID,Square,normal bandwidth,8,15.642,1000,982.432750806479
d,PID,Square,normal bandwidth,8,15.84,1000,983.24124178788
d,PID,Square,normal bandwidth,8,16.038,1000,984.014472057116
d,PID,Square,normal bandwidth,8,16.236,1000,984.751341665007
d,PID,Square,normal bandwidth,8,16.434,1000,985.45338544629
d,PID,Square,normal bandwidth,8,16.632,1000,986.121994514894
d,PID,Square,normal bandwidth,8,16.83,1000,986.761446645221
d,PID,Square,normal bandwidth,8,17.028,1000,987.373275803439
d,PID,Square,normal bandwidth,8,17.226,1000,987.956269049694
d,PID,Square,normal bandwidth,8,17.424,1000,988.51187111518
d,PID,Square,normal bandwidth,8,17.622,1000,989.041333259197
d,PID,Square,normal bandwidth,8,17.82,1000,989.547576615134
d,PID,Square,normal bandwidth,8,18.018,1000,990.031768151923
d,PID,Square,normal bandwidth,8,18.216,1000,990.493294815941
d,PID,Square,normal bandwidth,8,18.414,1000,990.93322393167
d,PID,Square,normal bandwidth,8,18.612,1000,991.352589486514
d,PID,Square,normal bandwidth,8,18.81,1000,991.753759470737
d,PID,Square,normal bandwidth,8,19.008,1000,992.1374243929
d,PID,Square,normal bandwidth,8,19.206,1000,992.503260015497
d,PID,Square,normal bandwidth,8,19.404,1000,992.852077892279
d,PID,Square,normal bandwidth,8,19.602,1000,993.184667762525
d,PID,Square,normal bandwidth,8,19.8,1000,993.50015175913
d,PID,Square,normal bandwidth,8,19.998,1000,993.799229918844
d,PID,Square,normal bandwidth,8,20.196,1300,1065.21637015244
d,PID,Square,normal bandwidth,8,20.394,1300,1077.04963903277
d,PID,Square,normal bandwidth,8,20.592,1300,1088.85235924154
d,PID,Square,normal bandwidth,8,20.79,1300,1100.65984638173
d,PID,Square,normal bandwidth,8,20.988,1300,1112.4760166562
d,PID,Square,normal bandwidth,8,21.186,1300,1124.27038672912
d,PID,Square,normal bandwidth,8,21.384,1300,1136.042238208
d,PID,Square,normal bandwidth,8,21.582,1300,1147.79079492822
d,PID,Square,normal bandwidth,8,21.78,1300,1159.54651517988
d,PID,Square,normal bandwidth,8,21.978,1300,1171.31321326824
d,PID,Square,normal bandwidth,8,22.176,1300,1169.32734683001
d,PID,Square,normal bandwidth,8,22.374,1300,1175.53312798219
d,PID,Square,normal bandwidth,8,22.572,1300,1181.64704706201
d,PID,Square,normal bandwidth,8,22.77,1300,1187.32081194202
d,PID,Square,normal bandwidth,8,22.968,1300,1192.55498677797
d,PID,Square,normal bandwidth,8,23.166,1300,1197.32937632165
d,PID,Square,normal bandwidth,8,23.364,1300,1201.64495887883
d,PID,Square,normal bandwidth,8,23.562,1300,1205.5028214866
d,PID,Square,normal bandwidth,8,23.76,1300,1208.91904391703
d,PID,Square,normal bandwidth,8,23.958,1300,1211.89352853322
d,PID,Square,normal bandwidth,8,24.156,1300,1214.41204167977
d,PID,Square,normal bandwidth,8,24.354,1300,1220.3081084019
d,PID,Square,normal bandwidth,8,24.552,1300,1223.77458670364
d,PID,Square,normal bandwidth,8,24.75,1300,1227.10252632575
d,PID,Square,normal bandwidth,8,24.948,1300,1230.31327153516
d,PID,Square,normal bandwidth,8,25.146,1300,1233.41267144968
d,PID,Square,normal bandwidth,8,25.344,1300,1236.4181901365
d,PID,Square,normal bandwidth,8,25.542,1300,1239.34718648985
d,PID,Square,normal bandwidth,8,25.74,1300,1242.22629273795
d,PID,Square,normal bandwidth,8,25.938,1300,1245.07310997023
d,PID,Square,normal bandwidth,8,26.136,1300,1247.89562966456
d,PID,Square,normal bandwidth,8,26.334,1300,1250.17844214193
d,PID,Square,normal bandwidth,8,26.532,1300,1252.41185147995
d,PID,Square,normal bandwidth,8,26.73,1300,1254.64439199139
d,PID,Square,normal bandwidth,8,26.928,1300,1256.78180243782
d,PID,Square,normal bandwidth,8,27.126,1300,1258.8179392234
d,PID,Square,normal bandwidth,8,27.324,1300,1260.75353136999
d,PID,Square,normal bandwidth,8,27.522,1300,1262.58866871216
d,PID,Square,normal bandwidth,8,27.72,1300,1264.32877466232
d,PID,Square,normal bandwidth,8,27.918,1300,1265.97273550799
d,PID,Square,normal bandwidth,8,28.116,1300,1267.51282534894
d,PID,Square,normal bandwidth,8,28.314,1300,1268.94666361272
d,PID,Square,normal bandwidth,8,28.512,1300,1270.44648896746
d,PID,Square,normal bandwidth,8,28.71,1300,1271.81605924445
d,PID,Square,normal bandwidth,8,28.908,1300,1273.12219970374
d,PID,Square,normal bandwidth,8,29.106,1300,1274.36566763262
d,PID,Square,normal bandwidth,8,29.304,1300,1275.5500837567
d,PID,Square,normal bandwidth,8,29.502,1300,1276.67914440219
d,PID,Square,normal bandwidth,8,29.7,1300,1277.7509841905
d,PID,Square,normal bandwidth,8,29.898,1300,1278.76978378393
d,PID,Square,normal bandwidth,8,30.096,1300,1279.74553254231
d,PID,Square,normal bandwidth,8,30.294,1300,1280.68271987036
d,PID,Square,normal bandwidth,8,30.492,1300,1281.58607003945
d,PID,Square,normal bandwidth,8,30.69,1300,1282.412394645
d,PID,Square,normal bandwidth,8,30.888,1300,1283.22137046901
d,PID,Square,normal bandwidth,8,31.086,1300,1283.99291660849
d,PID,Square,normal bandwidth,8,31.284,1300,1284.72867245354
d,PID,Square,normal bandwidth,8,31.482,1300,1285.43013234183
d,PID,Square,normal bandwidth,8,31.68,1300,1286.10094944375
d,PID,Square,normal bandwidth,8,31.878,1300,1286.74229308102
d,PID,Square,normal bandwidth,8,32.076,1300,1287.35278995322
d,PID,Square,normal bandwidth,8,32.274,1300,1287.93318190053
d,PID,Square,normal bandwidth,8,32.472,1300,1288.4839893075
d,PID,Square,normal bandwidth,8,32.67,1300,1289.01420108605
d,PID,Square,normal bandwidth,8,32.868,1300,1289.52055035762
d,PID,Square,normal bandwidth,8,33.066,1300,1290.00266424521
d,PID,Square,normal bandwidth,8,33.264,1300,1290.46187165375
d,PID,Square,normal bandwidth,8,33.462,1300,1290.89921518857
d,PID,Square,normal bandwidth,8,33.66,1300,1291.31716144887
d,PID,Square,normal bandwidth,8,33.858,1300,1291.71673142537
d,PID,Square,normal bandwidth,8,34.056,1300,1292.09748441467
d,PID,Square,normal bandwidth,8,34.254,1300,1292.46042688268
d,PID,Square,normal bandwidth,8,34.452,1300,1292.80657920271
d,PID,Square,normal bandwidth,8,34.65,1300,1293.13812851377
d,PID,Square,normal bandwidth,8,34.848,1300,1293.4535960871
d,PID,Square,normal bandwidth,8,35.046,1300,1293.75486782067
d,PID,Square,normal bandwidth,8,35.244,1300,1294.04196447701
d,PID,Square,normal bandwidth,8,35.442,1300,1294.3155403144
d,PID,Square,normal bandwidth,8,35.64,1300,1294.57711796018
d,PID,Square,normal bandwidth,8,35.838,1300,1294.82729675077
d,PID,Square,normal bandwidth,8,36.036,1300,1295.06573509698
d,PID,Square,normal bandwidth,8,36.234,1300,1295.29294864568
d,PID,Square,normal bandwidth,8,36.432,1300,1295.50941197445
d,PID,Square,normal bandwidth,8,36.63,1300,1295.7162648465
d,PID,Square,normal bandwidth,8,36.828,1300,1295.91414761118
d,PID,Square,normal bandwidth,8,37.026,1300,1296.10283680112
d,PID,Square,normal bandwidth,8,37.224,1300,1296.28262255486
d,PID,Square,normal bandwidth,8,37.422,1300,1296.45395282271
d,PID,Square,normal bandwidth,8,37.62,1300,1296.61777209385
d,PID,Square,normal bandwidth,8,37.818,1300,1296.77445632884
d,PID,Square,normal bandwidth,8,38.016,1300,1296.92380441536
d,PID,Square,normal bandwidth,8,38.214,1300,1297.06615763797
d,PID,Square,normal bandwidth,8,38.412,1300,1297.20184486038
d,PID,Square,normal bandwidth,8,38.61,1300,1297.33162463203
d,PID,Square,normal bandwidth,8,38.808,1300,1297.45581288258
d,PID,Square,normal bandwidth,8,39.006,1300,1297.5741868262
d,PID,Square,normal bandwidth,8,39.204,1300,1297.68705755239
d,PID,Square,normal bandwidth,8,39.402,1300,1297.79467794589
d,PID,Square,normal bandwidth,8,39.6,1300,1297.89676235583
d,PID,Square,normal bandwidth,8,39.798,1300,1297.99353736406
d,PID,Square,normal bandwidth,8,39.996,1300,1298.08575013088
d,PID,Square,normal bandwidth,8,40.194,1300,1298.17360975103
d,PID,Square,normal bandwidth,8,40.392,1300,1298.25731470013
d,PID,Square,normal bandwidth,8,40.59,1300,1298.33733283972
d,PID,Square,normal bandwidth,8,40.788,1300,1298.4138452551
d,PID,Square,normal bandwidth,8,40.986,1300,1298.48674095235
d,PID,Square,normal bandwidth,8,41.184,1300,1298.55621012885
d,PID,Square,normal bandwidth,8,41.382,1300,1298.62238846205
d,PID,Square,normal bandwidth,8,41.58,1300,1298.6856520887
d,PID,Square,normal bandwidth,8,41.778,1300,1298.74614656104
d,PID,Square,normal bandwidth,8,41.976,1300,1298.80378896803
d,PID,Square,normal bandwidth,8,42.174,1300,1298.85870974524
d,PID,Square,normal bandwidth,8,42.372,1300,1298.9110332376
d,PID,Square,normal bandwidth,8,42.57,1300,1298.96105192475
d,PID,Square,normal bandwidth,8,42.768,1300,1299.00888149928
d,PID,Square,normal bandwidth,8,42.966,1300,1299.05445814448
d,PID,Square,normal bandwidth,8,43.164,1300,1299.09788343971
d,PID,Square,normal bandwidth,8,43.362,1300,1299.13925555966
d,PID,Square,normal bandwidth,8,43.56,1300,1299.17880584609
d,PID,Square,normal bandwidth,8,43.758,1300,1299.21662528939
d,PID,Square,normal bandwidth,8,43.956,1300,1299.2526631394
d,PID,Square,normal bandwidth,8,44.154,1300,1299.28700109335
d,PID,Square,normal bandwidth,8,44.352,1300,1299.31971697187
d,PID,Square,normal bandwidth,8,44.55,1300,1299.35099282897
d,PID,Square,normal bandwidth,8,44.748,1300,1299.38090064722
d,PID,Square,normal bandwidth,8,44.946,1300,1299.4094004928
d,PID,Square,normal bandwidth,8,45.144,1300,1299.43655662599
d,PID,Square,normal bandwidth,8,45.342,1300,1299.46243160728
d,PID,Square,normal bandwidth,8,45.54,1300,1299.48716835211
d,PID,Square,normal bandwidth,8,45.738,1300,1299.51082402238
d,PID,Square,normal bandwidth,8,45.936,1300,1299.53336747906
d,PID,Square,normal bandwidth,8,46.134,1300,1299.55484980831
d,PID,Square,normal bandwidth,8,46.332,1300,1299.5753196803
d,PID,Square,normal bandwidth,8,46.53,1300,1299.59489050161
d,PID,Square,normal bandwidth,8,46.728,1300,1299.61360736141
d,PID,Square,normal bandwidth,8,46.926,1300,1299.63144592386
d,PID,Square,normal bandwidth,8,47.124,1300,1299.6484466819
d,PID,Square,normal bandwidth,8,47.322,1300,1299.66464816408
d,PID,Square,normal bandwidth,8,47.52,1300,1299.680139817
d,PID,Square,normal bandwidth,8,47.718,1300,1299.69495742627
d,PID,Square,normal bandwidth,8,47.916,1300,1299.70908195402
d,PID,Square,normal bandwidth,8,48.114,1300,1299.72254544201
d,PID,Square,normal bandwidth,8,48.312,1300,1299.73537843051
d,PID,Square,normal bandwidth,8,48.51,1300,1299.74765165719
d,PID,Square,normal bandwidth,8,48.708,1300,1299.75939342859
d,PID,Square,normal bandwidth,8,48.906,1300,1299.77058892567
d,PID,Square,normal bandwidth,8,49.104,1300,1299.78126356312
d,PID,Square,normal bandwidth,8,49.302,1300,1299.79144156507
d,PID,Square,normal bandwidth,8,49.5,1300,1299.80109601097
d,PID,Square,normal bandwidth,8,49.698,1300,1299.81024826197
d,PID,Square,normal bandwidth,8,49.896,1300,1299.81896890664
d,PID,Square,normal bandwidth,8,50.094,1300,1299.82727770129
d,PID,Square,normal bandwidth,8,50.292,1300,1299.83519346354
d,PID,Square,normal bandwidth,8,50.49,1300,1299.84276059063
d,PID,Square,normal bandwidth,8,50.688,1300,1299.84999651048
d,PID,Square,normal bandwidth,8,50.886,1300,1299.85689123992
d,PID,Square,normal bandwidth,8,51.084,1300,1299.86346039843
d,PID,Square,normal bandwidth,8,51.282,1300,1299.86971886586
d,PID,Square,normal bandwidth,8,51.48,1300,1299.8757016806
d,PID,Square,normal bandwidth,8,51.678,1300,1299.88142261114
d,PID,Square,normal bandwidth,8,51.876,1300,1299.88687384108
d,PID,Square,normal bandwidth,8,52.074,1300,1299.89206771831
d,PID,Square,normal bandwidth,8,52.272,1300,1299.89701600663
d,PID,Square,normal bandwidth,8,52.47,1300,1299.90174635126
d,PID,Square,normal bandwidth,8,52.668,1300,1299.90626964678
d,PID,Square,normal bandwidth,8,52.866,1300,1299.91057976275
d,PID,Square,normal bandwidth,8,53.064,1300,1299.91468646427
d,PID,Square,normal bandwidth,8,53.262,1300,1299.91859905316
d,PID,Square,normal bandwidth,8,53.46,1300,1299.92233934437
d,PID,Square,normal bandwidth,8,53.658,1300,1299.92591595229
d,PID,Square,normal bandwidth,8,53.856,1300,1299.9293240747
d,PID,Square,normal bandwidth,8,54.054,1300,1299.93257143316
d,PID,Square,normal bandwidth,8,54.252,1300,1299.93566538384
d,PID,Square,normal bandwidth,8,54.45,1300,1299.93862314295
d,PID,Square,normal bandwidth,8,54.648,1300,1299.94145152285
d,PID,Square,normal bandwidth,8,54.846,1300,1299.94414676178
d,PID,Square,normal bandwidth,8,55.044,1300,1299.94671496725
d,PID,Square,normal bandwidth,8,55.242,1300,1299.94916195766
d,PID,Square,normal bandwidth,8,55.44,1300,1299.95150132084
d,PID,Square,normal bandwidth,8,55.638,1300,1299.95373844563
d,PID,Square,normal bandwidth,8,55.836,1300,1299.95587038702
d,PID,Square,normal bandwidth,8,56.034,1300,1299.95790197724
d,PID,Square,normal bandwidth,8,56.232,1300,1299.95983781998
d,PID,Square,normal bandwidth,8,56.43,1300,1299.96168864092
d,PID,Square,normal bandwidth,8,56.628,1300,1299.9634587042
d,PID,Square,normal bandwidth,8,56.826,1300,1299.96514570675
d,PID,Square,normal bandwidth,8,57.024,1300,1299.96675347343
d,PID,Square,normal bandwidth,8,57.222,1300,1299.96828564886
d,PID,Square,normal bandwidth,8,57.42,1300,1299.96975070171
d,PID,Square,normal bandwidth,8,57.618,1300,1299.97115200855
d,PID,Square,normal bandwidth,8,57.816,1300,1299.97248777062
d,PID,Square,normal bandwidth,8,58.014,1300,1299.97376101812
d,PID,Square,normal bandwidth,8,58.212,1300,1299.97497463905
d,PID,Square,normal bandwidth,8,58.41,1300,1299.97613532286
d,PID,Square,normal bandwidth,8,58.608,1300,1299.97724574635
d,PID,Square,normal bandwidth,8,58.806,1300,1299.97830450804
d,PID,Square,normal bandwidth,8,59.004,1300,1299.97931401183
d,PID,Square,normal bandwidth,8,59.202,1300,1299.98027654977
d,PID,Square,normal bandwidth,8,59.4,1300,1299.98118957497
d,PID,Square,normal bandwidth,8,59.598,1300,1299.98205510678
d,PID,Square,normal bandwidth,8,59.796,1300,1299.98287982145
d,PID,Square,normal bandwidth,8,59.994,1300,1299.98366558725
d,PID,Square,normal bandwidth,8,60.192,1300,1299.98441418377
d,PID,Square,normal bandwidth,8,60.39,1300,1299.98512980974
d,PID,Square,normal bandwidth,8,60.588,1300,1299.98581411337
d,PID,Square,normal bandwidth,8,60.786,1300,1299.98646615061
d,PID,Square,normal bandwidth,8,60.984,1300,1299.98708739858
d,PID,Square,normal bandwidth,8,61.182,1300,1299.98767926432
d,PID,Square,normal bandwidth,8,61.38,1300,1299.98824506099
d,PID,Square,normal bandwidth,8,61.578,1300,1299.98878609169
d,PID,Square,normal bandwidth,8,61.776,1300,1299.98930161655
d,PID,Square,normal bandwidth,8,61.974,1300,1299.98979280347
d,PID,Square,normal bandwidth,8,62.172,1300,1299.99026076497
d,PID,Square,normal bandwidth,8,62.37,1300,1299.99070811547
d,PID,Square,normal bandwidth,8,62.568,1300,1299.99113588524
d,PID,Square,normal bandwidth,8,62.766,1300,1299.99154349454
d,PID,Square,normal bandwidth,8,62.964,1300,1299.99193186682
d,PID,Square,normal bandwidth,8,63.162,1300,1299.99230188178
d,PID,Square,normal bandwidth,8,63.36,1300,1299.99265560253
d,PID,Square,normal bandwidth,8,63.558,1300,1299.99299384373
d,PID,Square,normal bandwidth,8,63.756,1300,1299.99331615114
d,PID,Square,normal bandwidth,8,63.954,1300,1299.99362325506
d,PID,Square,normal bandwidth,8,64.152,1300,1299.99391585114
d,PID,Square,normal bandwidth,8,64.35,1300,1299.99419556753
d,PID,Square,normal bandwidth,8,64.548,1300,1299.99446304847
d,PID,Square,normal bandwidth,8,64.746,1300,1299.99471793823
d,PID,Square,normal bandwidth,8,64.944,1300,1299.99496081439
d,PID,Square,normal bandwidth,8,65.142,1300,1299.9951922272
d,PID,Square,normal bandwidth,8,65.34,1300,1299.99541346167
d,PID,Square,normal bandwidth,8,65.538,1300,1299.99562502739
d,PID,Square,normal bandwidth,8,65.736,1300,1299.99582664589
d,PID,Square,normal bandwidth,8,65.934,1300,1299.99601877414
d,PID,Square,normal bandwidth,8,66.132,1300,1299.99620184752
d,PID,Square,normal bandwidth,8,66.33,1300,1299.99637688035
d,PID,Square,normal bandwidth,8,66.528,1300,1299.9965442759
d,PID,Square,normal bandwidth,8,66.726,1300,1299.99670381637
d,PID,Square,normal bandwidth,8,66.924,1300,1299.99685586347
d,PID,Square,normal bandwidth,8,67.122,1300,1299.99700076188
d,PID,Square,normal bandwidth,8,67.32,1300,1299.99713931248
d,PID,Square,normal bandwidth,8,67.518,1300,1299.99727183459
d,PID,Square,normal bandwidth,8,67.716,1300,1299.99739815812
d,PID,Square,normal bandwidth,8,67.914,1300,1299.99751856961
d,PID,Square,normal bandwidth,8,68.112,1300,1299.9976333422
d,PID,Square,normal bandwidth,8,68.31,1300,1299.9977431085
d,PID,Square,normal bandwidth,8,68.508,1300,1299.99784812167
d,PID,Square,normal bandwidth,8,68.706,1300,1299.99794824916
d,PID,Square,normal bandwidth,8,68.904,1300,1299.99804371832
d,PID,Square,normal bandwidth,8,69.102,1300,1299.99813474589
d,PID,Square,normal bandwidth,8,69.3,1300,1299.99822109103
d,PID,Square,normal bandwidth,8,69.498,1300,1299.9983029447
d,PID,Square,normal bandwidth,8,69.696,1300,1299.99838093828
d,PID,Square,normal bandwidth,8,69.894,1300,1299.99845524844
d,PID,Square,normal bandwidth,8,70.092,1300,1299.9985260435
d,PID,Square,normal bandwidth,8,70.29,1300,1299.99859372052
d,PID,Square,normal bandwidth,8,70.488,1300,1299.99865843537
d,PID,Square,normal bandwidth,8,70.686,1300,1299.99872009877
d,PID,Square,normal bandwidth,8,70.884,1300,1299.99877885043
d,PID,Square,normal bandwidth,8,71.082,1300,1299.99883482339
d,PID,Square,normal bandwidth,8,71.28,1300,1299.998888331
d,PID,Square,normal bandwidth,8,71.478,1300,1299.99893949647
d,PID,Square,normal bandwidth,8,71.676,1300,1299.99898824985
d,PID,Square,normal bandwidth,8,71.874,1300,1299.99903470159
d,PID,Square,normal bandwidth,8,72.072,1300,1299.99907895688
d,PID,Square,normal bandwidth,8,72.27,1300,1299.99912126299
d,PID,Square,normal bandwidth,8,72.468,1300,1299.99916171733
d,PID,Square,normal bandwidth,8,72.666,1300,1299.9992002651
d,PID,Square,normal bandwidth,8,72.864,1300,1299.99923699361
d,PID,Square,normal bandwidth,8,73.062,1300,1299.99927198607
d,PID,Square,normal bandwidth,8,73.26,1300,1299.99930543757
d,PID,Square,normal bandwidth,8,73.458,1300,1299.99933742517
d,PID,Square,normal bandwidth,8,73.656,1300,1299.9993679059
d,PID,Square,normal bandwidth,8,73.854,1300,1299.99939694883
d,PID,Square,normal bandwidth,8,74.052,1300,1299.99942461975
d,PID,Square,normal bandwidth,8,74.25,1300,1299.99945107264
d,PID,Square,normal bandwidth,8,74.448,1300,1299.99947636841
d,PID,Square,normal bandwidth,8,74.646,1300,1299.99950047343
d,PID,Square,normal bandwidth,8,74.844,1300,1299.99952344232
d,PID,Square,normal bandwidth,8,75.042,1300,1299.99954532712
d,PID,Square,normal bandwidth,8,75.24,1300,1299.99956624934
d,PID,Square,normal bandwidth,8,75.438,1300,1299.99958625719
d,PID,Square,normal bandwidth,8,75.636,1300,1299.99960532433
d,PID,Square,normal bandwidth,8,75.834,1300,1299.99962349397
d,PID,Square,normal bandwidth,8,76.032,1300,1299.99964080729
d,PID,Square,normal bandwidth,8,76.23,1300,1299.99965736021
d,PID,Square,normal bandwidth,8,76.428,1300,1299.99967319087
d,PID,Square,normal bandwidth,8,76.626,1300,1299.99968827867
d,PID,Square,normal bandwidth,8,76.824,1300,1299.99970265782
d,PID,Square,normal bandwidth,8,77.022,1300,1299.99971636092
d,PID,Square,normal bandwidth,8,77.22,1300,1299.99972946371
d,PID,Square,normal bandwidth,8,77.418,1300,1299.99974199637
d,PID,Square,normal bandwidth,8,77.616,1300,1299.99975394284
d,PID,Square,normal bandwidth,8,77.814,1300,1299.99976533019
d,PID,Square,normal bandwidth,8,78.012,1300,1299.99977618428
d,PID,Square,normal bandwidth,8,78.21,1300,1299.99978656492
d,PID,Square,normal bandwidth,8,78.408,1300,1299.99979649606
d,PID,Square,normal bandwidth,8,78.606,1300,1299.99980596515
d,PID,Square,normal bandwidth,8,78.804,1300,1299.99981499371
d,PID,Square,normal bandwidth,8,79.002,1300,1299.99982360222
d,PID,Square,normal bandwidth,8,79.2,1300,1299.99983176791
d,PID,Square,normal bandwidth,8,79.398,1300,1299.99983950884
d,PID,Square,normal bandwidth,8,79.596,1300,1299.99984688473
d,PID,Square,normal bandwidth,8,79.794,1300,1299.99985391227
d,PID,Square,normal bandwidth,8,79.992,1300,1299.99986060738
d,PID,Square,normal bandwidth,8,80.19,1300,1299.99986700763
d,PID,Square,normal bandwidth,8,80.388,1300,1299.99987312773
d,PID,Square,normal bandwidth,8,80.586,1300,1299.99987895926
d,PID,Square,normal bandwidth,8,80.784,1300,1299.99988451543
d,PID,Square,normal bandwidth,8,80.982,1300,1299.99988980881
d,PID,Square,normal bandwidth,8,81.18,1300,1299.99989486905
d,PID,Square,normal bandwidth,8,81.378,1300,1299.99989970779
d,PID,Square,normal bandwidth,8,81.576,1300,1299.99990431841
d,PID,Square,normal bandwidth,8,81.774,1300,1299.99990871137
d,PID,Square,normal bandwidth,8,81.972,1300,1299.99991289661
d,PID,Square,normal bandwidth,8,82.17,1300,1299.99991689751
d,PID,Square,normal bandwidth,8,82.368,1300,1299.99992072329
d,PID,Square,normal bandwidth,8,82.566,700,1180.08890256925
d,PID,Square,normal bandwidth,8,82.764,700,1149.79488183166
d,PID,Square,normal bandwidth,8,82.962,700,1126.70652874798
d,PID,Square,normal bandwidth,8,83.16,700,1103.58611114932
d,PID,Square,normal bandwidth,8,83.358,700,1080.42662093433
d,PID,Square,normal bandwidth,8,83.556,700,1057.28853963153
d,PID,Square,normal bandwidth,8,83.754,700,1034.17418013703
d,PID,Square,normal bandwidth,8,83.952,700,1011.08610521557
d,PID,Square,normal bandwidth,8,84.15,700,987.965686965876
d,PID,Square,normal bandwidth,8,84.348,700,964.806196118039
d,PID,Square,normal bandwidth,8,84.546,700,941.668114212291
d,PID,Square,normal bandwidth,8,84.744,700,950.687257605771
d,PID,Square,normal bandwidth,8,84.942,700,938.217934528228
d,PID,Square,normal bandwidth,8,85.14,700,926.568680167379
d,PID,Square,normal bandwidth,8,85.338,700,915.78167556889
d,PID,Square,normal bandwidth,8,85.536,700,905.897794767649
d,PID,Square,normal bandwidth,8,85.734,700,896.915446974236
d,PID,Square,normal bandwidth,8,85.932,700,888.832769773459
d,PID,Square,normal bandwidth,8,86.13,700,881.617499271072
d,PID,Square,normal bandwidth,8,86.328,700,875.269832716617
d,PID,Square,normal bandwidth,8,86.526,700,869.8186242725
d,PID,Square,normal bandwidth,8,86.724,700,861.165494495835
d,PID,Square,normal bandwidth,8,86.922,700,852.678306696459
d,PID,Square,normal bandwidth,8,87.12,700,846.000503800208
d,PID,Square,normal bandwidth,8,87.318,700,839.573260915735
d,PID,Square,normal bandwidth,8,87.516,700,833.385254036996
d,PID,Square,normal bandwidth,8,87.714,700,827.402537547669
d,PID,Square,normal bandwidth,8,87.912,700,821.591443583315
d,PID,Square,normal bandwidth,8,88.11,700,815.900039505969
d,PID,Square,normal bandwidth,8,88.308,700,810.294484239474
d,PID,Square,normal bandwidth,8,88.506,700,804.760063625698
d,PID,Square,normal bandwidth,8,88.704,700,799.264081853531
d,PID,Square,normal bandwidth,8,88.902,700,795.164114869401
d,PID,Square,normal bandwidth,8,89.1,700,790.71014190993
d,PID,Square,normal bandwidth,8,89.298,700,786.451950609369
d,PID,Square,normal bandwidth,8,89.496,700,782.391113058718
d,PID,Square,normal bandwidth,8,89.694,700,778.525850791342
d,PID,Square,normal bandwidth,8,89.892,700,774.855710229414
d,PID,Square,normal bandwidth,8,90.09,700,771.36938486827
d,PID,Square,normal bandwidth,8,90.288,700,768.068909166216
d,PID,Square,normal bandwidth,8,90.486,700,764.969904827035
d,PID,Square,normal bandwidth,8,90.684,700,762.077175283127
d,PID,Square,normal bandwidth,8,90.882,700,759.396808995612
d,PID,Square,normal bandwidth,8,91.08,700,756.492602797583
d,PID,Square,normal bandwidth,8,91.278,700,753.900337301428
d,PID,Square,normal bandwidth,8,91.476,700,751.435101699209
d,PID,Square,normal bandwidth,8,91.674,700,749.089644913383
d,PID,Square,normal bandwidth,8,91.872,700,746.856711840948
d,PID,Square,normal bandwidth,8,92.07,700,744.721337388993
d,PID,Square,normal bandwidth,8,92.268,700,742.67563836285
d,PID,Square,normal bandwidth,8,92.466,700,740.718864667506
d,PID,Square,normal bandwidth,8,92.664,700,738.842427753675
d,PID,Square,normal bandwidth,8,92.862,700,737.037299563808
d,PID,Square,normal bandwidth,8,93.06,700,735.348936101631
d,PID,Square,normal bandwidth,8,93.258,700,733.72534092935
d,PID,Square,normal bandwidth,8,93.456,700,732.173972582265
d,PID,Square,normal bandwidth,8,93.654,700,730.694448308334
d,PID,Square,normal bandwidth,8,93.852,700,729.283661571606
d,PID,Square,normal bandwidth,8,94.05,700,727.934188795651
d,PID,Square,normal bandwidth,8,94.248,700,726.643534213503
d,PID,Square,normal bandwidth,8,94.446,700,725.414245374703
d,PID,Square,normal bandwidth,8,94.644,700,724.244637119412
d,PID,Square,normal bandwidth,8,94.842,700,723.133442373674
d,PID,Square,normal bandwidth,8,95.04,700,722.076178134715
d,PID,Square,normal bandwidth,8,95.238,700,721.05079024755
d,PID,Square,normal bandwidth,8,95.436,700,720.080020637847
d,PID,Square,normal bandwidth,8,95.634,700,719.155274152699
d,PID,Square,normal bandwidth,8,95.832,700,718.274417225544
d,PID,Square,normal bandwidth,8,96.03,700,717.432545973773
d,PID,Square,normal bandwidth,8,96.228,700,716.627646099127
d,PID,Square,normal bandwidth,8,96.426,700,715.860626602377
d,PID,Square,normal bandwidth,8,96.624,700,715.129527724663
d,PID,Square,normal bandwidth,8,96.822,700,714.432377595488
d,PID,Square,normal bandwidth,8,97.02,700,713.764899012245
d,PID,Square,normal bandwidth,8,97.218,700,713.126739590731
d,PID,Square,normal bandwidth,8,97.416,700,712.519749681509
d,PID,Square,normal bandwidth,8,97.614,700,711.940500506107
d,PID,Square,normal bandwidth,8,97.812,700,711.388331811673
d,PID,Square,normal bandwidth,8,98.01,700,710.860187474194
d,PID,Square,normal bandwidth,8,98.208,700,710.354845354292
d,PID,Square,normal bandwidth,8,98.406,700,709.872952185311
d,PID,Square,normal bandwidth,8,98.604,700,709.413440956377
d,PID,Square,normal bandwidth,8,98.802,700,708.975318187713
d,PID,Square,normal bandwidth,8,99,700,708.559824268134
d,PID,Square,normal bandwidth,8,99.198,700,708.166177706893
d,PID,Square,normal bandwidth,8,99.396,700,707.790833946759
d,PID,Square,normal bandwidth,8,99.594,700,707.433205790581
d,PID,Square,normal bandwidth,8,99.792,700,707.09251207618
d,PID,Square,normal bandwidth,8,99.99,700,706.766830423302
d,PID,Square,normal bandwidth,8,100.188,700,706.455415844474
d,PID,Square,normal bandwidth,8,100.386,700,706.158700792908
d,PID,Square,normal bandwidth,8,100.584,700,705.876012006428
d,PID,Square,normal bandwidth,8,100.782,700,705.606702212522
d,PID,Square,normal bandwidth,8,100.98,700,705.349248422979
d,PID,Square,normal bandwidth,8,101.178,700,705.103031095607
d,PID,Square,normal bandwidth,8,101.376,700,704.868345590298
d,PID,Square,normal bandwidth,8,101.574,700,704.644887811681
d,PID,Square,normal bandwidth,8,101.772,700,704.431942957387
d,PID,Square,normal bandwidth,8,101.97,700,704.228377468593
d,PID,Square,normal bandwidth,8,102.168,700,704.033721189401
d,PID,Square,normal bandwidth,8,102.366,700,703.848236574261
d,PID,Square,normal bandwidth,8,102.564,700,703.671502524123
d,PID,Square,normal bandwidth,8,102.762,700,703.503118907271
d,PID,Square,normal bandwidth,8,102.96,700,703.342148782438
d,PID,Square,normal bandwidth,8,103.158,700,703.188225910252
d,PID,Square,normal bandwidth,8,103.356,700,703.041565155571
d,PID,Square,normal bandwidth,8,103.554,700,702.90181721515
d,PID,Square,normal bandwidth,8,103.752,700,702.768665944517
d,PID,Square,normal bandwidth,8,103.95,700,702.641376745691
d,PID,Square,normal bandwidth,8,104.148,700,702.519655266434
d,PID,Square,normal bandwidth,8,104.346,700,702.403663741713
d,PID,Square,normal bandwidth,8,104.544,700,702.293139674652
d,PID,Square,normal bandwidth,8,104.742,700,702.187832889123
d,PID,Square,normal bandwidth,8,104.94,700,702.087158572944
d,PID,Square,normal bandwidth,8,105.138,700,701.990884268432
d,PID,Square,normal bandwidth,8,105.336,700,701.899135348115
d,PID,Square,normal bandwidth,8,105.534,700,701.811701340234
d,PID,Square,normal bandwidth,8,105.732,700,701.728393269131
d,PID,Square,normal bandwidth,8,105.93,700,701.648742616416
d,PID,Square,normal bandwidth,8,106.128,700,701.572567463512
d,PID,Square,normal bandwidth,8,106.326,700,701.49996690657
d,PID,Square,normal bandwidth,8,106.524,700,701.430776263402
d,PID,Square,normal bandwidth,8,106.722,700,701.364838604298
d,PID,Square,normal bandwidth,8,106.92,700,701.301789422736
d,PID,Square,normal bandwidth,8,107.118,700,701.241483424589
d,PID,Square,normal bandwidth,8,107.316,700,701.183998174975
d,PID,Square,normal bandwidth,8,107.514,700,701.129203657051
d,PID,Square,normal bandwidth,8,107.712,700,701.076975665224
d,PID,Square,normal bandwidth,8,107.91,700,701.02702496872
d,PID,Square,normal bandwidth,8,108.108,700,700.979237496079
d,PID,Square,normal bandwidth,8,108.306,700,700.933673283644
d,PID,Square,normal bandwidth,8,108.504,700,700.890228888819
d,PID,Square,normal bandwidth,8,108.702,700,700.848805688977
d,PID,Square,normal bandwidth,8,108.9,700,700.809513309888
d,PID,Square,normal bandwidth,8,109.098,700,700.772264866496
d,PID,Square,normal bandwidth,8,109.296,700,700.736773042901
d,PID,Square,normal bandwidth,8,109.494,700,700.702957394369
d,PID,Square,normal bandwidth,8,109.692,700,700.670741219356
d,PID,Square,normal bandwidth,8,109.89,700,700.639943938951
d,PID,Square,normal bandwidth,8,110.088,700,700.610494689975
d,PID,Square,normal bandwidth,8,110.286,700,700.582434034439
d,PID,Square,normal bandwidth,8,110.484,700,700.555698411593
d,PID,Square,normal bandwidth,8,110.682,700,700.530227266451
d,PID,Square,normal bandwidth,8,110.88,700,700.505878012003
d,PID,Square,normal bandwidth,8,111.078,700,700.482594563432
d,PID,Square,normal bandwidth,8,111.276,700,700.460408757834
d,PID,Square,normal bandwidth,8,111.474,700,700.439270336176
d,PID,Square,normal bandwidth,8,111.672,700,700.419131436778
d,PID,Square,normal bandwidth,8,111.87,700,700.399879586632
d,PID,Square,normal bandwidth,8,112.068,700,700.381470346248
d,PID,Square,normal bandwidth,8,112.266,700,700.363928735607
d,PID,Square,normal bandwidth,8,112.464,700,700.347214995408
d,PID,Square,normal bandwidth,8,112.662,700,700.331291267907
d,PID,Square,normal bandwidth,8,112.86,700,700.316068767186
d,PID,Square,normal bandwidth,8,113.058,700,700.301512435102
d,PID,Square,normal bandwidth,8,113.256,700,700.287641820543
d,PID,Square,normal bandwidth,8,113.454,700,700.274425496594
d,PID,Square,normal bandwidth,8,113.652,700,700.261833523559
d,PID,Square,normal bandwidth,8,113.85,700,700.249795828179
d,PID,Square,normal bandwidth,8,114.048,700,700.238284686516
d,PID,Square,normal bandwidth,8,114.246,700,700.227315415056
d,PID,Square,normal bandwidth,8,114.444,700,700.216863152668
d,PID,Square,normal bandwidth,8,114.642,700,700.206904219765
d,PID,Square,normal bandwidth,8,114.84,700,700.197383315892
d,PID,Square,normal bandwidth,8,115.038,700,700.188278509925
d,PID,Square,normal bandwidth,8,115.236,700,700.179601785913
d,PID,Square,normal bandwidth,8,115.434,700,700.171333477799
d,PID,Square,normal bandwidth,8,115.632,700,700.163454848954
d,PID,Square,normal bandwidth,8,115.83,700,700.155922247724
d,PID,Square,normal bandwidth,8,116.028,700,700.14871832152
d,PID,Square,normal bandwidth,8,116.226,700,700.141852440228
d,PID,Square,normal bandwidth,8,116.424,700,700.13530903899
d,PID,Square,normal bandwidth,8,116.622,700,700.129073284317
d,PID,Square,normal bandwidth,8,116.82,700,700.123110709799
d,PID,Square,normal bandwidth,8,117.018,700,700.117407573199
d,PID,Square,normal bandwidth,8,117.216,700,700.111971195082
d,PID,Square,normal bandwidth,8,117.414,700,700.10678924332
d,PID,Square,normal bandwidth,8,117.612,700,700.10184996406
d,PID,Square,normal bandwidth,8,117.81,700,700.097126132056
d,PID,Square,normal bandwidth,8,118.008,700,700.092606853036
d,PID,Square,normal bandwidth,8,118.206,700,700.08829783037
d,PID,Square,normal bandwidth,8,118.404,700,700.08418928134
d,PID,Square,normal bandwidth,8,118.602,700,700.080271877117
d,PID,Square,normal bandwidth,8,118.8,700,700.076555983304
d,PID,Square,normal bandwidth,8,118.998,700,700.073033381399
d,PID,Square,normal bandwidth,8,119.196,700,700.069676899984
d,PID,Square,normal bandwidth,8,119.394,700,700.066478935421
d,PID,Square,normal bandwidth,8,119.592,700,700.063432244934
d,PID,Square,normal bandwidth,8,119.79,700,700.060519740314
d,PID,Square,normal bandwidth,8,119.988,700,700.057734713495
d,PID,Square,normal bandwidth,8,120.186,700,700.055081006739
d,PID,Square,normal bandwidth,8,120.384,700,700.052552608333
d,PID,Square,normal bandwidth,8,120.582,700,700.050143791727
d,PID,Square,normal bandwidth,8,120.78,700,700.047841072873
d,PID,Square,normal bandwidth,8,120.978,700,700.045639148298
d,PID,Square,normal bandwidth,8,121.176,700,700.043541029186
d,PID,Square,normal bandwidth,8,121.374,700,700.041541962287
d,PID,Square,normal bandwidth,8,121.572,700,700.039637419836
d,PID,Square,normal bandwidth,8,121.77,700,700.03781676151
d,PID,Square,normal bandwidth,8,121.968,700,700.036075794152
d,PID,Square,normal bandwidth,8,122.166,700,700.034416877353
d,PID,Square,normal bandwidth,8,122.364,700,700.03283625266
d,PID,Square,normal bandwidth,8,122.562,700,700.031330339893
d,PID,Square,normal bandwidth,8,122.76,700,700.029890742456
d,PID,Square,normal bandwidth,8,122.958,700,700.028514144789
d,PID,Square,normal bandwidth,8,123.156,700,700.02720239552
d,PID,Square,normal bandwidth,8,123.354,700,700.025952522532
d,PID,Square,normal bandwidth,8,123.552,700,700.024761694543
d,PID,Square,normal bandwidth,8,123.75,700,700.02362328522
d,PID,Square,normal bandwidth,8,123.948,700,700.022534672557
d,PID,Square,normal bandwidth,8,124.146,700,700.021497304398
d,PID,Square,normal bandwidth,8,124.344,700,700.020508830024
d,PID,Square,normal bandwidth,8,124.542,700,700.019567009982
d,PID,Square,normal bandwidth,8,124.74,700,700.018666614485
d,PID,Square,normal bandwidth,8,124.938,700,700.017805569514
d,PID,Square,normal bandwidth,8,125.136,700,700.016985008432
d,PID,Square,normal bandwidth,8,125.334,700,700.016203071438
d,PID,Square,normal bandwidth,8,125.532,700,700.01545798661
d,PID,Square,normal bandwidth,8,125.73,700,700.014745625743
d,PID,Square,normal bandwidth,8,125.928,700,700.014064347621
d,PID,Square,normal bandwidth,8,126.126,700,700.013415038666
d,PID,Square,normal bandwidth,8,126.324,700,700.012796226744
d,PID,Square,normal bandwidth,8,126.522,700,700.012206509074
d,PID,Square,normal bandwidth,8,126.72,700,700.011642626161
d,PID,Square,normal bandwidth,8,126.918,700,700.011103278393
d,PID,Square,normal bandwidth,8,127.116,700,700.010589158078
d,PID,Square,normal bandwidth,8,127.314,700,700.010099098955
d,PID,Square,normal bandwidth,8,127.512,700,700.009631989451
d,PID,Square,normal bandwidth,8,127.71,700,700.009185254865
d,PID,Square,normal bandwidth,8,127.908,700,700.008757864934
d,PID,Square,normal bandwidth,8,128.106,700,700.008350359066
d,PID,Square,normal bandwidth,8,128.304,700,700.007961812028
d,PID,Square,normal bandwidth,8,128.502,700,700.007591341637
d,PID,Square,normal bandwidth,8,128.7,700,700.007239928162
d,PID,Square,normal bandwidth,8,128.898,700,700.006906794373
d,PID,Square,normal bandwidth,8,129.096,700,700.00658937066
d,PID,Square,normal bandwidth,8,129.294,700,700.006286937945
d,PID,Square,normal bandwidth,8,129.492,700,700.005998811278
d,PID,Square,normal bandwidth,8,129.69,700,700.00572337462
d,PID,Square,normal bandwidth,8,129.888,700,700.00545999359
d,PID,Square,normal bandwidth,8,130.086,700,700.005209031544
d,PID,Square,normal bandwidth,8,130.284,700,700.004969919952
d,PID,Square,normal bandwidth,8,130.482,700,700.004742117259
d,PID,Square,normal bandwidth,8,130.68,700,700.00452434827
d,PID,Square,normal bandwidth,8,130.878,700,700.004316111433
d,PID,Square,normal bandwidth,8,131.076,700,700.004117691519
d,PID,Square,normal bandwidth,8,131.274,700,700.00392863901
d,PID,Square,normal bandwidth,8,131.472,700,700.003748525714
d,PID,Square,normal bandwidth,8,131.67,700,700.003576345371
d,PID,Square,normal bandwidth,8,131.868,700,700.003411701432
d,PID,Square,normal bandwidth,8,132.066,700,700.003254817045
d,PID,Square,normal bandwidth,8,132.264,700,700.003105336774
d,PID,Square,normal bandwidth,8,132.462,700,700.002962922036
d,PID,Square,normal bandwidth,8,132.66,700,700.002826778765
d,PID,Square,normal bandwidth,8,132.858,700,700.002696593406
d,PID,Square,normal bandwidth,8,133.056,700,700.002572540784
d,PID,Square,normal bandwidth,8,133.254,700,700.002454339825
d,PID,Square,normal bandwidth,8,133.452,700,700.002341722774
d,PID,Square,normal bandwidth,8,133.65,700,700.002234062975
d,PID,Square,normal bandwidth,8,133.848,700,700.002131112466
d,PID,Square,normal bandwidth,8,134.046,700,700.002033008168
d,PID,Square,normal bandwidth,8,134.244,700,700.001939527775
d,PID,Square,normal bandwidth,8,134.442,700,700.0018504595
d,PID,Square,normal bandwidth,8,134.64,700,700.001765308759
d,PID,Square,normal bandwidth,8,134.838,700,700.001683879412
d,PID,Square,normal bandwidth,8,135.036,700,700.001606278641
d,PID,Square,normal bandwidth,8,135.234,700,700.001532330565
d,PID,Square,normal bandwidth,8,135.432,700,700.001461867612
d,PID,Square,normal bandwidth,8,135.63,700,700.001394499377
d,PID,Square,normal bandwidth,8,135.828,700,700.001330070648
d,PID,Square,normal bandwidth,8,136.026,700,700.001268665256
d,PID,Square,normal bandwidth,8,136.224,700,700.001210143979
d,PID,Square,normal bandwidth,8,136.422,700,700.001154374157
d,PID,Square,normal bandwidth,8,136.62,700,700.001101047538
d,PID,Square,normal bandwidth,8,136.818,700,700.001050041216
d,PID,Square,normal bandwidth,8,137.016,700,700.001001420665
d,PID,Square,normal bandwidth,8,137.214,700,700.000955075589
d,PID,Square,normal bandwidth,8,137.412,700,700.000910900867
d,PID,Square,normal bandwidth,8,137.61,700,700.00086865301
d,PID,Square,normal bandwidth,8,137.808,700,700.000828234583
d,PID,Square,normal bandwidth,8,138.006,700,700.0007896966
d,PID,Square,normal bandwidth,8,138.204,700,700.000752951561
d,PID,Square,normal bandwidth,8,138.402,700,700.000717916037
d,PID,Square,normal bandwidth,8,138.6,700,700.000684682733
d,PID,Square,normal bandwidth,8,138.798,700,700.000653178145
d,PID,Square,normal bandwidth,8,138.996,700,700.000623159265
d,PID,Square,normal bandwidth,8,139.194,700,700.000594558089
d,PID,Square,normal bandwidth,8,139.392,700,700.000567309842
d,PID,Square,normal bandwidth,8,139.59,700,700.000541261694
d,PID,Square,normal bandwidth,8,139.788,700,700.000516353651
d,PID,Square,normal bandwidth,8,139.986,700,700.000492620076
d,PID,Square,normal bandwidth,8,140.184,700,700.000470007202
d,PID,Square,normal bandwidth,8,140.382,700,700.000448463815
d,PID,Square,normal bandwidth,8,140.58,700,700.00042786932
d,PID,Square,normal bandwidth,8,140.778,700,700.000408176284
d,PID,Square,normal bandwidth,8,140.976,700,700.000389411639
d,PID,Square,normal bandwidth,8,141.174,700,700.000371532871
d,PID,Square,normal bandwidth,8,141.372,700,700.000354499488
d,PID,Square,normal bandwidth,8,141.57,700,700.000338216328
d,PID,Square,normal bandwidth,8,141.768,700,700.000322645889
d,PID,Square,normal bandwidth,8,141.966,700,700.000307809273
d,PID,Square,normal bandwidth,8,142.164,700,700.000293672867
d,PID,Square,normal bandwidth,8,142.362,700,700.000280204652
d,PID,Square,normal bandwidth,8,142.56,700,700.000267329531
d,PID,Square,normal bandwidth,8,142.758,700,700.000255017853
d,PID,Square,normal bandwidth,8,142.956,700,700.00024328615
d,PID,Square,normal bandwidth,8,143.154,700,700.00023210784
d,PID,Square,normal bandwidth,8,143.352,700,700.000221457603
d,PID,Square,normal bandwidth,8,143.55,700,700.000211276176
d,PID,Square,normal bandwidth,8,143.748,700,700.000201540108
d,PID,Square,normal bandwidth,8,143.946,700,700.000192262348
d,PID,Square,normal bandwidth,8,144.144,700,700.000183421871
d,PID,Square,normal bandwidth,8,144.342,700,700.000174998652
d,PID,Square,normal bandwidth,8,144.54,700,700.000166945914
d,PID,Square,normal bandwidth,8,144.738,700,700.000159245111
d,PID,Square,normal bandwidth,8,144.936,700,700.000151906377
d,PID,Square,normal bandwidth,8,145.134,1300,834.80354286787
d,PID,Square,normal bandwidth,8,145.332,1300,858.111050388702
d,PID,Square,normal bandwidth,8,145.53,1300,881.231473291828
d,PID,Square,normal bandwidth,8,145.728,1300,904.390960439179
d,PID,Square,normal bandwidth,8,145.926,1300,927.529038817416
d,PID,Square,normal bandwidth,8,146.124,1300,950.643395524139
d,PID,Square,normal bandwidth,8,146.322,1300,973.731467788279
d,PID,Square,normal bandwidth,8,146.52,1300,996.851883496513
d,PID,Square,normal bandwidth,8,146.718,1300,1020.01137191289
d,PID,Square,normal bandwidth,8,146.916,1300,1043.1494515002
d,PID,Square,normal bandwidth,8,147.114,1300,1053.2140584109
d,PID,Square,normal bandwidth,8,147.312,1300,1054.00612531834
d,PID,Square,normal bandwidth,8,147.51,1300,1066.35367900671
d,PID,Square,normal bandwidth,8,147.708,1300,1077.85413644177
d,PID,Square,normal bandwidth,8,147.906,1300,1088.46469459482
d,PID,Square,normal bandwidth,8,148.104,1300,1098.18837277023
d,PID,Square,normal bandwidth,8,148.302,1300,1107.02861638436
d,PID,Square,normal bandwidth,8,148.5,1300,1114.89531184834
d,PID,Square,normal bandwidth,8,148.698,1300,1121.77026185553
d,PID,Square,normal bandwidth,8,148.896,1300,1127.74186556018
d,PID,Square,normal bandwidth,8,149.094,1300,1132.81168970606
d,PID,Square,normal bandwidth,8,149.292,1300,1143.15883093472
d,PID,Square,normal bandwidth,8,149.49,1300,1150.07012199259
d,PID,Square,normal bandwidth,8,149.688,1300,1156.59197676844
d,PID,Square,normal bandwidth,8,149.886,1300,1162.85480752869
d,PID,Square,normal bandwidth,8,150.084,1300,1168.89340207533
d,PID,Square,normal bandwidth,8,150.282,1300,1174.74239040265
d,PID,Square,normal bandwidth,8,150.48,1300,1180.45558803251
d,PID,Square,normal bandwidth,8,150.678,1300,1186.06797025825
d,PID,Square,normal bandwidth,8,150.876,1300,1191.59491168269
d,PID,Square,normal bandwidth,8,151.074,1300,1197.07081281694
d,PID,Square,normal bandwidth,8,151.272,1300,1202.52987631198
d,PID,Square,normal bandwidth,8,151.47,1300,1206.18731039576
d,PID,Square,normal bandwidth,8,151.668,1300,1210.58303162588
d,PID,Square,normal bandwidth,8,151.866,1300,1214.77946725419
d,PID,Square,normal bandwidth,8,152.064,1300,1218.77827902683
d,PID,Square,normal bandwidth,8,152.262,1300,1222.58082528226
d,PID,Square,normal bandwidth,8,152.46,1300,1226.19961259624
d,PID,Square,normal bandwidth,8,152.658,1300,1229.63354559616
d,PID,Square,normal bandwidth,8,152.856,1300,1232.86764381017
d,PID,Square,normal bandwidth,8,153.054,1300,1235.89803645912
d,PID,Square,normal bandwidth,8,153.252,1300,1238.71957479087
d,PID,Square,normal bandwidth,8,153.45,1300,1241.60153286992
d,PID,Square,normal bandwidth,8,153.648,1300,1244.30715991454
d,PID,Square,normal bandwidth,8,153.846,1300,1246.86111769288
d,PID,Square,normal bandwidth,8,154.044,1300,1249.29059779995
d,PID,Square,normal bandwidth,8,154.242,1300,1251.60274850735
d,PID,Square,normal bandwidth,8,154.44,1300,1253.8125586736
d,PID,Square,normal bandwidth,8,154.638,1300,1255.92770802658
d,PID,Square,normal bandwidth,8,154.836,1300,1257.9485152081
d,PID,Square,normal bandwidth,8,155.034,1300,1259.88327375938
d,PID,Square,normal bandwidth,8,155.232,1300,1261.74066719888
d,PID,Square,normal bandwidth,8,155.43,1300,1263.53585745374
d,PID,Square,normal bandwidth,8,155.628,1300,1265.18858815346
d,PID,Square,normal bandwidth,8,155.826,1300,1266.79436638386
d,PID,Square,normal bandwidth,8,156.024,1300,1268.32643066596
d,PID,Square,normal bandwidth,8,156.222,1300,1269.78772040185
d,PID,Square,normal bandwidth,8,156.42,1300,1271.18601486729
d,PID,Square,normal bandwidth,8,156.618,1300,1272.52407889765
d,PID,Square,normal bandwidth,8,156.816,1300,1273.79954950657
d,PID,Square,normal bandwidth,8,157.014,1300,1275.01443862161
d,PID,Square,normal bandwidth,8,157.212,1300,1276.17037723252
d,PID,Square,normal bandwidth,8,157.41,1300,1277.27234641349
d,PID,Square,normal bandwidth,8,157.608,1300,1278.32528580157
d,PID,Square,normal bandwidth,8,157.806,1300,1279.33977282462
d,PID,Square,normal bandwidth,8,158.004,1300,1280.30167478595
d,PID,Square,normal bandwidth,8,158.202,1300,1281.21854779026
d,PID,Square,normal bandwidth,8,158.4,1300,1282.08794188571
d,PID,Square,normal bandwidth,8,158.598,1300,1282.91178978124
d,PID,Square,normal bandwidth,8,158.796,1300,1283.69654857521
d,PID,Square,normal bandwidth,8,158.994,1300,1284.44415795408
d,PID,Square,normal bandwidth,8,159.192,1300,1285.15656037517
d,PID,Square,normal bandwidth,8,159.39,1300,1285.83810569624
d,PID,Square,normal bandwidth,8,159.588,1300,1286.49083856989
d,PID,Square,normal bandwidth,8,159.786,1300,1287.1113740817
d,PID,Square,normal bandwidth,8,159.984,1300,1287.70273780378
d,PID,Square,normal bandwidth,8,160.182,1300,1288.26624880256
d,PID,Square,normal bandwidth,8,160.38,1300,1288.80499414309
d,PID,Square,normal bandwidth,8,160.578,1300,1289.32022630205
d,PID,Square,normal bandwidth,8,160.776,1300,1289.81124071098
d,PID,Square,normal bandwidth,8,160.974,1300,1290.27913266828
d,PID,Square,normal bandwidth,8,161.172,1300,1290.72492211526
d,PID,Square,normal bandwidth,8,161.37,1300,1291.15103013823
d,PID,Square,normal bandwidth,8,161.568,1300,1291.5583322426
d,PID,Square,normal bandwidth,8,161.766,1300,1291.94612465967
d,PID,Square,normal bandwidth,8,161.964,1300,1292.31630959202
d,PID,Square,normal bandwidth,8,162.162,1300,1292.66872887021
d,PID,Square,normal bandwidth,8,162.36,1300,1293.00562436942
d,PID,Square,normal bandwidth,8,162.558,1300,1293.32776741556
d,PID,Square,normal bandwidth,8,162.756,1300,1293.63472128651
d,PID,Square,normal bandwidth,8,162.954,1300,1293.92718023888
d,PID,Square,normal bandwidth,8,163.152,1300,1294.20581024027
d,PID,Square,normal bandwidth,8,163.35,1300,1294.47217208094
d,PID,Square,normal bandwidth,8,163.548,1300,1294.72689889372
d,PID,Square,normal bandwidth,8,163.746,1300,1294.9696839704
d,PID,Square,normal bandwidth,8,163.944,1300,1295.20099551388
d,PID,Square,normal bandwidth,8,164.142,1300,1295.42136493726
d,PID,Square,normal bandwidth,8,164.34,1300,1295.63204958366
d,PID,Square,normal bandwidth,8,164.538,1300,1295.8335266278
d,PID,Square,normal bandwidth,8,164.736,1300,1296.0255322907
d,PID,Square,normal bandwidth,8,164.934,1300,1296.20850293516
d,PID,Square,normal bandwidth,8,165.132,1300,1296.38285366348
d,PID,Square,normal bandwidth,8,165.33,1300,1296.5495496894
d,PID,Square,normal bandwidth,8,165.528,1300,1296.70897231351
d,PID,Square,normal bandwidth,8,165.726,1300,1296.86090849344
d,PID,Square,normal bandwidth,8,165.924,1300,1297.00569310788
d,PID,Square,normal bandwidth,8,166.122,1300,1297.14369330508
d,PID,Square,normal bandwidth,8,166.32,1300,1297.27564197274
d,PID,Square,normal bandwidth,8,166.518,1300,1297.40184951448
d,PID,Square,normal bandwidth,8,166.716,1300,1297.52215393157
d,PID,Square,normal bandwidth,8,166.914,1300,1297.63682778669
d,PID,Square,normal bandwidth,8,167.112,1300,1297.74613088194
d,PID,Square,normal bandwidth,8,167.31,1300,1297.85066553829
d,PID,Square,normal bandwidth,8,167.508,1300,1297.9506729818
d,PID,Square,normal bandwidth,8,167.706,1300,1298.04602765078
d,PID,Square,normal bandwidth,8,167.904,1300,1298.13694748048
d,PID,Square,normal bandwidth,8,168.102,1300,1298.22364109129
d,PID,Square,normal bandwidth,8,168.3,1300,1298.30586908766
d,PID,Square,normal bandwidth,8,168.498,1300,1298.38382177463
d,PID,Square,normal bandwidth,8,168.696,1300,1298.45809822996
d,PID,Square,normal bandwidth,8,168.894,1300,1298.52886677679
d,PID,Square,normal bandwidth,8,169.092,1300,1298.5962877798
d,PID,Square,normal bandwidth,8,169.29,1300,1298.6607394752
d,PID,Square,normal bandwidth,8,169.488,1300,1298.72237035769
d,PID,Square,normal bandwidth,8,169.686,1300,1298.781095361
d,PID,Square,normal bandwidth,8,169.884,1300,1298.83704730947
d,PID,Square,normal bandwidth,8,170.082,1300,1298.89035243608
d,PID,Square,normal bandwidth,8,170.28,1300,1298.9413097774
d,PID,Square,normal bandwidth,8,170.478,1300,1298.99003688221
d,PID,Square,normal bandwidth,8,170.676,1300,1299.0364668299
d,PID,Square,normal bandwidth,8,170.874,1300,1299.08070484252
d,PID,Square,normal bandwidth,8,171.072,1300,1299.12285110172
d,PID,Square,normal bandwidth,8,171.27,1300,1299.16314105019
d,PID,Square,normal bandwidth,8,171.468,1300,1299.20166745935
d,PID,Square,normal bandwidth,8,171.666,1300,1299.23837810325
d,PID,Square,normal bandwidth,8,171.864,1300,1299.27335617139
d,PID,Square,normal bandwidth,8,172.062,1300,1299.30668096299
d,PID,Square,normal bandwidth,8,172.26,1300,1299.33853845002
d,PID,Square,normal bandwidth,8,172.458,1300,1299.36900153788
d,PID,Square,normal bandwidth,8,172.656,1300,1299.39802965225
d,PID,Square,normal bandwidth,8,172.854,1300,1299.42568848171
d,PID,Square,normal bandwidth,8,173.052,1300,1299.45204068125
d,PID,Square,normal bandwidth,8,173.25,1300,1299.47723289039
d,PID,Square,normal bandwidth,8,173.448,1300,1299.50132313719
d,PID,Square,normal bandwidth,8,173.646,1300,1299.52427938657
d,PID,Square,normal bandwidth,8,173.844,1300,1299.54615365981
d,PID,Square,normal bandwidth,8,174.042,1300,1299.56699550731
d,PID,Square,normal bandwidth,8,174.24,1300,1299.58692063656
d,PID,Square,normal bandwidth,8,174.438,1300,1299.60597495383
d,PID,Square,normal bandwidth,8,174.636,1300,1299.62413341034
d,PID,Square,normal bandwidth,8,174.834,1300,1299.64143713927
d,PID,Square,normal bandwidth,8,175.032,1300,1299.65792535627
d,PID,Square,normal bandwidth,8,175.23,1300,1299.67368941539
d,PID,Square,normal bandwidth,8,175.428,1300,1299.68876563489
d,PID,Square,normal bandwidth,8,175.626,1300,1299.70313439763
d,PID,Square,normal bandwidth,8,175.824,1300,1299.71682827991
d,PID,Square,normal bandwidth,8,176.022,1300,1299.72987832418
d,PID,Square,normal bandwidth,8,176.22,1300,1299.74235666334
d,PID,Square,normal bandwidth,8,176.418,1300,1299.75429206437
d,PID,Square,normal bandwidth,8,176.616,1300,1299.76566919401
d,PID,Square,normal bandwidth,8,176.814,1300,1299.77651386645
d,PID,Square,normal bandwidth,8,177.012,1300,1299.78685067952
d,PID,Square,normal bandwidth,8,177.21,1300,1299.79673660938
d,PID,Square,normal bandwidth,8,177.408,1300,1299.80619445503
d,PID,Square,normal bandwidth,8,177.606,1300,1299.81521228
d,PID,Square,normal bandwidth,8,177.804,1300,1299.82381055924
d,PID,Square,normal bandwidth,8,178.002,1300,1299.83200881516
d,PID,Square,normal bandwidth,8,178.2,1300,1299.83978535517
d,PID,Square,normal bandwidth,8,178.398,1300,1299.84715737816
d,PID,Square,normal bandwidth,8,178.596,1300,1299.85418174562
d,PID,Square,normal bandwidth,8,178.794,1300,1299.86087437481
d,PID,Square,normal bandwidth,8,178.992,1300,1299.8672504203
d,PID,Square,normal bandwidth,8,179.19,1300,1299.8733456446
d,PID,Square,normal bandwidth,8,179.388,1300,1299.87917408622
d,PID,Square,normal bandwidth,8,179.586,1300,1299.88472770428
d,PID,Square,normal bandwidth,8,179.784,1300,1299.89001907995
d,PID,Square,normal bandwidth,8,179.982,1300,1299.89506019736
d,PID,Square,normal bandwidth,8,180.18,1300,1299.89987927566
d,PID,Square,normal bandwidth,8,180.378,1300,1299.90448741383
d,PID,Square,normal bandwidth,8,180.576,1300,1299.90887831043
d,PID,Square,normal bandwidth,8,180.774,1300,1299.91306191295
d,PID,Square,normal bandwidth,8,180.972,1300,1299.91704769667
d,PID,Square,normal bandwidth,8,181.17,1300,1299.9208579296
d,PID,Square,normal bandwidth,8,181.368,1300,1299.92450138706
d,PID,Square,normal bandwidth,8,181.566,1300,1299.92797313094
d,PID,Square,normal bandwidth,8,181.764,1300,1299.9312810268
d,PID,Square,normal bandwidth,8,181.962,1300,1299.93443256725
d,PID,Square,normal bandwidth,8,182.16,1300,1299.93744532448
d,PID,Square,normal bandwidth,8,182.358,1300,1299.94032623724
d,PID,Square,normal bandwidth,8,182.556,1300,1299.94307143673
d,PID,Square,normal bandwidth,8,182.754,1300,1299.94568714283
d,PID,Square,normal bandwidth,8,182.952,1300,1299.94817928097
d,PID,Square,normal bandwidth,8,183.15,1300,1299.95056171847
d,PID,Square,normal bandwidth,8,183.348,1300,1299.95283994263
d,PID,Square,normal bandwidth,8,183.546,1300,1299.95501092345
d,PID,Square,normal bandwidth,8,183.744,1300,1299.95707958045
d,PID,Square,normal bandwidth,8,183.942,1300,1299.95905060032
d,PID,Square,normal bandwidth,8,184.14,1300,1299.96093492783
d,PID,Square,normal bandwidth,8,184.338,1300,1299.96273690343
d,PID,Square,normal bandwidth,8,184.536,1300,1299.96445415525
d,PID,Square,normal bandwidth,8,184.734,1300,1299.96609057545
d,PID,Square,normal bandwidth,8,184.932,1300,1299.96764987228
d,PID,Square,normal bandwidth,8,185.13,1300,1299.96914068512
d,PID,Square,normal bandwidth,8,185.328,1300,1299.9705664487
d,PID,Square,normal bandwidth,8,185.526,1300,1299.97192530792
d,PID,Square,normal bandwidth,8,185.724,1300,1299.97322034363
d,PID,Square,normal bandwidth,8,185.922,1300,1299.97445449155
d,PID,Square,normal bandwidth,8,186.12,1300,1299.97563457306
d,PID,Square,normal bandwidth,8,186.318,1300,1299.97676330797
d,PID,Square,normal bandwidth,8,186.516,1300,1299.97783924744
d,PID,Square,normal bandwidth,8,186.714,1300,1299.97886483219
d,PID,Square,normal bandwidth,8,186.912,1300,1299.97984238848
d,PID,Square,normal bandwidth,8,187.11,1300,1299.9807773046
d,PID,Square,normal bandwidth,8,187.308,1300,1299.98167173667
d,PID,Square,normal bandwidth,8,187.506,1300,1299.98252455581
d,PID,Square,normal bandwidth,8,187.704,1300,1299.98333769833
d,PID,Square,normal bandwidth,8,187.902,1300,1299.98411301046
d,PID,Square,normal bandwidth,8,188.1,1300,1299.9848484407
d,PID,Square,normal bandwidth,8,188.298,1300,1299.98554561562
d,PID,Square,normal bandwidth,8,188.496,1300,1299.98620991285
d,PID,Square,normal bandwidth,8,188.694,1300,1299.98684283725
d,PID,Square,normal bandwidth,8,188.892,1300,1299.98744582228
d,PID,Square,normal bandwidth,8,189.09,1300,1299.98802224994
d,PID,Square,normal bandwidth,8,189.288,1300,1299.98857344785
d,PID,Square,normal bandwidth,8,189.486,1300,1299.98909865559
d,PID,Square,normal bandwidth,8,189.684,1300,1299.98959906297
d,PID,Square,normal bandwidth,8,189.882,1300,1299.99007580334
d,PID,Square,normal bandwidth,8,190.08,1300,1299.9905315454
d,PID,Square,normal bandwidth,8,190.278,1300,1299.99096733878
d,PID,Square,normal bandwidth,8,190.476,1300,1299.99138258752
d,PID,Square,normal bandwidth,8,190.674,1300,1299.99177823238
d,PID,Square,normal bandwidth,8,190.872,1300,1299.99215516944
d,PID,Square,normal bandwidth,8,191.07,1300,1299.9925155046
d,PID,Square,normal bandwidth,8,191.268,1300,1299.99286006775
d,PID,Square,normal bandwidth,8,191.466,1300,1299.99318839187
d,PID,Square,normal bandwidth,8,191.664,1300,1299.99350122083
d,PID,Square,normal bandwidth,8,191.862,1300,1299.9937992632
d,PID,Square,normal bandwidth,8,192.06,1300,1299.99408418079
d,PID,Square,normal bandwidth,8,192.258,1300,1299.99435662979
d,PID,Square,normal bandwidth,8,192.456,1300,1299.99461624434
d,PID,Square,normal bandwidth,8,192.654,1300,1299.99486361265
d,PID,Square,normal bandwidth,8,192.852,1300,1299.99509929509
d,PID,Square,normal bandwidth,8,193.05,1300,1299.9953246031
d,PID,Square,normal bandwidth,8,193.248,1300,1299.99554005562
d,PID,Square,normal bandwidth,8,193.446,1300,1299.99574536609
d,PID,Square,normal bandwidth,8,193.644,1300,1299.99594099977
d,PID,Square,normal bandwidth,8,193.842,1300,1299.99612739986
d,PID,Square,normal bandwidth,8,194.04,1300,1299.99630560142
d,PID,Square,normal bandwidth,8,194.238,1300,1299.99647601493
d,PID,Square,normal bandwidth,8,194.436,1300,1299.99663841608
d,PID,Square,normal bandwidth,8,194.634,1300,1299.99679317296
d,PID,Square,normal bandwidth,8,194.832,1300,1299.99694063625
d,PID,Square,normal bandwidth,8,195.03,1300,1299.99708162298
d,PID,Square,normal bandwidth,8,195.228,1300,1299.99721645798
d,PID,Square,normal bandwidth,8,195.426,1300,1299.9973449658
d,PID,Square,normal bandwidth,8,195.624,1300,1299.99746743782
d,PID,Square,normal bandwidth,8,195.822,1300,1299.99758415165
d,PID,Square,normal bandwidth,8,196.02,1300,1299.99769575241
d,PID,Square,normal bandwidth,8,196.218,1300,1299.99780249729
d,PID,Square,normal bandwidth,8,196.416,1300,1299.99790424929
d,PID,Square,normal bandwidth,8,196.614,1300,1299.99800123923
d,PID,Square,normal bandwidth,8,196.812,1300,1299.99809368709
d,PID,Square,normal bandwidth,8,197.01,1300,1299.99818210246
d,PID,Square,normal bandwidth,8,197.208,1300,1299.99826668924
d,PID,Square,normal bandwidth,8,197.406,1300,1299.99834734067
d,PID,Square,normal bandwidth,8,197.604,1300,1299.99842423986
d,PID,Square,normal bandwidth,8,197.802,1300,1299.99849756142
d,PID,Square,normal bandwidth,8,198,1300,1299.99856711134
d,PID,Square,normal bandwidth,8,198.198,1300,1299.99863304343
d,PID,Square,normal bandwidth,8,198.396,1300,1299.99869586627
d,PID,Square,normal bandwidth,8,198.594,1300,1299.99875572217
d,PID,Square,normal bandwidth,8,198.792,1300,1299.99881274669
d,PID,Square,normal bandwidth,8,198.99,1300,1299.99886725967
d,PID,Square,normal bandwidth,8,199.188,1300,1299.99891938666
d,PID,Square,normal bandwidth,8,199.386,1300,1299.99896905576
d,PID,Square,normal bandwidth,8,199.584,1300,1299.99901637947
d,PID,Square,normal bandwidth,8,199.782,1300,1299.99906146499
d,PID,Square,normal bandwidth,8,199.98,1300,1299.99910456469
d,PID,Square,normal bandwidth,8,200.178,1300,1299.99914577783
d,PID,Square,normal bandwidth,8,200.376,1300,1299.99918504806
d,PID,Square,normal bandwidth,8,200.574,1300,1299.99922246435
d,PID,Square,normal bandwidth,8,200.772,1300,1299.99925811143
d,PID,Square,normal bandwidth,8,200.97,1300,1299.99929218846
d,PID,Square,normal bandwidth,8,201.168,1300,1299.99932477393
d,PID,Square,normal bandwidth,8,201.366,1300,1299.99935582366
d,PID,Square,normal bandwidth,8,201.564,1300,1299.99938540802
d,PID,Square,normal bandwidth,8,201.762,1300,1299.99941359399
d,PID,Square,normal bandwidth,8,201.96,1300,1299.99944053876
d,PID,Square,normal bandwidth,8,202.158,1300,1299.99946630436
d,PID,Square,normal bandwidth,8,202.356,1300,1299.99949085621
d,PID,Square,normal bandwidth,8,202.554,1300,1299.99951424992
d,PID,Square,normal bandwidth,8,202.752,1300,1299.9995365385
d,PID,Square,normal bandwidth,8,202.95,1300,1299.99955784596
d,PID,Square,normal bandwidth,8,203.148,1300,1299.99957822138
d,PID,Square,normal bandwidth,8,203.346,1300,1299.99959763767
d,PID,Square,normal bandwidth,8,203.544,1300,1299.99961613882
d,PID,Square,normal bandwidth,8,203.742,1300,1299.99963376675
d,PID,Square,normal bandwidth,8,203.94,1300,1299.99965061934
d,PID,Square,normal bandwidth,8,204.138,1300,1299.99966673541
d,PID,Square,normal bandwidth,8,204.336,1300,1299.99968209375
d,PID,Square,normal bandwidth,8,204.534,1300,1299.99969672916
d,PID,Square,normal bandwidth,8,204.732,1300,1299.99971067482
d,PID,Square,normal bandwidth,8,204.93,1300,1299.99972400799
d,PID,Square,normal bandwidth,8,205.128,1300,1299.99973675938
d,PID,Square,normal bandwidth,8,205.326,1300,1299.99974891242
d,PID,Square,normal bandwidth,8,205.524,1300,1299.99976049464
d,PID,Square,normal bandwidth,8,205.722,1300,1299.99977153231
d,PID,Square,normal bandwidth,8,205.92,1300,1299.99978208644
d,PID,Square,normal bandwidth,8,206.118,1300,1299.99979218134
d,PID,Square,normal bandwidth,8,206.316,1300,1299.99980180407
d,PID,Square,normal bandwidth,8,206.514,1300,1299.99981097644
d,PID,Square,normal bandwidth,8,206.712,1300,1299.99981971927
d,PID,Square,normal bandwidth,8,206.91,1300,1299.99982808074
d,PID,Square,normal bandwidth,8,207.108,1300,1299.99983608015
d,PID,Square,normal bandwidth,8,207.306,1300,1299.99984370738
d,PID,Square,normal bandwidth,8,207.504,700,1299.99985097977
d,PID,Square,normal bandwidth,8,207.702,700,1157.07812604762
d,PID,Square,normal bandwidth,8,207.9,700,1133.95100508968
d,PID,Square,normal bandwidth,8,208.098,700,1110.79151782434
d,PID,Square,normal bandwidth,8,208.296,700,1087.65343958014
d,PID,Square,normal bandwidth,8,208.494,700,1064.53908299964
d,PID,Square,normal bandwidth,8,208.692,700,1041.45101085415
d,PID,Square,normal bandwidth,8,208.89,700,1018.33059525812
d,PID,Square,normal bandwidth,8,209.088,700,995.171106947717
d,PID,Square,normal bandwidth,8,209.286,700,972.033027459573
d,PID,Square,normal bandwidth,8,209.484,700,948.918669693892
d,PID,Square,normal bandwidth,8,209.682,700,953.586139775324
d,PID,Square,normal bandwidth,8,209.88,700,941.403517255851
d,PID,Square,normal bandwidth,8,210.078,700,929.47614124119
d,PID,Square,normal bandwidth,8,210.276,700,918.45631633285
d,PID,Square,normal bandwidth,8,210.474,700,908.343009532673
d,PID,Square,normal bandwidth,8,210.672,700,899.134897001069
d,PID,Square,normal bandwidth,8,210.87,700,890.796722258241
d,PID,Square,normal bandwidth,8,211.068,700,883.328767094808
d,PID,Square,normal bandwidth,8,211.266,700,876.763946512115
d,PID,Square,normal bandwidth,8,211.464,700,871.100670894118
d,PID,Square,normal bandwidth,8,211.662,700,866.337079125609
d,PID,Square,normal bandwidth,8,211.86,700,854.727198257103
d,PID,Square,normal bandwidth,8,212.058,700,847.984874954831
d,PID,Square,normal bandwidth,8,212.256,700,841.530434867014
d,PID,Square,normal bandwidth,8,212.454,700,835.323419399731
d,PID,Square,normal bandwidth,8,212.652,700,829.329247305727
d,PID,Square,normal bandwidth,8,212.85,700,823.493746139555
d,PID,Square,normal bandwidth,8,213.048,700,817.782089194997
d,PID,Square,normal bandwidth,8,213.246,700,812.179441981094
d,PID,Square,normal bandwidth,8,213.444,700,806.651522112479
d,PID,Square,normal bandwidth,8,213.642,700,801.164264052733
d,PID,Square,normal bandwidth,8,213.84,700,796.800365718785
d,PID,Square,normal bandwidth,8,214.038,700,792.406060366675
d,PID,Square,normal bandwidth,8,214.236,700,788.068026782846
d,PID,Square,normal bandwidth,8,214.434,700,783.929646827182
d,PID,Square,normal bandwidth,8,214.632,700,779.988615949695
d,PID,Square,normal bandwidth,8,214.83,700,776.231094864817
d,PID,Square,normal bandwidth,8,215.028,700,772.657086889501
d,PID,Square,normal bandwidth,8,215.226,700,769.280749875697
d,PID,Square,normal bandwidth,8,215.424,700,766.104800367078
d,PID,Square,normal bandwidth,8,215.622,700,763.133183389902
d,PID,Square,normal bandwidth,8,215.82,700,760.361149042396
d,PID,Square,normal bandwidth,8,216.018,700,757.426428053521
d,PID,Square,normal bandwidth,8,216.216,700,754.770979489355
d,PID,Square,normal bandwidth,8,216.414,700,752.247121990583
d,PID,Square,normal bandwidth,8,216.612,700,749.845143504743
d,PID,Square,normal bandwidth,8,216.81,700,747.550090788008
d,PID,Square,normal bandwidth,8,217.008,700,745.354583573279
d,PID,Square,normal bandwidth,8,217.206,700,743.25887540771
d,PID,Square,normal bandwidth,8,217.404,700,741.255152282716
d,PID,Square,normal bandwidth,8,217.602,700,739.335319244456
d,PID,Square,normal bandwidth,8,217.8,700,737.499598032984
d,PID,Square,normal bandwidth,8,217.998,700,735.737792418746
d,PID,Square,normal bandwidth,8,218.196,700,734.133926929115
d,PID,Square,normal bandwidth,8,218.394,700,732.568016281863
d,PID,Square,normal bandwidth,8,218.592,700,731.074747360869
d,PID,Square,normal bandwidth,8,218.79,700,729.645967887518
d,PID,Square,normal bandwidth,8,218.988,700,728.27872889268
d,PID,Square,normal bandwidth,8,219.186,700,726.975439592463
d,PID,Square,normal bandwidth,8,219.384,700,725.733908303353
d,PID,Square,normal bandwidth,8,219.582,700,724.552332563067
d,PID,Square,normal bandwidth,8,219.78,700,723.425388617375
d,PID,Square,normal bandwidth,8,219.978,700,722.352079623872
d,PID,Square,normal bandwidth,8,220.176,700,721.321914587403
d,PID,Square,normal bandwidth,8,220.374,700,720.341836226476
d,PID,Square,normal bandwidth,8,220.572,700,719.408792901944
d,PID,Square,normal bandwidth,8,220.77,700,718.517152944276
d,PID,Square,normal bandwidth,8,220.968,700,717.664857913654
d,PID,Square,normal bandwidth,8,221.166,700,716.853009814148
d,PID,Square,normal bandwidth,8,221.364,700,716.079650342966
d,PID,Square,normal bandwidth,8,221.562,700,715.342831094952
d,PID,Square,normal bandwidth,8,221.76,700,714.638152467559
d,PID,Square,normal bandwidth,8,221.958,700,713.96359208293
d,PID,Square,normal bandwidth,8,222.156,700,713.319525673196
d,PID,Square,normal bandwidth,8,222.354,700,712.709049942733
d,PID,Square,normal bandwidth,8,222.552,700,712.126070178192
d,PID,Square,normal bandwidth,8,222.75,700,711.568703843775
d,PID,Square,normal bandwidth,8,222.948,700,711.035657862318
d,PID,Square,normal bandwidth,8,223.146,700,710.527634281059
d,PID,Square,normal bandwidth,8,223.344,700,710.043488729142
d,PID,Square,normal bandwidth,8,223.542,700,709.582150080332
d,PID,Square,normal bandwidth,8,223.74,700,709.141107475831
d,PID,Square,normal bandwidth,8,223.938,700,708.719426928791
d,PID,Square,normal bandwidth,8,224.136,700,708.317784744768
d,PID,Square,normal bandwidth,8,224.334,700,707.934899791991
d,PID,Square,normal bandwidth,8,224.532,700,707.569922764168
d,PID,Square,normal bandwidth,8,224.73,700,707.221039873568
d,PID,Square,normal bandwidth,8,224.928,700,706.887385540204
d,PID,Square,normal bandwidth,8,225.126,700,706.56939876378
d,PID,Square,normal bandwidth,8,225.324,700,706.266361710333
d,PID,Square,normal bandwidth,8,225.522,700,705.977587135747
d,PID,Square,normal bandwidth,8,225.72,700,705.701473422464
d,PID,Square,normal bandwidth,8,225.918,700,705.437371526935
d,PID,Square,normal bandwidth,8,226.116,700,705.185598078541
d,PID,Square,normal bandwidth,8,226.314,700,704.94554688117
d,PID,Square,normal bandwidth,8,226.512,700,704.716829158198
d,PID,Square,normal bandwidth,8,226.71,700,704.49806814459
d,PID,Square,normal bandwidth,8,226.908,700,704.288778881802
d,PID,Square,normal bandwidth,8,227.106,700,704.089226378664
d,PID,Square,normal bandwidth,8,227.304,700,703.898956208315
d,PID,Square,normal bandwidth,8,227.502,700,703.717535322421
d,PID,Square,normal bandwidth,8,227.7,700,703.545443261112
d,PID,Square,normal bandwidth,8,227.898,700,703.382300176582
d,PID,Square,normal bandwidth,8,228.096,700,703.22685101829
d,PID,Square,normal bandwidth,8,228.294,700,703.078750105983
d,PID,Square,normal bandwidth,8,228.492,700,702.937672933667
d,PID,Square,normal bandwidth,8,228.69,700,702.802777695497
d,PID,Square,normal bandwidth,8,228.888,700,702.673797385422
d,PID,Square,normal bandwidth,8,229.086,700,702.550898453934
d,PID,Square,normal bandwidth,8,229.284,700,702.433802796177
d,PID,Square,normal bandwidth,8,229.482,700,702.322245580258
d,PID,Square,normal bandwidth,8,229.68,700,702.215602637193
d,PID,Square,normal bandwidth,8,229.878,700,702.113628448315
d,PID,Square,normal bandwidth,8,230.076,700,702.016462152123
d,PID,Square,normal bandwidth,8,230.274,700,701.923882621014
d,PID,Square,normal bandwidth,8,230.472,700,701.835678134092
d,PID,Square,normal bandwidth,8,230.67,700,701.751359356025
d,PID,Square,normal bandwidth,8,230.868,700,701.670732349568
d,PID,Square,normal bandwidth,8,231.066,700,701.593905148407
d,PID,Square,normal bandwidth,8,231.264,700,701.520703867715
d,PID,Square,normal bandwidth,8,231.462,700,701.450962625301
d,PID,Square,normal bandwidth,8,231.66,700,701.384292473402
d,PID,Square,normal bandwidth,8,231.858,700,701.32053979002
d,PID,Square,normal bandwidth,8,232.056,700,701.259790173725
d,PID,Square,normal bandwidth,8,232.254,700,701.201906087856
d,PID,Square,normal bandwidth,8,232.452,700,701.146756729353
d,PID,Square,normal bandwidth,8,232.65,700,701.094035872977
d,PID,Square,normal bandwidth,8,232.848,700,701.043619961641
d,PID,Square,normal bandwidth,8,233.046,700,700.995577637661
d,PID,Square,normal bandwidth,8,233.244,700,700.949799648024
d,PID,Square,normal bandwidth,8,233.442,700,700.90618228517
d,PID,Square,normal bandwidth,8,233.64,700,700.864483365928
d,PID,Square,normal bandwidth,8,233.838,700,700.824606859423
d,PID,Square,normal bandwidth,8,234.036,700,700.786605270312
d,PID,Square,normal bandwidth,8,234.234,700,700.75039246816
d,PID,Square,normal bandwidth,8,234.432,700,700.715886356015
d,PID,Square,normal bandwidth,8,234.63,700,700.682895648643
d,PID,Square,normal bandwidth,8,234.828,700,700.651344382654
d,PID,Square,normal bandwidth,8,235.026,700,700.621273776972
d,PID,Square,normal bandwidth,8,235.224,700,700.592615518981
d,PID,Square,normal bandwidth,8,235.422,700,700.565304671896
d,PID,Square,normal bandwidth,8,235.62,700,700.539190280825
d,PID,Square,normal bandwidth,8,235.818,700,700.51421215481
d,PID,Square,normal bandwidth,8,236.016,700,700.490402350906
d,PID,Square,normal bandwidth,8,236.214,700,700.467706853715
d,PID,Square,normal bandwidth,8,236.412,700,700.446074184866
d,PID,Square,normal bandwidth,8,236.61,700,700.425385115704
d,PID,Square,normal bandwidth,8,236.808,700,700.40559196135
d,PID,Square,normal bandwidth,8,237.006,700,700.38671966098
d,PID,Square,normal bandwidth,8,237.204,700,700.36872537161
d,PID,Square,normal bandwidth,8,237.402,700,700.351568243496
d,PID,Square,normal bandwidth,8,237.6,700,700.335293673014
d,PID,Square,normal bandwidth,8,237.798,700,700.319865665668
d,PID,Square,normal bandwidth,8,237.996,700,700.305165219232
d,PID,Square,normal bandwidth,8,238.194,700,700.29115903323
d,PID,Square,normal bandwidth,8,238.392,700,700.277815387502
d,PID,Square,normal bandwidth,8,238.59,700,700.265059440407
d,PID,Square,normal bandwidth,8,238.788,700,700.252861809207
d,PID,Square,normal bandwidth,8,238.986,700,700.241239312216
d,PID,Square,normal bandwidth,8,239.184,700,700.230165641373
d,PID,Square,normal bandwidth,8,239.382,700,700.219615701979
d,PID,Square,normal bandwidth,8,239.58,700,700.209530441111
d,PID,Square,normal bandwidth,8,239.778,700,700.199886631127
d,PID,Square,normal bandwidth,8,239.976,700,700.190697460074
d,PID,Square,normal bandwidth,8,240.174,700,700.181942109823
d,PID,Square,normal bandwidth,8,240.372,700,700.173600749707
d,PID,Square,normal bandwidth,8,240.57,700,700.165626777869
d,PID,Square,normal bandwidth,8,240.768,700,700.158001829658
d,PID,Square,normal bandwidth,8,240.966,700,700.150736240703
d,PID,Square,normal bandwidth,8,241.164,700,700.143813549976
d,PID,Square,normal bandwidth,8,241.362,700,700.137218075634
d,PID,Square,normal bandwidth,8,241.56,700,700.130913043867
d,PID,Square,normal bandwidth,8,241.758,700,700.124883933314
d,PID,Square,normal bandwidth,8,241.956,700,700.119138840439
d,PID,Square,normal bandwidth,8,242.154,700,700.113664748232
d,PID,Square,normal bandwidth,8,242.352,700,700.108449256525
d,PID,Square,normal bandwidth,8,242.55,700,700.103463343934
d,PID,Square,normal bandwidth,8,242.748,700,700.098695526847
d,PID,Square,normal bandwidth,8,242.946,700,700.094152146301
d,PID,Square,normal bandwidth,8,243.144,700,700.08982290633
d,PID,Square,normal bandwidth,8,243.342,700,700.085697999558
d,PID,Square,normal bandwidth,8,243.54,700,700.081754520546
d,PID,Square,normal bandwidth,8,243.738,700,700.077983385776
d,PID,Square,normal bandwidth,8,243.936,700,700.074389559059
d,PID,Square,normal bandwidth,8,244.134,700,700.070964894999
d,PID,Square,normal bandwidth,8,244.332,700,700.067701633067
d,PID,Square,normal bandwidth,8,244.53,700,700.064581692876
d,PID,Square,normal bandwidth,8,244.728,700,700.06159788633
d,PID,Square,normal bandwidth,8,244.926,700,700.058754095723
d,PID,Square,normal bandwidth,8,245.124,700,700.056043873552
d,PID,Square,normal bandwidth,8,245.322,700,700.053461076089
d,PID,Square,normal bandwidth,8,245.52,700,700.050991427537
d,PID,Square,normal bandwidth,8,245.718,700,700.048629236039
d,PID,Square,normal bandwidth,8,245.916,700,700.046377533682
d,PID,Square,normal bandwidth,8,246.114,700,700.044231212574
d,PID,Square,normal bandwidth,8,246.312,700,700.042185404341
d,PID,Square,normal bandwidth,8,246.51,700,700.040228832511
d,PID,Square,normal bandwidth,8,246.708,700,700.038356984839
d,PID,Square,normal bandwidth,8,246.906,700,700.036572223766
d,PID,Square,normal bandwidth,8,247.104,700,700.034870497049
d,PID,Square,normal bandwidth,8,247.302,700,700.033247940954
d,PID,Square,normal bandwidth,8,247.5,700,700.031708848774
d,PID,Square,normal bandwidth,8,247.698,700,700.030249816488
d,PID,Square,normal bandwidth,8,247.896,700,700.028859589916
d,PID,Square,normal bandwidth,8,248.094,700,700.027535019698
d,PID,Square,normal bandwidth,8,248.292,700,700.026273105943
d,PID,Square,normal bandwidth,8,248.49,700,700.025066770866
d,PID,Square,normal bandwidth,8,248.688,700,700.023913236043
d,PID,Square,normal bandwidth,8,248.886,700,700.022814092878
d,PID,Square,normal bandwidth,8,249.084,700,700.021766851364
d,PID,Square,normal bandwidth,8,249.282,700,700.020769139646
d,PID,Square,normal bandwidth,8,249.48,700,700.019815372733
d,PID,Square,normal bandwidth,8,249.678,700,700.018903353967
d,PID,Square,normal bandwidth,8,249.876,700,700.018034330558
d,PID,Square,normal bandwidth,8,250.074,700,700.017206333751
d,PID,Square,normal bandwidth,8,250.272,700,700.01641748818
d,PID,Square,normal bandwidth,8,250.47,700,700.015663386711
d,PID,Square,normal bandwidth,8,250.668,700,700.014942292572
d,PID,Square,normal bandwidth,8,250.866,700,700.014255183088
d,PID,Square,normal bandwidth,8,251.064,700,700.013600501549
d,PID,Square,normal bandwidth,8,251.262,700,700.012976765059
d,PID,Square,normal bandwidth,8,251.46,700,700.012380495827
d,PID,Square,normal bandwidth,8,251.658,700,700.011810320572
d,PID,Square,normal bandwidth,8,251.856,700,700.011267004983
d,PID,Square,normal bandwidth,8,252.054,700,700.010749318033
d,PID,Square,normal bandwidth,8,252.252,700,700.010256087027
d,PID,Square,normal bandwidth,8,252.45,700,700.009784567395
d,PID,Square,normal bandwidth,8,252.648,700,700.009333673124
d,PID,Square,normal bandwidth,8,252.846,700,700.0089040039
d,PID,Square,normal bandwidth,8,253.044,700,700.008494586073
d,PID,Square,normal bandwidth,8,253.242,700,700.008104492078
d,PID,Square,normal bandwidth,8,253.44,700,700.007731555785
d,PID,Square,normal bandwidth,8,253.638,700,700.007374918152
d,PID,Square,normal bandwidth,8,253.836,700,700.007035048606
d,PID,Square,normal bandwidth,8,254.034,700,700.006711176835
d,PID,Square,normal bandwidth,8,254.232,700,700.006402568924
d,PID,Square,normal bandwidth,8,254.43,700,700.006107515004
d,PID,Square,normal bandwidth,8,254.628,700,700.005825335296
d,PID,Square,normal bandwidth,8,254.826,700,700.005556396952
d,PID,Square,normal bandwidth,8,255.024,700,700.005300090223
d,PID,Square,normal bandwidth,8,255.222,700,700.005055834091
d,PID,Square,normal bandwidth,8,255.42,700,700.004822278498
d,PID,Square,normal bandwidth,8,255.618,700,700.004598885159
d,PID,Square,normal bandwidth,8,255.816,700,700.004385940819
d,PID,Square,normal bandwidth,8,256.014,700,700.004182962423
d,PID,Square,normal bandwidth,8,256.212,700,700.003989489569
d,PID,Square,normal bandwidth,8,256.41,700,700.003804455835
d,PID,Square,normal bandwidth,8,256.608,700,700.003627434497
d,PID,Square,normal bandwidth,8,256.806,700,700.003458648971
d,PID,Square,normal bandwidth,8,257.004,700,700.003297716034
d,PID,Square,normal bandwidth,8,257.202,700,700.003144270293
d,PID,Square,normal bandwidth,8,257.4,700,700.002998717767
d,PID,Square,normal bandwidth,8,257.598,700,700.002860736534
d,PID,Square,normal bandwidth,8,257.796,700,700.002729262284
d,PID,Square,normal bandwidth,8,257.994,700,700.00260399718
d,PID,Square,normal bandwidth,8,258.192,700,700.002484657522
d,PID,Square,normal bandwidth,8,258.39,700,700.00237057396
d,PID,Square,normal bandwidth,8,258.588,700,700.002261483737
d,PID,Square,normal bandwidth,8,258.786,700,700.002157537354
d,PID,Square,normal bandwidth,8,258.984,700,700.002058499329
d,PID,Square,normal bandwidth,8,259.182,700,700.001964145356
d,PID,Square,normal bandwidth,8,259.38,700,700.001873947259
d,PID,Square,normal bandwidth,8,259.578,700,700.001787697302
d,PID,Square,normal bandwidth,8,259.776,700,700.001705513431
d,PID,Square,normal bandwidth,8,259.974,700,700.001627209461
d,PID,Square,normal bandwidth,8,260.172,700,700.001552608039
d,PID,Square,normal bandwidth,8,260.37,700,700.001481292379
d,PID,Square,normal bandwidth,8,260.568,700,700.001413098235
d,PID,Square,normal bandwidth,8,260.766,700,700.001348118031
d,PID,Square,normal bandwidth,8,260.964,700,700.001286204551
d,PID,Square,normal bandwidth,8,261.162,700,700.001227217557
d,PID,Square,normal bandwidth,8,261.36,700,700.001170828151
d,PID,Square,normal bandwidth,8,261.558,700,700.001116906462
d,PID,Square,normal bandwidth,8,261.756,700,700.001065524902
d,PID,Square,normal bandwidth,8,261.954,700,700.001016567052
d,PID,Square,normal bandwidth,8,262.152,700,700.00096992201
d,PID,Square,normal bandwidth,8,262.35,700,700.000925330221
d,PID,Square,normal bandwidth,8,262.548,700,700.00088268898
d,PID,Square,normal bandwidth,8,262.746,700,700.000842055
d,PID,Square,normal bandwidth,8,262.944,700,700.000803336201
d,PID,Square,normal bandwidth,8,263.142,700,700.000766444866
d,PID,Square,normal bandwidth,8,263.34,700,700.000731176141
d,PID,Square,normal bandwidth,8,263.538,700,700.000697448786
d,PID,Square,normal bandwidth,8,263.736,700,700.000665307195
d,PID,Square,normal bandwidth,8,263.934,700,700.000634678519
d,PID,Square,normal bandwidth,8,264.132,700,700.000605493353
d,PID,Square,normal bandwidth,8,264.33,700,700.000577589993
d,PID,Square,normal bandwidth,8,264.528,700,700.000550904152
d,PID,Square,normal bandwidth,8,264.726,700,700.000525470551
d,PID,Square,normal bandwidth,8,264.924,700,700.000501231528
d,PID,Square,normal bandwidth,8,265.122,700,700.000478132133
d,PID,Square,normal bandwidth,8,265.32,700,700.000456044693
d,PID,Square,normal bandwidth,8,265.518,700,700.000434918301
d,PID,Square,normal bandwidth,8,265.716,700,700.000414780074
d,PID,Square,normal bandwidth,8,265.914,700,700.000395584331
d,PID,Square,normal bandwidth,8,266.112,700,700.000377287531
d,PID,Square,normal bandwidth,8,266.31,700,700.00035978882
d,PID,Square,normal bandwidth,8,266.508,700,700.000343047845
d,PID,Square,normal bandwidth,8,266.706,700,700.000327085735
d,PID,Square,normal bandwidth,8,266.904,700,700.000311866247
d,PID,Square,normal bandwidth,8,267.102,700,700.000297354824
d,PID,Square,normal bandwidth,8,267.3,700,700.000283589868
d,PID,Square,normal bandwidth,8,267.498,700,700.000270540931
d,PID,Square,normal bandwidth,8,267.696,700,700.000258107362
d,PID,Square,normal bandwidth,8,267.894,700,700.000246260994
d,PID,Square,normal bandwidth,8,268.092,700,700.000234974998
d,PID,Square,normal bandwidth,8,268.29,700,700.000224186072
d,PID,Square,normal bandwidth,8,268.488,700,700.000213869368
d,PID,Square,normal bandwidth,8,268.686,700,700.00020403912
d,PID,Square,normal bandwidth,8,268.884,700,700.000194673057
d,PID,Square,normal bandwidth,8,269.082,700,700.000185749965
d,PID,Square,normal bandwidth,8,269.28,700,700.000177219898
d,PID,Square,normal bandwidth,8,269.478,700,700.000169063206
d,PID,Square,normal bandwidth,8,269.676,700,700.000161291047
d,PID,Square,normal bandwidth,8,269.874,700,700.000153885811
d,PID,Square,normal bandwidth,8,270.072,1300,822.468187706304
d,PID,Square,normal bandwidth,8,270.27,1300,850.866313004822
d,PID,Square,normal bandwidth,8,270.468,1300,874.026004779515
d,PID,Square,normal bandwidth,8,270.666,1300,897.164082827642
d,PID,Square,normal bandwidth,8,270.864,1300,920.278439213564
d,PID,Square,normal bandwidth,8,271.062,1300,943.366511173454
d,PID,Square,normal bandwidth,8,271.26,1300,966.486926592039
d,PID,Square,normal bandwidth,8,271.458,1300,989.646414732714
d,PID,Square,normal bandwidth,8,271.656,1300,1012.78449405891
d,PID,Square,normal bandwidth,8,271.854,1300,1035.89885167005
d,PID,Square,normal bandwidth,8,272.052,1300,1058.98692479712
d,PID,Square,normal bandwidth,8,272.25,1300,1049.73655312354
d,PID,Square,normal bandwidth,8,272.448,1300,1062.23538419183
d,PID,Square,normal bandwidth,8,272.646,1300,1073.85995753741
d,PID,Square,normal bandwidth,8,272.844,1300,1084.57949619358
d,PID,Square,normal bandwidth,8,273.042,1300,1094.39548122946
d,PID,Square,normal bandwidth,8,273.24,1300,1103.34454281649
d,PID,Square,normal bandwidth,8,273.438,1300,1111.42678778313
d,PID,Square,normal bandwidth,8,273.636,1300,1118.60840934087
d,PID,Square,normal bandwidth,8,273.834,1300,1124.89126839502
d,PID,Square,normal bandwidth,8,274.032,1300,1130.27752665838
d,PID,Square,normal bandwidth,8,274.23,1300,1139.38620041965
d,PID,Square,normal bandwidth,8,274.428,1300,1147.49897694533
d,PID,Square,normal bandwidth,8,274.626,1300,1154.16547175747
d,PID,Square,normal bandwidth,8,274.824,1300,1160.55995641637
d,PID,Square,normal bandwidth,8,275.022,1300,1166.71700602759
d,PID,Square,normal bandwidth,8,275.22,1300,1172.6908235674
d,PID,Square,normal bandwidth,8,275.418,1300,1178.51568142586
d,PID,Square,normal bandwidth,8,275.616,1300,1184.20537433453
d,PID,Square,normal bandwidth,8,275.814,1300,1189.79351046449
d,PID,Square,normal bandwidth,8,276.012,1300,1195.31337218215
d,PID,Square,normal bandwidth,8,276.21,1300,1200.81473010129
d,PID,Square,normal bandwidth,8,276.408,1300,1204.83925575507
d,PID,Square,normal bandwidth,8,276.606,1300,1209.32097796466
d,PID,Square,normal bandwidth,8,276.804,1300,1213.62115867224
d,PID,Square,normal bandwidth,8,277.002,1300,1217.72506436776
d,PID,Square,normal bandwidth,8,277.2,1300,1221.61651859686
d,PID,Square,normal bandwidth,8,277.398,1300,1225.29487069746
d,PID,Square,normal bandwidth,8,277.596,1300,1228.77754459096
d,PID,Square,normal bandwidth,8,277.794,1300,1232.06231569322
d,PID,Square,normal bandwidth,8,277.992,1300,1235.14565387408
d,PID,Square,normal bandwidth,8,278.19,1300,1238.03319795612
d,PID,Square,normal bandwidth,8,278.388,1300,1240.71876094031
d,PID,Square,normal bandwidth,8,278.586,1300,1243.6214779204
d,PID,Square,normal bandwidth,8,278.784,1300,1246.20142593384
d,PID,Square,normal bandwidth,8,278.982,1300,1248.65456358608
d,PID,Square,normal bandwidth,8,279.18,1300,1250.99632034152
d,PID,Square,normal bandwidth,8,279.378,1300,1253.23401784926
d,PID,Square,normal bandwidth,8,279.576,1300,1255.36698257368
d,PID,Square,normal bandwidth,8,279.774,1300,1257.40304646387
d,PID,Square,normal bandwidth,8,279.972,1300,1259.35038865277
d,PID,Square,normal bandwidth,8,280.17,1300,1261.22405365557
d,PID,Square,normal bandwidth,8,280.368,1300,1263.0331767902
d,PID,Square,normal bandwidth,8,280.566,1300,1264.71885507142
d,PID,Square,normal bandwidth,8,280.764,1300,1266.33526652201
d,PID,Square,normal bandwidth,8,280.962,1300,1267.87908934196
d,PID,Square,normal bandwidth,8,281.16,1300,1269.35625927426
d,PID,Square,normal bandwidth,8,281.358,1300,1270.76993504661
d,PID,Square,normal bandwidth,8,281.556,1300,1272.11781240006
d,PID,Square,normal bandwidth,8,281.754,1300,1273.40232155171
d,PID,Square,normal bandwidth,8,281.952,1300,1274.6255196615
d,PID,Square,normal bandwidth,8,282.15,1300,1275.79309846742
d,PID,Square,normal bandwidth,8,282.348,1300,1276.90635150265
d,PID,Square,normal bandwidth,8,282.546,1300,1277.96207268459
d,PID,Square,normal bandwidth,8,282.744,1300,1278.98268783495
d,PID,Square,normal bandwidth,8,282.942,1300,1279.94849383253
d,PID,Square,normal bandwidth,8,283.14,1300,1280.87150095086
d,PID,Square,normal bandwidth,8,283.338,1300,1281.753860496
d,PID,Square,normal bandwidth,8,283.536,1300,1282.59443325515
d,PID,Square,normal bandwidth,8,283.734,1300,1283.39520243047
d,PID,Square,normal bandwidth,8,283.932,1300,1284.1581277251
d,PID,Square,normal bandwidth,8,284.13,1300,1284.88766388368
d,PID,Square,normal bandwidth,8,284.328,1300,1285.58581304175
d,PID,Square,normal bandwidth,8,284.526,1300,1286.25210127668
d,PID,Square,normal bandwidth,8,284.724,1300,1286.88652678993
d,PID,Square,normal bandwidth,8,284.922,1300,1287.49019601749
d,PID,Square,normal bandwidth,8,285.12,1300,1288.06793616579
d,PID,Square,normal bandwidth,8,285.318,1300,1288.62058593345
d,PID,Square,normal bandwidth,8,285.516,1300,1289.1474480832
d,PID,Square,normal bandwidth,8,285.714,1300,1289.64972085777
d,PID,Square,normal bandwidth,8,285.912,1300,1290.12853238741
d,PID,Square,normal bandwidth,8,286.11,1300,1290.58649148833
d,PID,Square,normal bandwidth,8,286.308,1300,1291.02460012467
d,PID,Square,normal bandwidth,8,286.506,1300,1291.44222116884
d,PID,Square,normal bandwidth,8,286.704,1300,1291.8401816923
d,PID,Square,normal bandwidth,8,286.902,1300,1292.21994061229
d,PID,Square,normal bandwidth,8,287.1,1300,1292.58013986044
d,PID,Square,normal bandwidth,8,287.298,1300,1292.92158737537
d,PID,Square,normal bandwidth,8,287.496,1300,1293.24692596205
d,PID,Square,normal bandwidth,8,287.694,1300,1293.55688746051
d,PID,Square,normal bandwidth,8,287.892,1300,1293.8521710309
d,PID,Square,normal bandwidth,8,288.09,1300,1294.13443399665
d,PID,Square,normal bandwidth,8,288.288,1300,1294.4043335139
d,PID,Square,normal bandwidth,8,288.486,1300,1294.66151258984
d,PID,Square,normal bandwidth,8,288.684,1300,1294.90658062029
d,PID,Square,normal bandwidth,8,288.882,1300,1295.14013412389
d,PID,Square,normal bandwidth,8,289.08,1300,1295.36325077276
d,PID,Square,normal bandwidth,8,289.278,1300,1295.57665518915
d,PID,Square,normal bandwidth,8,289.476,1300,1295.77999865652
d,PID,Square,normal bandwidth,8,289.674,1300,1295.97374320988
d,PID,Square,normal bandwidth,8,289.872,1300,1296.15832906338
d,PID,Square,normal bandwidth,8,290.07,1300,1296.33478833198
d,PID,Square,normal bandwidth,8,290.268,1300,1296.50352722985
d,PID,Square,normal bandwidth,8,290.466,1300,1296.66431514588
d,PID,Square,normal bandwidth,8,290.664,1300,1296.81751181359
d,PID,Square,normal bandwidth,8,290.862,1300,1296.96345599517
d,PID,Square,normal bandwidth,8,291.06,1300,1297.10297906626
d,PID,Square,normal bandwidth,8,291.258,1300,1297.23640098469
d,PID,Square,normal bandwidth,8,291.456,1300,1297.36353696009
d,PID,Square,normal bandwidth,8,291.654,1300,1297.48467603386
d,PID,Square,normal bandwidth,8,291.852,1300,1297.60009226194
d,PID,Square,normal bandwidth,8,292.05,1300,1297.71042752614
d,PID,Square,normal bandwidth,8,292.248,1300,1297.8159357308
d,PID,Square,normal bandwidth,8,292.446,1300,1297.91647661353
d,PID,Square,normal bandwidth,8,292.644,1300,1298.01227857971
d,PID,Square,normal bandwidth,8,292.842,1300,1298.10356005681
d,PID,Square,normal bandwidth,8,293.04,1300,1298.19083048555
d,PID,Square,normal bandwidth,8,293.238,1300,1298.27428135589
d,PID,Square,normal bandwidth,8,293.436,1300,1298.35381020696
d,PID,Square,normal bandwidth,8,293.634,1300,1298.42959553002
d,PID,Square,normal bandwidth,8,293.832,1300,1298.50180908854
d,PID,Square,normal bandwidth,8,294.03,1300,1298.57085106913
d,PID,Square,normal bandwidth,8,294.228,1300,1298.63688062114
d,PID,Square,normal bandwidth,8,294.426,1300,1298.69981188518
d,PID,Square,normal bandwidth,8,294.624,1300,1298.75978751732
d,PID,Square,normal bandwidth,8,294.822,1300,1298.81694330583
d,PID,Square,normal bandwidth,8,295.02,1300,1298.87159475344
d,PID,Square,normal bandwidth,8,295.218,1300,1298.92386792517
d,PID,Square,normal bandwidth,8,295.416,1300,1298.97369675298
d,PID,Square,normal bandwidth,8,295.614,1300,1299.02119337866
d,PID,Square,normal bandwidth,8,295.812,1300,1299.06646574582
d,PID,Square,normal bandwidth,8,296.01,1300,1299.1097633844
d,PID,Square,normal bandwidth,8,296.208,1300,1299.15118613004
d,PID,Square,normal bandwidth,8,296.406,1300,1299.19068168431
d,PID,Square,normal bandwidth,8,296.604,1300,1299.22833970664
d,PID,Square,normal bandwidth,8,296.802,1300,1299.26424570173
d,PID,Square,normal bandwidth,8,297,1300,1299.29830469972
d,PID,Square,normal bandwidth,8,297.198,1300,1299.33059214549
d,PID,Square,normal bandwidth,8,297.396,1300,1299.36135697242
d,PID,Square,normal bandwidth,8,297.594,1300,1299.39066880574
d,PID,Square,normal bandwidth,8,297.792,1300,1299.41859409644
d,PID,Square,normal bandwidth,8,297.99,1300,1299.44528946325
d,PID,Square,normal bandwidth,8,298.188,1300,1299.47081639333
d,PID,Square,normal bandwidth,8,298.386,1300,1299.49513967441
d,PID,Square,normal bandwidth,8,298.584,1300,1299.51831441392
d,PID,Square,normal bandwidth,8,298.782,1300,1299.54039310298
d,PID,Square,normal bandwidth,8,298.98,1300,1299.56149933123
d,PID,Square,normal bandwidth,8,299.178,1300,1299.58168169338
d,PID,Square,normal bandwidth,8,299.376,1300,1299.60091255001
d,PID,Square,normal bandwidth,8,299.574,1300,1299.61923557001
d,PID,Square,normal bandwidth,8,299.772,1300,1299.63669218348
d,PID,Square,normal bandwidth,8,299.97,1300,1299.65337993483
d,PID,Square,normal bandwidth,8,300.168,1300,1299.66933725766
d,PID,Square,normal bandwidth,8,300.366,1300,1299.68454252383
d,PID,Square,normal bandwidth,8,300.564,1300,1299.69903018117
d,PID,Square,normal bandwidth,8,300.762,1300,1299.7128330439
d,PID,Square,normal bandwidth,8,300.96,1300,1299.72602807253
d,PID,Square,normal bandwidth,8,301.158,1300,1299.73864565812
d,PID,Square,normal bandwidth,8,301.356,1300,1299.75066886222
d,PID,Square,normal bandwidth,8,301.554,1300,1299.76212492478
d,PID,Square,normal bandwidth,8,301.752,1300,1299.7730397903
d,PID,Square,normal bandwidth,8,301.95,1300,1299.78347419829
d,PID,Square,normal bandwidth,8,302.148,1300,1299.79345218083
d,PID,Square,normal bandwidth,8,302.346,1300,1299.80296046732
d,PID,Square,normal bandwidth,8,302.544,1300,1299.81202060412
d,PID,Square,normal bandwidth,8,302.742,1300,1299.82065311784
d,PID,Square,normal bandwidth,8,302.94,1300,1299.82890594381
d,PID,Square,normal bandwidth,8,303.138,1300,1299.83679809211
d,PID,Square,normal bandwidth,8,303.336,1300,1299.84431917403
d,PID,Square,normal bandwidth,8,303.534,1300,1299.85148623413
d,PID,Square,normal bandwidth,8,303.732,1300,1299.85831551705
d,PID,Square,normal bandwidth,8,303.93,1300,1299.86484485899
d,PID,Square,normal bandwidth,8,304.128,1300,1299.8710893034
d,PID,Square,normal bandwidth,8,304.326,1300,1299.87704072555
d,PID,Square,normal bandwidth,8,304.524,1300,1299.88271261872
d,PID,Square,normal bandwidth,8,304.722,1300,1299.88811784042
d,PID,Square,normal bandwidth,8,304.92,1300,1299.89328626642
d,PID,Square,normal bandwidth,8,305.118,1300,1299.89822980858
d,PID,Square,normal bandwidth,8,305.316,1300,1299.90294212139
d,PID,Square,normal bandwidth,8,305.514,1300,1299.90743389472
d,PID,Square,normal bandwidth,8,305.712,1300,1299.91171531726
d,PID,Square,normal bandwidth,8,305.91,1300,1299.91580998751
d,PID,Square,normal bandwidth,8,306.108,1300,1299.919727349
d,PID,Square,normal bandwidth,8,306.306,1300,1299.92346245758
d,PID,Square,normal bandwidth,8,306.504,1300,1299.9270237937
d,PID,Square,normal bandwidth,8,306.702,1300,1299.93041944326
d,PID,Square,normal bandwidth,8,306.9,1300,1299.93364042135
d,PID,Square,normal bandwidth,8,307.098,1300,1299.93669385189
d,PID,Square,normal bandwidth,8,307.296,1300,1299.93960328738
d,PID,Square,normal bandwidth,8,307.494,1300,1299.94237531872
d,PID,Square,normal bandwidth,8,307.692,1300,1299.94501622398
d,PID,Square,normal bandwidth,8,307.89,1300,1299.94754081536
d,PID,Square,normal bandwidth,8,308.088,1300,1299.94995490758
d,PID,Square,normal bandwidth,8,308.286,1300,1299.95225517012
d,PID,Square,normal bandwidth,8,308.484,1300,1299.95444681404
d,PID,Square,normal bandwidth,8,308.682,1300,1299.95653480309
d,PID,Square,normal bandwidth,8,308.88,1300,1299.95853082544
d,PID,Square,normal bandwidth,8,309.078,1300,1299.96043947818
d,PID,Square,normal bandwidth,8,309.276,1300,1299.96225815118
d,PID,Square,normal bandwidth,8,309.474,1300,1299.96399096461
d,PID,Square,normal bandwidth,8,309.672,1300,1299.9656418432
d,PID,Square,normal bandwidth,8,309.87,1300,1299.96722001011
d,PID,Square,normal bandwidth,8,310.068,1300,1299.9687291
d,PID,Square,normal bandwidth,8,310.266,1300,1299.97016706756
d,PID,Square,normal bandwidth,8,310.464,1300,1299.97153717063
d,PID,Square,normal bandwidth,8,310.662,1300,1299.97284251259
d,PID,Square,normal bandwidth,8,310.86,1300,1299.97409037167
d,PID,Square,normal bandwidth,8,311.058,1300,1299.97528362185
d,PID,Square,normal bandwidth,8,311.256,1300,1299.97642066072
d,PID,Square,normal bandwidth,8,311.454,1300,1299.97750406454
d,PID,Square,normal bandwidth,8,311.652,1300,1299.9785362875
d,PID,Square,normal bandwidth,8,311.85,1300,1299.97952307338
d,PID,Square,normal bandwidth,8,312.048,1300,1299.98046669495
d,PID,Square,normal bandwidth,8,312.246,1300,1299.98136589722
d,PID,Square,normal bandwidth,8,312.444,1300,1299.98222271781
d,PID,Square,normal bandwidth,8,312.642,1300,1299.98303909791
d,PID,Square,normal bandwidth,8,312.84,1300,1299.98381957075
d,PID,Square,normal bandwidth,8,313.038,1300,1299.98456593412
d,PID,Square,normal bandwidth,8,313.236,1300,1299.9852772056
d,PID,Square,normal bandwidth,8,313.434,1300,1299.98595499729
d,PID,Square,normal bandwidth,8,313.632,1300,1299.98660084511
d,PID,Square,normal bandwidth,8,313.83,1300,1299.98721832744
d,PID,Square,normal bandwidth,8,314.028,1300,1299.9878088669
d,PID,Square,normal bandwidth,8,314.226,1300,1299.98837169513
d,PID,Square,normal bandwidth,8,314.424,1300,1299.9889080882
d,PID,Square,normal bandwidth,8,314.622,1300,1299.98941926204
d,PID,Square,normal bandwidth,8,314.82,1300,1299.98990804202
d,PID,Square,normal bandwidth,8,315.018,1300,1299.99037555467
d,PID,Square,normal bandwidth,8,315.216,1300,1299.99082119989
d,PID,Square,normal bandwidth,8,315.414,1300,1299.99124598859
d,PID,Square,normal bandwidth,8,315.612,1300,1299.99165088431
d,PID,Square,normal bandwidth,8,315.81,1300,1299.99203811882
d,PID,Square,normal bandwidth,8,316.008,1300,1299.99240858517
d,PID,Square,normal bandwidth,8,316.206,1300,1299.9927618158
d,PID,Square,normal bandwidth,8,316.404,1300,1299.99309861269
d,PID,Square,normal bandwidth,8,316.602,1300,1299.99341974055
d,PID,Square,normal bandwidth,8,316.8,1300,1299.99372434967
d,PID,Square,normal bandwidth,8,316.998,1300,1299.99401311374
d,PID,Square,normal bandwidth,8,317.196,1300,1299.99428826015
d,PID,Square,normal bandwidth,8,317.394,1300,1299.9945504122
d,PID,Square,normal bandwidth,8,317.592,1300,1299.9948001636
d,PID,Square,normal bandwidth,8,317.79,1300,1299.99503891516
d,PID,Square,normal bandwidth,8,317.988,1300,1299.99526721677
d,PID,Square,normal bandwidth,8,318.186,1300,1299.99548475346
d,PID,Square,normal bandwidth,8,318.384,1300,1299.99569201806
d,PID,Square,normal bandwidth,8,318.582,1300,1299.99588947997
d,PID,Square,normal bandwidth,8,318.78,1300,1299.99607824455
d,PID,Square,normal bandwidth,8,318.978,1300,1299.99625874656
d,PID,Square,normal bandwidth,8,319.176,1300,1299.99643073915
d,PID,Square,normal bandwidth,8,319.374,1300,1299.99659461197
d,PID,Square,normal bandwidth,8,319.572,1300,1299.99675073618
d,PID,Square,normal bandwidth,8,319.77,1300,1299.99689998402
d,PID,Square,normal bandwidth,8,319.968,1300,1299.99704269922
d,PID,Square,normal bandwidth,8,320.166,1300,1299.99717868835
d,PID,Square,normal bandwidth,8,320.364,1300,1299.99730825951
d,PID,Square,normal bandwidth,8,320.562,1300,1299.9974317062
d,PID,Square,normal bandwidth,8,320.76,1300,1299.9975497167
d,PID,Square,normal bandwidth,8,320.958,1300,1299.99766256282
d,PID,Square,normal bandwidth,8,321.156,1300,1299.99777009301
d,PID,Square,normal bandwidth,8,321.354,1300,1299.99787255092
d,PID,Square,normal bandwidth,8,321.552,1300,1299.99797016863
d,PID,Square,normal bandwidth,8,321.75,1300,1299.99806348934
d,PID,Square,normal bandwidth,8,321.948,1300,1299.99815272799
d,PID,Square,normal bandwidth,8,322.146,1300,1299.99823776589
d,PID,Square,normal bandwidth,8,322.344,1300,1299.99831879573
d,PID,Square,normal bandwidth,8,322.542,1300,1299.99839600111
d,PID,Square,normal bandwidth,8,322.74,1300,1299.99846981072
d,PID,Square,normal bandwidth,8,322.938,1300,1299.99854039458
d,PID,Square,normal bandwidth,8,323.136,1300,1299.99860765979
d,PID,Square,normal bandwidth,8,323.334,1300,1299.99867175881
d,PID,Square,normal bandwidth,8,323.532,1300,1299.99873283688
d,PID,Square,normal bandwidth,8,323.73,1300,1299.99879123242
d,PID,Square,normal bandwidth,8,323.928,1300,1299.99884707996
d,PID,Square,normal bandwidth,8,324.126,1300,1299.99890030683
d,PID,Square,normal bandwidth,8,324.324,1300,1299.99895103373
d,PID,Square,normal bandwidth,8,324.522,1300,1299.99899937563
d,PID,Square,normal bandwidth,8,324.72,1300,1299.99904559974
d,PID,Square,normal bandwidth,8,324.918,1300,1299.99908981258
d,PID,Square,normal bandwidth,8,325.116,1300,1299.99913195742
d,PID,Square,normal bandwidth,8,325.314,1300,1299.99917212985
d,PID,Square,normal bandwidth,8,325.512,1300,1299.99921042099
d,PID,Square,normal bandwidth,8,325.71,1300,1299.9992470419
d,PID,Square,normal bandwidth,8,325.908,1300,1299.99928207705
d,PID,Square,normal bandwidth,8,326.106,1300,1299.9993154822
d,PID,Square,normal bandwidth,8,326.304,1300,1299.99934733321
d,PID,Square,normal bandwidth,8,326.502,1300,1299.99937770239
d,PID,Square,normal bandwidth,8,326.7,1300,1299.99940650939
d,PID,Square,normal bandwidth,8,326.898,1300,1299.99943381792
d,PID,Square,normal bandwidth,8,327.096,1300,1299.99945983862
d,PID,Square,normal bandwidth,8,327.294,1300,1299.99948463044
d,PID,Square,normal bandwidth,8,327.492,1300,1299.99950824952
d,PID,Square,normal bandwidth,8,327.69,1300,1299.99953082834
d,PID,Square,normal bandwidth,8,327.888,1300,1299.99955241891
d,PID,Square,normal bandwidth,8,328.086,1300,1299.99957299144
d,PID,Square,normal bandwidth,8,328.284,1300,1299.99959259253
d,PID,Square,normal bandwidth,8,328.482,1300,1299.99961126657
d,PID,Square,normal bandwidth,8,328.68,1300,1299.99962911811
d,PID,Square,normal bandwidth,8,328.878,1300,1299.99964618825
d,PID,Square,normal bandwidth,8,329.076,1300,1299.99966245366
d,PID,Square,normal bandwidth,8,329.274,1300,1299.99967795117
d,PID,Square,normal bandwidth,8,329.472,1300,1299.9996927159
d,PID,Square,normal bandwidth,8,329.67,1300,1299.99970683032
d,PID,Square,normal bandwidth,8,329.868,1300,1299.99972032695
d,PID,Square,normal bandwidth,8,330.066,1300,1299.99973318749
d,PID,Square,normal bandwidth,8,330.264,1300,1299.99974544109
d,PID,Square,normal bandwidth,8,330.462,1300,1299.99975711549
d,PID,Square,normal bandwidth,8,330.66,1300,1299.99976827578
d,PID,Square,normal bandwidth,8,330.858,1300,1299.99977894768
d,PID,Square,normal bandwidth,8,331.056,1300,1299.99978911685
d,PID,Square,normal bandwidth,8,331.254,1300,1299.99979880634
d,PID,Square,normal bandwidth,8,331.452,1300,1299.99980803808
d,PID,Square,normal bandwidth,8,331.65,1300,1299.99981686346
d,PID,Square,normal bandwidth,8,331.848,1300,1299.99982530279
d,PID,Square,normal bandwidth,8,332.046,1300,1299.99983334486
d,PID,Square,normal bandwidth,8,332.244,1300,1299.99984100788
d,PID,Square,normal bandwidth,8,332.442,1300,1299.99984830922
d,PID,Square,normal bandwidth,8,332.64,700,1164.47727149551
d,PID,Square,normal bandwidth,8,332.838,700,1141.15647883144
d,PID,Square,normal bandwidth,8,333.036,700,1118.01839474232
d,PID,Square,normal bandwidth,8,333.234,700,1094.90403856284
d,PID,Square,normal bandwidth,8,333.432,700,1071.8159668007
d,PID,Square,normal bandwidth,8,333.63,700,1048.69555157184
d,PID,Square,normal bandwidth,8,333.828,700,1025.53606361329
d,PID,Square,normal bandwidth,8,334.026,700,1002.39798446161
d,PID,Square,normal bandwidth,8,334.224,700,979.283627017769
d,PID,Square,normal bandwidth,8,334.422,700,956.195554051166
d,PID,Square,normal bandwidth,8,334.62,700,949.818780205455
d,PID,Square,normal bandwidth,8,334.818,700,945.806319347858
d,PID,Square,normal bandwidth,8,335.016,700,933.51273930967
d,PID,Square,normal bandwidth,8,335.214,700,922.114073530513
d,PID,Square,normal bandwidth,8,335.412,700,911.609445493874
d,PID,Square,normal bandwidth,8,335.61,700,901.960000666508
d,PID,Square,normal bandwidth,8,335.808,700,893.164300913652
d,PID,Square,normal bandwidth,8,336.006,700,885.256000282225
d,PID,Square,normal bandwidth,8,336.204,700,878.231809204996
d,PID,Square,normal bandwidth,8,336.402,700,872.087982964264
d,PID,Square,normal bandwidth,8,336.6,700,866.92148220593
d,PID,Square,normal bandwidth,8,336.798,700,856.525008325941
d,PID,Square,normal bandwidth,8,336.996,700,849.633813365241
d,PID,Square,normal bandwidth,8,337.194,700,843.144149224546
d,PID,Square,normal bandwidth,8,337.392,700,836.912445581685
d,PID,Square,normal bandwidth,8,337.59,700,830.882901746529
d,PID,Square,normal bandwidth,8,337.788,700,825.020644813132
d,PID,Square,normal bandwidth,8,337.986,700,819.312042612916
d,PID,Square,normal bandwidth,8,338.184,700,813.722526580713
d,PID,Square,normal bandwidth,8,338.382,700,808.217699192458
d,PID,Square,normal bandwidth,8,338.58,700,802.746016848153
d,PID,Square,normal bandwidth,8,338.778,700,797.272256547407
d,PID,Square,normal bandwidth,8,338.976,700,793.62722226683
d,PID,Square,normal bandwidth,8,339.174,700,789.251006914252
d,PID,Square,normal bandwidth,8,339.372,700,785.074141869351
d,PID,Square,normal bandwidth,8,339.57,700,781.081163922851
d,PID,Square,normal bandwidth,8,339.768,700,777.270524196815
d,PID,Square,normal bandwidth,8,339.966,700,773.655816438507
d,PID,Square,normal bandwidth,8,340.164,700,770.238359623987
d,PID,Square,normal bandwidth,8,340.362,700,767.020776291326
d,PID,Square,normal bandwidth,8,340.56,700,763.996235368566
d,PID,Square,normal bandwidth,8,340.758,700,761.169965803193
d,PID,Square,normal bandwidth,8,340.956,700,758.285568173834
d,PID,Square,normal bandwidth,8,341.154,700,755.596983720112
d,PID,Square,normal bandwidth,8,341.352,700,753.055912374958
d,PID,Square,normal bandwidth,8,341.55,700,750.63073105434
d,PID,Square,normal bandwidth,8,341.748,700,748.314221636168
d,PID,Square,normal bandwidth,8,341.946,700,746.107413884677
d,PID,Square,normal bandwidth,8,342.144,700,744.002669798641
d,PID,Square,normal bandwidth,8,342.342,700,741.992045365974
d,PID,Square,normal bandwidth,8,342.54,700,740.060621671122
d,PID,Square,normal bandwidth,8,342.738,700,738.199595201702
d,PID,Square,normal bandwidth,8,342.936,700,736.406362513977
d,PID,Square,normal bandwidth,8,343.134,700,734.763682422343
d,PID,Square,normal bandwidth,8,343.332,700,733.166307874809
d,PID,Square,normal bandwidth,8,343.53,700,731.637474220742
d,PID,Square,normal bandwidth,8,343.728,700,730.174097823929
d,PID,Square,normal bandwidth,8,343.926,700,728.778368525644
d,PID,Square,normal bandwidth,8,344.124,700,727.447599820408
d,PID,Square,normal bandwidth,8,344.322,700,726.179455209589
d,PID,Square,normal bandwidth,8,344.52,700,724.967839461086
d,PID,Square,normal bandwidth,8,344.718,700,723.811117669277
d,PID,Square,normal bandwidth,8,344.916,700,722.712215803327
d,PID,Square,normal bandwidth,8,345.114,700,721.663766905487
d,PID,Square,normal bandwidth,8,345.312,700,720.65712773744
d,PID,Square,normal bandwidth,8,345.51,700,719.698507513206
d,PID,Square,normal bandwidth,8,345.708,700,718.781680846627
d,PID,Square,normal bandwidth,8,345.906,700,717.907811067437
d,PID,Square,normal bandwidth,8,346.104,700,717.074883846736
d,PID,Square,normal bandwidth,8,346.302,700,716.28092731807
d,PID,Square,normal bandwidth,8,346.5,700,715.527917753419
d,PID,Square,normal bandwidth,8,346.698,700,714.81394030381
d,PID,Square,normal bandwidth,8,346.896,700,714.13311138415
d,PID,Square,normal bandwidth,8,347.094,700,713.483411556523
d,PID,Square,normal bandwidth,8,347.292,700,712.865882114803
d,PID,Square,normal bandwidth,8,347.49,700,712.275405250582
d,PID,Square,normal bandwidth,8,347.688,700,711.710660209752
d,PID,Square,normal bandwidth,8,347.886,700,711.172489518171
d,PID,Square,normal bandwidth,8,348.084,700,710.659662273651
d,PID,Square,normal bandwidth,8,348.282,700,710.171017282452
d,PID,Square,normal bandwidth,8,348.48,700,709.703836791474
d,PID,Square,normal bandwidth,8,348.678,700,709.257084756625
d,PID,Square,normal bandwidth,8,348.876,700,708.831441141978
d,PID,Square,normal bandwidth,8,349.074,700,708.426048319415
d,PID,Square,normal bandwidth,8,349.272,700,708.040140210905
d,PID,Square,normal bandwidth,8,349.47,700,707.670525950306
d,PID,Square,normal bandwidth,8,349.668,700,707.317363161197
d,PID,Square,normal bandwidth,8,349.866,700,706.980848895207
d,PID,Square,normal bandwidth,8,350.064,700,706.660225568231
d,PID,Square,normal bandwidth,8,350.262,700,706.354771114961
d,PID,Square,normal bandwidth,8,350.46,700,706.062783582881
d,PID,Square,normal bandwidth,8,350.658,700,705.783586964129
d,PID,Square,normal bandwidth,8,350.856,700,705.517545865546
d,PID,Square,normal bandwidth,8,351.054,700,705.264037589054
d,PID,Square,normal bandwidth,8,351.252,700,705.022455448518
d,PID,Square,normal bandwidth,8,351.45,700,704.791541609635
d,PID,Square,normal bandwidth,8,351.648,700,704.570749003419
d,PID,Square,normal bandwidth,8,351.846,700,704.360343575979
d,PID,Square,normal bandwidth,8,352.044,700,704.159855003568
d,PID,Square,normal bandwidth,8,352.242,700,703.968827611545
d,PID,Square,normal bandwidth,8,352.44,700,703.786199466283
d,PID,Square,normal bandwidth,8,352.638,700,703.611549432805
d,PID,Square,normal bandwidth,8,352.836,700,703.445108214309
d,PID,Square,normal bandwidth,8,353.034,700,703.286501426939
d,PID,Square,normal bandwidth,8,353.232,700,703.135375447939
d,PID,Square,normal bandwidth,8,353.43,700,702.990902793585
d,PID,Square,normal bandwidth,8,353.628,700,702.852709111996
d,PID,Square,normal bandwidth,8,353.826,700,702.721007262808
d,PID,Square,normal bandwidth,8,354.024,700,702.595491081252
d,PID,Square,normal bandwidth,8,354.222,700,702.475876120868
d,PID,Square,normal bandwidth,8,354.42,700,702.361501594097
d,PID,Square,normal bandwidth,8,354.618,700,702.252104199147
d,PID,Square,normal bandwidth,8,354.816,700,702.147824498265
d,PID,Square,normal bandwidth,8,355.014,700,702.048425747305
d,PID,Square,normal bandwidth,8,355.212,700,701.953681744158
d,PID,Square,normal bandwidth,8,355.41,700,701.863068681708
d,PID,Square,normal bandwidth,8,355.608,700,701.776376887103
d,PID,Square,normal bandwidth,8,355.806,700,701.69372312427
d,PID,Square,normal bandwidth,8,356.004,700,701.614913261914
d,PID,Square,normal bandwidth,8,356.202,700,701.539770021043
d,PID,Square,normal bandwidth,8,356.4,700,701.468492183833
d,PID,Square,normal bandwidth,8,356.598,700,701.400922017665
d,PID,Square,normal bandwidth,8,356.796,700,701.336538229198
d,PID,Square,normal bandwidth,8,356.994,700,701.275194916103
d,PID,Square,normal bandwidth,8,357.192,700,701.216753189979
d,PID,Square,normal bandwidth,8,357.39,700,701.160885478545
d,PID,Square,normal bandwidth,8,357.588,700,701.107463600913
d,PID,Square,normal bandwidth,8,357.786,700,701.05656060544
d,PID,Square,normal bandwidth,8,357.984,700,701.008060998199
d,PID,Square,normal bandwidth,8,358.182,700,700.961855213853
d,PID,Square,normal bandwidth,8,358.38,700,700.917684567483
d,PID,Square,normal bandwidth,8,358.578,700,700.875447343124
d,PID,Square,normal bandwidth,8,358.776,700,700.835201321717
d,PID,Square,normal bandwidth,8,358.974,700,700.79685534719
d,PID,Square,normal bandwidth,8,359.172,700,700.760322577809
d,PID,Square,normal bandwidth,8,359.37,700,700.725398893152
d,PID,Square,normal bandwidth,8,359.568,700,700.692003788138
d,PID,Square,normal bandwidth,8,359.766,700,700.660182361197
d,PID,Square,normal bandwidth,8,359.964,700,700.629862991584
d,PID,Square,normal bandwidth,8,360.162,700,700.600976661824
d,PID,Square,normal bandwidth,8,360.36,700,700.573362394149
d,PID,Square,normal bandwidth,8,360.558,700,700.54695658886
d,PID,Square,normal bandwidth,8,360.756,700,700.521794702795
d,PID,Square,normal bandwidth,8,360.954,700,700.49781972007
d,PID,Square,normal bandwidth,8,361.152,700,700.474977326427
d,PID,Square,normal bandwidth,8,361.35,700,700.453140414656
d,PID,Square,normal bandwidth,8,361.548,700,700.432258696985
d,PID,Square,normal bandwidth,8,361.746,700,700.412359970433
d,PID,Square,normal bandwidth,8,361.944,700,700.393399131688
d,PID,Square,normal bandwidth,8,362.142,700,700.37533319514
d,PID,Square,normal bandwidth,8,362.34,700,700.35806186403
d,PID,Square,normal bandwidth,8,362.538,700,700.341545351078
d,PID,Square,normal bandwidth,8,362.736,700,700.325805396638
d,PID,Square,normal bandwidth,8,362.934,700,700.310806326975
d,PID,Square,normal bandwidth,8,363.132,700,700.29651415436
d,PID,Square,normal bandwidth,8,363.33,700,700.2828496929
d,PID,Square,normal bandwidth,8,363.528,700,700.269781460858
d,PID,Square,normal bandwidth,8,363.726,700,700.257326458942
d,PID,Square,normal bandwidth,8,363.924,700,700.245456440752
d,PID,Square,normal bandwidth,8,364.122,700,700.234144513397
d,PID,Square,normal bandwidth,8,364.32,700,700.223328145525
d,PID,Square,normal bandwidth,8,364.518,700,700.21298240943
d,PID,Square,normal bandwidth,8,364.716,700,700.203120585052
d,PID,Square,normal bandwidth,8,364.914,700,700.193720301202
d,PID,Square,normal bandwidth,8,365.112,700,700.184760235582
d,PID,Square,normal bandwidth,8,365.31,700,700.176191000128
d,PID,Square,normal bandwidth,8,365.508,700,700.167992832213
d,PID,Square,normal bandwidth,8,365.706,700,700.160176078662
d,PID,Square,normal bandwidth,8,365.904,700,700.152722992487
d,PID,Square,normal bandwidth,8,366.102,700,700.145616653563
d,PID,Square,normal bandwidth,8,366.3,700,700.13887586108
d,PID,Square,normal bandwidth,8,366.498,700,700.132485709101
d,PID,Square,normal bandwidth,8,366.696,700,700.126396906798
d,PID,Square,normal bandwidth,8,366.894,700,700.120595660838
d,PID,Square,normal bandwidth,8,367.092,700,700.115068832552
d,PID,Square,normal bandwidth,8,367.29,700,700.109785423267
d,PID,Square,normal bandwidth,8,367.488,700,700.104733264341
d,PID,Square,normal bandwidth,8,367.686,700,700.099919325757
d,PID,Square,normal bandwidth,8,367.884,700,700.095332701956
d,PID,Square,normal bandwidth,8,368.082,700,700.090963004595
d,PID,Square,normal bandwidth,8,368.28,700,700.086785772945
d,PID,Square,normal bandwidth,8,368.478,700,700.082791386637
d,PID,Square,normal bandwidth,8,368.676,700,700.078985307917
d,PID,Square,normal bandwidth,8,368.874,700,700.075358914208
d,PID,Square,normal bandwidth,8,369.072,700,700.071903991946
d,PID,Square,normal bandwidth,8,369.27,700,700.068601239115
d,PID,Square,normal bandwidth,8,369.468,700,700.065443049129
d,PID,Square,normal bandwidth,8,369.666,700,700.062433702375
d,PID,Square,normal bandwidth,8,369.864,700,700.059566380889
d,PID,Square,normal bandwidth,8,370.062,700,700.056834590025
d,PID,Square,normal bandwidth,8,370.26,700,700.054223098142
d,PID,Square,normal bandwidth,8,370.458,700,700.051725890485
d,PID,Square,normal bandwidth,8,370.656,700,700.049346320647
d,PID,Square,normal bandwidth,8,370.854,700,700.047078997054
d,PID,Square,normal bandwidth,8,371.052,700,700.044918783633
d,PID,Square,normal bandwidth,8,371.25,700,700.042853659936
d,PID,Square,normal bandwidth,8,371.448,700,700.040878869532
d,PID,Square,normal bandwidth,8,371.646,700,700.038997038876
d,PID,Square,normal bandwidth,8,371.844,700,700.037203903662
d,PID,Square,normal bandwidth,8,372.042,700,700.035495401424
d,PID,Square,normal bandwidth,8,372.24,700,700.033862045099
d,PID,Square,normal bandwidth,8,372.438,700,700.032300072316
d,PID,Square,normal bandwidth,8,372.636,700,700.030811539063
d,PID,Square,normal bandwidth,8,372.834,700,700.029393071573
d,PID,Square,normal bandwidth,8,373.032,700,700.028041455506
d,PID,Square,normal bandwidth,8,373.23,700,700.026749202121
d,PID,Square,normal bandwidth,8,373.428,700,700.025513334175
d,PID,Square,normal bandwidth,8,373.626,700,700.024335459683
d,PID,Square,normal bandwidth,8,373.824,700,700.023212908123
d,PID,Square,normal bandwidth,8,374.022,700,700.022143134793
d,PID,Square,normal bandwidth,8,374.22,700,700.021120226826
d,PID,Square,normal bandwidth,8,374.418,700,700.020141826676
d,PID,Square,normal bandwidth,8,374.616,700,700.019209190214
d,PID,Square,normal bandwidth,8,374.814,700,700.018320201793
d,PID,Square,normal bandwidth,8,375.012,700,700.017472844975
d,PID,Square,normal bandwidth,8,375.21,700,700.016662449135
d,PID,Square,normal bandwidth,8,375.408,700,700.015887145339
d,PID,Square,normal bandwidth,8,375.606,700,700.015147912088
d,PID,Square,normal bandwidth,8,375.804,700,700.014443070976
d,PID,Square,normal bandwidth,8,376.002,700,700.013771021683
d,PID,Square,normal bandwidth,8,376.2,700,700.013133542456
d,PID,Square,normal bandwidth,8,376.398,700,700.012529223371
d,PID,Square,normal bandwidth,8,376.596,700,700.011953403043
d,PID,Square,normal bandwidth,8,376.794,700,700.011404777033
d,PID,Square,normal bandwidth,8,376.992,700,700.010882102811
d,PID,Square,normal bandwidth,8,377.19,700,700.010382448816
d,PID,Square,normal bandwidth,8,377.388,700,700.009904664249
d,PID,Square,normal bandwidth,8,377.586,700,700.009449408256
d,PID,Square,normal bandwidth,8,377.784,700,700.009015649498
d,PID,Square,normal bandwidth,8,377.982,700,700.008602405572
d,PID,Square,normal bandwidth,8,378.18,700,700.008207363218
d,PID,Square,normal bandwidth,8,378.378,700,700.007829612601
d,PID,Square,normal bandwidth,8,378.576,700,700.007469670305
d,PID,Square,normal bandwidth,8,378.774,700,700.007126720887
d,PID,Square,normal bandwidth,8,378.972,700,700.006799987588
d,PID,Square,normal bandwidth,8,379.17,700,700.006487645007
d,PID,Square,normal bandwidth,8,379.368,700,700.006188973789
d,PID,Square,normal bandwidth,8,379.566,700,700.005904378734
d,PID,Square,normal bandwidth,8,379.764,700,700.005633215064
d,PID,Square,normal bandwidth,8,379.962,700,700.005374868578
d,PID,Square,normal bandwidth,8,380.16,700,700.005127898802
d,PID,Square,normal bandwidth,8,380.358,700,700.004891736935
d,PID,Square,normal bandwidth,8,380.556,700,700.00466670012
d,PID,Square,normal bandwidth,8,380.754,700,700.004452278474
d,PID,Square,normal bandwidth,8,380.952,700,700.004247986277
d,PID,Square,normal bandwidth,8,381.15,700,700.004052686752
d,PID,Square,normal bandwidth,8,381.348,700,700.00386593008
d,PID,Square,normal bandwidth,8,381.546,700,700.003687964648
d,PID,Square,normal bandwidth,8,381.744,700,700.003518387176
d,PID,Square,normal bandwidth,8,381.942,700,700.003356813476
d,PID,Square,normal bandwidth,8,382.14,700,700.003202346353
d,PID,Square,normal bandwidth,8,382.338,700,700.00305463
d,PID,Square,normal bandwidth,8,382.536,700,700.00291385885
d,PID,Square,normal bandwidth,8,382.734,700,700.002779713845
d,PID,Square,normal bandwidth,8,382.932,700,700.002651891005
d,PID,Square,normal bandwidth,8,383.13,700,700.002529682117
d,PID,Square,normal bandwidth,8,383.328,700,700.00241280562
d,PID,Square,normal bandwidth,8,383.526,700,700.002301413585
d,PID,Square,normal bandwidth,8,383.724,700,700.002195253462
d,PID,Square,normal bandwidth,8,383.922,700,700.002094084595
d,PID,Square,normal bandwidth,8,384.12,700,700.001997347803
d,PID,Square,normal bandwidth,8,384.318,700,700.001904820132
d,PID,Square,normal bandwidth,8,384.516,700,700.00181662035
d,PID,Square,normal bandwidth,8,384.714,700,700.001732548382
d,PID,Square,normal bandwidth,8,384.912,700,700.001652413528
d,PID,Square,normal bandwidth,8,385.11,700,700.001575774088
d,PID,Square,normal bandwidth,8,385.308,700,700.001502453316
d,PID,Square,normal bandwidth,8,385.506,700,700.001432543749
d,PID,Square,normal bandwidth,8,385.704,700,700.00136588666
d,PID,Square,normal bandwidth,8,385.902,700,700.001302330704
d,PID,Square,normal bandwidth,8,386.1,700,700.001242044054
d,PID,Square,normal bandwidth,8,386.298,700,700.001184893371
d,PID,Square,normal bandwidth,8,386.496,700,700.001130437825
d,PID,Square,normal bandwidth,8,386.694,700,700.001078554057
d,PID,Square,normal bandwidth,8,386.892,700,700.001029124559
d,PID,Square,normal bandwidth,8,387.09,700,700.000981872092
d,PID,Square,normal bandwidth,8,387.288,700,700.000936687826
d,PID,Square,normal bandwidth,8,387.486,700,700.000893634095
d,PID,Square,normal bandwidth,8,387.684,700,700.000852613366
d,PID,Square,normal bandwidth,8,387.882,700,700.000813532732
d,PID,Square,normal bandwidth,8,388.08,700,700.000776173428
d,PID,Square,normal bandwidth,8,388.278,700,700.00074044941
d,PID,Square,normal bandwidth,8,388.476,700,700.000706409532
d,PID,Square,normal bandwidth,8,388.674,700,700.000673976677
d,PID,Square,normal bandwidth,8,388.872,700,700.000643077386
d,PID,Square,normal bandwidth,8,389.07,700,700.00061353903
d,PID,Square,normal bandwidth,8,389.268,700,700.000585293581
d,PID,Square,normal bandwidth,8,389.466,700,700.000558379319
d,PID,Square,normal bandwidth,8,389.664,700,700.000532735269
d,PID,Square,normal bandwidth,8,389.862,700,700.000508303345
d,PID,Square,normal bandwidth,8,390.06,700,700.00048494732
d,PID,Square,normal bandwidth,8,390.258,700,700.000462613403
d,PID,Square,normal bandwidth,8,390.456,700,700.000441331587
d,PID,Square,normal bandwidth,8,390.654,700,700.000421053651
d,PID,Square,normal bandwidth,8,390.852,700,700.000401733661
d,PID,Square,normal bandwidth,8,391.05,700,700.000383264112
d,PID,Square,normal bandwidth,8,391.248,700,700.000365602463
d,PID,Square,normal bandwidth,8,391.446,700,700.000348772205
d,PID,Square,normal bandwidth,8,391.644,700,700.000332735199
d,PID,Square,normal bandwidth,8,391.842,700,700.000317455114
d,PID,Square,normal bandwidth,8,392.04,700,700.0003028471
d,PID,Square,normal bandwidth,8,392.238,700,700.000288877508
d,PID,Square,normal bandwidth,8,392.436,700,700.000275564728
d,PID,Square,normal bandwidth,8,392.634,700,700.000262878585
d,PID,Square,normal bandwidth,8,392.832,700,700.000250790331
d,PID,Square,normal bandwidth,8,393.03,700,700.00023923299
d,PID,Square,normal bandwidth,8,393.228,700,700.000228179936
d,PID,Square,normal bandwidth,8,393.426,700,700.000217645549
d,PID,Square,normal bandwidth,8,393.624,700,700.000207605946
d,PID,Square,normal bandwidth,8,393.822,700,700.000198038369
d,PID,Square,normal bandwidth,8,394.02,700,700.000188889933
d,PID,Square,normal bandwidth,8,394.218,700,700.000180139557
d,PID,Square,normal bandwidth,8,394.416,700,700.00017179847
d,PID,Square,normal bandwidth,8,394.614,700,700.000163847753
d,PID,Square,normal bandwidth,8,394.812,700,700.000156269369
e,ADRC,Square,normal bandwidth,8,0,1000,0
e,ADRC,Square,normal bandwidth,8,0.198,1000,17.9590675226555
e,ADRC,Square,normal bandwidth,8,0.396,1000,28.0632288660055
e,ADRC,Square,normal bandwidth,8,0.594,1000,32.9559477656302
e,ADRC,Square,normal bandwidth,8,0.792,1000,36.0086515203655
e,ADRC,Square,normal bandwidth,8,0.99,1000,38.4271673598514
e,ADRC,Square,normal bandwidth,8,1.188,1000,40.6273802069201
e,ADRC,Square,normal bandwidth,8,1.386,1000,42.7484679993826
e,ADRC,Square,normal bandwidth,8,1.584,1000,44.8406852350753
e,ADRC,Square,normal bandwidth,8,1.782,1000,46.921271334774
e,ADRC,Square,normal bandwidth,8,1.98,1000,49.0015519959029
e,ADRC,Square,normal bandwidth,8,2.178,1000,50.8953091773934
e,ADRC,Square,normal bandwidth,8,2.376,1000,52.653629921653
e,ADRC,Square,normal bandwidth,8,2.574,1000,54.4322485279878
e,ADRC,Square,normal bandwidth,8,2.772,1000,56.269753514251
e,ADRC,Square,normal bandwidth,8,2.97,1000,58.1590745345037
e,ADRC,Square,normal bandwidth,8,3.168,1000,60.0766708076941
e,ADRC,Square,normal bandwidth,8,3.366,1000,62.0020814463074
e,ADRC,Square,normal bandwidth,8,3.564,1000,63.9273077835727
e,ADRC,Square,normal bandwidth,8,3.762,1000,65.8485981831396
e,ADRC,Square,normal bandwidth,8,3.96,1000,67.7693235550451
e,ADRC,Square,normal bandwidth,8,4.158,1000,69.6893971526311
e,ADRC,Square,normal bandwidth,8,4.356,1000,71.6084310800657
e,ADRC,Square,normal bandwidth,8,4.554,1000,73.5249361534526
e,ADRC,Square,normal bandwidth,8,4.752,1000,75.4360805651307
e,ADRC,Square,normal bandwidth,8,4.95,1000,77.3451754869193
e,ADRC,Square,normal bandwidth,8,5.148,1000,79.2524046122582
e,ADRC,Square,normal bandwidth,8,5.346,1000,81.1530632289764
e,ADRC,Square,normal bandwidth,8,5.544,1000,83.0473373354784
e,ADRC,Square,normal bandwidth,8,5.742,1000,84.9352922831431
e,ADRC,Square,normal bandwidth,8,5.94,1000,86.8218730593611
e,ADRC,Square,normal bandwidth,8,6.138,1000,88.7076955780035
e,ADRC,Square,normal bandwidth,8,6.336,1000,90.5878710415215
e,ADRC,Square,normal bandwidth,8,6.534,1000,92.4621500762237
e,ADRC,Square,normal bandwidth,8,6.732,1000,94.3303525883515
e,ADRC,Square,normal bandwidth,8,6.93,1000,96.1972648315467
e,ADRC,Square,normal bandwidth,8,7.128,1000,98.0634629112824
e,ADRC,Square,normal bandwidth,8,7.326,1000,99.9241107196308
e,ADRC,Square,normal bandwidth,8,7.524,1000,101.779045137239
e,ADRC,Square,normal bandwidth,8,7.722,1000,103.628076712101
e,ADRC,Square,normal bandwidth,8,7.92,1000,105.47588094204
e,ADRC,Square,normal bandwidth,8,8.118,1000,107.322978673571
e,ADRC,Square,normal bandwidth,8,8.316,1000,109.164567171454
e,ADRC,Square,normal bandwidth,8,8.514,1000,111.00048064649
e,ADRC,Square,normal bandwidth,8,8.712,1000,112.83053740781
e,ADRC,Square,normal bandwidth,8,8.91,1000,114.659361643854
e,ADRC,Square,normal bandwidth,8,9.108,1000,116.487470975735
e,ADRC,Square,normal bandwidth,8,9.306,1000,118.310122251246
e,ADRC,Square,normal bandwidth,8,9.504,1000,120.127151447134
e,ADRC,Square,normal bandwidth,8,9.702,1000,121.938376852489
e,ADRC,Square,normal bandwidth,8,9.9,1000,123.748364767259
e,ADRC,Square,normal bandwidth,8,10.098,1000,125.557626325422
e,ADRC,Square,normal bandwidth,8,10.296,1000,127.361476652175
e,ADRC,Square,normal bandwidth,8,10.494,1000,129.159753369881
e,ADRC,Square,normal bandwidth,8,10.692,1000,130.952276026755
e,ADRC,Square,normal bandwidth,8,10.89,1000,132.743634151093
e,ADRC,Square,normal bandwidth,8,11.088,1000,134.534343317955
e,ADRC,Square,normal bandwidth,8,11.286,1000,136.319699130822
e,ADRC,Square,normal bandwidth,8,11.484,1000,138.09954104892
e,ADRC,Square,normal bandwidth,8,11.682,1000,139.873690709779
e,ADRC,Square,normal bandwidth,8,11.88,1000,141.646684467993
e,ADRC,Square,normal bandwidth,8,12.078,1000,143.419031952787
e,ADRC,Square,normal bandwidth,8,12.276,1000,145.18608332171
e,ADRC,Square,normal bandwidth,8,12.474,1000,146.947679892541
e,ADRC,Square,normal bandwidth,8,12.672,1000,148.703645370409
e,ADRC,Square,normal bandwidth,8,12.87,1000,150.45846319756
e,ADRC,Square,normal bandwidth,8,13.068,1000,152.212637063886
e,ADRC,Square,normal bandwidth,8,13.266,1000,153.961571368427
e,ADRC,Square,normal bandwidth,8,13.464,1000,155.705109290955
e,ADRC,Square,normal bandwidth,8,13.662,1000,157.443076603988
e,ADRC,Square,normal bandwidth,8,13.86,1000,159.179904128096
e,ADRC,Square,normal bandwidth,8,14.058,1000,160.916089635264
e,ADRC,Square,normal bandwidth,8,14.256,1000,162.647091449929
e,ADRC,Square,normal bandwidth,8,14.454,1000,164.372754581996
e,ADRC,Square,normal bandwidth,8,14.652,1000,166.092906836471
e,ADRC,Square,normal bandwidth,8,14.85,1000,167.811926662836
e,ADRC,Square,normal bandwidth,8,15.048,1000,169.530305918702
e,ADRC,Square,normal bandwidth,8,15.246,1000,171.243556540246
e,ADRC,Square,normal bandwidth,8,15.444,1000,172.951525323389
e,ADRC,Square,normal bandwidth,8,15.642,1000,174.654042056287
e,ADRC,Square,normal bandwidth,8,15.84,1000,176.355433035418
e,ADRC,Square,normal bandwidth,8,16.038,1000,178.056184185623
e,ADRC,Square,normal bandwidth,8,16.236,1000,179.751860734283
e,ADRC,Square,normal bandwidth,8,16.434,1000,181.442311196185
e,ADRC,Square,normal bandwidth,8,16.632,1000,183.127367268396
e,ADRC,Square,normal bandwidth,8,16.83,1000,184.811303269162
e,ADRC,Square,normal bandwidth,8,17.028,1000,186.494599139207
e,ADRC,Square,normal bandwidth,8,17.226,1000,188.172873057352
e,ADRC,Square,normal bandwidth,8,17.424,1000,189.845975151937
e,ADRC,Square,normal bandwidth,8,17.622,1000,191.513738912413
e,ADRC,Square,normal bandwidth,8,17.82,1000,193.180386790428
e,ADRC,Square,normal bandwidth,8,18.018,1000,194.846392637028
e,ADRC,Square,normal bandwidth,8,18.216,1000,196.507427200829
e,ADRC,Square,normal bandwidth,8,18.414,1000,198.163342054853
e,ADRC,Square,normal bandwidth,8,18.612,1000,199.813972294115
e,ADRC,Square,normal bandwidth,8,18.81,1000,201.463488520575
e,ADRC,Square,normal bandwidth,8,19.008,1000,203.112358301455
e,ADRC,Square,normal bandwidth,8,19.206,1000,204.756304494276
e,ADRC,Square,normal bandwidth,8,19.404,1000,206.395179842361
e,ADRC,Square,normal bandwidth,8,19.602,1000,208.028820742824
e,ADRC,Square,normal bandwidth,8,19.8,1000,209.661345818164
e,ADRC,Square,normal bandwidth,8,19.998,1000,211.293216012297
e,ADRC,Square,normal bandwidth,8,20.196,1300,218.26703460373
e,ADRC,Square,normal bandwidth,8,20.394,1300,222.940128370435
e,ADRC,Square,normal bandwidth,8,20.592,1300,226.032956244288
e,ADRC,Square,normal bandwidth,8,20.79,1300,228.569163190549
e,ADRC,Square,normal bandwidth,8,20.988,1300,230.912103186863
e,ADRC,Square,normal bandwidth,8,21.186,1300,233.182209979192
e,ADRC,Square,normal bandwidth,8,21.384,1300,235.423350634471
e,ADRC,Square,normal bandwidth,8,21.582,1300,237.650553410127
e,ADRC,Square,normal bandwidth,8,21.78,1300,239.874779538202
e,ADRC,Square,normal bandwidth,8,21.978,1300,242.098499465196
e,ADRC,Square,normal bandwidth,8,22.176,1300,244.26130455487
e,ADRC,Square,normal bandwidth,8,22.374,1300,246.376526575079
e,ADRC,Square,normal bandwidth,8,22.572,1300,248.493181221034
e,ADRC,Square,normal bandwidth,8,22.77,1300,250.627783996012
e,ADRC,Square,normal bandwidth,8,22.968,1300,252.777629276615
e,ADRC,Square,normal bandwidth,8,23.166,1300,254.929790969816
e,ADRC,Square,normal bandwidth,8,23.364,1300,257.079398210345
e,ADRC,Square,normal bandwidth,8,23.562,1300,259.223877031112
e,ADRC,Square,normal bandwidth,8,23.76,1300,261.367622836104
e,ADRC,Square,normal bandwidth,8,23.958,1300,263.510788352738
e,ADRC,Square,normal bandwidth,8,24.156,1300,265.647573412887
e,ADRC,Square,normal bandwidth,8,24.354,1300,267.77915266602
e,ADRC,Square,normal bandwidth,8,24.552,1300,269.904956531945
e,ADRC,Square,normal bandwidth,8,24.75,1300,272.029595549205
e,ADRC,Square,normal bandwidth,8,24.948,1300,274.153207710187
e,ADRC,Square,normal bandwidth,8,25.146,1300,276.270135499791
e,ADRC,Square,normal bandwidth,8,25.344,1300,278.380272869183
e,ADRC,Square,normal bandwidth,8,25.542,1300,280.483516263254
e,ADRC,Square,normal bandwidth,8,25.74,1300,282.585286416719
e,ADRC,Square,normal bandwidth,8,25.938,1300,284.686227977021
e,ADRC,Square,normal bandwidth,8,26.136,1300,286.780886088969
e,ADRC,Square,normal bandwidth,8,26.334,1300,288.869082519008
e,ADRC,Square,normal bandwidth,8,26.532,1300,290.950585046273
e,ADRC,Square,normal bandwidth,8,26.73,1300,293.030675113069
e,ADRC,Square,normal bandwidth,8,26.928,1300,295.109959705824
e,ADRC,Square,normal bandwidth,8,27.126,1300,297.183039518382
e,ADRC,Square,normal bandwidth,8,27.324,1300,299.249736026653
e,ADRC,Square,normal bandwidth,8,27.522,1300,301.309844496008
e,ADRC,Square,normal bandwidth,8,27.72,1300,303.368579295958
e,ADRC,Square,normal bandwidth,8,27.918,1300,305.426523997684
e,ADRC,Square,normal bandwidth,8,28.116,1300,307.478329495604
e,ADRC,Square,normal bandwidth,8,28.314,1300,309.523811564068
e,ADRC,Square,normal bandwidth,8,28.512,1300,311.562766126148
e,ADRC,Square,normal bandwidth,8,28.71,1300,313.600345295448
e,ADRC,Square,normal bandwidth,8,28.908,1300,315.637126716548
e,ADRC,Square,normal bandwidth,8,29.106,1300,317.667826776598
e,ADRC,Square,normal bandwidth,8,29.304,1300,319.692263254466
e,ADRC,Square,normal bandwidth,8,29.502,1300,321.710233829718
e,ADRC,Square,normal bandwidth,8,29.7,1300,323.726825971961
e,ADRC,Square,normal bandwidth,8,29.898,1300,325.742609054369
e,ADRC,Square,normal bandwidth,8,30.096,1300,327.752363345778
e,ADRC,Square,normal bandwidth,8,30.294,1300,329.755907868938
e,ADRC,Square,normal bandwidth,8,30.492,1300,331.753041552785
e,ADRC,Square,normal bandwidth,8,30.69,1300,333.748877827818
e,ADRC,Square,normal bandwidth,8,30.888,1300,335.743991126223
e,ADRC,Square,normal bandwidth,8,31.086,1300,337.733140043534
e,ADRC,Square,normal bandwidth,8,31.284,1300,339.716145691683
e,ADRC,Square,normal bandwidth,8,31.482,1300,341.692809331852
e,ADRC,Square,normal bandwidth,8,31.68,1300,343.668185121929
e,ADRC,Square,normal bandwidth,8,31.878,1300,345.642840861784
e,ADRC,Square,normal bandwidth,8,32.076,1300,347.611595944162
e,ADRC,Square,normal bandwidth,8,32.274,1300,349.574273575655
e,ADRC,Square,normal bandwidth,8,32.472,1300,351.530677339585
e,ADRC,Square,normal bandwidth,8,32.67,1300,353.485802450706
e,ADRC,Square,normal bandwidth,8,32.868,1300,355.440210093475
e,ADRC,Square,normal bandwidth,8,33.066,1300,357.388780092461
e,ADRC,Square,normal bandwidth,8,33.264,1300,359.331337727074
e,ADRC,Square,normal bandwidth,8,33.462,1300,361.267688882734
e,ADRC,Square,normal bandwidth,8,33.66,1300,363.202770145557
e,ADRC,Square,normal bandwidth,8,33.858,1300,365.137136107035
e,ADRC,Square,normal bandwidth,8,34.056,1300,367.065726672881
e,ADRC,Square,normal bandwidth,8,34.254,1300,368.988369161371
e,ADRC,Square,normal bandwidth,8,34.452,1300,370.904871721941
e,ADRC,Square,normal bandwidth,8,34.65,1300,372.820112591133
e,ADRC,Square,normal bandwidth,8,34.848,1300,374.734639770629
e,ADRC,Square,normal bandwidth,8,35.046,1300,376.643452897357
e,ADRC,Square,normal bandwidth,8,35.244,1300,378.546381279445
e,ADRC,Square,normal bandwidth,8,35.442,1300,380.443235275869
e,ADRC,Square,normal bandwidth,8,35.64,1300,382.338835017081
e,ADRC,Square,normal bandwidth,8,35.838,1300,384.233721894799
e,ADRC,Square,normal bandwidth,8,36.036,1300,386.122954920178
e,ADRC,Square,normal bandwidth,8,36.234,1300,388.006365316413
e,ADRC,Square,normal bandwidth,8,36.432,1300,389.883765569283
e,ADRC,Square,normal bandwidth,8,36.63,1300,391.759917897853
e,ADRC,Square,normal bandwidth,8,36.828,1300,393.635357026668
e,ADRC,Square,normal bandwidth,8,37.026,1300,395.505200962583
e,ADRC,Square,normal bandwidth,8,37.224,1300,397.369282726534
e,ADRC,Square,normal bandwidth,8,37.422,1300,399.227416801281
e,ADRC,Square,normal bandwidth,8,37.62,1300,401.084307618874
e,ADRC,Square,normal bandwidth,8,37.818,1300,402.940483119058
e,ADRC,Square,normal bandwidth,8,38.016,1300,404.791119879175
e,ADRC,Square,normal bandwidth,8,38.214,1300,406.636052529744
e,ADRC,Square,normal bandwidth,8,38.412,1300,408.475097342362
e,ADRC,Square,normal bandwidth,8,38.61,1300,410.312900980902
e,ADRC,Square,normal bandwidth,8,38.808,1300,412.149984384006
e,ADRC,Square,normal bandwidth,8,39.006,1300,413.981582185996
e,ADRC,Square,normal bandwidth,8,39.204,1300,415.807530321279
e,ADRC,Square,normal bandwidth,8,39.402,1300,417.627646512184
e,ADRC,Square,normal bandwidth,8,39.6,1300,419.446519509818
e,ADRC,Square,normal bandwidth,8,39.798,1300,421.264662873488
e,ADRC,Square,normal bandwidth,8,39.996,1300,423.077368623656
e,ADRC,Square,normal bandwidth,8,40.194,1300,424.884473498201
e,ADRC,Square,normal bandwidth,8,40.392,1300,426.685796116757
e,ADRC,Square,normal bandwidth,8,40.59,1300,428.485948546639
e,ADRC,Square,normal bandwidth,8,40.788,1300,430.285448901276
e,ADRC,Square,normal bandwidth,8,40.986,1300,432.079569677045
e,ADRC,Square,normal bandwidth,8,41.184,1300,433.868149521996
e,ADRC,Square,normal bandwidth,8,41.382,1300,435.651009176691
e,ADRC,Square,normal bandwidth,8,41.58,1300,437.432707253263
e,ADRC,Square,normal bandwidth,8,41.778,1300,439.2137558775
e,ADRC,Square,normal bandwidth,8,41.976,1300,440.989482378547
e,ADRC,Square,normal bandwidth,8,42.174,1300,442.759727296737
e,ADRC,Square,normal bandwidth,8,42.372,1300,444.524313473687
e,ADRC,Square,normal bandwidth,8,42.57,1300,446.287746363794
e,ADRC,Square,normal bandwidth,8,42.768,1300,448.050532129951
e,ADRC,Square,normal bandwidth,8,42.966,1300,449.808052609572
e,ADRC,Square,normal bandwidth,8,43.164,1300,451.5601502127
e,ADRC,Square,normal bandwidth,8,43.362,1300,453.306649856956
e,ADRC,Square,normal bandwidth,8,43.56,1300,455.052004115991
e,ADRC,Square,normal bandwidth,8,43.758,1300,456.796713205948
e,ADRC,Square,normal bandwidth,8,43.956,1300,458.536213154729
e,ADRC,Square,normal bandwidth,8,44.154,1300,460.270348211429
e,ADRC,Square,normal bandwidth,8,44.352,1300,461.998945335694
e,ADRC,Square,normal bandwidth,8,44.55,1300,463.726404472421
e,ADRC,Square,normal bandwidth,8,44.748,1300,465.453219893905
e,ADRC,Square,normal bandwidth,8,44.946,1300,467.174881502732
e,ADRC,Square,normal bandwidth,8,45.144,1300,468.891235342684
e,ADRC,Square,normal bandwidth,8,45.342,1300,470.602110366285
e,ADRC,Square,normal bandwidth,8,45.54,1300,472.311854109409
e,ADRC,Square,normal bandwidth,8,45.738,1300,474.020954882473
e,ADRC,Square,normal bandwidth,8,45.936,1300,475.724956140889
e,ADRC,Square,normal bandwidth,8,46.134,1300,477.42370565574
e,ADRC,Square,normal bandwidth,8,46.332,1300,479.117034297824
e,ADRC,Square,normal bandwidth,8,46.53,1300,480.809237369614
e,ADRC,Square,normal bandwidth,8,46.728,1300,482.500797168039
e,ADRC,Square,normal bandwidth,8,46.926,1300,484.187310359925
e,ADRC,Square,normal bandwidth,8,47.124,1300,485.868626337836
e,ADRC,Square,normal bandwidth,8,47.322,1300,487.544577773759
e,ADRC,Square,normal bandwidth,8,47.52,1300,489.219407848937
e,ADRC,Square,normal bandwidth,8,47.718,1300,490.893592740725
e,ADRC,Square,normal bandwidth,8,47.916,1300,492.562781943831
e,ADRC,Square,normal bandwidth,8,48.114,1300,494.22682630259
e,ADRC,Square,normal bandwidth,8,48.312,1300,495.885560102439
e,ADRC,Square,normal bandwidth,8,48.51,1300,497.54317442038
e,ADRC,Square,normal bandwidth,8,48.708,1300,499.200139119098
e,ADRC,Square,normal bandwidth,8,48.906,1300,500.852156058024
e,ADRC,Square,normal bandwidth,8,49.104,1300,502.499077257542
e,ADRC,Square,normal bandwidth,8,49.302,1300,504.14073831158
e,ADRC,Square,normal bandwidth,8,49.5,1300,505.781278062492
e,ADRC,Square,normal bandwidth,8,49.698,1300,507.421159717141
e,ADRC,Square,normal bandwidth,8,49.896,1300,509.056136894616
e,ADRC,Square,normal bandwidth,8,50.094,1300,510.686062339995
e,ADRC,Square,normal bandwidth,8,50.292,1300,512.310772456534
e,ADRC,Square,normal bandwidth,8,50.49,1300,513.934427116735
e,ADRC,Square,normal bandwidth,8,50.688,1300,515.557493635069
e,ADRC,Square,normal bandwidth,8,50.886,1300,517.175708020798
e,ADRC,Square,normal bandwidth,8,51.084,1300,518.788924741888
e,ADRC,Square,normal bandwidth,8,51.282,1300,520.396982114573
e,ADRC,Square,normal bandwidth,8,51.48,1300,522.003991797239
e,ADRC,Square,normal bandwidth,8,51.678,1300,523.610415703783
e,ADRC,Square,normal bandwidth,8,51.876,1300,525.212039300101
e,ADRC,Square,normal bandwidth,8,52.074,1300,526.808718760909
e,ADRC,Square,normal bandwidth,8,52.272,1300,528.400294297497
e,ADRC,Square,normal bandwidth,8,52.47,1300,529.990829622419
e,ADRC,Square,normal bandwidth,8,52.668,1300,531.580781271316
e,ADRC,Square,normal bandwidth,8,52.866,1300,533.165983874033
e,ADRC,Square,normal bandwidth,8,53.064,1300,534.746295291678
e,ADRC,Square,normal bandwidth,8,53.262,1300,536.321557608004
e,ADRC,Square,normal bandwidth,8,53.46,1300,537.895786839563
e,ADRC,Square,normal bandwidth,8,53.658,1300,539.469434158301
e,ADRC,Square,normal bandwidth,8,53.856,1300,541.038383071389
e,ADRC,Square,normal bandwidth,8,54.054,1300,542.602493098679
e,ADRC,Square,normal bandwidth,8,54.252,1300,544.161608165732
e,ADRC,Square,normal bandwidth,8,54.45,1300,545.71969682039
e,ADRC,Square,normal bandwidth,8,54.648,1300,547.277204873518
e,ADRC,Square,normal bandwidth,8,54.846,1300,548.830064424774
e,ADRC,Square,normal bandwidth,8,55.044,1300,550.378136612736
e,ADRC,Square,normal bandwidth,8,55.242,1300,551.921267160449
e,ADRC,Square,normal bandwidth,8,55.44,1300,553.463377345225
e,ADRC,Square,normal bandwidth,8,55.638,1300,555.004907600593
e,ADRC,Square,normal bandwidth,8,55.836,1300,556.541838328396
e,ADRC,Square,normal bandwidth,8,56.034,1300,558.074032225155
e,ADRC,Square,normal bandwidth,8,56.232,1300,559.601336744112
e,ADRC,Square,normal bandwidth,8,56.43,1300,561.127626050456
e,ADRC,Square,normal bandwidth,8,56.628,1300,562.653335153824
e,ADRC,Square,normal bandwidth,8,56.826,1300,564.174492450306
e,ADRC,Square,normal bandwidth,8,57.024,1300,565.690962098926
e,ADRC,Square,normal bandwidth,8,57.222,1300,567.202593177515
e,ADRC,Square,normal bandwidth,8,57.42,1300,568.713212840309
e,ADRC,Square,normal bandwidth,8,57.618,1300,570.223250577373
e,ADRC,Square,normal bandwidth,8,57.816,1300,571.728782433115
e,ADRC,Square,normal bandwidth,8,58.014,1300,573.22967387599
e,ADRC,Square,normal bandwidth,8,58.212,1300,574.725775439085
e,ADRC,Square,normal bandwidth,8,58.41,1300,576.220867281011
e,ADRC,Square,normal bandwidth,8,58.608,1300,577.715373196289
e,ADRC,Square,normal bandwidth,8,58.806,1300,579.205416459899
e,ADRC,Square,normal bandwidth,8,59.004,1300,580.690863601037
e,ADRC,Square,normal bandwidth,8,59.202,1300,582.17156633299
e,ADRC,Square,normal bandwidth,8,59.4,1300,583.651257701119
e,ADRC,Square,normal bandwidth,8,59.598,1300,585.130355496699
e,ADRC,Square,normal bandwidth,8,59.796,1300,586.605029679542
e,ADRC,Square,normal bandwidth,8,59.994,1300,588.075147432483
e,ADRC,Square,normal bandwidth,8,60.192,1300,589.540561198787
e,ADRC,Square,normal bandwidth,8,60.39,1300,591.005022992038
e,ADRC,Square,normal bandwidth,8,60.588,1300,592.468954308389
e,ADRC,Square,normal bandwidth,8,60.786,1300,593.928509224394
e,ADRC,Square,normal bandwidth,8,60.984,1300,595.383556476855
e,ADRC,Square,normal bandwidth,8,61.182,1300,596.833950234455
e,ADRC,Square,normal bandwidth,8,61.38,1300,598.283399023868
e,ADRC,Square,normal bandwidth,8,61.578,1300,599.732319470171
e,ADRC,Square,normal bandwidth,8,61.776,1300,601.176910257529
e,ADRC,Square,normal bandwidth,8,61.974,1300,602.617041662155
e,ADRC,Square,normal bandwidth,8,62.172,1300,604.052569561984
e,ADRC,Square,normal bandwidth,8,62.37,1300,605.487159238757
e,ADRC,Square,normal bandwidth,8,62.568,1300,606.921222466609
e,ADRC,Square,normal bandwidth,8,62.766,1300,608.351002273329
e,ADRC,Square,normal bandwidth,8,62.964,1300,609.776370456175
e,ADRC,Square,normal bandwidth,8,63.162,1300,611.197184581959
e,ADRC,Square,normal bandwidth,8,63.36,1300,612.617066912819
e,ADRC,Square,normal bandwidth,8,63.558,1300,614.036424385092
e,ADRC,Square,normal bandwidth,8,63.756,1300,615.451544111658
e,ADRC,Square,normal bandwidth,8,63.954,1300,616.862299385889
e,ADRC,Square,normal bandwidth,8,64.152,1300,618.268549435823
e,ADRC,Square,normal bandwidth,8,64.35,1300,619.673873709004
e,ADRC,Square,normal bandwidth,8,64.548,1300,621.078674306322
e,ADRC,Square,normal bandwidth,8,64.746,1300,622.479282168846
e,ADRC,Square,normal bandwidth,8,64.944,1300,623.875572049962
e,ADRC,Square,normal bandwidth,8,65.142,1300,625.267404798957
e,ADRC,Square,normal bandwidth,8,65.34,1300,626.658317227534
e,ADRC,Square,normal bandwidth,8,65.538,1300,628.048706586468
e,ADRC,Square,normal bandwidth,8,65.736,1300,629.43494738318
e,ADRC,Square,normal bandwidth,8,65.934,1300,630.816915776249
e,ADRC,Square,normal bandwidth,8,66.132,1300,632.19447417552
e,ADRC,Square,normal bandwidth,8,66.33,1300,633.571116899725
e,ADRC,Square,normal bandwidth,8,66.528,1300,634.947236307544
e,ADRC,Square,normal bandwidth,8,66.726,1300,636.319250194998
e,ADRC,Square,normal bandwidth,8,66.924,1300,637.687036039775
e,ADRC,Square,normal bandwidth,8,67.122,1300,639.050457717025
e,ADRC,Square,normal bandwidth,8,67.32,1300,640.412967143766
e,ADRC,Square,normal bandwidth,8,67.518,1300,641.774951700276
e,ADRC,Square,normal bandwidth,8,67.716,1300,643.132872159165
e,ADRC,Square,normal bandwidth,8,67.914,1300,644.48660717917
e,ADRC,Square,normal bandwidth,8,68.112,1300,645.836021948014
e,ADRC,Square,normal bandwidth,8,68.31,1300,647.184525994824
e,ADRC,Square,normal bandwidth,8,68.508,1300,648.532501562759
e,ADRC,Square,normal bandwidth,8,68.706,1300,649.876452024231
e,ADRC,Square,normal bandwidth,8,68.904,1300,651.216256994719
e,ADRC,Square,normal bandwidth,8,69.102,1300,652.551782726428
e,ADRC,Square,normal bandwidth,8,69.3,1300,653.886396254504
e,ADRC,Square,normal bandwidth,8,69.498,1300,655.220474407455
e,ADRC,Square,normal bandwidth,8,69.696,1300,656.550562665263
e,ADRC,Square,normal bandwidth,8,69.894,1300,657.876541232957
e,ADRC,Square,normal bandwidth,8,70.092,1300,659.198277021152
e,ADRC,Square,normal bandwidth,8,70.29,1300,660.519154173458
e,ADRC,Square,normal bandwidth,8,70.488,1300,661.839552860007
e,ADRC,Square,normal bandwidth,8,70.686,1300,663.15600423482
e,ADRC,Square,normal bandwidth,8,70.884,1300,664.468389904529
e,ADRC,Square,normal bandwidth,8,71.082,1300,665.776578335999
e,ADRC,Square,normal bandwidth,8,71.28,1300,667.083914449644
e,ADRC,Square,normal bandwidth,8,71.478,1300,668.390774022115
e,ADRC,Square,normal bandwidth,8,71.676,1300,669.693728441442
e,ADRC,Square,normal bandwidth,8,71.874,1300,670.992660702737
e,ADRC,Square,normal bandwidth,8,72.072,1300,672.28744081453
e,ADRC,Square,normal bandwidth,8,72.27,1300,673.581374692295
e,ADRC,Square,normal bandwidth,8,72.468,1300,674.87483373736
e,ADRC,Square,normal bandwidth,8,72.666,1300,676.164429333658
e,ADRC,Square,normal bandwidth,8,72.864,1300,677.450045848217
e,ADRC,Square,normal bandwidth,8,73.062,1300,678.731554812855
e,ADRC,Square,normal bandwidth,8,73.26,1300,680.012223341346
e,ADRC,Square,normal bandwidth,8,73.458,1300,681.292418471541
e,ADRC,Square,normal bandwidth,8,73.656,1300,682.568791350105
e,ADRC,Square,normal bandwidth,8,73.854,1300,683.841227693485
e,ADRC,Square,normal bandwidth,8,74.052,1300,685.109600531852
e,ADRC,Square,normal bandwidth,8,74.25,1300,686.377138362187
e,ADRC,Square,normal bandwidth,8,74.448,1300,687.644203860989
e,ADRC,Square,normal bandwidth,8,74.646,1300,688.907487705929
e,ADRC,Square,normal bandwidth,8,74.844,1300,690.166876930326
e,ADRC,Square,normal bandwidth,8,75.042,1300,691.422246026638
e,ADRC,Square,normal bandwidth,8,75.24,1300,692.67678503628
e,ADRC,Square,normal bandwidth,8,75.438,1300,693.930852261173
e,ADRC,Square,normal bandwidth,8,75.636,1300,695.181177673832
e,ADRC,Square,normal bandwidth,8,75.834,1300,696.427649574994
e,ADRC,Square,normal bandwidth,8,76.032,1300,697.67014386467
e,ADRC,Square,normal bandwidth,8,76.23,1300,698.911812257571
e,ADRC,Square,normal bandwidth,8,76.428,1300,700.153008643172
e,ADRC,Square,normal bandwidth,8,76.626,1300,701.390502038312
e,ADRC,Square,normal bandwidth,8,76.824,1300,702.624181933505
e,ADRC,Square,normal bandwidth,8,77.022,1300,703.8539255504
e,ADRC,Square,normal bandwidth,8,77.22,1300,705.082846359312
e,ADRC,Square,normal bandwidth,8,77.418,1300,706.311293759426
e,ADRC,Square,normal bandwidth,8,77.616,1300,707.536075530491
e,ADRC,Square,normal bandwidth,8,77.814,1300,708.75708222827
e,ADRC,Square,normal bandwidth,8,78.012,1300,709.97419225829
e,ADRC,Square,normal bandwidth,8,78.21,1300,711.190480858943
e,ADRC,Square,normal bandwidth,8,78.408,1300,712.406292795967
e,ADRC,Square,normal bandwidth,8,78.606,1300,713.618474272172
e,ADRC,Square,normal bandwidth,8,78.804,1300,714.826916706257
e,ADRC,Square,normal bandwidth,8,79.002,1300,716.031499463868
e,ADRC,Square,normal bandwidth,8,79.2,1300,717.235259455776
e,ADRC,Square,normal bandwidth,8,79.398,1300,718.438536563956
e,ADRC,Square,normal bandwidth,8,79.596,1300,719.638214970306
e,ADRC,Square,normal bandwidth,8,79.794,1300,720.834186625275
e,ADRC,Square,normal bandwidth,8,79.992,1300,722.026331488362
e,ADRC,Square,normal bandwidth,8,80.19,1300,723.217701901385
e,ADRC,Square,normal bandwidth,8,80.388,1300,724.408640760312
e,ADRC,Square,normal bandwidth,8,80.586,1300,725.596019325683
e,ADRC,Square,normal bandwidth,8,80.784,1300,726.779730812128
e,ADRC,Square,normal bandwidth,8,80.982,1300,727.959656582811
e,ADRC,Square,normal bandwidth,8,81.18,1300,729.138813602034
e,ADRC,Square,normal bandwidth,8,81.378,1300,730.317540803047
e,ADRC,Square,normal bandwidth,8,81.576,1300,731.492745735613
e,ADRC,Square,normal bandwidth,8,81.774,1300,732.66432286671
e,ADRC,Square,normal bandwidth,8,81.972,1300,733.83215495001
e,ADRC,Square,normal bandwidth,8,82.17,1300,734.999223769157
e,ADRC,Square,normal bandwidth,8,82.368,1300,736.165864311056
e,ADRC,Square,normal bandwidth,8,82.566,700,704.40908390894
e,ADRC,Square,normal bandwidth,8,82.764,700,727.995907222572
e,ADRC,Square,normal bandwidth,8,82.962,700,725.952594308893
e,ADRC,Square,normal bandwidth,8,83.16,700,725.180372173979
e,ADRC,Square,normal bandwidth,8,83.358,700,724.849434145823
e,ADRC,Square,normal bandwidth,8,83.556,700,724.670669354988
e,ADRC,Square,normal bandwidth,8,83.754,700,724.543131990545
e,ADRC,Square,normal bandwidth,8,83.952,700,724.431891376392
e,ADRC,Square,normal bandwidth,8,84.15,700,724.324582010796
e,ADRC,Square,normal bandwidth,8,84.348,700,724.216977383572
e,ADRC,Square,normal bandwidth,8,84.546,700,724.107895744006
e,ADRC,Square,normal bandwidth,8,84.744,700,724.148025783714
e,ADRC,Square,normal bandwidth,8,84.942,700,724.172064482252
e,ADRC,Square,normal bandwidth,8,85.14,700,724.180644779722
e,ADRC,Square,normal bandwidth,8,85.338,700,724.1631245671
e,ADRC,Square,normal bandwidth,8,85.536,700,724.129272094057
e,ADRC,Square,normal bandwidth,8,85.734,700,724.087383696462
e,ADRC,Square,normal bandwidth,8,85.932,700,724.042030055142
e,ADRC,Square,normal bandwidth,8,86.13,700,723.995262456001
e,ADRC,Square,normal bandwidth,8,86.328,700,723.94802434149
e,ADRC,Square,normal bandwidth,8,86.526,700,723.900846432457
e,ADRC,Square,normal bandwidth,8,86.724,700,723.853669673175
e,ADRC,Square,normal bandwidth,8,86.922,700,723.803749690836
e,ADRC,Square,normal bandwidth,8,87.12,700,723.753086215517
e,ADRC,Square,normal bandwidth,8,87.318,700,723.702511985124
e,ADRC,Square,normal bandwidth,8,87.516,700,723.65254637744
e,ADRC,Square,normal bandwidth,8,87.714,700,723.603164841295
e,ADRC,Square,normal bandwidth,8,87.912,700,723.554223751134
e,ADRC,Square,normal bandwidth,8,88.11,700,723.505472013887
e,ADRC,Square,normal bandwidth,8,88.308,700,723.456815340022
e,ADRC,Square,normal bandwidth,8,88.506,700,723.408335440776
e,ADRC,Square,normal bandwidth,8,88.704,700,723.360014017791
e,ADRC,Square,normal bandwidth,8,88.902,700,723.311859637732
e,ADRC,Square,normal bandwidth,8,89.1,700,723.263792143389
e,ADRC,Square,normal bandwidth,8,89.298,700,723.215778660785
e,ADRC,Square,normal bandwidth,8,89.496,700,723.167920014496
e,ADRC,Square,normal bandwidth,8,89.694,700,723.120205709699
e,ADRC,Square,normal bandwidth,8,89.892,700,723.072635817632
e,ADRC,Square,normal bandwidth,8,90.09,700,723.025089316752
e,ADRC,Square,normal bandwidth,8,90.288,700,722.977554896527
e,ADRC,Square,normal bandwidth,8,90.486,700,722.930159627905
e,ADRC,Square,normal bandwidth,8,90.684,700,722.882909293512
e,ADRC,Square,normal bandwidth,8,90.882,700,722.835809545023
e,ADRC,Square,normal bandwidth,8,91.08,700,722.78873992456
e,ADRC,Square,normal bandwidth,8,91.278,700,722.741686326799
e,ADRC,Square,normal bandwidth,8,91.476,700,722.694772317576
e,ADRC,Square,normal bandwidth,8,91.674,700,722.648002565835
e,ADRC,Square,normal bandwidth,8,91.872,700,722.601382166932
e,ADRC,Square,normal bandwidth,8,92.07,700,722.554792315507
e,ADRC,Square,normal bandwidth,8,92.268,700,722.508219708838
e,ADRC,Square,normal bandwidth,8,92.466,700,722.461786343809
e,ADRC,Square,normal bandwidth,8,92.664,700,722.415496342349
e,ADRC,Square,normal bandwidth,8,92.862,700,722.369354290157
e,ADRC,Square,normal bandwidth,8,93.06,700,722.323242523002
e,ADRC,Square,normal bandwidth,8,93.258,700,722.277147819708
e,ADRC,Square,normal bandwidth,8,93.456,700,722.231190767074
e,ADRC,Square,normal bandwidth,8,93.654,700,722.185375480659
e,ADRC,Square,normal bandwidth,8,93.852,700,722.139706524399
e,ADRC,Square,normal bandwidth,8,94.05,700,722.094067643325
e,ADRC,Square,normal bandwidth,8,94.248,700,722.048445771458
e,ADRC,Square,normal bandwidth,8,94.446,700,722.002960060123
e,ADRC,Square,normal bandwidth,8,94.644,700,721.957614575623
e,ADRC,Square,normal bandwidth,8,94.842,700,721.912413837245
e,ADRC,Square,normal bandwidth,8,95.04,700,721.867242985322
e,ADRC,Square,normal bandwidth,8,95.238,700,721.822089119579
e,ADRC,Square,normal bandwidth,8,95.436,700,721.7770699807
e,ADRC,Square,normal bandwidth,8,95.634,700,721.732189590451
e,ADRC,Square,normal bandwidth,8,95.832,700,721.687452417122
e,ADRC,Square,normal bandwidth,8,96.03,700,721.642744980378
e,ADRC,Square,normal bandwidth,8,96.228,700,721.598054538304
e,ADRC,Square,normal bandwidth,8,96.426,700,721.553497425693
e,ADRC,Square,normal bandwidth,8,96.624,700,721.509077621683
e,ADRC,Square,normal bandwidth,8,96.822,700,721.464799547096
e,ADRC,Square,normal bandwidth,8,97.02,700,721.420551098527
e,ADRC,Square,normal bandwidth,8,97.218,700,721.376319695526
e,ADRC,Square,normal bandwidth,8,97.416,700,721.332220276968
e,ADRC,Square,normal bandwidth,8,97.614,700,721.288256783489
e,ADRC,Square,normal bandwidth,8,97.812,700,721.244433593211
e,ADRC,Square,normal bandwidth,8,98.01,700,721.200639979288
e,ADRC,Square,normal bandwidth,8,98.208,700,721.156863528103
e,ADRC,Square,normal bandwidth,8,98.406,700,721.113217795085
e,ADRC,Square,normal bandwidth,8,98.604,700,721.069706689798
e,ADRC,Square,normal bandwidth,8,98.802,700,721.026334555794
e,ADRC,Square,normal bandwidth,8,99,700,720.982992046243
e,ADRC,Square,normal bandwidth,8,99.198,700,720.939666923374
e,ADRC,Square,normal bandwidth,8,99.396,700,720.896471375145
e,ADRC,Square,normal bandwidth,8,99.594,700,720.853409291982
e,ADRC,Square,normal bandwidth,8,99.792,700,720.810484996055
e,ADRC,Square,normal bandwidth,8,99.99,700,720.76758858493
e,ADRC,Square,normal bandwidth,8,100.188,700,720.724707712315
e,ADRC,Square,normal bandwidth,8,100.386,700,720.681955031415
e,ADRC,Square,normal bandwidth,8,100.584,700,720.639334387137
e,ADRC,Square,normal bandwidth,8,100.782,700,720.596850051111
e,ADRC,Square,normal bandwidth,8,100.98,700,720.554393394704
e,ADRC,Square,normal bandwidth,8,101.178,700,720.511952214306
e,ADRC,Square,normal bandwidth,8,101.376,700,720.469637856492
e,ADRC,Square,normal bandwidth,8,101.574,700,720.427454121079
e,ADRC,Square,normal bandwidth,8,101.772,700,720.385405229631
e,ADRC,Square,normal bandwidth,8,101.97,700,720.343383820225
e,ADRC,Square,normal bandwidth,8,102.168,700,720.301377831344
e,ADRC,Square,normal bandwidth,8,102.366,700,720.259497310669
e,ADRC,Square,normal bandwidth,8,102.564,700,720.217746013464
e,ADRC,Square,normal bandwidth,8,102.762,700,720.176128111819
e,ADRC,Square,normal bandwidth,8,102.96,700,720.134537503928
e,ADRC,Square,normal bandwidth,8,103.158,700,720.092962269977
e,ADRC,Square,normal bandwidth,8,103.356,700,720.051511166327
e,ADRC,Square,normal bandwidth,8,103.554,700,720.010187904416
e,ADRC,Square,normal bandwidth,8,103.752,700,719.968996607677
e,ADRC,Square,normal bandwidth,8,103.95,700,719.92783242841
e,ADRC,Square,normal bandwidth,8,104.148,700,719.886683588439
e,ADRC,Square,normal bandwidth,8,104.346,700,719.845657560328
e,ADRC,Square,normal bandwidth,8,104.544,700,719.804758012747
e,ADRC,Square,normal bandwidth,8,104.742,700,719.763989021645
e,ADRC,Square,normal bandwidth,8,104.94,700,719.723246988188
e,ADRC,Square,normal bandwidth,8,105.138,700,719.682520276271
e,ADRC,Square,normal bandwidth,8,105.336,700,719.641915082329
e,ADRC,Square,normal bandwidth,8,105.534,700,719.601435033873
e,ADRC,Square,normal bandwidth,8,105.732,700,719.561084161137
e,ADRC,Square,normal bandwidth,8,105.93,700,719.520760109978
e,ADRC,Square,normal bandwidth,8,106.128,700,719.480451387587
e,ADRC,Square,normal bandwidth,8,106.326,700,719.440262922406
e,ADRC,Square,normal bandwidth,8,106.524,700,719.400198303307
e,ADRC,Square,normal bandwidth,8,106.722,700,719.360261517605
e,ADRC,Square,normal bandwidth,8,106.92,700,719.320351453169
e,ADRC,Square,normal bandwidth,8,107.118,700,719.280456763016
e,ADRC,Square,normal bandwidth,8,107.316,700,719.240681116734
e,ADRC,Square,normal bandwidth,8,107.514,700,719.201028068603
e,ADRC,Square,normal bandwidth,8,107.712,700,719.161501567488
e,ADRC,Square,normal bandwidth,8,107.91,700,719.122001742867
e,ADRC,Square,normal bandwidth,8,108.108,700,719.082517398231
e,ADRC,Square,normal bandwidth,8,108.306,700,719.043150955355
e,ADRC,Square,normal bandwidth,8,108.504,700,719.003905940491
e,ADRC,Square,normal bandwidth,8,108.702,700,718.964786271325
e,ADRC,Square,normal bandwidth,8,108.9,700,718.925693322053
e,ADRC,Square,normal bandwidth,8,109.098,700,718.886616054768
e,ADRC,Square,normal bandwidth,8,109.296,700,718.847655657847
e,ADRC,Square,normal bandwidth,8,109.494,700,718.808815640274
e,ADRC,Square,normal bandwidth,8,109.692,700,718.770099900449
e,ADRC,Square,normal bandwidth,8,109.89,700,718.731409311433
e,ADRC,Square,normal bandwidth,8,110.088,700,718.692732737438
e,ADRC,Square,normal bandwidth,8,110.286,700,718.654171786472
e,ADRC,Square,normal bandwidth,8,110.484,700,718.615729926463
e,ADRC,Square,normal bandwidth,8,110.682,700,718.577411010227
e,ADRC,Square,normal bandwidth,8,110.88,700,718.539117059732
e,ADRC,Square,normal bandwidth,8,111.078,700,718.500837067886
e,ADRC,Square,normal bandwidth,8,111.276,700,718.462671464175
e,ADRC,Square,normal bandwidth,8,111.474,700,718.42462367586
e,ADRC,Square,normal bandwidth,8,111.672,700,718.386697510596
e,ADRC,Square,normal bandwidth,8,111.87,700,718.348796132871
e,ADRC,Square,normal bandwidth,8,112.068,700,718.310908663749
e,ADRC,Square,normal bandwidth,8,112.266,700,718.273134361175
e,ADRC,Square,normal bandwidth,8,112.464,700,718.235476612224
e,ADRC,Square,normal bandwidth,8,112.662,700,718.197939179931
e,ADRC,Square,normal bandwidth,8,112.86,700,718.160426365349
e,ADRC,Square,normal bandwidth,8,113.058,700,718.122927417353
e,ADRC,Square,normal bandwidth,8,113.256,700,718.085540429176
e,ADRC,Square,normal bandwidth,8,113.454,700,718.048268748365
e,ADRC,Square,normal bandwidth,8,113.652,700,718.011116094068
e,ADRC,Square,normal bandwidth,8,113.85,700,717.973987898481
e,ADRC,Square,normal bandwidth,8,114.048,700,717.936873538236
e,ADRC,Square,normal bandwidth,8,114.246,700,717.899869948637
e,ADRC,Square,normal bandwidth,8,114.444,700,717.862980438657
e,ADRC,Square,normal bandwidth,8,114.642,700,717.826208684611
e,ADRC,Square,normal bandwidth,8,114.84,700,717.789461245121
e,ADRC,Square,normal bandwidth,8,115.038,700,717.752727624956
e,ADRC,Square,normal bandwidth,8,115.236,700,717.716103608413
e,ADRC,Square,normal bandwidth,8,115.434,700,717.679592467339
e,ADRC,Square,normal bandwidth,8,115.632,700,717.643197836822
e,ADRC,Square,normal bandwidth,8,115.83,700,717.606827398132
e,ADRC,Square,normal bandwidth,8,116.028,700,717.570470785285
e,ADRC,Square,normal bandwidth,8,116.226,700,717.534222638909
e,ADRC,Square,normal bandwidth,8,116.424,700,717.498086196001
e,ADRC,Square,normal bandwidth,8,116.622,700,717.462065052934
e,ADRC,Square,normal bandwidth,8,116.82,700,717.42606801122
e,ADRC,Square,normal bandwidth,8,117.018,700,717.390084836401
e,ADRC,Square,normal bandwidth,8,117.216,700,717.354209033676
e,ADRC,Square,normal bandwidth,8,117.414,700,717.318443808842
e,ADRC,Square,normal bandwidth,8,117.612,700,717.282792723595
e,ADRC,Square,normal bandwidth,8,117.81,700,717.247165699317
e,ADRC,Square,normal bandwidth,8,118.008,700,717.211552637274
e,ADRC,Square,normal bandwidth,8,118.206,700,717.176045917193
e,ADRC,Square,normal bandwidth,8,118.404,700,717.140648719591
e,ADRC,Square,normal bandwidth,8,118.602,700,717.105364578042
e,ADRC,Square,normal bandwidth,8,118.8,700,717.070104536607
e,ADRC,Square,normal bandwidth,8,118.998,700,717.034858639603
e,ADRC,Square,normal bandwidth,8,119.196,700,716.999718154289
e,ADRC,Square,normal bandwidth,8,119.394,700,716.964686245609
e,ADRC,Square,normal bandwidth,8,119.592,700,716.929766429739
e,ADRC,Square,normal bandwidth,8,119.79,700,716.894869298742
e,ADRC,Square,normal bandwidth,8,119.988,700,716.859984808648
e,ADRC,Square,normal bandwidth,8,120.186,700,716.825204605206
e,ADRC,Square,normal bandwidth,8,120.384,700,716.790531816328
e,ADRC,Square,normal bandwidth,8,120.582,700,716.755969917075
e,ADRC,Square,normal bandwidth,8,120.78,700,716.721430535773
e,ADRC,Square,normal bandwidth,8,120.978,700,716.686903744529
e,ADRC,Square,normal bandwidth,8,121.176,700,716.65248012612
e,ADRC,Square,normal bandwidth,8,121.374,700,716.618162771777
e,ADRC,Square,normal bandwidth,8,121.572,700,716.583955115829
e,ADRC,Square,normal bandwidth,8,121.77,700,716.5497698171
e,ADRC,Square,normal bandwidth,8,121.968,700,716.515597063293
e,ADRC,Square,normal bandwidth,8,122.166,700,716.481526380504
e,ADRC,Square,normal bandwidth,8,122.364,700,716.44756082372
e,ADRC,Square,normal bandwidth,8,122.562,700,716.413703787026
e,ADRC,Square,normal bandwidth,8,122.76,700,716.379868954372
e,ADRC,Square,normal bandwidth,8,122.958,700,716.346046628743
e,ADRC,Square,normal bandwidth,8,123.156,700,716.312325285719
e,ADRC,Square,normal bandwidth,8,123.354,700,716.278707944634
e,ADRC,Square,normal bandwidth,8,123.552,700,716.245197959986
e,ADRC,Square,normal bandwidth,8,123.75,700,716.211710035971
e,ADRC,Square,normal bandwidth,8,123.948,700,716.178234590796
e,ADRC,Square,normal bandwidth,8,124.146,700,716.144859055647
e,ADRC,Square,normal bandwidth,8,124.344,700,716.111586415065
e,ADRC,Square,normal bandwidth,8,124.542,700,716.078419984918
e,ADRC,Square,normal bandwidth,8,124.74,700,716.045275485382
e,ADRC,Square,normal bandwidth,8,124.938,700,716.012143450241
e,ADRC,Square,normal bandwidth,8,125.136,700,715.979110272523
e,ADRC,Square,normal bandwidth,8,125.334,700,715.946178903285
e,ADRC,Square,normal bandwidth,8,125.532,700,715.913352621208
e,ADRC,Square,normal bandwidth,8,125.73,700,715.880548159046
e,ADRC,Square,normal bandwidth,8,125.928,700,715.847756167159
e,ADRC,Square,normal bandwidth,8,126.126,700,715.815062007036
e,ADRC,Square,normal bandwidth,8,126.324,700,715.782468598303
e,ADRC,Square,normal bandwidth,8,126.522,700,715.74997918472
e,ADRC,Square,normal bandwidth,8,126.72,700,715.717511509449
e,ADRC,Square,normal bandwidth,8,126.918,700,715.685056341479
e,ADRC,Square,normal bandwidth,8,127.116,700,715.652698018198
e,ADRC,Square,normal bandwidth,8,127.314,700,715.620439431086
e,ADRC,Square,normal bandwidth,8,127.512,700,715.588283792629
e,ADRC,Square,normal bandwidth,8,127.71,700,715.556149856059
e,ADRC,Square,normal bandwidth,8,127.908,700,715.524028512782
e,ADRC,Square,normal bandwidth,8,128.106,700,715.492003085062
e,ADRC,Square,normal bandwidth,8,128.304,700,715.46007644158
e,ADRC,Square,normal bandwidth,8,128.502,700,715.428251769454
e,ADRC,Square,normal bandwidth,8,128.7,700,715.396448834522
e,ADRC,Square,normal bandwidth,8,128.898,700,715.364658657217
e,ADRC,Square,normal bandwidth,8,129.096,700,715.332963556405
e,ADRC,Square,normal bandwidth,8,129.294,700,715.301366386721
e,ADRC,Square,normal bandwidth,8,129.492,700,715.269870319594
e,ADRC,Square,normal bandwidth,8,129.69,700,715.238394713177
e,ADRC,Square,normal bandwidth,8,129.888,700,715.206930508276
e,ADRC,Square,normal bandwidth,8,130.086,700,715.175560365134
e,ADRC,Square,normal bandwidth,8,130.284,700,715.144287104986
e,ADRC,Square,normal bandwidth,8,130.482,700,715.113113862179
e,ADRC,Square,normal bandwidth,8,130.68,700,715.081960929527
e,ADRC,Square,normal bandwidth,8,130.878,700,715.050819352528
e,ADRC,Square,normal bandwidth,8,131.076,700,715.019770832679
e,ADRC,Square,normal bandwidth,8,131.274,700,714.988818158127
e,ADRC,Square,normal bandwidth,8,131.472,700,714.957964426481
e,ADRC,Square,normal bandwidth,8,131.67,700,714.927130860018
e,ADRC,Square,normal bandwidth,8,131.868,700,714.896308608496
e,ADRC,Square,normal bandwidth,8,132.066,700,714.865578420337
e,ADRC,Square,normal bandwidth,8,132.264,700,714.834943050996
e,ADRC,Square,normal bandwidth,8,132.462,700,714.804405561783
e,ADRC,Square,normal bandwidth,8,132.66,700,714.773888099593
e,ADRC,Square,normal bandwidth,8,132.858,700,714.743381918163
e,ADRC,Square,normal bandwidth,8,133.056,700,714.712966818397
e,ADRC,Square,normal bandwidth,8,133.254,700,714.682645523593
e,ADRC,Square,normal bandwidth,8,133.452,700,714.652421059357
e,ADRC,Square,normal bandwidth,8,133.65,700,714.622216492796
e,ADRC,Square,normal bandwidth,8,133.848,700,714.592023181576
e,ADRC,Square,normal bandwidth,8,134.046,700,714.561919984601
e,ADRC,Square,normal bandwidth,8,134.244,700,714.531909593791
e,ADRC,Square,normal bandwidth,8,134.442,700,714.501994999906
e,ADRC,Square,normal bandwidth,8,134.64,700,714.472100186423
e,ADRC,Square,normal bandwidth,8,134.838,700,714.44221661525
e,ADRC,Square,normal bandwidth,8,135.036,700,714.412422208925
e,ADRC,Square,normal bandwidth,8,135.234,700,714.382719629165
e,ADRC,Square,normal bandwidth,8,135.432,700,714.353111833188
e,ADRC,Square,normal bandwidth,8,135.63,700,714.323523717771
e,ADRC,Square,normal bandwidth,8,135.828,700,714.293946849967
e,ADRC,Square,normal bandwidth,8,136.026,700,714.264458221914
e,ADRC,Square,normal bandwidth,8,136.224,700,714.235060466977
e,ADRC,Square,normal bandwidth,8,136.422,700,714.205756510882
e,ADRC,Square,normal bandwidth,8,136.62,700,714.176472161743
e,ADRC,Square,normal bandwidth,8,136.818,700,714.147199093614
e,ADRC,Square,normal bandwidth,8,137.016,700,714.118013374939
e,ADRC,Square,normal bandwidth,8,137.214,700,714.088917613698
e,ADRC,Square,normal bandwidth,8,137.412,700,714.059914707407
e,ADRC,Square,normal bandwidth,8,137.61,700,714.03093137522
e,ADRC,Square,normal bandwidth,8,137.808,700,714.001959401604
e,ADRC,Square,normal bandwidth,8,138.006,700,713.973073939407
e,ADRC,Square,normal bandwidth,8,138.204,700,713.944277576047
e,ADRC,Square,normal bandwidth,8,138.402,700,713.915573186159
e,ADRC,Square,normal bandwidth,8,138.6,700,713.88688840222
e,ADRC,Square,normal bandwidth,8,138.798,700,713.858215125072
e,ADRC,Square,normal bandwidth,8,138.996,700,713.829627602546
e,ADRC,Square,normal bandwidth,8,139.194,700,713.801128409392
e,ADRC,Square,normal bandwidth,8,139.392,700,713.772720406091
e,ADRC,Square,normal bandwidth,8,139.59,700,713.744330857411
e,ADRC,Square,normal bandwidth,8,139.788,700,713.715951592372
e,ADRC,Square,normal bandwidth,8,139.986,700,713.687657166712
e,ADRC,Square,normal bandwidth,8,140.184,700,713.659450125056
e,ADRC,Square,normal bandwidth,8,140.382,700,713.631333294438
e,ADRC,Square,normal bandwidth,8,140.58,700,713.603234782645
e,ADRC,Square,normal bandwidth,8,140.778,700,713.575146513129
e,ADRC,Square,normal bandwidth,8,140.976,700,713.54714217688
e,ADRC,Square,normal bandwidth,8,141.174,700,713.51922428868
e,ADRC,Square,normal bandwidth,8,141.372,700,713.491395642427
e,ADRC,Square,normal bandwidth,8,141.57,700,713.463585184241
e,ADRC,Square,normal bandwidth,8,141.768,700,713.435784931612
e,ADRC,Square,normal bandwidth,8,141.966,700,713.4080677159
e,ADRC,Square,normal bandwidth,8,142.164,700,713.380436022399
e,ADRC,Square,normal bandwidth,8,142.362,700,713.35289261227
e,ADRC,Square,normal bandwidth,8,142.56,700,713.325367265594
e,ADRC,Square,normal bandwidth,8,142.758,700,713.297852093645
e,ADRC,Square,normal bandwidth,8,142.956,700,713.270419073165
e,ADRC,Square,normal bandwidth,8,143.154,700,713.243070660445
e,ADRC,Square,normal bandwidth,8,143.352,700,713.215809584441
e,ADRC,Square,normal bandwidth,8,143.55,700,713.188566455225
e,ADRC,Square,normal bandwidth,8,143.748,700,713.161333477807
e,ADRC,Square,normal bandwidth,8,143.946,700,713.134181779293
e,ADRC,Square,normal bandwidth,8,144.144,700,713.10711378767
e,ADRC,Square,normal bandwidth,8,144.342,700,713.080132200466
e,ADRC,Square,normal bandwidth,8,144.54,700,713.053168454274
e,ADRC,Square,normal bandwidth,8,144.738,700,713.026214848128
e,ADRC,Square,normal bandwidth,8,144.936,700,712.999341664571
e,ADRC,Square,normal bandwidth,8,145.134,1300,721.726405133225
e,ADRC,Square,normal bandwidth,8,145.332,1300,728.316354504159
e,ADRC,Square,normal bandwidth,8,145.53,1300,731.918992443572
e,ADRC,Square,normal bandwidth,8,145.728,1300,733.969402549472
e,ADRC,Square,normal bandwidth,8,145.926,1300,735.477745771396
e,ADRC,Square,normal bandwidth,8,146.124,1300,736.797521900237
e,ADRC,Square,normal bandwidth,8,146.322,1300,738.051017399009
e,ADRC,Square,normal bandwidth,8,146.52,1300,739.283758635398
e,ADRC,Square,normal bandwidth,8,146.718,1300,740.510778129596
e,ADRC,Square,normal bandwidth,8,146.916,1300,741.733993126429
e,ADRC,Square,normal bandwidth,8,147.114,1300,742.942171833276
e,ADRC,Square,normal bandwidth,8,147.312,1300,743.930666004652
e,ADRC,Square,normal bandwidth,8,147.51,1300,744.965891371515
e,ADRC,Square,normal bandwidth,8,147.708,1300,746.032558181445
e,ADRC,Square,normal bandwidth,8,147.906,1300,747.132988342294
e,ADRC,Square,normal bandwidth,8,148.104,1300,748.251717346601
e,ADRC,Square,normal bandwidth,8,148.302,1300,749.377388265634
e,ADRC,Square,normal bandwidth,8,148.5,1300,750.506904265858
e,ADRC,Square,normal bandwidth,8,148.698,1300,751.637817046921
e,ADRC,Square,normal bandwidth,8,148.896,1300,752.765981883553
e,ADRC,Square,normal bandwidth,8,149.094,1300,753.890783995677
e,ADRC,Square,normal bandwidth,8,149.292,1300,755.013403197853
e,ADRC,Square,normal bandwidth,8,149.49,1300,756.138352203882
e,ADRC,Square,normal bandwidth,8,149.688,1300,757.263707561279
e,ADRC,Square,normal bandwidth,8,149.886,1300,758.38544620273
e,ADRC,Square,normal bandwidth,8,150.084,1300,759.503028716046
e,ADRC,Square,normal bandwidth,8,150.282,1300,760.616441153162
e,ADRC,Square,normal bandwidth,8,150.48,1300,761.728748600667
e,ADRC,Square,normal bandwidth,8,150.678,1300,762.840444647089
e,ADRC,Square,normal bandwidth,8,150.876,1300,763.948720180759
e,ADRC,Square,normal bandwidth,8,151.074,1300,765.053533767192
e,ADRC,Square,normal bandwidth,8,151.272,1300,766.154803776918
e,ADRC,Square,normal bandwidth,8,151.47,1300,767.255309710666
e,ADRC,Square,normal bandwidth,8,151.668,1300,768.355346594405
e,ADRC,Square,normal bandwidth,8,151.866,1300,769.452059266338
e,ADRC,Square,normal bandwidth,8,152.064,1300,770.545378190577
e,ADRC,Square,normal bandwidth,8,152.262,1300,771.63521165606
e,ADRC,Square,normal bandwidth,8,152.46,1300,772.724342805136
e,ADRC,Square,normal bandwidth,8,152.658,1300,773.813081887396
e,ADRC,Square,normal bandwidth,8,152.856,1300,774.898577302405
e,ADRC,Square,normal bandwidth,8,153.054,1300,775.980728802466
e,ADRC,Square,normal bandwidth,8,153.252,1300,777.059426367745
e,ADRC,Square,normal bandwidth,8,153.45,1300,778.137414594055
e,ADRC,Square,normal bandwidth,8,153.648,1300,779.215002293353
e,ADRC,Square,normal bandwidth,8,153.846,1300,780.289375432292
e,ADRC,Square,normal bandwidth,8,154.044,1300,781.360437609987
e,ADRC,Square,normal bandwidth,8,154.242,1300,782.428081459679
e,ADRC,Square,normal bandwidth,8,154.44,1300,783.495019463332
e,ADRC,Square,normal bandwidth,8,154.638,1300,784.561556072006
e,ADRC,Square,normal bandwidth,8,154.836,1300,785.624910185521
e,ADRC,Square,normal bandwidth,8,155.034,1300,786.684986844299
e,ADRC,Square,normal bandwidth,8,155.232,1300,787.741680569512
e,ADRC,Square,normal bandwidth,8,155.43,1300,788.797671829773
e,ADRC,Square,normal bandwidth,8,155.628,1300,789.853261630249
e,ADRC,Square,normal bandwidth,8,155.826,1300,790.905702146357
e,ADRC,Square,normal bandwidth,8,156.024,1300,791.954899387401
e,ADRC,Square,normal bandwidth,8,156.222,1300,793.000748938469
e,ADRC,Square,normal bandwidth,8,156.42,1300,794.045898698266
e,ADRC,Square,normal bandwidth,8,156.618,1300,795.090645830897
e,ADRC,Square,normal bandwidth,8,156.816,1300,796.132275485799
e,ADRC,Square,normal bandwidth,8,157.014,1300,797.170694589471
e,ADRC,Square,normal bandwidth,8,157.212,1300,798.205799731565
e,ADRC,Square,normal bandwidth,8,157.41,1300,799.240206283065
e,ADRC,Square,normal bandwidth,8,157.608,1300,800.274207452769
e,ADRC,Square,normal bandwidth,8,157.806,1300,801.305121056819
e,ADRC,Square,normal bandwidth,8,158.004,1300,802.332854750711
e,ADRC,Square,normal bandwidth,8,158.202,1300,803.35730593963
e,ADRC,Square,normal bandwidth,8,158.4,1300,804.381057399067
e,ADRC,Square,normal bandwidth,8,158.598,1300,805.404398185318
e,ADRC,Square,normal bandwidth,8,158.796,1300,806.424678414906
e,ADRC,Square,normal bandwidth,8,158.994,1300,807.441806195574
e,ADRC,Square,normal bandwidth,8,159.192,1300,808.455679437323
e,ADRC,Square,normal bandwidth,8,159.39,1300,809.468894039101
e,ADRC,Square,normal bandwidth,8,159.588,1300,810.48174162069
e,ADRC,Square,normal bandwidth,8,159.786,1300,811.491561309822
e,ADRC,Square,normal bandwidth,8,159.984,1300,812.498262289679
e,ADRC,Square,normal bandwidth,8,160.182,1300,813.501743664215
e,ADRC,Square,normal bandwidth,8,160.38,1300,814.504571245247
e,ADRC,Square,normal bandwidth,8,160.578,1300,815.507033282436
e,ADRC,Square,normal bandwidth,8,160.776,1300,816.506499766093
e,ADRC,Square,normal bandwidth,8,160.974,1300,817.502880944458
e,ADRC,Square,normal bandwidth,8,161.172,1300,818.496077104057
e,ADRC,Square,normal bandwidth,8,161.37,1300,819.488624136917
e,ADRC,Square,normal bandwidth,8,161.568,1300,820.48080693649
e,ADRC,Square,normal bandwidth,8,161.766,1300,821.470026173029
e,ADRC,Square,normal bandwidth,8,161.964,1300,822.45619314713
e,ADRC,Square,normal bandwidth,8,162.162,1300,823.439209313794
e,ADRC,Square,normal bandwidth,8,162.36,1300,824.421580801145
e,ADRC,Square,normal bandwidth,8,162.558,1300,825.40358915551
e,ADRC,Square,normal bandwidth,8,162.756,1300,826.382665548219
e,ADRC,Square,normal bandwidth,8,162.954,1300,827.358722314978
e,ADRC,Square,normal bandwidth,8,163.152,1300,828.331662060139
e,ADRC,Square,normal bandwidth,8,163.35,1300,829.30396128977
e,ADRC,Square,normal bandwidth,8,163.548,1300,830.275898204702
e,ADRC,Square,normal bandwidth,8,163.746,1300,831.244934299598
e,ADRC,Square,normal bandwidth,8,163.944,1300,832.210982920303
e,ADRC,Square,normal bandwidth,8,164.142,1300,833.173947792857
e,ADRC,Square,normal bandwidth,8,164.34,1300,834.136275924945
e,ADRC,Square,normal bandwidth,8,164.538,1300,835.09824216176
e,ADRC,Square,normal bandwidth,8,164.736,1300,836.057338140138
e,ADRC,Square,normal bandwidth,8,164.934,1300,837.013478178133
e,ADRC,Square,normal bandwidth,8,165.132,1300,837.966567081486
e,ADRC,Square,normal bandwidth,8,165.33,1300,838.919022458344
e,ADRC,Square,normal bandwidth,8,165.528,1300,839.871115769216
e,ADRC,Square,normal bandwidth,8,165.726,1300,840.820368600944
e,ADRC,Square,normal bandwidth,8,165.924,1300,841.766696184232
e,ADRC,Square,normal bandwidth,8,166.122,1300,842.71000433862
e,ADRC,Square,normal bandwidth,8,166.32,1300,843.652681335855
e,ADRC,Square,normal bandwidth,8,166.518,1300,844.594995192048
e,ADRC,Square,normal bandwidth,8,166.716,1300,845.534497228178
e,ADRC,Square,normal bandwidth,8,166.914,1300,846.471103492079
e,ADRC,Square,normal bandwidth,8,167.112,1300,847.404720711419
e,ADRC,Square,normal bandwidth,8,167.31,1300,848.33770783111
e,ADRC,Square,normal bandwidth,8,167.508,1300,849.270329313052
e,ADRC,Square,normal bandwidth,8,167.706,1300,850.200165951675
e,ADRC,Square,normal bandwidth,8,167.904,1300,851.127134456752
e,ADRC,Square,normal bandwidth,8,168.102,1300,852.051142292434
e,ADRC,Square,normal bandwidth,8,168.3,1300,852.974519003394
e,ADRC,Square,normal bandwidth,8,168.498,1300,853.897525305309
e,ADRC,Square,normal bandwidth,8,168.696,1300,854.817771125499
e,ADRC,Square,normal bandwidth,8,168.894,1300,855.735173581628
e,ADRC,Square,normal bandwidth,8,169.092,1300,856.649640593379
e,ADRC,Square,normal bandwidth,8,169.29,1300,857.563513542229
e,ADRC,Square,normal bandwidth,8,169.488,1300,858.477055455819
e,ADRC,Square,normal bandwidth,8,169.686,1300,859.387866349791
e,ADRC,Square,normal bandwidth,8,169.884,1300,860.295864311533
e,ADRC,Square,normal bandwidth,8,170.082,1300,861.200958337448
e,ADRC,Square,normal bandwidth,8,170.28,1300,862.10546267173
e,ADRC,Square,normal bandwidth,8,170.478,1300,863.00963730231
e,ADRC,Square,normal bandwidth,8,170.676,1300,863.911110081462
e,ADRC,Square,normal bandwidth,8,170.874,1300,864.80980005722
e,ADRC,Square,normal bandwidth,8,171.072,1300,865.705617292616
e,ADRC,Square,normal bandwidth,8,171.27,1300,866.600849045567
e,ADRC,Square,normal bandwidth,8,171.468,1300,867.495752276853
e,ADRC,Square,normal bandwidth,8,171.666,1300,868.387982510646
e,ADRC,Square,normal bandwidth,8,171.864,1300,869.277459744164
e,ADRC,Square,normal bandwidth,8,172.062,1300,870.164095094353
e,ADRC,Square,normal bandwidth,8,172.26,1300,871.050148973466
e,ADRC,Square,normal bandwidth,8,172.458,1300,871.935875323333
e,ADRC,Square,normal bandwidth,8,172.656,1300,872.818957178697
e,ADRC,Square,normal bandwidth,8,172.854,1300,873.699315470397
e,ADRC,Square,normal bandwidth,8,173.052,1300,874.576862352041
e,ADRC,Square,normal bandwidth,8,173.25,1300,875.453831518147
e,ADRC,Square,normal bandwidth,8,173.448,1300,876.330473893068
e,ADRC,Square,normal bandwidth,8,173.646,1300,877.204499861793
e,ADRC,Square,normal bandwidth,8,173.844,1300,878.075831266262
e,ADRC,Square,normal bandwidth,8,174.042,1300,878.944381271793
e,ADRC,Square,normal bandwidth,8,174.24,1300,879.812356966723
e,ADRC,Square,normal bandwidth,8,174.438,1300,880.68000624877
e,ADRC,Square,normal bandwidth,8,174.636,1300,881.545066689776
e,ADRC,Square,normal bandwidth,8,174.834,1300,882.40746100857
e,ADRC,Square,normal bandwidth,8,175.032,1300,883.267103344312
e,ADRC,Square,normal bandwidth,8,175.23,1300,884.126174268306
e,ADRC,Square,normal bandwidth,8,175.428,1300,884.984918625441
e,ADRC,Square,normal bandwidth,8,175.626,1300,885.841101001087
e,ADRC,Square,normal bandwidth,8,175.824,1300,886.694644937243
e,ADRC,Square,normal bandwidth,8,176.022,1300,887.545465487466
e,ADRC,Square,normal bandwidth,8,176.22,1300,888.395716762979
e,ADRC,Square,normal bandwidth,8,176.418,1300,889.245640501981
e,ADRC,Square,normal bandwidth,8,176.616,1300,890.093028108669
e,ADRC,Square,normal bandwidth,8,176.814,1300,890.937803862051
e,ADRC,Square,normal bandwidth,8,177.012,1300,891.779883634776
e,ADRC,Square,normal bandwidth,8,177.21,1300,892.62139508661
e,ADRC,Square,normal bandwidth,8,177.408,1300,893.462576750019
e,ADRC,Square,normal bandwidth,8,177.606,1300,894.301246612895
e,ADRC,Square,normal bandwidth,8,177.804,1300,895.137329551287
e,ADRC,Square,normal bandwidth,8,178.002,1300,895.970742102113
e,ADRC,Square,normal bandwidth,8,178.2,1300,896.803585407483
e,ADRC,Square,normal bandwidth,8,178.398,1300,897.636094620937
e,ADRC,Square,normal bandwidth,8,178.596,1300,898.466114006895
e,ADRC,Square,normal bandwidth,8,178.794,1300,899.293568809304
e,ADRC,Square,normal bandwidth,8,178.992,1300,900.118375975954
e,ADRC,Square,normal bandwidth,8,179.19,1300,900.942647325202
e,ADRC,Square,normal bandwidth,8,179.388,1300,901.766620095879
e,ADRC,Square,normal bandwidth,8,179.586,1300,902.588129612522
e,ADRC,Square,normal bandwidth,8,179.784,1300,903.407101993729
e,ADRC,Square,normal bandwidth,8,179.982,1300,904.22345515844
e,ADRC,Square,normal bandwidth,8,180.18,1300,905.039276448432
e,ADRC,Square,normal bandwidth,8,180.378,1300,905.854800360856
e,ADRC,Square,normal bandwidth,8,180.576,1300,906.667887327613
e,ADRC,Square,normal bandwidth,8,180.774,1300,907.478464333758
e,ADRC,Square,normal bandwidth,8,180.972,1300,908.28645026028
e,ADRC,Square,normal bandwidth,8,181.17,1300,909.093908108576
e,ADRC,Square,normal bandwidth,8,181.368,1300,909.901069645447
e,ADRC,Square,normal bandwidth,8,181.566,1300,910.705820261573
e,ADRC,Square,normal bandwidth,8,181.764,1300,911.508087798128
e,ADRC,Square,normal bandwidth,8,181.962,1300,912.307792086684
e,ADRC,Square,normal bandwidth,8,182.16,1300,913.106971915086
e,ADRC,Square,normal bandwidth,8,182.358,1300,913.90585632718
e,ADRC,Square,normal bandwidth,8,182.556,1300,914.702355526913
e,ADRC,Square,normal bandwidth,8,182.754,1300,915.496398197544
e,ADRC,Square,normal bandwidth,8,182.952,1300,916.287905105666
e,ADRC,Square,normal bandwidth,8,183.15,1300,917.078890940956
e,ADRC,Square,normal bandwidth,8,183.348,1300,917.869582025634
e,ADRC,Square,normal bandwidth,8,183.546,1300,918.657913232314
e,ADRC,Square,normal bandwidth,8,183.744,1300,919.443814066021
e,ADRC,Square,normal bandwidth,8,183.942,1300,920.22720620587
e,ADRC,Square,normal bandwidth,8,184.14,1300,921.010080343982
e,ADRC,Square,normal bandwidth,8,184.338,1300,921.792660072691
e,ADRC,Square,normal bandwidth,8,184.536,1300,922.572904785906
e,ADRC,Square,normal bandwidth,8,184.734,1300,923.350744779563
e,ADRC,Square,normal bandwidth,8,184.932,1300,924.126102611134
e,ADRC,Square,normal bandwidth,8,185.13,1300,924.900945055603
e,ADRC,Square,normal bandwidth,8,185.328,1300,925.675492951791
e,ADRC,Square,normal bandwidth,8,185.526,1300,926.447730058563
e,ADRC,Square,normal bandwidth,8,185.724,1300,927.217587414318
e,ADRC,Square,normal bandwidth,8,185.922,1300,927.984988401274
e,ADRC,Square,normal bandwidth,8,186.12,1300,928.751875928637
e,ADRC,Square,normal bandwidth,8,186.318,1300,929.518468033138
e,ADRC,Square,normal bandwidth,8,186.516,1300,930.282772662988
e,ADRC,Square,normal bandwidth,8,186.714,1300,931.044721521338
e,ADRC,Square,normal bandwidth,8,186.912,1300,931.804238729186
e,ADRC,Square,normal bandwidth,8,187.11,1300,932.563243337742
e,ADRC,Square,normal bandwidth,8,187.308,1300,933.321950492312
e,ADRC,Square,normal bandwidth,8,187.506,1300,934.078392118379
e,ADRC,Square,normal bandwidth,8,187.704,1300,934.832500457595
e,ADRC,Square,normal bandwidth,8,187.902,1300,935.584200230102
e,ADRC,Square,normal bandwidth,8,188.1,1300,936.335386569399
e,ADRC,Square,normal bandwidth,8,188.298,1300,937.086271573161
e,ADRC,Square,normal bandwidth,8,188.496,1300,937.834910867088
e,ADRC,Square,normal bandwidth,8,188.694,1300,938.581237024659
e,ADRC,Square,normal bandwidth,8,188.892,1300,939.325175136603
e,ADRC,Square,normal bandwidth,8,189.09,1300,940.068629965906
e,ADRC,Square,normal bandwidth,8,189.288,1300,940.811815491075
e,ADRC,Square,normal bandwidth,8,189.486,1300,941.55277927445
e,ADRC,Square,normal bandwidth,8,189.684,1300,942.291454678404
e,ADRC,Square,normal bandwidth,8,189.882,1300,943.027767669598
e,ADRC,Square,normal bandwidth,8,190.08,1300,943.76360093427
e,ADRC,Square,normal bandwidth,8,190.278,1300,944.499165978058
e,ADRC,Square,normal bandwidth,8,190.476,1300,945.232533008988
e,ADRC,Square,normal bandwidth,8,190.674,1300,945.963636170937
e,ADRC,Square,normal bandwidth,8,190.872,1300,946.692402298293
e,ADRC,Square,normal bandwidth,8,191.07,1300,947.420692123387
e,ADRC,Square,normal bandwidth,8,191.268,1300,948.14871468921
e,ADRC,Square,normal bandwidth,8,191.466,1300,948.874562715456
e,ADRC,Square,normal bandwidth,8,191.664,1300,949.598171118184
e,ADRC,Square,normal bandwidth,8,191.862,1300,950.319467589163
e,ADRC,Square,normal bandwidth,8,192.06,1300,951.040291021215
e,ADRC,Square,normal bandwidth,8,192.258,1300,951.760848001349
e,ADRC,Square,normal bandwidth,8,192.456,1300,952.479253629687
e,ADRC,Square,normal bandwidth,8,192.654,1300,953.195443581807
e,ADRC,Square,normal bandwidth,8,192.852,1300,953.909346392824
e,ADRC,Square,normal bandwidth,8,193.05,1300,954.622779220125
e,ADRC,Square,normal bandwidth,8,193.248,1300,955.335946195936
e,ADRC,Square,normal bandwidth,8,193.446,1300,956.046984670378
e,ADRC,Square,normal bandwidth,8,193.644,1300,956.75583106023
e,ADRC,Square,normal bandwidth,8,193.842,1300,957.462414723655
e,ADRC,Square,normal bandwidth,8,194.04,1300,958.168531173349
e,ADRC,Square,normal bandwidth,8,194.238,1300,958.87438207931
e,ADRC,Square,normal bandwidth,8,194.436,1300,959.578126908735
e,ADRC,Square,normal bandwidth,8,194.634,1300,960.27970279177
e,ADRC,Square,normal bandwidth,8,194.832,1300,960.979039878817
e,ADRC,Square,normal bandwidth,8,195.03,1300,961.677912110412
e,ADRC,Square,normal bandwidth,8,195.228,1300,962.376518673011
e,ADRC,Square,normal bandwidth,8,195.426,1300,963.073041009883
e,ADRC,Square,normal bandwidth,8,195.624,1300,963.767416920841
e,ADRC,Square,normal bandwidth,8,195.822,1300,964.459577300168
e,ADRC,Square,normal bandwidth,8,196.02,1300,965.151274562568
e,ADRC,Square,normal bandwidth,8,196.218,1300,965.84270536714
e,ADRC,Square,normal bandwidth,8,196.416,1300,966.532072974831
e,ADRC,Square,normal bandwidth,8,196.614,1300,967.219315785027
e,ADRC,Square,normal bandwidth,8,196.812,1300,967.90436535836
e,ADRC,Square,normal bandwidth,8,197.01,1300,968.588952590718
e,ADRC,Square,normal bandwidth,8,197.208,1300,969.273271533269
e,ADRC,Square,normal bandwidth,8,197.406,1300,969.955547073354
e,ADRC,Square,normal bandwidth,8,197.604,1300,970.635718096061
e,ADRC,Square,normal bandwidth,8,197.802,1300,971.313716702425
e,ADRC,Square,normal bandwidth,8,198,1300,971.991252215659
e,ADRC,Square,normal bandwidth,8,198.198,1300,972.668515938106
e,ADRC,Square,normal bandwidth,8,198.396,1300,973.343754133615
e,ADRC,Square,normal bandwidth,8,198.594,1300,974.016905986566
e,ADRC,Square,normal bandwidth,8,198.792,1300,974.687903932244
e,ADRC,Square,normal bandwidth,8,198.99,1300,975.358465979219
e,ADRC,Square,normal bandwidth,8,199.188,1300,976.028785126255
e,ADRC,Square,normal bandwidth,8,199.386,1300,976.697100364425
e,ADRC,Square,normal bandwidth,8,199.584,1300,977.363351589652
e,ADRC,Square,normal bandwidth,8,199.782,1300,978.027472027273
e,ADRC,Square,normal bandwidth,8,199.98,1300,978.691159773645
e,ADRC,Square,normal bandwidth,8,200.178,1300,979.354605597122
e,ADRC,Square,normal bandwidth,8,200.376,1300,980.01606891414
e,ADRC,Square,normal bandwidth,8,200.574,1300,980.675490325505
e,ADRC,Square,normal bandwidth,8,200.772,1300,981.332803839204
e,ADRC,Square,normal bandwidth,8,200.97,1300,981.989687750177
e,ADRC,Square,normal bandwidth,8,201.168,1300,982.646330605587
e,ADRC,Square,normal bandwidth,8,201.366,1300,983.301012126357
e,ADRC,Square,normal bandwidth,8,201.564,1300,983.953673609767
e,ADRC,Square,normal bandwidth,8,201.762,1300,984.604249837118
e,ADRC,Square,normal bandwidth,8,201.96,1300,985.254399405123
e,ADRC,Square,normal bandwidth,8,202.158,1300,985.90430864576
e,ADRC,Square,normal bandwidth,8,202.356,1300,986.552277466069
e,ADRC,Square,normal bandwidth,8,202.554,1300,987.19824784838
e,ADRC,Square,normal bandwidth,8,202.752,1300,987.842155334657
e,ADRC,Square,normal bandwidth,8,202.95,1300,988.485638917246
e,ADRC,Square,normal bandwidth,8,203.148,1300,989.128882714023
e,ADRC,Square,normal bandwidth,8,203.346,1300,989.770206700506
e,ADRC,Square,normal bandwidth,8,203.544,1300,990.409553527555
e,ADRC,Square,normal bandwidth,8,203.742,1300,991.046859479482
e,ADRC,Square,normal bandwidth,8,203.94,1300,991.683744026123
e,ADRC,Square,normal bandwidth,8,204.138,1300,992.320389064535
e,ADRC,Square,normal bandwidth,8,204.336,1300,992.95513451882
e,ADRC,Square,normal bandwidth,8,204.534,1300,993.587923683262
e,ADRC,Square,normal bandwidth,8,204.732,1300,994.218693556739
e,ADRC,Square,normal bandwidth,8,204.93,1300,994.849044151988
e,ADRC,Square,normal bandwidth,8,205.128,1300,995.479155126026
e,ADRC,Square,normal bandwidth,8,205.326,1300,996.107386224362
e,ADRC,Square,normal bandwidth,8,205.524,1300,996.733681345288
e,ADRC,Square,normal bandwidth,8,205.722,1300,997.357978158627
e,ADRC,Square,normal bandwidth,8,205.92,1300,997.981857261809
e,ADRC,Square,normal bandwidth,8,206.118,1300,998.60549603229
e,ADRC,Square,normal bandwidth,8,206.316,1300,999.22727389412
e,ADRC,Square,normal bandwidth,8,206.514,1300,999.847135286378
e,ADRC,Square,normal bandwidth,8,206.712,1300,1000.4650184799
e,ADRC,Square,normal bandwidth,8,206.91,1300,1001.08248466315
e,ADRC,Square,normal bandwidth,8,207.108,1300,1001.69970886133
e,ADRC,Square,normal bandwidth,8,207.306,1300,1002.31509000451
e,ADRC,Square,normal bandwidth,8,207.504,700,1002.92857296985
e,ADRC,Square,normal bandwidth,8,207.702,700,993.465962590205
e,ADRC,Square,normal bandwidth,8,207.9,700,988.979708766241
e,ADRC,Square,normal bandwidth,8,208.098,700,986.99035933839
e,ADRC,Square,normal bandwidth,8,208.296,700,985.883188827471
e,ADRC,Square,normal bandwidth,8,208.494,700,985.081187196833
e,ADRC,Square,normal bandwidth,8,208.692,700,984.384649325025
e,ADRC,Square,normal bandwidth,8,208.89,700,983.722718803911
e,ADRC,Square,normal bandwidth,8,209.088,700,983.071255032022
e,ADRC,Square,normal bandwidth,8,209.286,700,982.423591261642
e,ADRC,Square,normal bandwidth,8,209.484,700,981.776887569353
e,ADRC,Square,normal bandwidth,8,209.682,700,981.237853456093
e,ADRC,Square,normal bandwidth,8,209.88,700,980.763317543517
e,ADRC,Square,normal bandwidth,8,210.078,700,980.27140658505
e,ADRC,Square,normal bandwidth,8,210.276,700,979.747065275598
e,ADRC,Square,normal bandwidth,8,210.474,700,979.198000922268
e,ADRC,Square,normal bandwidth,8,210.672,700,978.63658462364
e,ADRC,Square,normal bandwidth,8,210.87,700,978.068973944031
e,ADRC,Square,normal bandwidth,8,211.068,700,977.498794506746
e,ADRC,Square,normal bandwidth,8,211.266,700,976.929271390745
e,ADRC,Square,normal bandwidth,8,211.464,700,976.361202027238
e,ADRC,Square,normal bandwidth,8,211.662,700,975.794953076301
e,ADRC,Square,normal bandwidth,8,211.86,700,975.226461732572
e,ADRC,Square,normal bandwidth,8,212.058,700,974.65641138453
e,ADRC,Square,normal bandwidth,8,212.256,700,974.087754570807
e,ADRC,Square,normal bandwidth,8,212.454,700,973.521297131408
e,ADRC,Square,normal bandwidth,8,212.652,700,972.957237017553
e,ADRC,Square,normal bandwidth,8,212.85,700,972.393986083429
e,ADRC,Square,normal bandwidth,8,213.048,700,971.831204668583
e,ADRC,Square,normal bandwidth,8,213.246,700,971.270236210596
e,ADRC,Square,normal bandwidth,8,213.444,700,970.711057448746
e,ADRC,Square,normal bandwidth,8,213.642,700,970.153685957598
e,ADRC,Square,normal bandwidth,8,213.84,700,969.596692591461
e,ADRC,Square,normal bandwidth,8,214.038,700,969.039963985363
e,ADRC,Square,normal bandwidth,8,214.236,700,968.484947059173
e,ADRC,Square,normal bandwidth,8,214.434,700,967.931664515878
e,ADRC,Square,normal bandwidth,8,214.632,700,967.380148808094
e,ADRC,Square,normal bandwidth,8,214.83,700,966.828990493804
e,ADRC,Square,normal bandwidth,8,215.028,700,966.278031264465
e,ADRC,Square,normal bandwidth,8,215.226,700,965.728707910724
e,ADRC,Square,normal bandwidth,8,215.424,700,965.181072525677
e,ADRC,Square,normal bandwidth,8,215.622,700,964.635181900035
e,ADRC,Square,normal bandwidth,8,215.82,700,964.089655386916
e,ADRC,Square,normal bandwidth,8,216.018,700,963.544338446893
e,ADRC,Square,normal bandwidth,8,216.216,700,963.000647459121
e,ADRC,Square,normal bandwidth,8,216.414,700,962.458630899717
e,ADRC,Square,normal bandwidth,8,216.612,700,961.918343191571
e,ADRC,Square,normal bandwidth,8,216.81,700,961.37841976072
e,ADRC,Square,normal bandwidth,8,217.008,700,960.838707942925
e,ADRC,Square,normal bandwidth,8,217.206,700,960.300607900113
e,ADRC,Square,normal bandwidth,8,217.404,700,959.764167845108
e,ADRC,Square,normal bandwidth,8,217.602,700,959.22944128271
e,ADRC,Square,normal bandwidth,8,217.8,700,958.695080043133
e,ADRC,Square,normal bandwidth,8,217.998,700,958.160933206078
e,ADRC,Square,normal bandwidth,8,218.196,700,957.628383894388
e,ADRC,Square,normal bandwidth,8,218.394,700,957.097480078221
e,ADRC,Square,normal bandwidth,8,218.592,700,956.568275048708
e,ADRC,Square,normal bandwidth,8,218.79,700,956.039413834267
e,ADRC,Square,normal bandwidth,8,218.988,700,955.510744207923
e,ADRC,Square,normal bandwidth,8,219.186,700,954.983655037405
e,ADRC,Square,normal bandwidth,8,219.384,700,954.458193719194
e,ADRC,Square,normal bandwidth,8,219.582,700,953.934412914773
e,ADRC,Square,normal bandwidth,8,219.78,700,953.410973363446
e,ADRC,Square,normal bandwidth,8,219.978,700,952.88772461019
e,ADRC,Square,normal bandwidth,8,220.176,700,952.366039425501
e,ADRC,Square,normal bandwidth,8,220.374,700,951.845964657149
e,ADRC,Square,normal bandwidth,8,220.572,700,951.32755235201
e,ADRC,Square,normal bandwidth,8,220.77,700,950.80947886653
e,ADRC,Square,normal bandwidth,8,220.968,700,950.291595496758
e,ADRC,Square,normal bandwidth,8,221.166,700,949.775258998614
e,ADRC,Square,normal bandwidth,8,221.364,700,949.260515670238
e,ADRC,Square,normal bandwidth,8,221.562,700,948.747416948747
e,ADRC,Square,normal bandwidth,8,221.76,700,948.23465472644
e,ADRC,Square,normal bandwidth,8,221.958,700,947.722082046412
e,ADRC,Square,normal bandwidth,8,222.156,700,947.211039743893
e,ADRC,Square,normal bandwidth,8,222.354,700,946.701573576443
e,ADRC,Square,normal bandwidth,8,222.552,700,946.19373438104
e,ADRC,Square,normal bandwidth,8,222.75,700,945.686229511492
e,ADRC,Square,normal bandwidth,8,222.948,700,945.178913757075
e,ADRC,Square,normal bandwidth,8,223.146,700,944.67311212534
e,ADRC,Square,normal bandwidth,8,223.344,700,944.168869846602
e,ADRC,Square,normal bandwidth,8,223.542,700,943.666237172362
e,ADRC,Square,normal bandwidth,8,223.74,700,943.163936853517
e,ADRC,Square,normal bandwidth,8,223.938,700,942.661825430856
e,ADRC,Square,normal bandwidth,8,224.136,700,942.161212178809
e,ADRC,Square,normal bandwidth,8,224.334,700,941.662141820238
e,ADRC,Square,normal bandwidth,8,224.532,700,941.164664043086
e,ADRC,Square,normal bandwidth,8,224.73,700,940.667516943744
e,ADRC,Square,normal bandwidth,8,224.928,700,940.170558829691
e,ADRC,Square,normal bandwidth,8,225.126,700,939.675083342542
e,ADRC,Square,normal bandwidth,8,225.324,700,939.18113472879
e,ADRC,Square,normal bandwidth,8,225.522,700,938.688762147212
e,ADRC,Square,normal bandwidth,8,225.72,700,938.196719006735
e,ADRC,Square,normal bandwidth,8,225.918,700,937.704865412687
e,ADRC,Square,normal bandwidth,8,226.116,700,937.214479486545
e,ADRC,Square,normal bandwidth,8,226.314,700,936.725605048288
e,ADRC,Square,normal bandwidth,8,226.512,700,936.238290782685
e,ADRC,Square,normal bandwidth,8,226.71,700,935.751305406205
e,ADRC,Square,normal bandwidth,8,226.908,700,935.264510879344
e,ADRC,Square,normal bandwidth,8,227.106,700,934.779169939508
e,ADRC,Square,normal bandwidth,8,227.304,700,934.29532606117
e,ADRC,Square,normal bandwidth,8,227.502,700,933.81302754468
e,ADRC,Square,normal bandwidth,8,227.7,700,933.331058452364
e,ADRC,Square,normal bandwidth,8,227.898,700,932.849282700111
e,ADRC,Square,normal bandwidth,8,228.096,700,932.368947819016
e,ADRC,Square,normal bandwidth,8,228.294,700,931.890097070648
e,ADRC,Square,normal bandwidth,8,228.492,700,931.412778517586
e,ADRC,Square,normal bandwidth,8,228.69,700,930.935770043773
e,ADRC,Square,normal bandwidth,8,228.888,700,930.458934358337
e,ADRC,Square,normal bandwidth,8,229.086,700,929.983524165912
e,ADRC,Square,normal bandwidth,8,229.284,700,929.509582221901
e,ADRC,Square,normal bandwidth,8,229.482,700,929.037156026879
e,ADRC,Square,normal bandwidth,8,229.68,700,928.565037629463
e,ADRC,Square,normal bandwidth,8,229.878,700,928.0930913254
e,ADRC,Square,normal bandwidth,8,230.076,700,927.62255528961
e,ADRC,Square,normal bandwidth,8,230.274,700,927.153471776079
e,ADRC,Square,normal bandwidth,8,230.472,700,926.685887728636
e,ADRC,Square,normal bandwidth,8,230.67,700,926.218609281757
e,ADRC,Square,normal bandwidth,8,230.868,700,925.751502311249
e,ADRC,Square,normal bandwidth,8,231.066,700,925.285790548309
e,ADRC,Square,normal bandwidth,8,231.264,700,924.821515751484
e,ADRC,Square,normal bandwidth,8,231.462,700,924.358724314496
e,ADRC,Square,normal bandwidth,8,231.66,700,923.896236384282
e,ADRC,Square,normal bandwidth,8,231.858,700,923.433919412434
e,ADRC,Square,normal bandwidth,8,232.056,700,922.972982770629
e,ADRC,Square,normal bandwidth,8,232.254,700,922.513467730097
e,ADRC,Square,normal bandwidth,8,232.452,700,922.055420143461
e,ADRC,Square,normal bandwidth,8,232.65,700,921.597674103344
e,ADRC,Square,normal bandwidth,8,232.848,700,921.140098636353
e,ADRC,Square,normal bandwidth,8,233.046,700,920.683888838329
e,ADRC,Square,normal bandwidth,8,233.244,700,920.22908550494
e,ADRC,Square,normal bandwidth,8,233.442,700,919.775733960734
e,ADRC,Square,normal bandwidth,8,233.64,700,919.322682185794
e,ADRC,Square,normal bandwidth,8,233.838,700,918.869800786521
e,ADRC,Square,normal bandwidth,8,234.036,700,918.418270668204
e,ADRC,Square,normal bandwidth,8,234.234,700,917.968132168809
e,ADRC,Square,normal bandwidth,8,234.432,700,917.519430104574
e,ADRC,Square,normal bandwidth,8,234.63,700,917.071026296509
e,ADRC,Square,normal bandwidth,8,234.828,700,916.62279294448
e,ADRC,Square,normal bandwidth,8,235.026,700,916.175896853697
e,ADRC,Square,normal bandwidth,8,235.224,700,915.730377932461
e,ADRC,Square,normal bandwidth,8,235.422,700,915.286280519729
e,ADRC,Square,normal bandwidth,8,235.62,700,914.84248024771
e,ADRC,Square,normal bandwidth,8,235.818,700,914.398850937849
e,ADRC,Square,normal bandwidth,8,236.016,700,913.956545396907
e,ADRC,Square,normal bandwidth,8,236.214,700,913.515603148488
e,ADRC,Square,normal bandwidth,8,236.412,700,913.076068104015
e,ADRC,Square,normal bandwidth,8,236.61,700,912.636829702396
e,ADRC,Square,normal bandwidth,8,236.808,700,912.197763438352
e,ADRC,Square,normal bandwidth,8,237.006,700,911.76000824292
e,ADRC,Square,normal bandwidth,8,237.204,700,911.323603328075
e,ADRC,Square,normal bandwidth,8,237.402,700,910.888592258509
e,ADRC,Square,normal bandwidth,8,237.6,700,910.453878314388
e,ADRC,Square,normal bandwidth,8,237.798,700,910.019338754108
e,ADRC,Square,normal bandwidth,8,237.996,700,909.586098793313
e,ADRC,Square,normal bandwidth,8,238.194,700,909.154197451947
e,ADRC,Square,normal bandwidth,8,238.392,700,908.723678080246
e,ADRC,Square,normal bandwidth,8,238.59,700,908.293438385759
e,ADRC,Square,normal bandwidth,8,238.788,700,907.863354538439
e,ADRC,Square,normal bandwidth,8,238.986,700,907.434556420221
e,ADRC,Square,normal bandwidth,8,239.184,700,907.007082594514
e,ADRC,Square,normal bandwidth,8,239.382,700,906.58097590465
e,ADRC,Square,normal bandwidth,8,239.58,700,906.155146834062
e,ADRC,Square,normal bandwidth,8,239.778,700,905.729472983761
e,ADRC,Square,normal bandwidth,8,239.976,700,905.30507113055
e,ADRC,Square,normal bandwidth,8,240.174,700,904.881979385581
e,ADRC,Square,normal bandwidth,8,240.372,700,904.460240090027
e,ADRC,Square,normal bandwidth,8,240.57,700,904.038776432121
e,ADRC,Square,normal bandwidth,8,240.768,700,903.617467438012
e,ADRC,Square,normal bandwidth,8,240.966,700,903.197416856931
e,ADRC,Square,normal bandwidth,8,241.164,700,902.778662353165
e,ADRC,Square,normal bandwidth,8,241.362,700,902.361245771717
e,ADRC,Square,normal bandwidth,8,241.56,700,901.944102939415
e,ADRC,Square,normal bandwidth,8,241.758,700,901.52711430369
e,ADRC,Square,normal bandwidth,8,241.956,700,901.111370662152
e,ADRC,Square,normal bandwidth,8,242.154,700,900.696909239549
e,ADRC,Square,normal bandwidth,8,242.352,700,900.283771392838
e,ADRC,Square,normal bandwidth,8,242.55,700,899.870905527211
e,ADRC,Square,normal bandwidth,8,242.748,700,899.458193510694
e,ADRC,Square,normal bandwidth,8,242.946,700,899.046713264747
e,ADRC,Square,normal bandwidth,8,243.144,700,898.636501585183
e,ADRC,Square,normal bandwidth,8,243.342,700,898.227599352661
e,ADRC,Square,normal bandwidth,8,243.54,700,897.818967498224
e,ADRC,Square,normal bandwidth,8,243.738,700,897.410489314798
e,ADRC,Square,normal bandwidth,8,243.936,700,897.003229924618
e,ADRC,Square,normal bandwidth,8,244.134,700,896.597225710671
e,ADRC,Square,normal bandwidth,8,244.332,700,896.192517095144
e,ADRC,Square,normal bandwidth,8,244.53,700,895.788077492957
e,ADRC,Square,normal bandwidth,8,244.728,700,895.383791634271
e,ADRC,Square,normal bandwidth,8,244.926,700,894.980711923698
e,ADRC,Square,normal bandwidth,8,245.124,700,894.578874356687
e,ADRC,Square,normal bandwidth,8,245.322,700,894.178318924939
e,ADRC,Square,normal bandwidth,8,245.52,700,893.778031500441
e,ADRC,Square,normal bandwidth,8,245.718,700,893.377898275943
e,ADRC,Square,normal bandwidth,8,245.916,700,892.978959030098
e,ADRC,Square,normal bandwidth,8,246.114,700,892.581249411378
e,ADRC,Square,normal bandwidth,8,246.312,700,892.184809025867
e,ADRC,Square,normal bandwidth,8,246.51,700,891.788636198561
e,ADRC,Square,normal bandwidth,8,246.708,700,891.392618631427
e,ADRC,Square,normal bandwidth,8,246.906,700,890.997783587855
e,ADRC,Square,normal bandwidth,8,247.104,700,890.604166435238
e,ADRC,Square,normal bandwidth,8,247.302,700,890.211806466929
e,ADRC,Square,normal bandwidth,8,247.5,700,889.8197144921
e,ADRC,Square,normal bandwidth,8,247.698,700,889.427779803471
e,ADRC,Square,normal bandwidth,8,247.896,700,889.037017293778
e,ADRC,Square,normal bandwidth,8,248.094,700,888.647462157215
e,ADRC,Square,normal bandwidth,8,248.292,700,888.259153493701
e,ADRC,Square,normal bandwidth,8,248.49,700,887.871097086166
e,ADRC,Square,normal bandwidth,8,248.688,700,887.483181245604
e,ADRC,Square,normal bandwidth,8,248.886,700,887.09642507353
e,ADRC,Square,normal bandwidth,8,249.084,700,886.710863352367
e,ADRC,Square,normal bandwidth,8,249.282,700,886.326534724826
e,ADRC,Square,normal bandwidth,8,249.48,700,885.942456497099
e,ADRC,Square,normal bandwidth,8,249.678,700,885.558518270928
e,ADRC,Square,normal bandwidth,8,249.876,700,885.175727327604
e,ADRC,Square,normal bandwidth,8,250.074,700,884.79411804163
e,ADRC,Square,normal bandwidth,8,250.272,700,884.413728602799
e,ADRC,Square,normal bandwidth,8,250.47,700,884.033587776441
e,ADRC,Square,normal bandwidth,8,250.668,700,883.653586449712
e,ADRC,Square,normal bandwidth,8,250.866,700,883.274720153631
e,ADRC,Square,normal bandwidth,8,251.064,700,882.897022859649
e,ADRC,Square,normal bandwidth,8,251.262,700,882.520532310037
e,ADRC,Square,normal bandwidth,8,251.46,700,882.144288669557
e,ADRC,Square,normal bandwidth,8,251.658,700,881.768184107296
e,ADRC,Square,normal bandwidth,8,251.856,700,881.393202472505
e,ADRC,Square,normal bandwidth,8,252.054,700,881.019377340192
e,ADRC,Square,normal bandwidth,8,252.252,700,880.646746012432
e,ADRC,Square,normal bandwidth,8,252.45,700,880.274359999094
e,ADRC,Square,normal bandwidth,8,252.648,700,879.902112750575
e,ADRC,Square,normal bandwidth,8,252.846,700,879.530976502431
e,ADRC,Square,normal bandwidth,8,253.044,700,879.160984442794
e,ADRC,Square,normal bandwidth,8,253.242,700,878.792173444137
e,ADRC,Square,normal bandwidth,8,253.44,700,878.423606314071
e,ADRC,Square,normal bandwidth,8,253.638,700,878.055177788185
e,ADRC,Square,normal bandwidth,8,253.836,700,877.687848557727
e,ADRC,Square,normal bandwidth,8,254.034,700,877.321651438476
e,ADRC,Square,normal bandwidth,8,254.232,700,876.956622889384
e,ADRC,Square,normal bandwidth,8,254.43,700,876.591836977948
e,ADRC,Square,normal bandwidth,8,254.628,700,876.227189736074
e,ADRC,Square,normal bandwidth,8,254.826,700,875.863630384299
e,ADRC,Square,normal bandwidth,8,255.024,700,875.501191388861
e,ADRC,Square,normal bandwidth,8,255.222,700,875.139908820434
e,ADRC,Square,normal bandwidth,8,255.42,700,874.778867982216
e,ADRC,Square,normal bandwidth,8,255.618,700,874.417966225302
e,ADRC,Square,normal bandwidth,8,255.816,700,874.058141382193
e,ADRC,Square,normal bandwidth,8,256.014,700,873.699425606172
e,ADRC,Square,normal bandwidth,8,256.212,700,873.341854620103
e,ADRC,Square,normal bandwidth,8,256.41,700,872.984524959224
e,ADRC,Square,normal bandwidth,8,256.608,700,872.627335335877
e,ADRC,Square,normal bandwidth,8,256.806,700,872.271212294369
e,ADRC,Square,normal bandwidth,8,257.004,700,871.916187734465
e,ADRC,Square,normal bandwidth,8,257.202,700,871.562297096958
e,ADRC,Square,normal bandwidth,8,257.4,700,871.208648177238
e,ADRC,Square,normal bandwidth,8,257.598,700,870.855141122434
e,ADRC,Square,normal bandwidth,8,257.796,700,870.502691319095
e,ADRC,Square,normal bandwidth,8,257.994,700,870.151330510762
e,ADRC,Square,normal bandwidth,8,258.192,700,869.801093963765
e,ADRC,Square,normal bandwidth,8,258.39,700,869.451084940053
e,ADRC,Square,normal bandwidth,8,258.588,700,869.101202701282
e,ADRC,Square,normal bandwidth,8,258.786,700,868.752366430129
e,ADRC,Square,normal bandwidth,8,258.984,700,868.404607498735
e,ADRC,Square,normal bandwidth,8,259.182,700,868.057960761049
e,ADRC,Square,normal bandwidth,8,259.38,700,867.711539872475
e,ADRC,Square,normal bandwidth,8,259.578,700,867.36524525886
e,ADRC,Square,normal bandwidth,8,259.776,700,867.019985441584
e,ADRC,Square,normal bandwidth,8,259.974,700,866.675791424866
e,ADRC,Square,normal bandwidth,8,260.172,700,866.33269765414
e,ADRC,Square,normal bandwidth,8,260.37,700,865.989828120426
e,ADRC,Square,normal bandwidth,8,260.568,700,865.647084408958
e,ADRC,Square,normal bandwidth,8,260.766,700,865.305364442906
e,ADRC,Square,normal bandwidth,8,260.964,700,864.964698862959
e,ADRC,Square,normal bandwidth,8,261.162,700,864.625121710907
e,ADRC,Square,normal bandwidth,8,261.36,700,864.28576725953
e,ADRC,Square,normal bandwidth,8,261.558,700,863.946538250308
e,ADRC,Square,normal bandwidth,8,261.756,700,863.608322069993
e,ADRC,Square,normal bandwidth,8,261.954,700,863.271149001699
e,ADRC,Square,normal bandwidth,8,262.152,700,862.93505269018
e,ADRC,Square,normal bandwidth,8,262.35,700,862.599177640983
e,ADRC,Square,normal bandwidth,8,262.548,700,862.263427751267
e,ADRC,Square,normal bandwidth,8,262.746,700,861.928679932768
e,ADRC,Square,normal bandwidth,8,262.944,700,861.594964119655
e,ADRC,Square,normal bandwidth,8,263.142,700,861.2623135692
e,ADRC,Square,normal bandwidth,8,263.34,700,860.929882976993
e,ADRC,Square,normal bandwidth,8,263.538,700,860.597577399379
e,ADRC,Square,normal bandwidth,8,263.736,700,860.266263335657
e,ADRC,Square,normal bandwidth,8,263.934,700,859.935970384153
e,ADRC,Square,normal bandwidth,8,264.132,700,859.606731429161
e,ADRC,Square,normal bandwidth,8,264.33,700,859.277711322171
e,ADRC,Square,normal bandwidth,8,264.528,700,858.948816288746
e,ADRC,Square,normal bandwidth,8,264.726,700,858.620902482131
e,ADRC,Square,normal bandwidth,8,264.924,700,858.293999185381
e,ADRC,Square,normal bandwidth,8,265.122,700,857.968138932584
e,ADRC,Square,normal bandwidth,8,265.32,700,857.642496709312
e,ADRC,Square,normal bandwidth,8,265.518,700,857.316979930976
e,ADRC,Square,normal bandwidth,8,265.716,700,856.99243447934
e,ADRC,Square,normal bandwidth,8,265.914,700,856.668889355185
e,ADRC,Square,normal bandwidth,8,266.112,700,856.346376778892
e,ADRC,Square,normal bandwidth,8,266.31,700,856.024081866816
e,ADRC,Square,normal bandwidth,8,266.508,700,855.701913262149
e,ADRC,Square,normal bandwidth,8,266.706,700,855.380706665224
e,ADRC,Square,normal bandwidth,8,266.904,700,855.06049084816
e,ADRC,Square,normal bandwidth,8,267.102,700,854.741297776922
e,ADRC,Square,normal bandwidth,8,267.3,700,854.422322724007
e,ADRC,Square,normal bandwidth,8,267.498,700,854.103475626716
e,ADRC,Square,normal bandwidth,8,267.696,700,853.7855821216
e,ADRC,Square,normal bandwidth,8,267.894,700,853.468670839872
e,ADRC,Square,normal bandwidth,8,268.092,700,853.152773590136
e,ADRC,Square,normal bandwidth,8,268.29,700,852.837081555935
e,ADRC,Square,normal bandwidth,8,268.488,700,852.521503875916
e,ADRC,Square,normal bandwidth,8,268.686,700,852.206869610559
e,ADRC,Square,normal bandwidth,8,268.884,700,851.893207056092
e,ADRC,Square,normal bandwidth,8,269.082,700,851.580547649176
e,ADRC,Square,normal bandwidth,8,269.28,700,851.268091947764
e,ADRC,Square,normal bandwidth,8,269.478,700,850.955750140558
e,ADRC,Square,normal bandwidth,8,269.676,700,850.644341672033
e,ADRC,Square,normal bandwidth,8,269.874,700,850.33389450657
e,ADRC,Square,normal bandwidth,8,270.072,1300,888.11628226585
e,ADRC,Square,normal bandwidth,8,270.27,1300,863.225736528136
e,ADRC,Square,normal bandwidth,8,270.468,1300,867.467696981294
e,ADRC,Square,normal bandwidth,8,270.666,1300,869.552146715963
e,ADRC,Square,normal bandwidth,8,270.864,1300,870.888631770955
e,ADRC,Square,normal bandwidth,8,271.062,1300,871.965529474494
e,ADRC,Square,normal bandwidth,8,271.26,1300,872.954527699676
e,ADRC,Square,normal bandwidth,8,271.458,1300,873.91446562426
e,ADRC,Square,normal bandwidth,8,271.656,1300,874.863275243172
e,ADRC,Square,normal bandwidth,8,271.854,1300,875.807975460936
e,ADRC,Square,normal bandwidth,8,272.052,1300,876.75092202719
e,ADRC,Square,normal bandwidth,8,272.25,1300,877.499352587786
e,ADRC,Square,normal bandwidth,8,272.448,1300,878.268167613782
e,ADRC,Square,normal bandwidth,8,272.646,1300,879.046977536331
e,ADRC,Square,normal bandwidth,8,272.844,1300,879.862740275556
e,ADRC,Square,normal bandwidth,8,273.042,1300,880.701891537
e,ADRC,Square,normal bandwidth,8,273.24,1300,881.553749162839
e,ADRC,Square,normal bandwidth,8,273.438,1300,882.41128844974
e,ADRC,Square,normal bandwidth,8,273.636,1300,883.268741063806
e,ADRC,Square,normal bandwidth,8,273.834,1300,884.124452115882
e,ADRC,Square,normal bandwidth,8,274.032,1300,884.977668023438
e,ADRC,Square,normal bandwidth,8,274.23,1300,885.830671458101
e,ADRC,Square,normal bandwidth,8,274.428,1300,886.687008894137
e,ADRC,Square,normal bandwidth,8,274.626,1300,887.541909693488
e,ADRC,Square,normal bandwidth,8,274.824,1300,888.394238227121
e,ADRC,Square,normal bandwidth,8,275.022,1300,889.243217576352
e,ADRC,Square,normal bandwidth,8,275.22,1300,890.090977122736
e,ADRC,Square,normal bandwidth,8,275.418,1300,890.937963105455
e,ADRC,Square,normal bandwidth,8,275.616,1300,891.78216941609
e,ADRC,Square,normal bandwidth,8,275.814,1300,892.623648457174
e,ADRC,Square,normal bandwidth,8,276.012,1300,893.462387357367
e,ADRC,Square,normal bandwidth,8,276.21,1300,894.300541355024
e,ADRC,Square,normal bandwidth,8,276.408,1300,895.13834470315
e,ADRC,Square,normal bandwidth,8,276.606,1300,895.973576073646
e,ADRC,Square,normal bandwidth,8,276.804,1300,896.806183242938
e,ADRC,Square,normal bandwidth,8,277.002,1300,897.636112789614
e,ADRC,Square,normal bandwidth,8,277.2,1300,898.465479271885
e,ADRC,Square,normal bandwidth,8,277.398,1300,899.294525137268
e,ADRC,Square,normal bandwidth,8,277.596,1300,900.121103068483
e,ADRC,Square,normal bandwidth,8,277.794,1300,900.945135131796
e,ADRC,Square,normal bandwidth,8,277.992,1300,901.766535274284
e,ADRC,Square,normal bandwidth,8,278.19,1300,902.587404249077
e,ADRC,Square,normal bandwidth,8,278.388,1300,903.407976889273
e,ADRC,Square,normal bandwidth,8,278.586,1300,904.226097365586
e,ADRC,Square,normal bandwidth,8,278.784,1300,905.041692727001
e,ADRC,Square,normal bandwidth,8,278.982,1300,905.854681085258
e,ADRC,Square,normal bandwidth,8,279.18,1300,906.66714059636
e,ADRC,Square,normal bandwidth,8,279.378,1300,907.479304202951
e,ADRC,Square,normal bandwidth,8,279.576,1300,908.289040802248
e,ADRC,Square,normal bandwidth,8,279.774,1300,909.096277563437
e,ADRC,Square,normal bandwidth,8,279.972,1300,909.900933717014
e,ADRC,Square,normal bandwidth,8,280.17,1300,910.705063822094
e,ADRC,Square,normal bandwidth,8,280.368,1300,911.508898749854
e,ADRC,Square,normal bandwidth,8,280.566,1300,912.310332649906
e,ADRC,Square,normal bandwidth,8,280.764,1300,913.109293672705
e,ADRC,Square,normal bandwidth,8,280.962,1300,913.905701973297
e,ADRC,Square,normal bandwidth,8,281.16,1300,914.701587936413
e,ADRC,Square,normal bandwidth,8,281.358,1300,915.497179671918
e,ADRC,Square,normal bandwidth,8,281.556,1300,916.290396010946
e,ADRC,Square,normal bandwidth,8,281.754,1300,917.081165941765
e,ADRC,Square,normal bandwidth,8,281.952,1300,917.869410563522
e,ADRC,Square,normal bandwidth,8,282.15,1300,918.657136264058
e,ADRC,Square,normal bandwidth,8,282.348,1300,919.444568432512
e,ADRC,Square,normal bandwidth,8,282.546,1300,920.229650452034
e,ADRC,Square,normal bandwidth,8,282.744,1300,921.012312117112
e,ADRC,Square,normal bandwidth,8,282.942,1300,921.792475429174
e,ADRC,Square,normal bandwidth,8,283.14,1300,922.572122875508
e,ADRC,Square,normal bandwidth,8,283.338,1300,923.351477126921
e,ADRC,Square,normal bandwidth,8,283.536,1300,924.128505987711
e,ADRC,Square,normal bandwidth,8,283.734,1300,924.903140040804
e,ADRC,Square,normal bandwidth,8,283.932,1300,925.675302162562
e,ADRC,Square,normal bandwidth,8,284.13,1300,926.446951021509
e,ADRC,Square,normal bandwidth,8,284.328,1300,927.218306546149
e,ADRC,Square,normal bandwidth,8,284.526,1300,927.98736080544
e,ADRC,Square,normal bandwidth,8,284.724,1300,928.754045122019
e,ADRC,Square,normal bandwidth,8,284.922,1300,929.518283193909
e,ADRC,Square,normal bandwidth,8,285.12,1300,930.282009922448
e,ADRC,Square,normal bandwidth,8,285.318,1300,931.045442445712
e,ADRC,Square,normal bandwidth,8,285.516,1300,931.806596922339
e,ADRC,Square,normal bandwidth,8,285.714,1300,932.565405336973
e,ADRC,Square,normal bandwidth,8,285.912,1300,933.321792123362
e,ADRC,Square,normal bandwidth,8,286.11,1300,934.077668423173
e,ADRC,Square,normal bandwidth,8,286.308,1300,934.833248494979
e,ADRC,Square,normal bandwidth,8,286.506,1300,935.586572375867
e,ADRC,Square,normal bandwidth,8,286.704,1300,936.337572586765
e,ADRC,Square,normal bandwidth,8,286.902,1300,937.08617415809
e,ADRC,Square,normal bandwidth,8,287.1,1300,937.834264412367
e,ADRC,Square,normal bandwidth,8,287.298,1300,938.582054573095
e,ADRC,Square,normal bandwidth,8,287.496,1300,939.327608279891
e,ADRC,Square,normal bandwidth,8,287.694,1300,940.070858384141
e,ADRC,Square,normal bandwidth,8,287.892,1300,940.811730285319
e,ADRC,Square,normal bandwidth,8,288.09,1300,941.552120895751
e,ADRC,Square,normal bandwidth,8,288.288,1300,942.292243312012
e,ADRC,Square,normal bandwidth,8,288.486,1300,943.030153143597
e,ADRC,Square,normal bandwidth,8,288.684,1300,943.765784027531
e,ADRC,Square,normal bandwidth,8,288.882,1300,944.499062235611
e,ADRC,Square,normal bandwidth,8,289.08,1300,945.231862694407
e,ADRC,Square,normal bandwidth,8,289.278,1300,945.964396037816
e,ADRC,Square,normal bandwidth,8,289.476,1300,946.694740427685
e,ADRC,Square,normal bandwidth,8,289.674,1300,947.42283027932
e,ADRC,Square,normal bandwidth,8,289.872,1300,948.148592728668
e,ADRC,Square,normal bandwidth,8,290.07,1300,948.87388083888
e,ADRC,Square,normal bandwidth,8,290.268,1300,949.598902791357
e,ADRC,Square,normal bandwidth,8,290.466,1300,950.321759166824
e,ADRC,Square,normal bandwidth,8,290.664,1300,951.042385149592
e,ADRC,Square,normal bandwidth,8,290.862,1300,951.760708729455
e,ADRC,Square,normal bandwidth,8,291.06,1300,952.478561220064
e,ADRC,Square,normal bandwidth,8,291.258,1300,953.196148356963
e,ADRC,Square,normal bandwidth,8,291.456,1300,953.911593009064
e,ADRC,Square,normal bandwidth,8,291.654,1300,954.624831117065
e,ADRC,Square,normal bandwidth,8,291.852,1300,955.335791510629
e,ADRC,Square,normal bandwidth,8,292.05,1300,956.046283857559
e,ADRC,Square,normal bandwidth,8,292.248,1300,956.75651144873
e,ADRC,Square,normal bandwidth,8,292.446,1300,957.464619311352
e,ADRC,Square,normal bandwidth,8,292.644,1300,958.170544124265
e,ADRC,Square,normal bandwidth,8,292.842,1300,958.874215536792
e,ADRC,Square,normal bandwidth,8,293.04,1300,959.577421661253
e,ADRC,Square,normal bandwidth,8,293.238,1300,960.280363336443
e,ADRC,Square,normal bandwidth,8,293.436,1300,960.98120761549
e,ADRC,Square,normal bandwidth,8,293.634,1300,961.679891887662
e,ADRC,Square,normal bandwidth,8,293.832,1300,962.376346591255
e,ADRC,Square,normal bandwidth,8,294.03,1300,963.072338355341
e,ADRC,Square,normal bandwidth,8,294.228,1300,963.768065545411
e,ADRC,Square,normal bandwidth,8,294.426,1300,964.461717100088
e,ADRC,Square,normal bandwidth,8,294.624,1300,965.153231075544
e,ADRC,Square,normal bandwidth,8,294.822,1300,965.842538650892
e,ADRC,Square,normal bandwidth,8,295.02,1300,966.531385018093
e,ADRC,Square,normal bandwidth,8,295.218,1300,967.219966025697
e,ADRC,Square,normal bandwidth,8,295.416,1300,967.90649234008
e,ADRC,Square,normal bandwidth,8,295.614,1300,968.59090261452
e,ADRC,Square,normal bandwidth,8,295.812,1300,969.273128691728
e,ADRC,Square,normal bandwidth,8,296.01,1300,969.954894333543
e,ADRC,Square,normal bandwidth,8,296.208,1300,970.636392791332
e,ADRC,Square,normal bandwidth,8,296.406,1300,971.315856268731
e,ADRC,Square,normal bandwidth,8,296.604,1300,971.993223902718
e,ADRC,Square,normal bandwidth,8,296.802,1300,972.668428074179
e,ADRC,Square,normal bandwidth,8,297,1300,973.343171061191
e,ADRC,Square,normal bandwidth,8,297.198,1300,974.017643377629
e,ADRC,Square,normal bandwidth,8,297.396,1300,974.690098515526
e,ADRC,Square,normal bandwidth,8,297.594,1300,975.360475909924
e,ADRC,Square,normal bandwidth,8,297.792,1300,976.02870827458
e,ADRC,Square,normal bandwidth,8,297.99,1300,976.696506537128
e,ADRC,Square,normal bandwidth,8,298.188,1300,977.364062900875
e,ADRC,Square,normal bandwidth,8,298.386,1300,978.029623615052
e,ADRC,Square,normal bandwidth,8,298.584,1300,978.69312882331
e,ADRC,Square,normal bandwidth,8,298.782,1300,979.354512026204
e,ADRC,Square,normal bandwidth,8,298.98,1300,980.015464321227
e,ADRC,Square,normal bandwidth,8,299.178,1300,980.676175690462
e,ADRC,Square,normal bandwidth,8,299.376,1300,981.334912724324
e,ADRC,Square,normal bandwidth,8,299.574,1300,981.99161626844
e,ADRC,Square,normal bandwidth,8,299.772,1300,982.646220602787
e,ADRC,Square,normal bandwidth,8,299.97,1300,983.300397105058
e,ADRC,Square,normal bandwidth,8,300.168,1300,983.954333545296
e,ADRC,Square,normal bandwidth,8,300.366,1300,984.606316734721
e,ADRC,Square,normal bandwidth,8,300.564,1300,985.256288212559
e,ADRC,Square,normal bandwidth,8,300.762,1300,985.904183028917
e,ADRC,Square,normal bandwidth,8,300.96,1300,986.551652944446
e,ADRC,Square,normal bandwidth,8,301.158,1300,987.198883523138
e,ADRC,Square,normal bandwidth,8,301.356,1300,987.844181679125
e,ADRC,Square,normal bandwidth,8,301.554,1300,988.487489633866
e,ADRC,Square,normal bandwidth,8,301.752,1300,989.128743194991
e,ADRC,Square,normal bandwidth,8,301.95,1300,989.769574599587
e,ADRC,Square,normal bandwidth,8,302.148,1300,990.410167206673
e,ADRC,Square,normal bandwidth,8,302.346,1300,991.048847916143
e,ADRC,Square,normal bandwidth,8,302.544,1300,991.685559615225
e,ADRC,Square,normal bandwidth,8,302.742,1300,992.320238850845
e,ADRC,Square,normal bandwidth,8,302.94,1300,992.95449841804
e,ADRC,Square,normal bandwidth,8,303.138,1300,993.588519464162
e,ADRC,Square,normal bandwidth,8,303.336,1300,994.220648755472
e,ADRC,Square,normal bandwidth,8,303.534,1300,994.85082981997
e,ADRC,Square,normal bandwidth,8,303.732,1300,995.4789999162
e,ADRC,Square,normal bandwidth,8,303.93,1300,996.106752462296
e,ADRC,Square,normal bandwidth,8,304.128,1300,996.734266374803
e,ADRC,Square,normal bandwidth,8,304.326,1300,997.359908159694
e,ADRC,Square,normal bandwidth,8,304.524,1300,997.983621946486
e,ADRC,Square,normal bandwidth,8,304.722,1300,998.605345661903
e,ADRC,Square,normal bandwidth,8,304.92,1300,999.226653388794
e,ADRC,Square,normal bandwidth,8,305.118,1300,999.847721773539
e,ADRC,Square,normal bandwidth,8,305.316,1300,1000.46693691954
e,ADRC,Square,normal bandwidth,8,305.514,1300,1001.08424349488
e,ADRC,Square,normal bandwidth,8,305.712,1300,1001.69958002483
e,ADRC,Square,normal bandwidth,8,305.91,1300,1002.31450126323
e,ADRC,Square,normal bandwidth,8,306.108,1300,1002.92918151393
e,ADRC,Square,normal bandwidth,8,306.306,1300,1003.54202630596
e,ADRC,Square,normal bandwidth,8,306.504,1300,1004.15298074368
e,ADRC,Square,normal bandwidth,8,306.702,1300,1004.76198383774
e,ADRC,Square,normal bandwidth,8,306.9,1300,1005.37057096464
e,ADRC,Square,normal bandwidth,8,307.098,1300,1005.97891395915
e,ADRC,Square,normal bandwidth,8,307.296,1300,1006.58543755143
e,ADRC,Square,normal bandwidth,8,307.494,1300,1007.19008711468
e,ADRC,Square,normal bandwidth,8,307.692,1300,1007.7928019598
e,ADRC,Square,normal bandwidth,8,307.89,1300,1008.39512526479
e,ADRC,Square,normal bandwidth,8,308.088,1300,1008.9972303882
e,ADRC,Square,normal bandwidth,8,308.286,1300,1009.59753552752
e,ADRC,Square,normal bandwidth,8,308.484,1300,1010.19598669508
e,ADRC,Square,normal bandwidth,8,308.682,1300,1010.79252391145
e,ADRC,Square,normal bandwidth,8,308.88,1300,1011.38867246874
e,ADRC,Square,normal bandwidth,8,309.078,1300,1011.98460372206
e,ADRC,Square,normal bandwidth,8,309.276,1300,1012.57875421572
e,ADRC,Square,normal bandwidth,8,309.474,1300,1013.1710705952
e,ADRC,Square,normal bandwidth,8,309.672,1300,1013.76149358406
e,ADRC,Square,normal bandwidth,8,309.87,1300,1014.35153068807
e,ADRC,Square,normal bandwidth,8,310.068,1300,1014.94135126717
e,ADRC,Square,normal bandwidth,8,310.266,1300,1015.52941010392
e,ADRC,Square,normal bandwidth,8,310.464,1300,1016.11565446938
e,ADRC,Square,normal bandwidth,8,310.662,1300,1016.70002578174
e,ADRC,Square,normal bandwidth,8,310.86,1300,1017.2840138531
e,ADRC,Square,normal bandwidth,8,311.058,1300,1017.86778605365
e,ADRC,Square,normal bandwidth,8,311.256,1300,1018.44981529784
e,ADRC,Square,normal bandwidth,8,311.454,1300,1019.03004947208
e,ADRC,Square,normal bandwidth,8,311.652,1300,1019.60843067781
e,ADRC,Square,normal bandwidth,8,311.85,1300,1020.18643111778
e,ADRC,Square,normal bandwidth,8,312.048,1300,1020.76421617337
e,ADRC,Square,normal bandwidth,8,312.246,1300,1021.3402767853
e,ADRC,Square,normal bandwidth,8,312.444,1300,1021.91456144045
e,ADRC,Square,normal bandwidth,8,312.642,1300,1022.48701290708
e,ADRC,Square,normal bandwidth,8,312.84,1300,1023.0590858521
e,ADRC,Square,normal bandwidth,8,313.038,1300,1023.63094366209
e,ADRC,Square,normal bandwidth,8,313.236,1300,1024.20109519629
e,ADRC,Square,normal bandwidth,8,313.434,1300,1024.76948951955
e,ADRC,Square,normal bandwidth,8,313.632,1300,1025.33607004196
e,ADRC,Square,normal bandwidth,8,313.83,1300,1025.90227395336
e,ADRC,Square,normal bandwidth,8,314.028,1300,1026.46826262825
e,ADRC,Square,normal bandwidth,8,314.226,1300,1027.03256273017
e,ADRC,Square,normal bandwidth,8,314.424,1300,1027.59512386652
e,ADRC,Square,normal bandwidth,8,314.622,1300,1028.15589005006
e,ADRC,Square,normal bandwidth,8,314.82,1300,1028.71628103109
e,ADRC,Square,normal bandwidth,8,315.018,1300,1029.27645613651
e,ADRC,Square,normal bandwidth,8,315.216,1300,1029.83495970587
e,ADRC,Square,normal bandwidth,8,315.414,1300,1030.39174183231
e,ADRC,Square,normal bandwidth,8,315.612,1300,1030.94674706845
e,ADRC,Square,normal bandwidth,8,315.81,1300,1031.50137773073
e,ADRC,Square,normal bandwidth,8,316.008,1300,1032.05579103319
e,ADRC,Square,normal bandwidth,8,316.206,1300,1032.60854883639
e,ADRC,Square,normal bandwidth,8,316.404,1300,1033.15960162697
e,ADRC,Square,normal bandwidth,8,316.602,1300,1033.70889439537
e,ADRC,Square,normal bandwidth,8,316.8,1300,1034.25781198054
e,ADRC,Square,normal bandwidth,8,316.998,1300,1034.80650936951
e,ADRC,Square,normal bandwidth,8,317.196,1300,1035.35356574139
e,ADRC,Square,normal bandwidth,8,317.394,1300,1035.89893182532
e,ADRC,Square,normal bandwidth,8,317.592,1300,1036.44255288252
e,ADRC,Square,normal bandwidth,8,317.79,1300,1036.98582078854
e,ADRC,Square,normal bandwidth,8,317.988,1300,1037.52889190481
e,ADRC,Square,normal bandwidth,8,318.186,1300,1038.07033951825
e,ADRC,Square,normal bandwidth,8,318.384,1300,1038.61011493448
e,ADRC,Square,normal bandwidth,8,318.582,1300,1039.1481640548
e,ADRC,Square,normal bandwidth,8,318.78,1300,1039.68586262252
e,ADRC,Square,normal bandwidth,8,318.978,1300,1040.22336519205
e,ADRC,Square,normal bandwidth,8,319.176,1300,1040.75926159831
e,ADRC,Square,normal bandwidth,8,319.374,1300,1041.29350371797
e,ADRC,Square,normal bandwidth,8,319.572,1300,1041.82603808641
e,ADRC,Square,normal bandwidth,8,319.77,1300,1042.35822440448
e,ADRC,Square,normal bandwidth,8,319.968,1300,1042.89021542705
e,ADRC,Square,normal bandwidth,8,320.166,1300,1043.42061743907
e,ADRC,Square,normal bandwidth,8,320.364,1300,1043.94938288148
e,ADRC,Square,normal bandwidth,8,320.562,1300,1044.47645891618
e,ADRC,Square,normal bandwidth,8,320.76,1300,1045.00318928514
e,ADRC,Square,normal bandwidth,8,320.958,1300,1045.52972494855
e,ADRC,Square,normal bandwidth,8,321.156,1300,1046.05468854553
e,ADRC,Square,normal bandwidth,8,321.354,1300,1046.57803307201
e,ADRC,Square,normal bandwidth,8,321.552,1300,1047.09970630616
e,ADRC,Square,normal bandwidth,8,321.75,1300,1047.62103610711
e,ADRC,Square,normal bandwidth,8,321.948,1300,1048.14217164127
e,ADRC,Square,normal bandwidth,8,322.146,1300,1048.66175180658
e,ADRC,Square,normal bandwidth,8,322.344,1300,1049.17973014061
e,ADRC,Square,normal bandwidth,8,322.542,1300,1049.69605502294
e,ADRC,Square,normal bandwidth,8,322.74,1300,1050.21203849619
e,ADRC,Square,normal bandwidth,8,322.938,1300,1050.72782792755
e,ADRC,Square,normal bandwidth,8,323.136,1300,1051.24207837665
e,ADRC,Square,normal bandwidth,8,323.334,1300,1051.75474390234
e,ADRC,Square,normal bandwidth,8,323.532,1300,1052.26577346313
e,ADRC,Square,normal bandwidth,8,323.73,1300,1052.77646333811
e,ADRC,Square,normal bandwidth,8,323.928,1300,1053.28695907967
e,ADRC,Square,normal bandwidth,8,324.126,1300,1053.7959318061
e,ADRC,Square,normal bandwidth,8,324.324,1300,1054.30333606561
e,ADRC,Square,normal bandwidth,8,324.522,1300,1054.80912136027
e,ADRC,Square,normal bandwidth,8,324.72,1300,1055.31456823954
e,ADRC,Square,normal bandwidth,8,324.918,1300,1055.81982040894
e,ADRC,Square,normal bandwidth,8,325.116,1300,1056.32356492972
e,ADRC,Square,normal bandwidth,8,325.314,1300,1056.8257567882
e,ADRC,Square,normal bandwidth,8,325.512,1300,1057.32634597339
e,ADRC,Square,normal bandwidth,8,325.71,1300,1057.82659731019
e,ADRC,Square,normal bandwidth,8,325.908,1300,1058.32665259845
e,ADRC,Square,normal bandwidth,8,326.106,1300,1058.82521470253
e,ADRC,Square,normal bandwidth,8,326.304,1300,1059.3222389637
e,ADRC,Square,normal bandwidth,8,326.502,1300,1059.81767576584
e,ADRC,Square,normal bandwidth,8,326.7,1300,1060.31277416997
e,ADRC,Square,normal bandwidth,8,326.898,1300,1060.80767396726
e,ADRC,Square,normal bandwidth,8,327.096,1300,1061.30109364265
e,ADRC,Square,normal bandwidth,8,327.294,1300,1061.79298875607
e,ADRC,Square,normal bandwidth,8,327.492,1300,1062.28330993569
e,ADRC,Square,normal bandwidth,8,327.69,1300,1062.77331258919
e,ADRC,Square,normal bandwidth,8,327.888,1300,1063.26313774739
e,ADRC,Square,normal bandwidth,8,328.086,1300,1063.75149858075
e,ADRC,Square,normal bandwidth,8,328.284,1300,1064.23835116916
e,ADRC,Square,normal bandwidth,8,328.482,1300,1064.72364671809
e,ADRC,Square,normal bandwidth,8,328.68,1300,1065.20862608471
e,ADRC,Square,normal bandwidth,8,328.878,1300,1065.69342866998
e,ADRC,Square,normal bandwidth,8,329.076,1300,1066.17678256988
e,ADRC,Square,normal bandwidth,8,329.274,1300,1066.6586443794
e,ADRC,Square,normal bandwidth,8,329.472,1300,1067.13896587589
e,ADRC,Square,normal bandwidth,8,329.67,1300,1067.61897344696
e,ADRC,Square,normal bandwidth,8,329.868,1300,1068.09880487047
e,ADRC,Square,normal bandwidth,8,330.066,1300,1068.57720307959
e,ADRC,Square,normal bandwidth,8,330.264,1300,1069.05412517823
e,ADRC,Square,normal bandwidth,8,330.462,1300,1069.52952350885
e,ADRC,Square,normal bandwidth,8,330.66,1300,1070.00461006487
e,ADRC,Square,normal bandwidth,8,330.858,1300,1070.47952100545
e,ADRC,Square,normal bandwidth,8,331.056,1300,1070.95301401444
e,ADRC,Square,normal bandwidth,8,331.254,1300,1071.42504669635
e,ADRC,Square,normal bandwidth,8,331.452,1300,1071.89557194947
e,ADRC,Square,normal bandwidth,8,331.65,1300,1072.36578744165
e,ADRC,Square,normal bandwidth,8,331.848,1300,1072.83582771412
e,ADRC,Square,normal bandwidth,8,332.046,1300,1073.30446511546
e,ADRC,Square,normal bandwidth,8,332.244,1300,1073.77165773869
e,ADRC,Square,normal bandwidth,8,332.442,1300,1074.23735902456
e,ADRC,Square,normal bandwidth,8,332.64,700,1066.31791650064
e,ADRC,Square,normal bandwidth,8,332.838,700,1060.64522631877
e,ADRC,Square,normal bandwidth,8,333.036,700,1057.83268871084
e,ADRC,Square,normal bandwidth,8,333.234,700,1056.34485956173
e,ADRC,Square,normal bandwidth,8,333.432,700,1055.31621797131
e,ADRC,Square,normal bandwidth,8,333.63,700,1054.44474082143
e,ADRC,Square,normal bandwidth,8,333.828,700,1053.62641452724
e,ADRC,Square,normal bandwidth,8,334.026,700,1052.82716237239
e,ADRC,Square,normal bandwidth,8,334.224,700,1052.03445714378
e,ADRC,Square,normal bandwidth,8,334.422,700,1051.24402568118
e,ADRC,Square,normal bandwidth,8,334.62,700,1050.47128104769
e,ADRC,Square,normal bandwidth,8,334.818,700,1049.89443828063
e,ADRC,Square,normal bandwidth,8,335.016,700,1049.27288542863
e,ADRC,Square,normal bandwidth,8,335.214,700,1048.62257852958
e,ADRC,Square,normal bandwidth,8,335.412,700,1047.94176211028
e,ADRC,Square,normal bandwidth,8,335.61,700,1047.2424948689
e,ADRC,Square,normal bandwidth,8,335.808,700,1046.53435783827
e,ADRC,Square,normal bandwidth,8,336.006,700,1045.82436268815
e,ADRC,Square,normal bandwidth,8,336.204,700,1045.11499084737
e,ADRC,Square,normal bandwidth,8,336.402,700,1044.40736415202
e,ADRC,Square,normal bandwidth,8,336.6,700,1043.70013986913
e,ADRC,Square,normal bandwidth,8,336.798,700,1042.99179663639
e,ADRC,Square,normal bandwidth,8,336.996,700,1042.28274097922
e,ADRC,Square,normal bandwidth,8,337.194,700,1041.57519531155
e,ADRC,Square,normal bandwidth,8,337.392,700,1040.87019413855
e,ADRC,Square,normal bandwidth,8,337.59,700,1040.1662868762
e,ADRC,Square,normal bandwidth,8,337.788,700,1039.46316857342
e,ADRC,Square,normal bandwidth,8,337.986,700,1038.76248638224
e,ADRC,Square,normal bandwidth,8,338.184,700,1038.06414681583
e,ADRC,Square,normal bandwidth,8,338.382,700,1037.36812522306
e,ADRC,Square,normal bandwidth,8,338.58,700,1036.67259154636
e,ADRC,Square,normal bandwidth,8,338.778,700,1035.97732075975
e,ADRC,Square,normal bandwidth,8,338.976,700,1035.28417055904
e,ADRC,Square,normal bandwidth,8,339.174,700,1034.59322016054
e,ADRC,Square,normal bandwidth,8,339.372,700,1033.9045124364
e,ADRC,Square,normal bandwidth,8,339.57,700,1033.21626257758
e,ADRC,Square,normal bandwidth,8,339.768,700,1032.52825773995
e,ADRC,Square,normal bandwidth,8,339.966,700,1031.84229661908
e,ADRC,Square,normal bandwidth,8,340.164,700,1031.15844271045
e,ADRC,Square,normal bandwidth,8,340.362,700,1030.47676762357
e,ADRC,Square,normal bandwidth,8,340.56,700,1029.79553617626
e,ADRC,Square,normal bandwidth,8,340.758,700,1029.11455491309
e,ADRC,Square,normal bandwidth,8,340.956,700,1028.43560616483
e,ADRC,Square,normal bandwidth,8,341.154,700,1027.75875031141
e,ADRC,Square,normal bandwidth,8,341.352,700,1027.08405453003
e,ADRC,Square,normal bandwidth,8,341.55,700,1026.40980178609
e,ADRC,Square,normal bandwidth,8,341.748,700,1025.735799737
e,ADRC,Square,normal bandwidth,8,341.946,700,1025.06380921523
e,ADRC,Square,normal bandwidth,8,342.144,700,1024.39389054688
e,ADRC,Square,normal bandwidth,8,342.342,700,1023.72611054579
e,ADRC,Square,normal bandwidth,8,342.54,700,1023.05877226904
e,ADRC,Square,normal bandwidth,8,342.738,700,1022.39168506512
e,ADRC,Square,normal bandwidth,8,342.936,700,1021.72658833866
e,ADRC,Square,normal bandwidth,8,343.134,700,1021.06354147543
e,ADRC,Square,normal bandwidth,8,343.332,700,1020.40261048848
e,ADRC,Square,normal bandwidth,8,343.53,700,1019.74211886487
e,ADRC,Square,normal bandwidth,8,343.728,700,1019.08187835386
e,ADRC,Square,normal bandwidth,8,343.926,700,1018.42360762919
e,ADRC,Square,normal bandwidth,8,344.124,700,1017.7673654627
e,ADRC,Square,normal bandwidth,8,344.322,700,1017.11321715642
e,ADRC,Square,normal bandwidth,8,344.52,700,1016.45950653082
e,ADRC,Square,normal bandwidth,8,344.718,700,1015.80604772605
e,ADRC,Square,normal bandwidth,8,344.916,700,1015.15453880849
e,ADRC,Square,normal bandwidth,8,345.114,700,1014.50503799684
e,ADRC,Square,normal bandwidth,8,345.312,700,1013.85760997278
e,ADRC,Square,normal bandwidth,8,345.51,700,1013.21061889799
e,ADRC,Square,normal bandwidth,8,345.708,700,1012.56388137811
e,ADRC,Square,normal bandwidth,8,345.906,700,1011.9190750402
e,ADRC,Square,normal bandwidth,8,346.104,700,1011.27625764309
e,ADRC,Square,normal bandwidth,8,346.302,700,1010.63549335714
e,ADRC,Square,normal bandwidth,8,346.5,700,1009.995166732
e,ADRC,Square,normal bandwidth,8,346.698,700,1009.35509697142
e,ADRC,Square,normal bandwidth,8,346.896,700,1008.71694149995
e,ADRC,Square,normal bandwidth,8,347.094,700,1008.08075779337
e,ADRC,Square,normal bandwidth,8,347.292,700,1007.44660970586
e,ADRC,Square,normal bandwidth,8,347.49,700,1006.8128735784
e,ADRC,Square,normal bandwidth,8,347.688,700,1006.17936701133
e,ADRC,Square,normal bandwidth,8,347.886,700,1005.5477543025
e,ADRC,Square,normal bandwidth,8,348.084,700,1004.9180922552
e,ADRC,Square,normal bandwidth,8,348.282,700,1004.29044397695
e,ADRC,Square,normal bandwidth,8,348.48,700,1003.66320462744
e,ADRC,Square,normal bandwidth,8,348.678,700,1003.0361939149
e,ADRC,Square,normal bandwidth,8,348.876,700,1002.41105683357
e,ADRC,Square,normal bandwidth,8,349.074,700,1001.78784952053
e,ADRC,Square,normal bandwidth,8,349.272,700,1001.16663434366
e,ADRC,Square,normal bandwidth,8,349.47,700,1000.54582517659
e,ADRC,Square,normal bandwidth,8,349.668,700,999.925243826795
e,ADRC,Square,normal bandwidth,8,349.866,700,999.306516099085
e,ADRC,Square,normal bandwidth,8,350.064,700,998.689697472345
e,ADRC,Square,normal bandwidth,8,350.262,700,998.074849583591
e,ADRC,Square,normal bandwidth,8,350.46,700,997.460404922909
e,ADRC,Square,normal bandwidth,8,350.658,700,996.8461873913
e,ADRC,Square,normal bandwidth,8,350.856,700,996.233803716035
e,ADRC,Square,normal bandwidth,8,351.054,700,995.623308728569
e,ADRC,Square,normal bandwidth,8,351.252,700,995.014763347035
e,ADRC,Square,normal bandwidth,8,351.45,700,994.406618589249
e,ADRC,Square,normal bandwidth,8,351.648,700,993.798700448721
e,ADRC,Square,normal bandwidth,8,351.846,700,993.192596686364
e,ADRC,Square,normal bandwidth,8,352.044,700,992.588361501821
e,ADRC,Square,normal bandwidth,8,352.242,700,991.986055111639
e,ADRC,Square,normal bandwidth,8,352.44,700,991.384146984014
e,ADRC,Square,normal bandwidth,8,352.638,700,990.782465211307
e,ADRC,Square,normal bandwidth,8,352.836,700,990.182578701384
e,ADRC,Square,normal bandwidth,8,353.034,700,989.584541045799
e,ADRC,Square,normal bandwidth,8,353.232,700,988.98841178578
e,ADRC,Square,normal bandwidth,8,353.43,700,988.392678778071
e,ADRC,Square,normal bandwidth,8,353.628,700,987.797172232058
e,ADRC,Square,normal bandwidth,8,353.826,700,987.20344232275
e,ADRC,Square,normal bandwidth,8,354.024,700,986.611542070866
e,ADRC,Square,normal bandwidth,8,354.222,700,986.021530383533
e,ADRC,Square,normal bandwidth,8,354.42,700,985.431913466556
e,ADRC,Square,normal bandwidth,8,354.618,700,984.84252368369
e,ADRC,Square,normal bandwidth,8,354.816,700,984.254892612113
e,ADRC,Square,normal bandwidth,8,355.014,700,983.669072761451
e,ADRC,Square,normal bandwidth,8,355.212,700,983.085122470823
e,ADRC,Square,normal bandwidth,8,355.41,700,982.501566289115
e,ADRC,Square,normal bandwidth,8,355.608,700,981.918238803135
e,ADRC,Square,normal bandwidth,8,355.806,700,981.336653155278
e,ADRC,Square,normal bandwidth,8,356.004,700,980.756861441147
e,ADRC,Square,normal bandwidth,8,356.202,700,980.178921539214
e,ADRC,Square,normal bandwidth,8,356.4,700,979.601376387352
e,ADRC,Square,normal bandwidth,8,356.598,700,979.024062915526
e,ADRC,Square,normal bandwidth,8,356.796,700,978.448476044356
e,ADRC,Square,normal bandwidth,8,356.994,700,977.874667614326
e,ADRC,Square,normal bandwidth,8,357.192,700,977.302695218982
e,ADRC,Square,normal bandwidth,8,357.39,700,976.731094392623
e,ADRC,Square,normal bandwidth,8,357.588,700,976.159700619146
e,ADRC,Square,normal bandwidth,8,357.786,700,975.590015018642
e,ADRC,Square,normal bandwidth,8,357.984,700,975.022088825053
e,ADRC,Square,normal bandwidth,8,358.182,700,974.455978958472
e,ADRC,Square,normal bandwidth,8,358.38,700,973.890237926777
e,ADRC,Square,normal bandwidth,8,358.578,700,973.324703115113
e,ADRC,Square,normal bandwidth,8,358.776,700,972.76085823257
e,ADRC,Square,normal bandwidth,8,358.974,700,972.198753912237
e,ADRC,Square,normal bandwidth,8,359.172,700,971.638446407059
e,ADRC,Square,normal bandwidth,8,359.37,700,971.078505104044
e,ADRC,Square,normal bandwidth,8,359.568,700,970.518769281731
e,ADRC,Square,normal bandwidth,8,359.766,700,969.960705341246
e,ADRC,Square,normal bandwidth,8,359.964,700,969.40436332199
e,ADRC,Square,normal bandwidth,8,360.162,700,968.849798817717
e,ADRC,Square,normal bandwidth,8,360.36,700,968.295598006612
e,ADRC,Square,normal bandwidth,8,360.558,700,967.74160205548
e,ADRC,Square,normal bandwidth,8,360.756,700,967.189260158389
e,ADRC,Square,normal bandwidth,8,360.954,700,966.638621770787
e,ADRC,Square,normal bandwidth,8,361.152,700,966.089741838027
e,ADRC,Square,normal bandwidth,8,361.35,700,965.541223249455
e,ADRC,Square,normal bandwidth,8,361.548,700,964.99290905922
e,ADRC,Square,normal bandwidth,8,361.746,700,964.44623135461
e,ADRC,Square,normal bandwidth,8,361.944,700,963.901239021207
e,ADRC,Square,normal bandwidth,8,362.142,700,963.357986371568
e,ADRC,Square,normal bandwidth,8,362.34,700,962.81509293643
e,ADRC,Square,normal bandwidth,8,362.538,700,962.272403663012
e,ADRC,Square,normal bandwidth,8,362.736,700,961.73133363402
e,ADRC,Square,normal bandwidth,8,362.934,700,961.191931186568
e,ADRC,Square,normal bandwidth,8,363.132,700,960.654250024103
e,ADRC,Square,normal bandwidth,8,363.33,700,960.11692626299
e,ADRC,Square,normal bandwidth,8,363.528,700,959.579806759904
e,ADRC,Square,normal bandwidth,8,363.726,700,959.04428970138
e,ADRC,Square,normal bandwidth,8,363.924,700,958.510422909662
e,ADRC,Square,normal bandwidth,8,364.122,700,957.978259516269
e,ADRC,Square,normal bandwidth,8,364.32,700,957.446452187572
e,ADRC,Square,normal bandwidth,8,364.518,700,956.914849723392
e,ADRC,Square,normal bandwidth,8,364.716,700,956.38483353587
e,ADRC,Square,normal bandwidth,8,364.914,700,955.856450986273
e,ADRC,Square,normal bandwidth,8,365.112,700,955.329754693801
e,ADRC,Square,normal bandwidth,8,365.31,700,954.80341386944
e,ADRC,Square,normal bandwidth,8,365.508,700,954.277279318104
e,ADRC,Square,normal bandwidth,8,365.706,700,953.752715824605
e,ADRC,Square,normal bandwidth,8,365.904,700,953.229770376784
e,ADRC,Square,normal bandwidth,8,366.102,700,952.708495178355
e,ADRC,Square,normal bandwidth,8,366.3,700,952.187576026326
e,ADRC,Square,normal bandwidth,8,366.498,700,951.666865839029
e,ADRC,Square,normal bandwidth,8,366.696,700,951.147712966078
e,ADRC,Square,normal bandwidth,8,366.894,700,950.6301641652
e,ADRC,Square,normal bandwidth,8,367.092,700,950.114271383128
e,ADRC,Square,normal bandwidth,8,367.29,700,949.598713739182
e,ADRC,Square,normal bandwidth,8,367.488,700,949.08334284741
e,ADRC,Square,normal bandwidth,8,367.686,700,948.569512649058
e,ADRC,Square,normal bandwidth,8,367.884,700,948.057269354789
e,ADRC,Square,normal bandwidth,8,368.082,700,947.546664303904
e,ADRC,Square,normal bandwidth,8,368.28,700,947.036391925115
e,ADRC,Square,normal bandwidth,8,368.478,700,946.526305547305
e,ADRC,Square,normal bandwidth,8,368.676,700,946.017743407803
e,ADRC,Square,normal bandwidth,8,368.874,700,945.510751175325
e,ADRC,Square,normal bandwidth,8,369.072,700,945.005379587438
e,ADRC,Square,normal bandwidth,8,369.27,700,944.500338297053
e,ADRC,Square,normal bandwidth,8,369.468,700,943.995482340805
e,ADRC,Square,normal bandwidth,8,369.666,700,943.492134345036
e,ADRC,Square,normal bandwidth,8,369.864,700,942.990339442985
e,ADRC,Square,normal bandwidth,8,370.062,700,942.490147777659
e,ADRC,Square,normal bandwidth,8,370.26,700,941.990284146835
e,ADRC,Square,normal bandwidth,8,370.458,700,941.49060529028
e,ADRC,Square,normal bandwidth,8,370.656,700,940.992418314361
e,ADRC,Square,normal bandwidth,8,370.854,700,940.495767825617
e,ADRC,Square,normal bandwidth,8,371.052,700,940.000703382227
e,ADRC,Square,normal bandwidth,8,371.25,700,939.505964854667
e,ADRC,Square,normal bandwidth,8,371.448,700,939.011410685003
e,ADRC,Square,normal bandwidth,8,371.646,700,938.518332550073
e,ADRC,Square,normal bandwidth,8,371.844,700,938.026774542421
e,ADRC,Square,normal bandwidth,8,372.042,700,937.536785649475
e,ADRC,Square,normal bandwidth,8,372.24,700,937.047120751479
e,ADRC,Square,normal bandwidth,8,372.438,700,936.557639997962
e,ADRC,Square,normal bandwidth,8,372.636,700,936.069619728408
e,ADRC,Square,normal bandwidth,8,372.834,700,935.583103540672
e,ADRC,Square,normal bandwidth,8,373.032,700,935.098139872793
e,ADRC,Square,normal bandwidth,8,373.23,700,934.613498564487
e,ADRC,Square,normal bandwidth,8,373.428,700,934.129041487524
e,ADRC,Square,normal bandwidth,8,373.626,700,933.64602974182
e,ADRC,Square,normal bandwidth,8,373.824,700,933.16450646084
e,ADRC,Square,normal bandwidth,8,374.022,700,932.684519566771
e,ADRC,Square,normal bandwidth,8,374.22,700,932.204853826673
e,ADRC,Square,normal bandwidth,8,374.418,700,931.725372864944
e,ADRC,Square,normal bandwidth,8,374.616,700,931.247322651769
e,ADRC,Square,normal bandwidth,8,374.814,700,930.770745904833
e,ADRC,Square,normal bandwidth,8,375.012,700,930.295690084233
e,ADRC,Square,normal bandwidth,8,375.21,700,929.820954879513
e,ADRC,Square,normal bandwidth,8,375.408,700,929.346405723569
e,ADRC,Square,normal bandwidth,8,375.606,700,928.873273589505
e,ADRC,Square,normal bandwidth,8,375.804,700,928.401600858189
e,ADRC,Square,normal bandwidth,8,376.002,700,927.931434614972
e,ADRC,Square,normal bandwidth,8,376.2,700,927.461589509225
e,ADRC,Square,normal bandwidth,8,376.398,700,926.99193288005
e,ADRC,Square,normal bandwidth,8,376.596,700,926.523680876758
e,ADRC,Square,normal bandwidth,8,376.794,700,926.056875672668
e,ADRC,Square,normal bandwidth,8,376.992,700,925.591564121339
e,ADRC,Square,normal bandwidth,8,377.19,700,925.12655484918
e,ADRC,Square,normal bandwidth,8,377.388,700,924.661714018889
e,ADRC,Square,normal bandwidth,8,377.586,700,924.19826282317
e,ADRC,Square,normal bandwidth,8,377.784,700,923.736242941913
e,ADRC,Square,normal bandwidth,8,377.982,700,923.275700680809
e,ADRC,Square,normal bandwidth,8,378.18,700,922.815458474626
e,ADRC,Square,normal bandwidth,8,378.378,700,922.35538403277
e,ADRC,Square,normal bandwidth,8,378.576,700,921.896684383731
e,ADRC,Square,normal bandwidth,8,378.774,700,921.439400718589
e,ADRC,Square,normal bandwidth,8,378.972,700,920.983578800299
e,ADRC,Square,normal bandwidth,8,379.17,700,920.528054795156
e,ADRC,Square,normal bandwidth,8,379.368,700,920.072697952877
e,ADRC,Square,normal bandwidth,8,379.566,700,919.618701221563
e,ADRC,Square,normal bandwidth,8,379.764,700,919.166105309319
e,ADRC,Square,normal bandwidth,8,379.962,700,918.71495544283
e,ADRC,Square,normal bandwidth,8,380.16,700,918.264101448368
e,ADRC,Square,normal bandwidth,8,380.358,700,917.813414111795
e,ADRC,Square,normal bandwidth,8,380.556,700,917.364072382908
e,ADRC,Square,normal bandwidth,8,380.754,700,916.916116494754
e,ADRC,Square,normal bandwidth,8,380.952,700,916.46959114653
e,ADRC,Square,normal bandwidth,8,381.15,700,916.023359759388
e,ADRC,Square,normal bandwidth,8,381.348,700,915.577294654585
e,ADRC,Square,normal bandwidth,8,381.546,700,915.132560865194
e,ADRC,Square,normal bandwidth,8,381.744,700,914.689198160662
e,ADRC,Square,normal bandwidth,8,381.942,700,914.247250725393
e,ADRC,Square,normal bandwidth,8,382.14,700,913.805595518662
e,ADRC,Square,normal bandwidth,8,382.338,700,913.364106401777
e,ADRC,Square,normal bandwidth,8,382.536,700,912.923934574225
e,ADRC,Square,normal bandwidth,8,382.734,700,912.485119359265
e,ADRC,Square,normal bandwidth,8,382.932,700,912.047704445777
e,ADRC,Square,normal bandwidth,8,383.13,700,911.610580285792
e,ADRC,Square,normal bandwidth,8,383.328,700,911.173622294001
e,ADRC,Square,normal bandwidth,8,383.526,700,910.737967924502
e,ADRC,Square,normal bandwidth,8,383.724,700,910.303656081694
e,ADRC,Square,normal bandwidth,8,383.922,700,909.870729989184
e,ADRC,Square,normal bandwidth,8,384.12,700,909.43809356278
e,ADRC,Square,normal bandwidth,8,384.318,700,909.005623797961
e,ADRC,Square,normal bandwidth,8,384.516,700,908.574444502505
e,ADRC,Square,normal bandwidth,8,384.714,700,908.144594205796
e,ADRC,Square,normal bandwidth,8,384.912,700,907.716115714659
e,ADRC,Square,normal bandwidth,8,385.11,700,907.287926404294
e,ADRC,Square,normal bandwidth,8,385.308,700,906.859904901362
e,ADRC,Square,normal bandwidth,8,385.506,700,906.433161486965
e,ADRC,Square,normal bandwidth,8,385.704,700,906.007734386694
e,ADRC,Square,normal bandwidth,8,385.902,700,905.58366606937
e,ADRC,Square,normal bandwidth,8,386.1,700,905.159887403266
e,ADRC,Square,normal bandwidth,8,386.298,700,904.736278734358
e,ADRC,Square,normal bandwidth,8,386.496,700,904.313936973363
e,ADRC,Square,normal bandwidth,8,386.694,700,903.892900158677
e,ADRC,Square,normal bandwidth,8,386.892,700,903.473210550053
e,ADRC,Square,normal bandwidth,8,387.09,700,903.053793583332
e,ADRC,Square,normal bandwidth,8,387.288,700,902.634528543424
e,ADRC,Square,normal bandwidth,8,387.486,700,902.216516889959
e,ADRC,Square,normal bandwidth,8,387.684,700,901.799796216279
e,ADRC,Square,normal bandwidth,8,387.882,700,901.384408287985
e,ADRC,Square,normal bandwidth,8,388.08,700,900.969290995425
e,ADRC,Square,normal bandwidth,8,388.278,700,900.554325018567
e,ADRC,Square,normal bandwidth,8,388.476,700,900.14059904157
e,ADRC,Square,normal bandwidth,8,388.674,700,899.728150216895
e,ADRC,Square,normal bandwidth,8,388.872,700,899.31701982062
e,ADRC,Square,normal bandwidth,8,389.07,700,898.906158128294
e,ADRC,Square,normal bandwidth,8,389.268,700,898.495447209181
e,ADRC,Square,normal bandwidth,8,389.466,700,898.085963047575
e,ADRC,Square,normal bandwidth,8,389.664,700,897.677742360314
e,ADRC,Square,normal bandwidth,8,389.862,700,897.270825939786
e,ADRC,Square,normal bandwidth,8,390.06,700,896.864176382211
e,ADRC,Square,normal bandwidth,8,390.258,700,896.457677142384
e,ADRC,Square,normal bandwidth,8,390.456,700,896.052391578775
e,ADRC,Square,normal bandwidth,8,390.654,700,895.648355979737
e,ADRC,Square,normal bandwidth,8,390.852,700,895.245610661893
e,ADRC,Square,normal bandwidth,8,391.05,700,894.843130483418
e,ADRC,Square,normal bandwidth,8,391.248,700,894.440800283962
e,ADRC,Square,normal bandwidth,8,391.446,700,894.039670869749
e,ADRC,Square,normal bandwidth,8,391.644,700,893.639778110988
e,ADRC,Square,normal bandwidth,8,391.842,700,893.241161859982
e,ADRC,Square,normal bandwidth,8,392.04,700,892.842809185671
e,ADRC,Square,normal bandwidth,8,392.238,700,892.444606316759
e,ADRC,Square,normal bandwidth,8,392.436,700,892.047591582212
e,ADRC,Square,normal bandwidth,8,392.634,700,891.6518004498
e,ADRC,Square,normal bandwidth,8,392.832,700,891.257272324884
e,ADRC,Square,normal bandwidth,8,393.03,700,890.863006446249
e,ADRC,Square,normal bandwidth,8,393.228,700,890.468890443678
e,ADRC,Square,normal bandwidth,8,393.426,700,890.07595024843
e,ADRC,Square,normal bandwidth,8,393.624,700,889.684220950483
e,ADRC,Square,normal bandwidth,8,393.822,700,889.293741535542
e,ADRC,Square,normal bandwidth,8,394.02,700,888.903523386099
e,ADRC,Square,normal bandwidth,8,394.218,700,888.513455557737
e,ADRC,Square,normal bandwidth,8,394.416,700,888.124551673362
e,ADRC,Square,normal bandwidth,8,394.614,700,887.736846484704
e,ADRC,Square,normal bandwidth,8,394.812,700,887.350378601551
f,Preview,Square,normal bandwidth,8,0,1000,0
f,Preview,Square,normal bandwidth,8,0.198,1000,999.931716749142
f,Preview,Square,normal bandwidth,8,0.396,1000,999.999997347911
f,Preview,Square,normal bandwidth,8,0.594,1000,999.999999999897
f,Preview,Square,normal bandwidth,8,0.792,1000,999.999999999999
f,Preview,Square,normal bandwidth,8,0.99,1000,999.999999999999
f,Preview,Square,normal bandwidth,8,1.188,1000,999.999999999999
f,Preview,Square,normal bandwidth,8,1.386,1000,999.999999999999
f,Preview,Square,normal bandwidth,8,1.584,1000,999.999999999999
f,Preview,Square,normal bandwidth,8,1.782,1000,999.999999999999
f,Preview,Square,normal bandwidth,8,1.98,1000,999.999999999999
f,Preview,Square,normal bandwidth,8,2.178,1000,1000.19893417515
f,Preview,Square,normal bandwidth,8,2.376,1000,1000.00026179073
f,Preview,Square,normal bandwidth,8,2.574,1000,1000.00020392298
f,Preview,Square,normal bandwidth,8,2.772,1000,1000.00020391878
f,Preview,Square,normal bandwidth,8,2.97,1000,1000.00020391878
f,Preview,Square,normal bandwidth,8,3.168,1000,1000.00020391878
f,Preview,Square,normal bandwidth,8,3.366,1000,1000.00020391878
f,Preview,Square,normal bandwidth,8,3.564,1000,1000.00020391878
f,Preview,Square,normal bandwidth,8,3.762,1000,1000.00020391878
f,Preview,Square,normal bandwidth,8,3.96,1000,1000.00020391878
f,Preview,Square,normal bandwidth,8,4.158,1000,1000.00413840658
f,Preview,Square,normal bandwidth,8,4.356,1000,999.999916578374
f,Preview,Square,normal bandwidth,8,4.554,1000,1000.0002038599
f,Preview,Square,normal bandwidth,8,4.752,1000,1000.00020391982
f,Preview,Square,normal bandwidth,8,4.95,1000,1000.00020391982
f,Preview,Square,normal bandwidth,8,5.148,1000,1000.00020391982
f,Preview,Square,normal bandwidth,8,5.346,1000,1000.00020391982
f,Preview,Square,normal bandwidth,8,5.544,1000,1000.00020391982
f,Preview,Square,normal bandwidth,8,5.742,1000,1000.00020391982
f,Preview,Square,normal bandwidth,8,5.94,1000,1000.00020391982
f,Preview,Square,normal bandwidth,8,6.138,1000,1000.00027637589
f,Preview,Square,normal bandwidth,8,6.336,1000,1000.0002445757
f,Preview,Square,normal bandwidth,8,6.534,1000,1000.00020429219
f,Preview,Square,normal bandwidth,8,6.732,1000,1000.0002039199
f,Preview,Square,normal bandwidth,8,6.93,1000,1000.00020391983
f,Preview,Square,normal bandwidth,8,7.128,1000,1000.00020391983
f,Preview,Square,normal bandwidth,8,7.326,1000,1000.00020391983
f,Preview,Square,normal bandwidth,8,7.524,1000,1000.00020391983
f,Preview,Square,normal bandwidth,8,7.722,1000,1000.00020391983
f,Preview,Square,normal bandwidth,8,7.92,1000,1000.00020391983
f,Preview,Square,normal bandwidth,8,8.118,1000,1000.00020493647
f,Preview,Square,normal bandwidth,8,8.316,1000,1000.00020427301
f,Preview,Square,normal bandwidth,8,8.514,1000,1000.00020308769
f,Preview,Square,normal bandwidth,8,8.712,1000,1000.00020391932
f,Preview,Square,normal bandwidth,8,8.91,1000,1000.00020391982
f,Preview,Square,normal bandwidth,8,9.108,1000,1000.00020391982
f,Preview,Square,normal bandwidth,8,9.306,1000,1000.00020391982
f,Preview,Square,normal bandwidth,8,9.504,1000,1000.00020391982
f,Preview,Square,normal bandwidth,8,9.702,1000,1000.00020391982
f,Preview,Square,normal bandwidth,8,9.9,1000,1000.00020391982
f,Preview,Square,normal bandwidth,8,10.098,1000,1000.00020391982
f,Preview,Square,normal bandwidth,8,10.296,1000,1000.00020377894
f,Preview,Square,normal bandwidth,8,10.494,1000,1000.00020378588
f,Preview,Square,normal bandwidth,8,10.692,1000,1000.00020392109
f,Preview,Square,normal bandwidth,8,10.89,1000,1000.00020391983
f,Preview,Square,normal bandwidth,8,11.088,1000,1000.00020391983
f,Preview,Square,normal bandwidth,8,11.286,1000,1000.00020391983
f,Preview,Square,normal bandwidth,8,11.484,1000,1000.00020391983
f,Preview,Square,normal bandwidth,8,11.682,1000,1000.00020391983
f,Preview,Square,normal bandwidth,8,11.88,1000,1000.00020391983
f,Preview,Square,normal bandwidth,8,12.078,1000,1000.00020391983
f,Preview,Square,normal bandwidth,8,12.276,1000,1000.00020391627
f,Preview,Square,normal bandwidth,8,12.474,1000,1000.00020391308
f,Preview,Square,normal bandwidth,8,12.672,1000,1000.00020391932
f,Preview,Square,normal bandwidth,8,12.87,1000,1000.00020391982
f,Preview,Square,normal bandwidth,8,13.068,1000,1000.00020391982
f,Preview,Square,normal bandwidth,8,13.266,1000,1000.00020391982
f,Preview,Square,normal bandwidth,8,13.464,1000,1000.00020391982
f,Preview,Square,normal bandwidth,8,13.662,1000,1000.00020391982
f,Preview,Square,normal bandwidth,8,13.86,1000,1000.00020391982
f,Preview,Square,normal bandwidth,8,14.058,1000,1000.00020391982
f,Preview,Square,normal bandwidth,8,14.256,1000,1000.00020391974
f,Preview,Square,normal bandwidth,8,14.454,1000,1000.00020391957
f,Preview,Square,normal bandwidth,8,14.652,1000,1000.00020391977
f,Preview,Square,normal bandwidth,8,14.85,1000,1000.00020391983
f,Preview,Square,normal bandwidth,8,15.048,1000,1000.00020391983
f,Preview,Square,normal bandwidth,8,15.246,1000,1000.00020391983
f,Preview,Square,normal bandwidth,8,15.444,1000,1000.00020391983
f,Preview,Square,normal bandwidth,8,15.642,1000,1000.00020391983
f,Preview,Square,normal bandwidth,8,15.84,1000,1000.00020391983
f,Preview,Square,normal bandwidth,8,16.038,1000,1000.00020391983
f,Preview,Square,normal bandwidth,8,16.236,1000,1000.00020391982
f,Preview,Square,normal bandwidth,8,16.434,1000,1000.00020391982
f,Preview,Square,normal bandwidth,8,16.632,1000,1000.00020391982
f,Preview,Square,normal bandwidth,8,16.83,1000,1000.00020391983
f,Preview,Square,normal bandwidth,8,17.028,1000,1000.00020391983
f,Preview,Square,normal bandwidth,8,17.226,1000,1000.00020391983
f,Preview,Square,normal bandwidth,8,17.424,1000,1000.00020391983
f,Preview,Square,normal bandwidth,8,17.622,1000,1000.00020391983
f,Preview,Square,normal bandwidth,8,17.82,1000,1000.00020391983
f,Preview,Square,normal bandwidth,8,18.018,1000,1000.00020391983
f,Preview,Square,normal bandwidth,8,18.216,1000,1000.00020391983
f,Preview,Square,normal bandwidth,8,18.414,1000,1000.00020391983
f,Preview,Square,normal bandwidth,8,18.612,1000,1000.00020391983
f,Preview,Square,normal bandwidth,8,18.81,1000,1000.00020391983
f,Preview,Square,normal bandwidth,8,19.008,1000,1000.00020391983
f,Preview,Square,normal bandwidth,8,19.206,1000,1000.00020391983
f,Preview,Square,normal bandwidth,8,19.404,1000,1000.00020391983
f,Preview,Square,normal bandwidth,8,19.602,1000,1000.00020391983
f,Preview,Square,normal bandwidth,8,19.8,1000,1000.00020391983
f,Preview,Square,normal bandwidth,8,19.998,1000,1000.00020391983
f,Preview,Square,normal bandwidth,8,20.196,1300,1300.00065351554
f,Preview,Square,normal bandwidth,8,20.394,1300,1300.00020393729
f,Preview,Square,normal bandwidth,8,20.592,1300,1300.00020391983
f,Preview,Square,normal bandwidth,8,20.79,1300,1300.00020391983
f,Preview,Square,normal bandwidth,8,20.988,1300,1300.00020391983
f,Preview,Square,normal bandwidth,8,21.186,1300,1300.00020391983
f,Preview,Square,normal bandwidth,8,21.384,1300,1300.00020391983
f,Preview,Square,normal bandwidth,8,21.582,1300,1300.00020391983
f,Preview,Square,normal bandwidth,8,21.78,1300,1300.00020391983
f,Preview,Square,normal bandwidth,8,21.978,1300,1300.00020391983
f,Preview,Square,normal bandwidth,8,22.176,1300,1300.34623648355
f,Preview,Square,normal bandwidth,8,22.374,1300,1300.01584539868
f,Preview,Square,normal bandwidth,8,22.572,1300,1300.01583289716
f,Preview,Square,normal bandwidth,8,22.77,1300,1300.01583289669
f,Preview,Square,normal bandwidth,8,22.968,1300,1300.01583289669
f,Preview,Square,normal bandwidth,8,23.166,1300,1300.01583289669
f,Preview,Square,normal bandwidth,8,23.364,1300,1300.01583289669
f,Preview,Square,normal bandwidth,8,23.562,1300,1300.01583289669
f,Preview,Square,normal bandwidth,8,23.76,1300,1300.01583289669
f,Preview,Square,normal bandwidth,8,23.958,1300,1300.01583289669
f,Preview,Square,normal bandwidth,8,24.156,1300,1299.73544821565
f,Preview,Square,normal bandwidth,8,24.354,1300,1300.01557788311
f,Preview,Square,normal bandwidth,8,24.552,1300,1300.01583295738
f,Preview,Square,normal bandwidth,8,24.75,1300,1300.01583297653
f,Preview,Square,normal bandwidth,8,24.948,1300,1300.01583297653
f,Preview,Square,normal bandwidth,8,25.146,1300,1300.01583297653
f,Preview,Square,normal bandwidth,8,25.344,1300,1300.01583297653
f,Preview,Square,normal bandwidth,8,25.542,1300,1300.01583297653
f,Preview,Square,normal bandwidth,8,25.74,1300,1300.01583297653
f,Preview,Square,normal bandwidth,8,25.938,1300,1300.01583297653
f,Preview,Square,normal bandwidth,8,26.136,1300,1300.00603071448
f,Preview,Square,normal bandwidth,8,26.334,1300,1300.0170536995
f,Preview,Square,normal bandwidth,8,26.532,1300,1300.01583325276
f,Preview,Square,normal bandwidth,8,26.73,1300,1300.01583297656
f,Preview,Square,normal bandwidth,8,26.928,1300,1300.01583297653
f,Preview,Square,normal bandwidth,8,27.126,1300,1300.01583297653
f,Preview,Square,normal bandwidth,8,27.324,1300,1300.01583297653
f,Preview,Square,normal bandwidth,8,27.522,1300,1300.01583297653
f,Preview,Square,normal bandwidth,8,27.72,1300,1300.01583297653
f,Preview,Square,normal bandwidth,8,27.918,1300,1300.01583297653
f,Preview,Square,normal bandwidth,8,28.116,1300,1300.01567955946
f,Preview,Square,normal bandwidth,8,28.314,1300,1300.01597226445
f,Preview,Square,normal bandwidth,8,28.512,1300,1300.0158312472
f,Preview,Square,normal bandwidth,8,28.71,1300,1300.01583297619
f,Preview,Square,normal bandwidth,8,28.908,1300,1300.01583297653
f,Preview,Square,normal bandwidth,8,29.106,1300,1300.01583297653
f,Preview,Square,normal bandwidth,8,29.304,1300,1300.01583297653
f,Preview,Square,normal bandwidth,8,29.502,1300,1300.01583297653
f,Preview,Square,normal bandwidth,8,29.7,1300,1300.01583297653
f,Preview,Square,normal bandwidth,8,29.898,1300,1300.01583297653
f,Preview,Square,normal bandwidth,8,30.096,1300,1300.01583571919
f,Preview,Square,normal bandwidth,8,30.294,1300,1300.01584905197
f,Preview,Square,normal bandwidth,8,30.492,1300,1300.0158353578
f,Preview,Square,normal bandwidth,8,30.69,1300,1300.01583297822
f,Preview,Square,normal bandwidth,8,30.888,1300,1300.01583297653
f,Preview,Square,normal bandwidth,8,31.086,1300,1300.01583297653
f,Preview,Square,normal bandwidth,8,31.284,1300,1300.01583297653
f,Preview,Square,normal bandwidth,8,31.482,1300,1300.01583297653
f,Preview,Square,normal bandwidth,8,31.68,1300,1300.01583297653
f,Preview,Square,normal bandwidth,8,31.878,1300,1300.01583297653
f,Preview,Square,normal bandwidth,8,32.076,1300,1300.01583303198
f,Preview,Square,normal bandwidth,8,32.274,1300,1300.01583351441
f,Preview,Square,normal bandwidth,8,32.472,1300,1300.01583322166
f,Preview,Square,normal bandwidth,8,32.67,1300,1300.0158329737
f,Preview,Square,normal bandwidth,8,32.868,1300,1300.01583297653
f,Preview,Square,normal bandwidth,8,33.066,1300,1300.01583297653
f,Preview,Square,normal bandwidth,8,33.264,1300,1300.01583297653
f,Preview,Square,normal bandwidth,8,33.462,1300,1300.01583297653
f,Preview,Square,normal bandwidth,8,33.66,1300,1300.01583297653
f,Preview,Square,normal bandwidth,8,33.858,1300,1300.01583297653
f,Preview,Square,normal bandwidth,8,34.056,1300,1300.01583297762
f,Preview,Square,normal bandwidth,8,34.254,1300,1300.0158329921
f,Preview,Square,normal bandwidth,8,34.452,1300,1300.01583299027
f,Preview,Square,normal bandwidth,8,34.65,1300,1300.01583297688
f,Preview,Square,normal bandwidth,8,34.848,1300,1300.01583297654
f,Preview,Square,normal bandwidth,8,35.046,1300,1300.01583297653
f,Preview,Square,normal bandwidth,8,35.244,1300,1300.01583297653
f,Preview,Square,normal bandwidth,8,35.442,1300,1300.01583297653
f,Preview,Square,normal bandwidth,8,35.64,1300,1300.01583297653
f,Preview,Square,normal bandwidth,8,35.838,1300,1300.01583297653
f,Preview,Square,normal bandwidth,8,36.036,1300,1300.01583297655
f,Preview,Square,normal bandwidth,8,36.234,1300,1300.0158329769
f,Preview,Square,normal bandwidth,8,36.432,1300,1300.015832977
f,Preview,Square,normal bandwidth,8,36.63,1300,1300.01583297654
f,Preview,Square,normal bandwidth,8,36.828,1300,1300.01583297653
f,Preview,Square,normal bandwidth,8,37.026,1300,1300.01583297653
f,Preview,Square,normal bandwidth,8,37.224,1300,1300.01583297653
f,Preview,Square,normal bandwidth,8,37.422,1300,1300.01583297653
f,Preview,Square,normal bandwidth,8,37.62,1300,1300.01583297653
f,Preview,Square,normal bandwidth,8,37.818,1300,1300.01583297653
f,Preview,Square,normal bandwidth,8,38.016,1300,1300.01583297653
f,Preview,Square,normal bandwidth,8,38.214,1300,1300.01583297654
f,Preview,Square,normal bandwidth,8,38.412,1300,1300.01583297653
f,Preview,Square,normal bandwidth,8,38.61,1300,1300.01583297652
f,Preview,Square,normal bandwidth,8,38.808,1300,1300.01583297653
f,Preview,Square,normal bandwidth,8,39.006,1300,1300.01583297653
f,Preview,Square,normal bandwidth,8,39.204,1300,1300.01583297653
f,Preview,Square,normal bandwidth,8,39.402,1300,1300.01583297653
f,Preview,Square,normal bandwidth,8,39.6,1300,1300.01583297653
f,Preview,Square,normal bandwidth,8,39.798,1300,1300.01583297653
f,Preview,Square,normal bandwidth,8,39.996,1300,1300.01583297653
f,Preview,Square,normal bandwidth,8,40.194,1300,1300.01583297653
f,Preview,Square,normal bandwidth,8,40.392,1300,1300.01583297653
f,Preview,Square,normal bandwidth,8,40.59,1300,1300.01583297653
f,Preview,Square,normal bandwidth,8,40.788,1300,1300.01583297653
f,Preview,Square,normal bandwidth,8,40.986,1300,1300.01583297653
f,Preview,Square,normal bandwidth,8,41.184,1300,1300.01583297653
f,Preview,Square,normal bandwidth,8,41.382,1300,1300.01583297653
f,Preview,Square,normal bandwidth,8,41.58,1300,1300.01583297653
f,Preview,Square,normal bandwidth,8,41.778,1300,1300.01583297653
f,Preview,Square,normal bandwidth,8,41.976,1300,1300.01583297653
f,Preview,Square,normal bandwidth,8,42.174,1300,1300.01583297653
f,Preview,Square,normal bandwidth,8,42.372,1300,1300.01583297653
f,Preview,Square,normal bandwidth,8,42.57,1300,1300.01583297653
f,Preview,Square,normal bandwidth,8,42.768,1300,1300.01583297653
f,Preview,Square,normal bandwidth,8,42.966,1300,1300.01583297653
f,Preview,Square,normal bandwidth,8,43.164,1300,1300.01583297653
f,Preview,Square,normal bandwidth,8,43.362,1300,1300.01583297653
f,Preview,Square,normal bandwidth,8,43.56,1300,1300.01583297653
f,Preview,Square,normal bandwidth,8,43.758,1300,1300.01583297653
f,Preview,Square,normal bandwidth,8,43.956,1300,1300.01583297653
f,Preview,Square,normal bandwidth,8,44.154,1300,1300.01583297653
f,Preview,Square,normal bandwidth,8,44.352,1300,1300.01583297653
f,Preview,Square,normal bandwidth,8,44.55,1300,1300.01583297653
f,Preview,Square,normal bandwidth,8,44.748,1300,1300.01583297653
f,Preview,Square,normal bandwidth,8,44.946,1300,1300.01583297653
f,Preview,Square,normal bandwidth,8,45.144,1300,1300.01583297653
f,Preview,Square,normal bandwidth,8,45.342,1300,1300.01583297653
f,Preview,Square,normal bandwidth,8,45.54,1300,1300.01583297653
f,Preview,Square,normal bandwidth,8,45.738,1300,1300.01583297653
f,Preview,Square,normal bandwidth,8,45.936,1300,1300.01583297653
f,Preview,Square,normal bandwidth,8,46.134,1300,1300.01583297653
f,Preview,Square,normal bandwidth,8,46.332,1300,1300.01583297653
f,Preview,Square,normal bandwidth,8,46.53,1300,1300.01583297653
f,Preview,Square,normal bandwidth,8,46.728,1300,1300.01583297653
f,Preview,Square,normal bandwidth,8,46.926,1300,1300.01583297653
f,Preview,Square,normal bandwidth,8,47.124,1300,1300.01583297653
f,Preview,Square,normal bandwidth,8,47.322,1300,1300.01583297653
f,Preview,Square,normal bandwidth,8,47.52,1300,1300.01583297653
f,Preview,Square,normal bandwidth,8,47.718,1300,1300.01583297653
f,Preview,Square,normal bandwidth,8,47.916,1300,1300.01583297653
f,Preview,Square,normal bandwidth,8,48.114,1300,1300.01583297653
f,Preview,Square,normal bandwidth,8,48.312,1300,1300.01583297653
f,Preview,Square,normal bandwidth,8,48.51,1300,1300.01583297653
f,Preview,Square,normal bandwidth,8,48.708,1300,1300.01583297653
f,Preview,Square,normal bandwidth,8,48.906,1300,1300.01583297653
f,Preview,Square,normal bandwidth,8,49.104,1300,1300.01583297653
f,Preview,Square,normal bandwidth,8,49.302,1300,1300.01583297653
f,Preview,Square,normal bandwidth,8,49.5,1300,1300.01583297653
f,Preview,Square,normal bandwidth,8,49.698,1300,1300.01583297653
f,Preview,Square,normal bandwidth,8,49.896,1300,1300.01583297653
f,Preview,Square,normal bandwidth,8,50.094,1300,1300.01583297653
f,Preview,Square,normal bandwidth,8,50.292,1300,1300.01583297653
f,Preview,Square,normal bandwidth,8,50.49,1300,1300.01583297653
f,Preview,Square,normal bandwidth,8,50.688,1300,1300.01583297653
f,Preview,Square,normal bandwidth,8,50.886,1300,1300.01583297653
f,Preview,Square,normal bandwidth,8,51.084,1300,1300.01583297653
f,Preview,Square,normal bandwidth,8,51.282,1300,1300.01583297653
f,Preview,Square,normal bandwidth,8,51.48,1300,1300.01583297653
f,Preview,Square,normal bandwidth,8,51.678,1300,1300.01583297653
f,Preview,Square,normal bandwidth,8,51.876,1300,1300.01583297653
f,Preview,Square,normal bandwidth,8,52.074,1300,1300.01583297653
f,Preview,Square,normal bandwidth,8,52.272,1300,1300.01583297653
f,Preview,Square,normal bandwidth,8,52.47,1300,1300.01583297653
f,Preview,Square,normal bandwidth,8,52.668,1300,1300.01583297653
f,Preview,Square,normal bandwidth,8,52.866,1300,1300.01583297653
f,Preview,Square,normal bandwidth,8,53.064,1300,1300.01583297653
f,Preview,Square,normal bandwidth,8,53.262,1300,1300.01583297653
f,Preview,Square,normal bandwidth,8,53.46,1300,1300.01583297653
f,Preview,Square,normal bandwidth,8,53.658,1300,1300.01583297653
f,Preview,Square,normal bandwidth,8,53.856,1300,1300.01583297653
f,Preview,Square,normal bandwidth,8,54.054,1300,1300.01583297653
f,Preview,Square,normal bandwidth,8,54.252,1300,1300.01583297653
f,Preview,Square,normal bandwidth,8,54.45,1300,1300.01583297653
f,Preview,Square,normal bandwidth,8,54.648,1300,1300.01583297653
f,Preview,Square,normal bandwidth,8,54.846,1300,1300.01583297653
f,Preview,Square,normal bandwidth,8,55.044,1300,1300.01583297653
f,Preview,Square,normal bandwidth,8,55.242,1300,1300.01583297653
f,Preview,Square,normal bandwidth,8,55.44,1300,1300.01583297653
f,Preview,Square,normal bandwidth,8,55.638,1300,1300.01583297653
f,Preview,Square,normal bandwidth,8,55.836,1300,1300.01583297653
f,Preview,Square,normal bandwidth,8,56.034,1300,1300.01583297653
f,Preview,Square,normal bandwidth,8,56.232,1300,1300.01583297653
f,Preview,Square,normal bandwidth,8,56.43,1300,1300.01583297653
f,Preview,Square,normal bandwidth,8,56.628,1300,1300.01583297653
f,Preview,Square,normal bandwidth,8,56.826,1300,1300.01583297653
f,Preview,Square,normal bandwidth,8,57.024,1300,1300.01583297653
f,Preview,Square,normal bandwidth,8,57.222,1300,1300.01583297653
f,Preview,Square,normal bandwidth,8,57.42,1300,1300.01583297653
f,Preview,Square,normal bandwidth,8,57.618,1300,1300.01583297653
f,Preview,Square,normal bandwidth,8,57.816,1300,1300.01583297653
f,Preview,Square,normal bandwidth,8,58.014,1300,1300.01583297653
f,Preview,Square,normal bandwidth,8,58.212,1300,1300.01583297653
f,Preview,Square,normal bandwidth,8,58.41,1300,1300.01583297653
f,Preview,Square,normal bandwidth,8,58.608,1300,1300.01583297653
f,Preview,Square,normal bandwidth,8,58.806,1300,1300.01583297653
f,Preview,Square,normal bandwidth,8,59.004,1300,1300.01583297653
f,Preview,Square,normal bandwidth,8,59.202,1300,1300.01583297653
f,Preview,Square,normal bandwidth,8,59.4,1300,1300.01583297653
f,Preview,Square,normal bandwidth,8,59.598,1300,1300.01583297653
f,Preview,Square,normal bandwidth,8,59.796,1300,1300.01583297653
f,Preview,Square,normal bandwidth,8,59.994,1300,1300.01583297653
f,Preview,Square,normal bandwidth,8,60.192,1300,1300.01583297653
f,Preview,Square,normal bandwidth,8,60.39,1300,1300.01583297653
f,Preview,Square,normal bandwidth,8,60.588,1300,1300.01583297653
f,Preview,Square,normal bandwidth,8,60.786,1300,1300.01583297653
f,Preview,Square,normal bandwidth,8,60.984,1300,1300.01583297653
f,Preview,Square,normal bandwidth,8,61.182,1300,1300.01583297653
f,Preview,Square,normal bandwidth,8,61.38,1300,1300.01583297653
f,Preview,Square,normal bandwidth,8,61.578,1300,1300.01583297653
f,Preview,Square,normal bandwidth,8,61.776,1300,1300.01583297653
f,Preview,Square,normal bandwidth,8,61.974,1300,1300.01583297653
f,Preview,Square,normal bandwidth,8,62.172,1300,1300.01583297653
f,Preview,Square,normal bandwidth,8,62.37,1300,1300.01583297653
f,Preview,Square,normal bandwidth,8,62.568,1300,1300.01583297653
f,Preview,Square,normal bandwidth,8,62.766,1300,1300.01583297653
f,Preview,Square,normal bandwidth,8,62.964,1300,1300.01583297653
f,Preview,Square,normal bandwidth,8,63.162,1300,1300.01583297653
f,Preview,Square,normal bandwidth,8,63.36,1300,1300.01583297653
f,Preview,Square,normal bandwidth,8,63.558,1300,1300.01583297653
f,Preview,Square,normal bandwidth,8,63.756,1300,1300.01583297653
f,Preview,Square,normal bandwidth,8,63.954,1300,1300.01583297653
f,Preview,Square,normal bandwidth,8,64.152,1300,1300.01583297653
f,Preview,Square,normal bandwidth,8,64.35,1300,1300.01583297653
f,Preview,Square,normal bandwidth,8,64.548,1300,1300.01583297653
f,Preview,Square,normal bandwidth,8,64.746,1300,1300.01583297653
f,Preview,Square,normal bandwidth,8,64.944,1300,1300.01583297653
f,Preview,Square,normal bandwidth,8,65.142,1300,1300.01583297653
f,Preview,Square,normal bandwidth,8,65.34,1300,1300.01583297653
f,Preview,Square,normal bandwidth,8,65.538,1300,1300.01583297653
f,Preview,Square,normal bandwidth,8,65.736,1300,1300.01583297653
f,Preview,Square,normal bandwidth,8,65.934,1300,1300.01583297653
f,Preview,Square,normal bandwidth,8,66.132,1300,1300.01583297653
f,Preview,Square,normal bandwidth,8,66.33,1300,1300.01583297653
f,Preview,Square,normal bandwidth,8,66.528,1300,1300.01583297653
f,Preview,Square,normal bandwidth,8,66.726,1300,1300.01583297653
f,Preview,Square,normal bandwidth,8,66.924,1300,1300.01583297653
f,Preview,Square,normal bandwidth,8,67.122,1300,1300.01583297653
f,Preview,Square,normal bandwidth,8,67.32,1300,1300.01583297653
f,Preview,Square,normal bandwidth,8,67.518,1300,1300.01583297653
f,Preview,Square,normal bandwidth,8,67.716,1300,1300.01583297653
f,Preview,Square,normal bandwidth,8,67.914,1300,1300.01583297653
f,Preview,Square,normal bandwidth,8,68.112,1300,1300.01583297653
f,Preview,Square,normal bandwidth,8,68.31,1300,1300.01583297653
f,Preview,Square,normal bandwidth,8,68.508,1300,1300.01583297653
f,Preview,Square,normal bandwidth,8,68.706,1300,1300.01583297653
f,Preview,Square,normal bandwidth,8,68.904,1300,1300.01583297653
f,Preview,Square,normal bandwidth,8,69.102,1300,1300.01583297653
f,Preview,Square,normal bandwidth,8,69.3,1300,1300.01583297653
f,Preview,Square,normal bandwidth,8,69.498,1300,1300.01583297653
f,Preview,Square,normal bandwidth,8,69.696,1300,1300.01583297653
f,Preview,Square,normal bandwidth,8,69.894,1300,1300.01583297653
f,Preview,Square,normal bandwidth,8,70.092,1300,1300.01583297653
f,Preview,Square,normal bandwidth,8,70.29,1300,1300.01583297653
f,Preview,Square,normal bandwidth,8,70.488,1300,1300.01583297653
f,Preview,Square,normal bandwidth,8,70.686,1300,1300.01583297653
f,Preview,Square,normal bandwidth,8,70.884,1300,1300.01583297653
f,Preview,Square,normal bandwidth,8,71.082,1300,1300.01583297653
f,Preview,Square,normal bandwidth,8,71.28,1300,1300.01583297653
f,Preview,Square,normal bandwidth,8,71.478,1300,1300.01583297653
f,Preview,Square,normal bandwidth,8,71.676,1300,1300.01583297653
f,Preview,Square,normal bandwidth,8,71.874,1300,1300.01583297653
f,Preview,Square,normal bandwidth,8,72.072,1300,1300.01583297653
f,Preview,Square,normal bandwidth,8,72.27,1300,1300.01583297653
f,Preview,Square,normal bandwidth,8,72.468,1300,1300.01583297653
f,Preview,Square,normal bandwidth,8,72.666,1300,1300.01583297653
f,Preview,Square,normal bandwidth,8,72.864,1300,1300.01583297653
f,Preview,Square,normal bandwidth,8,73.062,1300,1300.01583297653
f,Preview,Square,normal bandwidth,8,73.26,1300,1300.01583297653
f,Preview,Square,normal bandwidth,8,73.458,1300,1300.01583297653
f,Preview,Square,normal bandwidth,8,73.656,1300,1300.01583297653
f,Preview,Square,normal bandwidth,8,73.854,1300,1300.01583297653
f,Preview,Square,normal bandwidth,8,74.052,1300,1300.01583297653
f,Preview,Square,normal bandwidth,8,74.25,1300,1300.01583297653
f,Preview,Square,normal bandwidth,8,74.448,1300,1300.01583297653
f,Preview,Square,normal bandwidth,8,74.646,1300,1300.01583297653
f,Preview,Square,normal bandwidth,8,74.844,1300,1300.01583297653
f,Preview,Square,normal bandwidth,8,75.042,1300,1300.01583297653
f,Preview,Square,normal bandwidth,8,75.24,1300,1300.01583297653
f,Preview,Square,normal bandwidth,8,75.438,1300,1300.01583297653
f,Preview,Square,normal bandwidth,8,75.636,1300,1300.01583297653
f,Preview,Square,normal bandwidth,8,75.834,1300,1300.01583297653
f,Preview,Square,normal bandwidth,8,76.032,1300,1300.01583297653
f,Preview,Square,normal bandwidth,8,76.23,1300,1300.01583297653
f,Preview,Square,normal bandwidth,8,76.428,1300,1300.01583297653
f,Preview,Square,normal bandwidth,8,76.626,1300,1300.01583297653
f,Preview,Square,normal bandwidth,8,76.824,1300,1300.01583297653
f,Preview,Square,normal bandwidth,8,77.022,1300,1300.01583297653
f,Preview,Square,normal bandwidth,8,77.22,1300,1300.01583297653
f,Preview,Square,normal bandwidth,8,77.418,1300,1300.01583297653
f,Preview,Square,normal bandwidth,8,77.616,1300,1300.01583297653
f,Preview,Square,normal bandwidth,8,77.814,1300,1300.01583297653
f,Preview,Square,normal bandwidth,8,78.012,1300,1300.01583297653
f,Preview,Square,normal bandwidth,8,78.21,1300,1300.01583297653
f,Preview,Square,normal bandwidth,8,78.408,1300,1300.01583297653
f,Preview,Square,normal bandwidth,8,78.606,1300,1300.01583297653
f,Preview,Square,normal bandwidth,8,78.804,1300,1300.01583297653
f,Preview,Square,normal bandwidth,8,79.002,1300,1300.01583297653
f,Preview,Square,normal bandwidth,8,79.2,1300,1300.01583297653
f,Preview,Square,normal bandwidth,8,79.398,1300,1300.01583297653
f,Preview,Square,normal bandwidth,8,79.596,1300,1300.01583297653
f,Preview,Square,normal bandwidth,8,79.794,1300,1300.01583297653
f,Preview,Square,normal bandwidth,8,79.992,1300,1300.01583297653
f,Preview,Square,normal bandwidth,8,80.19,1300,1300.01583297653
f,Preview,Square,normal bandwidth,8,80.388,1300,1300.01583297653
f,Preview,Square,normal bandwidth,8,80.586,1300,1300.01583297653
f,Preview,Square,normal bandwidth,8,80.784,1300,1300.01583297653
f,Preview,Square,normal bandwidth,8,80.982,1300,1300.01583297653
f,Preview,Square,normal bandwidth,8,81.18,1300,1300.01583297653
f,Preview,Square,normal bandwidth,8,81.378,1300,1300.01583297653
f,Preview,Square,normal bandwidth,8,81.576,1300,1300.01583297653
f,Preview,Square,normal bandwidth,8,81.774,1300,1300.01583297653
f,Preview,Square,normal bandwidth,8,81.972,1300,1300.01583297653
f,Preview,Square,normal bandwidth,8,82.17,1300,1300.01583297653
f,Preview,Square,normal bandwidth,8,82.368,1300,1300.01583297653
f,Preview,Square,normal bandwidth,8,82.566,700,704.680778068718
f,Preview,Square,normal bandwidth,8,82.764,700,700.016014160757
f,Preview,Square,normal bandwidth,8,82.962,700,700.015832983569
f,Preview,Square,normal bandwidth,8,83.16,700,700.015832976533
f,Preview,Square,normal bandwidth,8,83.358,700,700.015832976533
f,Preview,Square,normal bandwidth,8,83.556,700,700.015832976533
f,Preview,Square,normal bandwidth,8,83.754,700,700.015832976533
f,Preview,Square,normal bandwidth,8,83.952,700,700.015832976533
f,Preview,Square,normal bandwidth,8,84.15,700,700.015832976533
f,Preview,Square,normal bandwidth,8,84.348,700,700.015832976533
f,Preview,Square,normal bandwidth,8,84.546,700,676.00704208167
f,Preview,Square,normal bandwidth,8,84.744,700,699.970064046743
f,Preview,Square,normal bandwidth,8,84.942,700,699.989165797883
f,Preview,Square,normal bandwidth,8,85.14,700,699.989166674539
f,Preview,Square,normal bandwidth,8,85.338,700,699.989166674578
f,Preview,Square,normal bandwidth,8,85.536,700,699.989166674578
f,Preview,Square,normal bandwidth,8,85.734,700,699.989166674578
f,Preview,Square,normal bandwidth,8,85.932,700,699.989166674578
f,Preview,Square,normal bandwidth,8,86.13,700,699.989166674578
f,Preview,Square,normal bandwidth,8,86.328,700,699.989166674578
f,Preview,Square,normal bandwidth,8,86.526,700,699.594261078734
f,Preview,Square,normal bandwidth,8,86.724,700,700.156412181639
f,Preview,Square,normal bandwidth,8,86.922,700,699.98918785952
f,Preview,Square,normal bandwidth,8,87.12,700,699.989166539849
f,Preview,Square,normal bandwidth,8,87.318,700,699.989166538345
f,Preview,Square,normal bandwidth,8,87.516,700,699.989166538345
f,Preview,Square,normal bandwidth,8,87.714,700,699.989166538345
f,Preview,Square,normal bandwidth,8,87.912,700,699.989166538345
f,Preview,Square,normal bandwidth,8,88.11,700,699.989166538345
f,Preview,Square,normal bandwidth,8,88.308,700,699.989166538345
f,Preview,Square,normal bandwidth,8,88.506,700,699.986632170178
f,Preview,Square,normal bandwidth,8,88.704,700,700.006532236438
f,Preview,Square,normal bandwidth,8,88.902,700,699.988977120133
f,Preview,Square,normal bandwidth,8,89.1,700,699.989166512628
f,Preview,Square,normal bandwidth,8,89.298,700,699.989166538341
f,Preview,Square,normal bandwidth,8,89.496,700,699.989166538342
f,Preview,Square,normal bandwidth,8,89.694,700,699.989166538342
f,Preview,Square,normal bandwidth,8,89.892,700,699.989166538342
f,Preview,Square,normal bandwidth,8,90.09,700,699.989166538342
f,Preview,Square,normal bandwidth,8,90.288,700,699.989166538342
f,Preview,Square,normal bandwidth,8,90.486,700,699.989166538342
f,Preview,Square,normal bandwidth,8,90.684,700,699.989838461285
f,Preview,Square,normal bandwidth,8,90.882,700,699.989369583486
f,Preview,Square,normal bandwidth,8,91.08,700,699.989166679349
f,Preview,Square,normal bandwidth,8,91.278,700,699.989166538367
f,Preview,Square,normal bandwidth,8,91.476,700,699.989166538345
f,Preview,Square,normal bandwidth,8,91.674,700,699.989166538345
f,Preview,Square,normal bandwidth,8,91.872,700,699.989166538345
f,Preview,Square,normal bandwidth,8,92.07,700,699.989166538345
f,Preview,Square,normal bandwidth,8,92.268,700,699.989166538345
f,Preview,Square,normal bandwidth,8,92.466,700,699.989166538345
f,Preview,Square,normal bandwidth,8,92.664,700,699.989184334161
f,Preview,Square,normal bandwidth,8,92.862,700,699.989182677119
f,Preview,Square,normal bandwidth,8,93.06,700,699.98916623614
f,Preview,Square,normal bandwidth,8,93.258,700,699.989166538195
f,Preview,Square,normal bandwidth,8,93.456,700,699.989166538342
f,Preview,Square,normal bandwidth,8,93.654,700,699.989166538342
f,Preview,Square,normal bandwidth,8,93.852,700,699.989166538342
f,Preview,Square,normal bandwidth,8,94.05,700,699.989166538342
f,Preview,Square,normal bandwidth,8,94.248,700,699.989166538342
f,Preview,Square,normal bandwidth,8,94.446,700,699.989166538342
f,Preview,Square,normal bandwidth,8,94.644,700,699.989166954616
f,Preview,Square,normal bandwidth,8,94.842,700,699.989167244584
f,Preview,Square,normal bandwidth,8,95.04,700,699.989166549264
f,Preview,Square,normal bandwidth,8,95.238,700,699.989166538851
f,Preview,Square,normal bandwidth,8,95.436,700,699.989166538345
f,Preview,Square,normal bandwidth,8,95.634,700,699.989166538345
f,Preview,Square,normal bandwidth,8,95.832,700,699.989166538345
f,Preview,Square,normal bandwidth,8,96.03,700,699.989166538345
f,Preview,Square,normal bandwidth,8,96.228,700,699.989166538345
f,Preview,Square,normal bandwidth,8,96.426,700,699.989166538345
f,Preview,Square,normal bandwidth,8,96.624,700,699.989166545912
f,Preview,Square,normal bandwidth,8,96.822,700,699.989166553835
f,Preview,Square,normal bandwidth,8,97.02,700,699.98916653456
f,Preview,Square,normal bandwidth,8,97.218,700,699.989166537681
f,Preview,Square,normal bandwidth,8,97.416,700,699.989166538342
f,Preview,Square,normal bandwidth,8,97.614,700,699.989166538342
f,Preview,Square,normal bandwidth,8,97.812,700,699.989166538342
f,Preview,Square,normal bandwidth,8,98.01,700,699.989166538342
f,Preview,Square,normal bandwidth,8,98.208,700,699.989166538342
f,Preview,Square,normal bandwidth,8,98.406,700,699.989166538342
f,Preview,Square,normal bandwidth,8,98.604,700,699.98916653835
f,Preview,Square,normal bandwidth,8,98.802,700,699.989166537621
f,Preview,Square,normal bandwidth,8,99,700,699.989166537
f,Preview,Square,normal bandwidth,8,99.198,700,699.989166538101
f,Preview,Square,normal bandwidth,8,99.396,700,699.989166538346
f,Preview,Square,normal bandwidth,8,99.594,700,699.989166538345
f,Preview,Square,normal bandwidth,8,99.792,700,699.989166538345
f,Preview,Square,normal bandwidth,8,99.99,700,699.989166538345
f,Preview,Square,normal bandwidth,8,100.188,700,699.989166538345
f,Preview,Square,normal bandwidth,8,100.386,700,699.989166538345
f,Preview,Square,normal bandwidth,8,100.584,700,699.989166538344
f,Preview,Square,normal bandwidth,8,100.782,700,699.989166538322
f,Preview,Square,normal bandwidth,8,100.98,700,699.989166538289
f,Preview,Square,normal bandwidth,8,101.178,700,699.989166538323
f,Preview,Square,normal bandwidth,8,101.376,700,699.989166538344
f,Preview,Square,normal bandwidth,8,101.574,700,699.989166538344
f,Preview,Square,normal bandwidth,8,101.772,700,699.989166538344
f,Preview,Square,normal bandwidth,8,101.97,700,699.989166538344
f,Preview,Square,normal bandwidth,8,102.168,700,699.989166538344
f,Preview,Square,normal bandwidth,8,102.366,700,699.989166538344
f,Preview,Square,normal bandwidth,8,102.564,700,699.989166538344
f,Preview,Square,normal bandwidth,8,102.762,700,699.989166538344
f,Preview,Square,normal bandwidth,8,102.96,700,699.989166538342
f,Preview,Square,normal bandwidth,8,103.158,700,699.989166538343
f,Preview,Square,normal bandwidth,8,103.356,700,699.989166538343
f,Preview,Square,normal bandwidth,8,103.554,700,699.989166538343
f,Preview,Square,normal bandwidth,8,103.752,700,699.989166538343
f,Preview,Square,normal bandwidth,8,103.95,700,699.989166538343
f,Preview,Square,normal bandwidth,8,104.148,700,699.989166538343
f,Preview,Square,normal bandwidth,8,104.346,700,699.989166538343
f,Preview,Square,normal bandwidth,8,104.544,700,699.989166538343
f,Preview,Square,normal bandwidth,8,104.742,700,699.989166538343
f,Preview,Square,normal bandwidth,8,104.94,700,699.989166538343
f,Preview,Square,normal bandwidth,8,105.138,700,699.989166538343
f,Preview,Square,normal bandwidth,8,105.336,700,699.989166538343
f,Preview,Square,normal bandwidth,8,105.534,700,699.989166538343
f,Preview,Square,normal bandwidth,8,105.732,700,699.989166538343
f,Preview,Square,normal bandwidth,8,105.93,700,699.989166538343
f,Preview,Square,normal bandwidth,8,106.128,700,699.989166538343
f,Preview,Square,normal bandwidth,8,106.326,700,699.989166538343
f,Preview,Square,normal bandwidth,8,106.524,700,699.989166538343
f,Preview,Square,normal bandwidth,8,106.722,700,699.989166538343
f,Preview,Square,normal bandwidth,8,106.92,700,699.989166538343
f,Preview,Square,normal bandwidth,8,107.118,700,699.989166538343
f,Preview,Square,normal bandwidth,8,107.316,700,699.989166538343
f,Preview,Square,normal bandwidth,8,107.514,700,699.989166538343
f,Preview,Square,normal bandwidth,8,107.712,700,699.989166538343
f,Preview,Square,normal bandwidth,8,107.91,700,699.989166538343
f,Preview,Square,normal bandwidth,8,108.108,700,699.989166538343
f,Preview,Square,normal bandwidth,8,108.306,700,699.989166538343
f,Preview,Square,normal bandwidth,8,108.504,700,699.989166538343
f,Preview,Square,normal bandwidth,8,108.702,700,699.989166538343
f,Preview,Square,normal bandwidth,8,108.9,700,699.989166538343
f,Preview,Square,normal bandwidth,8,109.098,700,699.989166538343
f,Preview,Square,normal bandwidth,8,109.296,700,699.989166538343
f,Preview,Square,normal bandwidth,8,109.494,700,699.989166538343
f,Preview,Square,normal bandwidth,8,109.692,700,699.989166538343
f,Preview,Square,normal bandwidth,8,109.89,700,699.989166538343
f,Preview,Square,normal bandwidth,8,110.088,700,699.989166538343
f,Preview,Square,normal bandwidth,8,110.286,700,699.989166538343
f,Preview,Square,normal bandwidth,8,110.484,700,699.989166538343
f,Preview,Square,normal bandwidth,8,110.682,700,699.989166538343
f,Preview,Square,normal bandwidth,8,110.88,700,699.989166538343
f,Preview,Square,normal bandwidth,8,111.078,700,699.989166538343
f,Preview,Square,normal bandwidth,8,111.276,700,699.989166538343
f,Preview,Square,normal bandwidth,8,111.474,700,699.989166538343
f,Preview,Square,normal bandwidth,8,111.672,700,699.989166538343
f,Preview,Square,normal bandwidth,8,111.87,700,699.989166538343
f,Preview,Square,normal bandwidth,8,112.068,700,699.989166538343
f,Preview,Square,normal bandwidth,8,112.266,700,699.989166538343
f,Preview,Square,normal bandwidth,8,112.464,700,699.989166538343
f,Preview,Square,normal bandwidth,8,112.662,700,699.989166538343
f,Preview,Square,normal bandwidth,8,112.86,700,699.989166538343
f,Preview,Square,normal bandwidth,8,113.058,700,699.989166538343
f,Preview,Square,normal bandwidth,8,113.256,700,699.989166538343
f,Preview,Square,normal bandwidth,8,113.454,700,699.989166538343
f,Preview,Square,normal bandwidth,8,113.652,700,699.989166538343
f,Preview,Square,normal bandwidth,8,113.85,700,699.989166538343
f,Preview,Square,normal bandwidth,8,114.048,700,699.989166538343
f,Preview,Square,normal bandwidth,8,114.246,700,699.989166538343
f,Preview,Square,normal bandwidth,8,114.444,700,699.989166538343
f,Preview,Square,normal bandwidth,8,114.642,700,699.989166538343
f,Preview,Square,normal bandwidth,8,114.84,700,699.989166538343
f,Preview,Square,normal bandwidth,8,115.038,700,699.989166538343
f,Preview,Square,normal bandwidth,8,115.236,700,699.989166538343
f,Preview,Square,normal bandwidth,8,115.434,700,699.989166538343
f,Preview,Square,normal bandwidth,8,115.632,700,699.989166538343
f,Preview,Square,normal bandwidth,8,115.83,700,699.989166538343
f,Preview,Square,normal bandwidth,8,116.028,700,699.989166538343
f,Preview,Square,normal bandwidth,8,116.226,700,699.989166538343
f,Preview,Square,normal bandwidth,8,116.424,700,699.989166538343
f,Preview,Square,normal bandwidth,8,116.622,700,699.989166538343
f,Preview,Square,normal bandwidth,8,116.82,700,699.989166538343
f,Preview,Square,normal bandwidth,8,117.018,700,699.989166538343
f,Preview,Square,normal bandwidth,8,117.216,700,699.989166538343
f,Preview,Square,normal bandwidth,8,117.414,700,699.989166538343
f,Preview,Square,normal bandwidth,8,117.612,700,699.989166538343
f,Preview,Square,normal bandwidth,8,117.81,700,699.989166538343
f,Preview,Square,normal bandwidth,8,118.008,700,699.989166538343
f,Preview,Square,normal bandwidth,8,118.206,700,699.989166538343
f,Preview,Square,normal bandwidth,8,118.404,700,699.989166538343
f,Preview,Square,normal bandwidth,8,118.602,700,699.989166538343
f,Preview,Square,normal bandwidth,8,118.8,700,699.989166538343
f,Preview,Square,normal bandwidth,8,118.998,700,699.989166538343
f,Preview,Square,normal bandwidth,8,119.196,700,699.989166538343
f,Preview,Square,normal bandwidth,8,119.394,700,699.989166538343
f,Preview,Square,normal bandwidth,8,119.592,700,699.989166538343
f,Preview,Square,normal bandwidth,8,119.79,700,699.989166538343
f,Preview,Square,normal bandwidth,8,119.988,700,699.989166538343
f,Preview,Square,normal bandwidth,8,120.186,700,699.989166538343
f,Preview,Square,normal bandwidth,8,120.384,700,699.989166538343
f,Preview,Square,normal bandwidth,8,120.582,700,699.989166538343
f,Preview,Square,normal bandwidth,8,120.78,700,699.989166538343
f,Preview,Square,normal bandwidth,8,120.978,700,699.989166538343
f,Preview,Square,normal bandwidth,8,121.176,700,699.989166538343
f,Preview,Square,normal bandwidth,8,121.374,700,699.989166538343
f,Preview,Square,normal bandwidth,8,121.572,700,699.989166538343
f,Preview,Square,normal bandwidth,8,121.77,700,699.989166538343
f,Preview,Square,normal bandwidth,8,121.968,700,699.989166538343
f,Preview,Square,normal bandwidth,8,122.166,700,699.989166538343
f,Preview,Square,normal bandwidth,8,122.364,700,699.989166538343
f,Preview,Square,normal bandwidth,8,122.562,700,699.989166538343
f,Preview,Square,normal bandwidth,8,122.76,700,699.989166538343
f,Preview,Square,normal bandwidth,8,122.958,700,699.989166538343
f,Preview,Square,normal bandwidth,8,123.156,700,699.989166538343
f,Preview,Square,normal bandwidth,8,123.354,700,699.989166538343
f,Preview,Square,normal bandwidth,8,123.552,700,699.989166538343
f,Preview,Square,normal bandwidth,8,123.75,700,699.989166538343
f,Preview,Square,normal bandwidth,8,123.948,700,699.989166538343
f,Preview,Square,normal bandwidth,8,124.146,700,699.989166538343
f,Preview,Square,normal bandwidth,8,124.344,700,699.989166538343
f,Preview,Square,normal bandwidth,8,124.542,700,699.989166538343
f,Preview,Square,normal bandwidth,8,124.74,700,699.989166538343
f,Preview,Square,normal bandwidth,8,124.938,700,699.989166538343
f,Preview,Square,normal bandwidth,8,125.136,700,699.989166538343
f,Preview,Square,normal bandwidth,8,125.334,700,699.989166538343
f,Preview,Square,normal bandwidth,8,125.532,700,699.989166538343
f,Preview,Square,normal bandwidth,8,125.73,700,699.989166538343
f,Preview,Square,normal bandwidth,8,125.928,700,699.989166538343
f,Preview,Square,normal bandwidth,8,126.126,700,699.989166538343
f,Preview,Square,normal bandwidth,8,126.324,700,699.989166538343
f,Preview,Square,normal bandwidth,8,126.522,700,699.989166538343
f,Preview,Square,normal bandwidth,8,126.72,700,699.989166538343
f,Preview,Square,normal bandwidth,8,126.918,700,699.989166538343
f,Preview,Square,normal bandwidth,8,127.116,700,699.989166538343
f,Preview,Square,normal bandwidth,8,127.314,700,699.989166538343
f,Preview,Square,normal bandwidth,8,127.512,700,699.989166538343
f,Preview,Square,normal bandwidth,8,127.71,700,699.989166538343
f,Preview,Square,normal bandwidth,8,127.908,700,699.989166538343
f,Preview,Square,normal bandwidth,8,128.106,700,699.989166538343
f,Preview,Square,normal bandwidth,8,128.304,700,699.989166538343
f,Preview,Square,normal bandwidth,8,128.502,700,699.989166538343
f,Preview,Square,normal bandwidth,8,128.7,700,699.989166538343
f,Preview,Square,normal bandwidth,8,128.898,700,699.989166538343
f,Preview,Square,normal bandwidth,8,129.096,700,699.989166538343
f,Preview,Square,normal bandwidth,8,129.294,700,699.989166538343
f,Preview,Square,normal bandwidth,8,129.492,700,699.989166538343
f,Preview,Square,normal bandwidth,8,129.69,700,699.989166538343
f,Preview,Square,normal bandwidth,8,129.888,700,699.989166538343
f,Preview,Square,normal bandwidth,8,130.086,700,699.989166538343
f,Preview,Square,normal bandwidth,8,130.284,700,699.989166538343
f,Preview,Square,normal bandwidth,8,130.482,700,699.989166538343
f,Preview,Square,normal bandwidth,8,130.68,700,699.989166538343
f,Preview,Square,normal bandwidth,8,130.878,700,699.989166538343
f,Preview,Square,normal bandwidth,8,131.076,700,699.989166538343
f,Preview,Square,normal bandwidth,8,131.274,700,699.989166538343
f,Preview,Square,normal bandwidth,8,131.472,700,699.989166538343
f,Preview,Square,normal bandwidth,8,131.67,700,699.989166538343
f,Preview,Square,normal bandwidth,8,131.868,700,699.989166538343
f,Preview,Square,normal bandwidth,8,132.066,700,699.989166538343
f,Preview,Square,normal bandwidth,8,132.264,700,699.989166538343
f,Preview,Square,normal bandwidth,8,132.462,700,699.989166538343
f,Preview,Square,normal bandwidth,8,132.66,700,699.989166538343
f,Preview,Square,normal bandwidth,8,132.858,700,699.989166538343
f,Preview,Square,normal bandwidth,8,133.056,700,699.989166538343
f,Preview,Square,normal bandwidth,8,133.254,700,699.989166538343
f,Preview,Square,normal bandwidth,8,133.452,700,699.989166538343
f,Preview,Square,normal bandwidth,8,133.65,700,699.989166538343
f,Preview,Square,normal bandwidth,8,133.848,700,699.989166538343
f,Preview,Square,normal bandwidth,8,134.046,700,699.989166538343
f,Preview,Square,normal bandwidth,8,134.244,700,699.989166538343
f,Preview,Square,normal bandwidth,8,134.442,700,699.989166538343
f,Preview,Square,normal bandwidth,8,134.64,700,699.989166538343
f,Preview,Square,normal bandwidth,8,134.838,700,699.989166538343
f,Preview,Square,normal bandwidth,8,135.036,700,699.989166538343
f,Preview,Square,normal bandwidth,8,135.234,700,699.989166538343
f,Preview,Square,normal bandwidth,8,135.432,700,699.989166538343
f,Preview,Square,normal bandwidth,8,135.63,700,699.989166538343
f,Preview,Square,normal bandwidth,8,135.828,700,699.989166538343
f,Preview,Square,normal bandwidth,8,136.026,700,699.989166538343
f,Preview,Square,normal bandwidth,8,136.224,700,699.989166538343
f,Preview,Square,normal bandwidth,8,136.422,700,699.989166538343
f,Preview,Square,normal bandwidth,8,136.62,700,699.989166538343
f,Preview,Square,normal bandwidth,8,136.818,700,699.989166538343
f,Preview,Square,normal bandwidth,8,137.016,700,699.989166538343
f,Preview,Square,normal bandwidth,8,137.214,700,699.989166538343
f,Preview,Square,normal bandwidth,8,137.412,700,699.989166538343
f,Preview,Square,normal bandwidth,8,137.61,700,699.989166538343
f,Preview,Square,normal bandwidth,8,137.808,700,699.989166538343
f,Preview,Square,normal bandwidth,8,138.006,700,699.989166538343
f,Preview,Square,normal bandwidth,8,138.204,700,699.989166538343
f,Preview,Square,normal bandwidth,8,138.402,700,699.989166538343
f,Preview,Square,normal bandwidth,8,138.6,700,699.989166538343
f,Preview,Square,normal bandwidth,8,138.798,700,699.989166538343
f,Preview,Square,normal bandwidth,8,138.996,700,699.989166538343
f,Preview,Square,normal bandwidth,8,139.194,700,699.989166538343
f,Preview,Square,normal bandwidth,8,139.392,700,699.989166538343
f,Preview,Square,normal bandwidth,8,139.59,700,699.989166538343
f,Preview,Square,normal bandwidth,8,139.788,700,699.989166538343
f,Preview,Square,normal bandwidth,8,139.986,700,699.989166538343
f,Preview,Square,normal bandwidth,8,140.184,700,699.989166538343
f,Preview,Square,normal bandwidth,8,140.382,700,699.989166538343
f,Preview,Square,normal bandwidth,8,140.58,700,699.989166538343
f,Preview,Square,normal bandwidth,8,140.778,700,699.989166538343
f,Preview,Square,normal bandwidth,8,140.976,700,699.989166538343
f,Preview,Square,normal bandwidth,8,141.174,700,699.989166538343
f,Preview,Square,normal bandwidth,8,141.372,700,699.989166538343
f,Preview,Square,normal bandwidth,8,141.57,700,699.989166538343
f,Preview,Square,normal bandwidth,8,141.768,700,699.989166538343
f,Preview,Square,normal bandwidth,8,141.966,700,699.989166538343
f,Preview,Square,normal bandwidth,8,142.164,700,699.989166538343
f,Preview,Square,normal bandwidth,8,142.362,700,699.989166538343
f,Preview,Square,normal bandwidth,8,142.56,700,699.989166538343
f,Preview,Square,normal bandwidth,8,142.758,700,699.989166538343
f,Preview,Square,normal bandwidth,8,142.956,700,699.989166538343
f,Preview,Square,normal bandwidth,8,143.154,700,699.989166538343
f,Preview,Square,normal bandwidth,8,143.352,700,699.989166538343
f,Preview,Square,normal bandwidth,8,143.55,700,699.989166538343
f,Preview,Square,normal bandwidth,8,143.748,700,699.989166538343
f,Preview,Square,normal bandwidth,8,143.946,700,699.989166538343
f,Preview,Square,normal bandwidth,8,144.144,700,699.989166538343
f,Preview,Square,normal bandwidth,8,144.342,700,699.989166538343
f,Preview,Square,normal bandwidth,8,144.54,700,699.989166538343
f,Preview,Square,normal bandwidth,8,144.738,700,699.989166538343
f,Preview,Square,normal bandwidth,8,144.936,700,699.989166538343
f,Preview,Square,normal bandwidth,8,145.134,1300,1299.88309438465
f,Preview,Square,normal bandwidth,8,145.332,1300,1299.98916241855
f,Preview,Square,normal bandwidth,8,145.53,1300,1299.98916653818
f,Preview,Square,normal bandwidth,8,145.728,1300,1299.98916653834
f,Preview,Square,normal bandwidth,8,145.926,1300,1299.98916653834
f,Preview,Square,normal bandwidth,8,146.124,1300,1299.98916653834
f,Preview,Square,normal bandwidth,8,146.322,1300,1299.98916653834
f,Preview,Square,normal bandwidth,8,146.52,1300,1299.98916653834
f,Preview,Square,normal bandwidth,8,146.718,1300,1299.98916653834
f,Preview,Square,normal bandwidth,8,146.916,1300,1299.98916653834
f,Preview,Square,normal bandwidth,8,147.114,1300,1314.1432296864
f,Preview,Square,normal bandwidth,8,147.312,1300,1300.01748136505
f,Preview,Square,normal bandwidth,8,147.51,1300,1300.01685367441
f,Preview,Square,normal bandwidth,8,147.708,1300,1300.01685364696
f,Preview,Square,normal bandwidth,8,147.906,1300,1300.01685364696
f,Preview,Square,normal bandwidth,8,148.104,1300,1300.01685364696
f,Preview,Square,normal bandwidth,8,148.302,1300,1300.01685364696
f,Preview,Square,normal bandwidth,8,148.5,1300,1300.01685364696
f,Preview,Square,normal bandwidth,8,148.698,1300,1300.01685364696
f,Preview,Square,normal bandwidth,8,148.896,1300,1300.01685364696
f,Preview,Square,normal bandwidth,8,149.094,1300,1300.5798888872
f,Preview,Square,normal bandwidth,8,149.292,1300,1300.00807889618
f,Preview,Square,normal bandwidth,8,149.49,1300,1300.0168529914
f,Preview,Square,normal bandwidth,8,149.688,1300,1300.01685378836
f,Preview,Square,normal bandwidth,8,149.886,1300,1300.01685378841
f,Preview,Square,normal bandwidth,8,150.084,1300,1300.01685378841
f,Preview,Square,normal bandwidth,8,150.282,1300,1300.01685378841
f,Preview,Square,normal bandwidth,8,150.48,1300,1300.01685378841
f,Preview,Square,normal bandwidth,8,150.678,1300,1300.01685378841
f,Preview,Square,normal bandwidth,8,150.876,1300,1300.01685378841
f,Preview,Square,normal bandwidth,8,151.074,1300,1300.02821837687
f,Preview,Square,normal bandwidth,8,151.272,1300,1300.02729422837
f,Preview,Square,normal bandwidth,8,151.47,1300,1300.01686099584
f,Preview,Square,normal bandwidth,8,151.668,1300,1300.0168537893
f,Preview,Square,normal bandwidth,8,151.866,1300,1300.01685378841
f,Preview,Square,normal bandwidth,8,152.064,1300,1300.01685378841
f,Preview,Square,normal bandwidth,8,152.262,1300,1300.01685378841
f,Preview,Square,normal bandwidth,8,152.46,1300,1300.01685378841
f,Preview,Square,normal bandwidth,8,152.658,1300,1300.01685378841
f,Preview,Square,normal bandwidth,8,152.856,1300,1300.01685378841
f,Preview,Square,normal bandwidth,8,153.054,1300,1300.01707664612
f,Preview,Square,normal bandwidth,8,153.252,1300,1300.01745287698
f,Preview,Square,normal bandwidth,8,153.45,1300,1300.01683213261
f,Preview,Square,normal bandwidth,8,153.648,1300,1300.0168537805
f,Preview,Square,normal bandwidth,8,153.846,1300,1300.01685378841
f,Preview,Square,normal bandwidth,8,154.044,1300,1300.01685378841
f,Preview,Square,normal bandwidth,8,154.242,1300,1300.01685378841
f,Preview,Square,normal bandwidth,8,154.44,1300,1300.01685378841
f,Preview,Square,normal bandwidth,8,154.638,1300,1300.01685378841
f,Preview,Square,normal bandwidth,8,154.836,1300,1300.01685378841
f,Preview,Square,normal bandwidth,8,155.034,1300,1300.01685777931
f,Preview,Square,normal bandwidth,8,155.232,1300,1300.01687281662
f,Preview,Square,normal bandwidth,8,155.43,1300,1300.01685301573
f,Preview,Square,normal bandwidth,8,155.628,1300,1300.0168538236
f,Preview,Square,normal bandwidth,8,155.826,1300,1300.01685378842
f,Preview,Square,normal bandwidth,8,156.024,1300,1300.01685378841
f,Preview,Square,normal bandwidth,8,156.222,1300,1300.01685378841
f,Preview,Square,normal bandwidth,8,156.42,1300,1300.01685378841
f,Preview,Square,normal bandwidth,8,156.618,1300,1300.01685378841
f,Preview,Square,normal bandwidth,8,156.816,1300,1300.01685378841
f,Preview,Square,normal bandwidth,8,157.014,1300,1300.01685383721
f,Preview,Square,normal bandwidth,8,157.212,1300,1300.01685393238
f,Preview,Square,normal bandwidth,8,157.41,1300,1300.01685335709
f,Preview,Square,normal bandwidth,8,157.608,1300,1300.01685373007
f,Preview,Square,normal bandwidth,8,157.806,1300,1300.01685378836
f,Preview,Square,normal bandwidth,8,158.004,1300,1300.01685378841
f,Preview,Square,normal bandwidth,8,158.202,1300,1300.01685378841
f,Preview,Square,normal bandwidth,8,158.4,1300,1300.01685378841
f,Preview,Square,normal bandwidth,8,158.598,1300,1300.01685378841
f,Preview,Square,normal bandwidth,8,158.796,1300,1300.01685378841
f,Preview,Square,normal bandwidth,8,158.994,1300,1300.01685378841
f,Preview,Square,normal bandwidth,8,159.192,1300,1300.01685377628
f,Preview,Square,normal bandwidth,8,159.39,1300,1300.01685374915
f,Preview,Square,normal bandwidth,8,159.588,1300,1300.01685377764
f,Preview,Square,normal bandwidth,8,159.786,1300,1300.0168537885
f,Preview,Square,normal bandwidth,8,159.984,1300,1300.01685378841
f,Preview,Square,normal bandwidth,8,160.182,1300,1300.01685378841
f,Preview,Square,normal bandwidth,8,160.38,1300,1300.01685378841
f,Preview,Square,normal bandwidth,8,160.578,1300,1300.01685378841
f,Preview,Square,normal bandwidth,8,160.776,1300,1300.01685378841
f,Preview,Square,normal bandwidth,8,160.974,1300,1300.01685378841
f,Preview,Square,normal bandwidth,8,161.172,1300,1300.01685378813
f,Preview,Square,normal bandwidth,8,161.37,1300,1300.01685378704
f,Preview,Square,normal bandwidth,8,161.568,1300,1300.01685378766
f,Preview,Square,normal bandwidth,8,161.766,1300,1300.01685378839
f,Preview,Square,normal bandwidth,8,161.964,1300,1300.01685378841
f,Preview,Square,normal bandwidth,8,162.162,1300,1300.01685378841
f,Preview,Square,normal bandwidth,8,162.36,1300,1300.01685378841
f,Preview,Square,normal bandwidth,8,162.558,1300,1300.01685378841
f,Preview,Square,normal bandwidth,8,162.756,1300,1300.01685378841
f,Preview,Square,normal bandwidth,8,162.954,1300,1300.01685378841
f,Preview,Square,normal bandwidth,8,163.152,1300,1300.01685378841
f,Preview,Square,normal bandwidth,8,163.35,1300,1300.01685378837
f,Preview,Square,normal bandwidth,8,163.548,1300,1300.01685378838
f,Preview,Square,normal bandwidth,8,163.746,1300,1300.01685378841
f,Preview,Square,normal bandwidth,8,163.944,1300,1300.01685378841
f,Preview,Square,normal bandwidth,8,164.142,1300,1300.01685378841
f,Preview,Square,normal bandwidth,8,164.34,1300,1300.01685378841
f,Preview,Square,normal bandwidth,8,164.538,1300,1300.01685378841
f,Preview,Square,normal bandwidth,8,164.736,1300,1300.01685378841
f,Preview,Square,normal bandwidth,8,164.934,1300,1300.01685378841
f,Preview,Square,normal bandwidth,8,165.132,1300,1300.01685378841
f,Preview,Square,normal bandwidth,8,165.33,1300,1300.01685378841
f,Preview,Square,normal bandwidth,8,165.528,1300,1300.01685378841
f,Preview,Square,normal bandwidth,8,165.726,1300,1300.01685378841
f,Preview,Square,normal bandwidth,8,165.924,1300,1300.01685378841
f,Preview,Square,normal bandwidth,8,166.122,1300,1300.01685378841
f,Preview,Square,normal bandwidth,8,166.32,1300,1300.01685378841
f,Preview,Square,normal bandwidth,8,166.518,1300,1300.01685378841
f,Preview,Square,normal bandwidth,8,166.716,1300,1300.01685378841
f,Preview,Square,normal bandwidth,8,166.914,1300,1300.01685378841
f,Preview,Square,normal bandwidth,8,167.112,1300,1300.01685378841
f,Preview,Square,normal bandwidth,8,167.31,1300,1300.01685378841
f,Preview,Square,normal bandwidth,8,167.508,1300,1300.01685378841
f,Preview,Square,normal bandwidth,8,167.706,1300,1300.01685378841
f,Preview,Square,normal bandwidth,8,167.904,1300,1300.01685378841
f,Preview,Square,normal bandwidth,8,168.102,1300,1300.01685378841
f,Preview,Square,normal bandwidth,8,168.3,1300,1300.01685378841
f,Preview,Square,normal bandwidth,8,168.498,1300,1300.01685378841
f,Preview,Square,normal bandwidth,8,168.696,1300,1300.01685378841
f,Preview,Square,normal bandwidth,8,168.894,1300,1300.01685378841
f,Preview,Square,normal bandwidth,8,169.092,1300,1300.01685378841
f,Preview,Square,normal bandwidth,8,169.29,1300,1300.01685378841
f,Preview,Square,normal bandwidth,8,169.488,1300,1300.01685378841
f,Preview,Square,normal bandwidth,8,169.686,1300,1300.01685378841
f,Preview,Square,normal bandwidth,8,169.884,1300,1300.01685378841
f,Preview,Square,normal bandwidth,8,170.082,1300,1300.01685378841
f,Preview,Square,normal bandwidth,8,170.28,1300,1300.01685378841
f,Preview,Square,normal bandwidth,8,170.478,1300,1300.01685378841
f,Preview,Square,normal bandwidth,8,170.676,1300,1300.01685378841
f,Preview,Square,normal bandwidth,8,170.874,1300,1300.01685378841
f,Preview,Square,normal bandwidth,8,171.072,1300,1300.01685378841
f,Preview,Square,normal bandwidth,8,171.27,1300,1300.01685378841
f,Preview,Square,normal bandwidth,8,171.468,1300,1300.01685378841
f,Preview,Square,normal bandwidth,8,171.666,1300,1300.01685378841
f,Preview,Square,normal bandwidth,8,171.864,1300,1300.01685378841
f,Preview,Square,normal bandwidth,8,172.062,1300,1300.01685378841
f,Preview,Square,normal bandwidth,8,172.26,1300,1300.01685378841
f,Preview,Square,normal bandwidth,8,172.458,1300,1300.01685378841
f,Preview,Square,normal bandwidth,8,172.656,1300,1300.01685378841
f,Preview,Square,normal bandwidth,8,172.854,1300,1300.01685378841
f,Preview,Square,normal bandwidth,8,173.052,1300,1300.01685378841
f,Preview,Square,normal bandwidth,8,173.25,1300,1300.01685378841
f,Preview,Square,normal bandwidth,8,173.448,1300,1300.01685378841
f,Preview,Square,normal bandwidth,8,173.646,1300,1300.01685378841
f,Preview,Square,normal bandwidth,8,173.844,1300,1300.01685378841
f,Preview,Square,normal bandwidth,8,174.042,1300,1300.01685378841
f,Preview,Square,normal bandwidth,8,174.24,1300,1300.01685378841
f,Preview,Square,normal bandwidth,8,174.438,1300,1300.01685378841
f,Preview,Square,normal bandwidth,8,174.636,1300,1300.01685378841
f,Preview,Square,normal bandwidth,8,174.834,1300,1300.01685378841
f,Preview,Square,normal bandwidth,8,175.032,1300,1300.01685378841
f,Preview,Square,normal bandwidth,8,175.23,1300,1300.01685378841
f,Preview,Square,normal bandwidth,8,175.428,1300,1300.01685378841
f,Preview,Square,normal bandwidth,8,175.626,1300,1300.01685378841
f,Preview,Square,normal bandwidth,8,175.824,1300,1300.01685378841
f,Preview,Square,normal bandwidth,8,176.022,1300,1300.01685378841
f,Preview,Square,normal bandwidth,8,176.22,1300,1300.01685378841
f,Preview,Square,normal bandwidth,8,176.418,1300,1300.01685378841
f,Preview,Square,normal bandwidth,8,176.616,1300,1300.01685378841
f,Preview,Square,normal bandwidth,8,176.814,1300,1300.01685378841
f,Preview,Square,normal bandwidth,8,177.012,1300,1300.01685378841
f,Preview,Square,normal bandwidth,8,177.21,1300,1300.01685378841
f,Preview,Square,normal bandwidth,8,177.408,1300,1300.01685378841
f,Preview,Square,normal bandwidth,8,177.606,1300,1300.01685378841
f,Preview,Square,normal bandwidth,8,177.804,1300,1300.01685378841
f,Preview,Square,normal bandwidth,8,178.002,1300,1300.01685378841
f,Preview,Square,normal bandwidth,8,178.2,1300,1300.01685378841
f,Preview,Square,normal bandwidth,8,178.398,1300,1300.01685378841
f,Preview,Square,normal bandwidth,8,178.596,1300,1300.01685378841
f,Preview,Square,normal bandwidth,8,178.794,1300,1300.01685378841
f,Preview,Square,normal bandwidth,8,178.992,1300,1300.01685378841
f,Preview,Square,normal bandwidth,8,179.19,1300,1300.01685378841
f,Preview,Square,normal bandwidth,8,179.388,1300,1300.01685378841
f,Preview,Square,normal bandwidth,8,179.586,1300,1300.01685378841
f,Preview,Square,normal bandwidth,8,179.784,1300,1300.01685378841
f,Preview,Square,normal bandwidth,8,179.982,1300,1300.01685378841
f,Preview,Square,normal bandwidth,8,180.18,1300,1300.01685378841
f,Preview,Square,normal bandwidth,8,180.378,1300,1300.01685378841
f,Preview,Square,normal bandwidth,8,180.576,1300,1300.01685378841
f,Preview,Square,normal bandwidth,8,180.774,1300,1300.01685378841
f,Preview,Square,normal bandwidth,8,180.972,1300,1300.01685378841
f,Preview,Square,normal bandwidth,8,181.17,1300,1300.01685378841
f,Preview,Square,normal bandwidth,8,181.368,1300,1300.01685378841
f,Preview,Square,normal bandwidth,8,181.566,1300,1300.01685378841
f,Preview,Square,normal bandwidth,8,181.764,1300,1300.01685378841
f,Preview,Square,normal bandwidth,8,181.962,1300,1300.01685378841
f,Preview,Square,normal bandwidth,8,182.16,1300,1300.01685378841
f,Preview,Square,normal bandwidth,8,182.358,1300,1300.01685378841
f,Preview,Square,normal bandwidth,8,182.556,1300,1300.01685378841
f,Preview,Square,normal bandwidth,8,182.754,1300,1300.01685378841
f,Preview,Square,normal bandwidth,8,182.952,1300,1300.01685378841
f,Preview,Square,normal bandwidth,8,183.15,1300,1300.01685378841
f,Preview,Square,normal bandwidth,8,183.348,1300,1300.01685378841
f,Preview,Square,normal bandwidth,8,183.546,1300,1300.01685378841
f,Preview,Square,normal bandwidth,8,183.744,1300,1300.01685378841
f,Preview,Square,normal bandwidth,8,183.942,1300,1300.01685378841
f,Preview,Square,normal bandwidth,8,184.14,1300,1300.01685378841
f,Preview,Square,normal bandwidth,8,184.338,1300,1300.01685378841
f,Preview,Square,normal bandwidth,8,184.536,1300,1300.01685378841
f,Preview,Square,normal bandwidth,8,184.734,1300,1300.01685378841
f,Preview,Square,normal bandwidth,8,184.932,1300,1300.01685378841
f,Preview,Square,normal bandwidth,8,185.13,1300,1300.01685378841
f,Preview,Square,normal bandwidth,8,185.328,1300,1300.01685378841
f,Preview,Square,normal bandwidth,8,185.526,1300,1300.01685378841
f,Preview,Square,normal bandwidth,8,185.724,1300,1300.01685378841
f,Preview,Square,normal bandwidth,8,185.922,1300,1300.01685378841
f,Preview,Square,normal bandwidth,8,186.12,1300,1300.01685378841
f,Preview,Square,normal bandwidth,8,186.318,1300,1300.01685378841
f,Preview,Square,normal bandwidth,8,186.516,1300,1300.01685378841
f,Preview,Square,normal bandwidth,8,186.714,1300,1300.01685378841
f,Preview,Square,normal bandwidth,8,186.912,1300,1300.01685378841
f,Preview,Square,normal bandwidth,8,187.11,1300,1300.01685378841
f,Preview,Square,normal bandwidth,8,187.308,1300,1300.01685378841
f,Preview,Square,normal bandwidth,8,187.506,1300,1300.01685378841
f,Preview,Square,normal bandwidth,8,187.704,1300,1300.01685378841
f,Preview,Square,normal bandwidth,8,187.902,1300,1300.01685378841
f,Preview,Square,normal bandwidth,8,188.1,1300,1300.01685378841
f,Preview,Square,normal bandwidth,8,188.298,1300,1300.01685378841
f,Preview,Square,normal bandwidth,8,188.496,1300,1300.01685378841
f,Preview,Square,normal bandwidth,8,188.694,1300,1300.01685378841
f,Preview,Square,normal bandwidth,8,188.892,1300,1300.01685378841
f,Preview,Square,normal bandwidth,8,189.09,1300,1300.01685378841
f,Preview,Square,normal bandwidth,8,189.288,1300,1300.01685378841
f,Preview,Square,normal bandwidth,8,189.486,1300,1300.01685378841
f,Preview,Square,normal bandwidth,8,189.684,1300,1300.01685378841
f,Preview,Square,normal bandwidth,8,189.882,1300,1300.01685378841
f,Preview,Square,normal bandwidth,8,190.08,1300,1300.01685378841
f,Preview,Square,normal bandwidth,8,190.278,1300,1300.01685378841
f,Preview,Square,normal bandwidth,8,190.476,1300,1300.01685378841
f,Preview,Square,normal bandwidth,8,190.674,1300,1300.01685378841
f,Preview,Square,normal bandwidth,8,190.872,1300,1300.01685378841
f,Preview,Square,normal bandwidth,8,191.07,1300,1300.01685378841
f,Preview,Square,normal bandwidth,8,191.268,1300,1300.01685378841
f,Preview,Square,normal bandwidth,8,191.466,1300,1300.01685378841
f,Preview,Square,normal bandwidth,8,191.664,1300,1300.01685378841
f,Preview,Square,normal bandwidth,8,191.862,1300,1300.01685378841
f,Preview,Square,normal bandwidth,8,192.06,1300,1300.01685378841
f,Preview,Square,normal bandwidth,8,192.258,1300,1300.01685378841
f,Preview,Square,normal bandwidth,8,192.456,1300,1300.01685378841
f,Preview,Square,normal bandwidth,8,192.654,1300,1300.01685378841
f,Preview,Square,normal bandwidth,8,192.852,1300,1300.01685378841
f,Preview,Square,normal bandwidth,8,193.05,1300,1300.01685378841
f,Preview,Square,normal bandwidth,8,193.248,1300,1300.01685378841
f,Preview,Square,normal bandwidth,8,193.446,1300,1300.01685378841
f,Preview,Square,normal bandwidth,8,193.644,1300,1300.01685378841
f,Preview,Square,normal bandwidth,8,193.842,1300,1300.01685378841
f,Preview,Square,normal bandwidth,8,194.04,1300,1300.01685378841
f,Preview,Square,normal bandwidth,8,194.238,1300,1300.01685378841
f,Preview,Square,normal bandwidth,8,194.436,1300,1300.01685378841
f,Preview,Square,normal bandwidth,8,194.634,1300,1300.01685378841
f,Preview,Square,normal bandwidth,8,194.832,1300,1300.01685378841
f,Preview,Square,normal bandwidth,8,195.03,1300,1300.01685378841
f,Preview,Square,normal bandwidth,8,195.228,1300,1300.01685378841
f,Preview,Square,normal bandwidth,8,195.426,1300,1300.01685378841
f,Preview,Square,normal bandwidth,8,195.624,1300,1300.01685378841
f,Preview,Square,normal bandwidth,8,195.822,1300,1300.01685378841
f,Preview,Square,normal bandwidth,8,196.02,1300,1300.01685378841
f,Preview,Square,normal bandwidth,8,196.218,1300,1300.01685378841
f,Preview,Square,normal bandwidth,8,196.416,1300,1300.01685378841
f,Preview,Square,normal bandwidth,8,196.614,1300,1300.01685378841
f,Preview,Square,normal bandwidth,8,196.812,1300,1300.01685378841
f,Preview,Square,normal bandwidth,8,197.01,1300,1300.01685378841
f,Preview,Square,normal bandwidth,8,197.208,1300,1300.01685378841
f,Preview,Square,normal bandwidth,8,197.406,1300,1300.01685378841
f,Preview,Square,normal bandwidth,8,197.604,1300,1300.01685378841
f,Preview,Square,normal bandwidth,8,197.802,1300,1300.01685378841
f,Preview,Square,normal bandwidth,8,198,1300,1300.01685378841
f,Preview,Square,normal bandwidth,8,198.198,1300,1300.01685378841
f,Preview,Square,normal bandwidth,8,198.396,1300,1300.01685378841
f,Preview,Square,normal bandwidth,8,198.594,1300,1300.01685378841
f,Preview,Square,normal bandwidth,8,198.792,1300,1300.01685378841
f,Preview,Square,normal bandwidth,8,198.99,1300,1300.01685378841
f,Preview,Square,normal bandwidth,8,199.188,1300,1300.01685378841
f,Preview,Square,normal bandwidth,8,199.386,1300,1300.01685378841
f,Preview,Square,normal bandwidth,8,199.584,1300,1300.01685378841
f,Preview,Square,normal bandwidth,8,199.782,1300,1300.01685378841
f,Preview,Square,normal bandwidth,8,199.98,1300,1300.01685378841
f,Preview,Square,normal bandwidth,8,200.178,1300,1300.01685378841
f,Preview,Square,normal bandwidth,8,200.376,1300,1300.01685378841
f,Preview,Square,normal bandwidth,8,200.574,1300,1300.01685378841
f,Preview,Square,normal bandwidth,8,200.772,1300,1300.01685378841
f,Preview,Square,normal bandwidth,8,200.97,1300,1300.01685378841
f,Preview,Square,normal bandwidth,8,201.168,1300,1300.01685378841
f,Preview,Square,normal bandwidth,8,201.366,1300,1300.01685378841
f,Preview,Square,normal bandwidth,8,201.564,1300,1300.01685378841
f,Preview,Square,normal bandwidth,8,201.762,1300,1300.01685378841
f,Preview,Square,normal bandwidth,8,201.96,1300,1300.01685378841
f,Preview,Square,normal bandwidth,8,202.158,1300,1300.01685378841
f,Preview,Square,normal bandwidth,8,202.356,1300,1300.01685378841
f,Preview,Square,normal bandwidth,8,202.554,1300,1300.01685378841
f,Preview,Square,normal bandwidth,8,202.752,1300,1300.01685378841
f,Preview,Square,normal bandwidth,8,202.95,1300,1300.01685378841
f,Preview,Square,normal bandwidth,8,203.148,1300,1300.01685378841
f,Preview,Square,normal bandwidth,8,203.346,1300,1300.01685378841
f,Preview,Square,normal bandwidth,8,203.544,1300,1300.01685378841
f,Preview,Square,normal bandwidth,8,203.742,1300,1300.01685378841
f,Preview,Square,normal bandwidth,8,203.94,1300,1300.01685378841
f,Preview,Square,normal bandwidth,8,204.138,1300,1300.01685378841
f,Preview,Square,normal bandwidth,8,204.336,1300,1300.01685378841
f,Preview,Square,normal bandwidth,8,204.534,1300,1300.01685378841
f,Preview,Square,normal bandwidth,8,204.732,1300,1300.01685378841
f,Preview,Square,normal bandwidth,8,204.93,1300,1300.01685378841
f,Preview,Square,normal bandwidth,8,205.128,1300,1300.01685378841
f,Preview,Square,normal bandwidth,8,205.326,1300,1300.01685378841
f,Preview,Square,normal bandwidth,8,205.524,1300,1300.01685378841
f,Preview,Square,normal bandwidth,8,205.722,1300,1300.01685378841
f,Preview,Square,normal bandwidth,8,205.92,1300,1300.01685378841
f,Preview,Square,normal bandwidth,8,206.118,1300,1300.01685378841
f,Preview,Square,normal bandwidth,8,206.316,1300,1300.01685378841
f,Preview,Square,normal bandwidth,8,206.514,1300,1300.01685378841
f,Preview,Square,normal bandwidth,8,206.712,1300,1300.01685378841
f,Preview,Square,normal bandwidth,8,206.91,1300,1300.01685378841
f,Preview,Square,normal bandwidth,8,207.108,1300,1300.01685378841
f,Preview,Square,normal bandwidth,8,207.306,1300,1300.01685378841
f,Preview,Square,normal bandwidth,8,207.504,700,1114.60195001684
f,Preview,Square,normal bandwidth,8,207.702,700,700.021211460885
f,Preview,Square,normal bandwidth,8,207.9,700,700.016853957662
f,Preview,Square,normal bandwidth,8,208.098,700,700.016853788419
f,Preview,Square,normal bandwidth,8,208.296,700,700.016853788413
f,Preview,Square,normal bandwidth,8,208.494,700,700.016853788413
f,Preview,Square,normal bandwidth,8,208.692,700,700.016853788413
f,Preview,Square,normal bandwidth,8,208.89,700,700.016853788413
f,Preview,Square,normal bandwidth,8,209.088,700,700.016853788413
f,Preview,Square,normal bandwidth,8,209.286,700,700.016853788413
f,Preview,Square,normal bandwidth,8,209.484,700,700.016853788413
f,Preview,Square,normal bandwidth,8,209.682,700,699.558963546485
f,Preview,Square,normal bandwidth,8,209.88,700,699.990167527577
f,Preview,Square,normal bandwidth,8,210.078,700,699.990187464718
f,Preview,Square,normal bandwidth,8,210.276,700,699.990187465615
f,Preview,Square,normal bandwidth,8,210.474,700,699.990187465615
f,Preview,Square,normal bandwidth,8,210.672,700,699.990187465615
f,Preview,Square,normal bandwidth,8,210.87,700,699.990187465615
f,Preview,Square,normal bandwidth,8,211.068,700,699.990187465615
f,Preview,Square,normal bandwidth,8,211.266,700,699.990187465615
f,Preview,Square,normal bandwidth,8,211.464,700,699.990187465615
f,Preview,Square,normal bandwidth,8,211.662,700,700.485067087397
f,Preview,Square,normal bandwidth,8,211.86,700,699.990533474715
f,Preview,Square,normal bandwidth,8,212.058,700,699.990187357925
f,Preview,Square,normal bandwidth,8,212.256,700,699.990187329383
f,Preview,Square,normal bandwidth,8,212.454,700,699.990187329382
f,Preview,Square,normal bandwidth,8,212.652,700,699.990187329382
f,Preview,Square,normal bandwidth,8,212.85,700,699.990187329382
f,Preview,Square,normal bandwidth,8,213.048,700,699.990187329382
f,Preview,Square,normal bandwidth,8,213.246,700,699.990187329382
f,Preview,Square,normal bandwidth,8,213.444,700,699.990187329382
f,Preview,Square,normal bandwidth,8,213.642,700,700.008364746638
f,Preview,Square,normal bandwidth,8,213.84,700,699.988618772564
f,Preview,Square,normal bandwidth,8,214.038,700,699.990186953659
f,Preview,Square,normal bandwidth,8,214.236,700,699.990187329342
f,Preview,Square,normal bandwidth,8,214.434,700,699.99018732938
f,Preview,Square,normal bandwidth,8,214.632,700,699.99018732938
f,Preview,Square,normal bandwidth,8,214.83,700,699.99018732938
f,Preview,Square,normal bandwidth,8,215.028,700,699.99018732938
f,Preview,Square,normal bandwidth,8,215.226,700,699.99018732938
f,Preview,Square,normal bandwidth,8,215.424,700,699.99018732938
f,Preview,Square,normal bandwidth,8,215.622,700,699.990560894247
f,Preview,Square,normal bandwidth,8,215.82,700,699.990070199842
f,Preview,Square,normal bandwidth,8,216.018,700,699.990189569799
f,Preview,Square,normal bandwidth,8,216.216,700,699.99018732984
f,Preview,Square,normal bandwidth,8,216.414,700,699.990187329382
f,Preview,Square,normal bandwidth,8,216.612,700,699.990187329382
f,Preview,Square,normal bandwidth,8,216.81,700,699.990187329382
f,Preview,Square,normal bandwidth,8,217.008,700,699.990187329382
f,Preview,Square,normal bandwidth,8,217.206,700,699.990187329382
f,Preview,Square,normal bandwidth,8,217.404,700,699.990187329382
f,Preview,Square,normal bandwidth,8,217.602,700,699.990183814512
f,Preview,Square,normal bandwidth,8,217.8,700,699.99015982664
f,Preview,Square,normal bandwidth,8,217.998,700,699.99018322569
f,Preview,Square,normal bandwidth,8,218.196,700,699.990187326741
f,Preview,Square,normal bandwidth,8,218.394,700,699.990187329379
f,Preview,Square,normal bandwidth,8,218.592,700,699.99018732938
f,Preview,Square,normal bandwidth,8,218.79,700,699.99018732938
f,Preview,Square,normal bandwidth,8,218.988,700,699.99018732938
f,Preview,Square,normal bandwidth,8,219.186,700,699.99018732938
f,Preview,Square,normal bandwidth,8,219.384,700,699.99018732938
f,Preview,Square,normal bandwidth,8,219.582,700,699.990187234295
f,Preview,Square,normal bandwidth,8,219.78,700,699.990186403588
f,Preview,Square,normal bandwidth,8,219.978,700,699.990186902415
f,Preview,Square,normal bandwidth,8,220.176,700,699.990187333669
f,Preview,Square,normal bandwidth,8,220.374,700,699.990187329383
f,Preview,Square,normal bandwidth,8,220.572,700,699.990187329382
f,Preview,Square,normal bandwidth,8,220.77,700,699.990187329382
f,Preview,Square,normal bandwidth,8,220.968,700,699.990187329382
f,Preview,Square,normal bandwidth,8,221.166,700,699.990187329382
f,Preview,Square,normal bandwidth,8,221.364,700,699.990187329382
f,Preview,Square,normal bandwidth,8,221.562,700,699.990187327487
f,Preview,Square,normal bandwidth,8,221.76,700,699.990187302118
f,Preview,Square,normal bandwidth,8,221.958,700,699.9901873047
f,Preview,Square,normal bandwidth,8,222.156,700,699.990187328536
f,Preview,Square,normal bandwidth,8,222.354,700,699.990187329375
f,Preview,Square,normal bandwidth,8,222.552,700,699.99018732938
f,Preview,Square,normal bandwidth,8,222.75,700,699.99018732938
f,Preview,Square,normal bandwidth,8,222.948,700,699.99018732938
f,Preview,Square,normal bandwidth,8,223.146,700,699.99018732938
f,Preview,Square,normal bandwidth,8,223.344,700,699.99018732938
f,Preview,Square,normal bandwidth,8,223.542,700,699.990187329345
f,Preview,Square,normal bandwidth,8,223.74,700,699.990187328692
f,Preview,Square,normal bandwidth,8,223.938,700,699.99018732843
f,Preview,Square,normal bandwidth,8,224.136,700,699.990187329303
f,Preview,Square,normal bandwidth,8,224.334,700,699.990187329387
f,Preview,Square,normal bandwidth,8,224.532,700,699.990187329382
f,Preview,Square,normal bandwidth,8,224.73,700,699.990187329382
f,Preview,Square,normal bandwidth,8,224.928,700,699.990187329382
f,Preview,Square,normal bandwidth,8,225.126,700,699.990187329382
f,Preview,Square,normal bandwidth,8,225.324,700,699.990187329382
f,Preview,Square,normal bandwidth,8,225.522,700,699.990187329381
f,Preview,Square,normal bandwidth,8,225.72,700,699.990187329368
f,Preview,Square,normal bandwidth,8,225.918,700,699.990187329367
f,Preview,Square,normal bandwidth,8,226.116,700,699.990187329389
f,Preview,Square,normal bandwidth,8,226.314,700,699.990187329383
f,Preview,Square,normal bandwidth,8,226.512,700,699.990187329381
f,Preview,Square,normal bandwidth,8,226.71,700,699.990187329381
f,Preview,Square,normal bandwidth,8,226.908,700,699.990187329381
f,Preview,Square,normal bandwidth,8,227.106,700,699.990187329381
f,Preview,Square,normal bandwidth,8,227.304,700,699.990187329381
f,Preview,Square,normal bandwidth,8,227.502,700,699.990187329381
f,Preview,Square,normal bandwidth,8,227.7,700,699.990187329381
f,Preview,Square,normal bandwidth,8,227.898,700,699.990187329381
f,Preview,Square,normal bandwidth,8,228.096,700,699.990187329382
f,Preview,Square,normal bandwidth,8,228.294,700,699.99018732938
f,Preview,Square,normal bandwidth,8,228.492,700,699.99018732938
f,Preview,Square,normal bandwidth,8,228.69,700,699.99018732938
f,Preview,Square,normal bandwidth,8,228.888,700,699.99018732938
f,Preview,Square,normal bandwidth,8,229.086,700,699.99018732938
f,Preview,Square,normal bandwidth,8,229.284,700,699.99018732938
f,Preview,Square,normal bandwidth,8,229.482,700,699.99018732938
f,Preview,Square,normal bandwidth,8,229.68,700,699.99018732938
f,Preview,Square,normal bandwidth,8,229.878,700,699.99018732938
f,Preview,Square,normal bandwidth,8,230.076,700,699.99018732938
f,Preview,Square,normal bandwidth,8,230.274,700,699.99018732938
f,Preview,Square,normal bandwidth,8,230.472,700,699.99018732938
f,Preview,Square,normal bandwidth,8,230.67,700,699.99018732938
f,Preview,Square,normal bandwidth,8,230.868,700,699.99018732938
f,Preview,Square,normal bandwidth,8,231.066,700,699.99018732938
f,Preview,Square,normal bandwidth,8,231.264,700,699.99018732938
f,Preview,Square,normal bandwidth,8,231.462,700,699.99018732938
f,Preview,Square,normal bandwidth,8,231.66,700,699.99018732938
f,Preview,Square,normal bandwidth,8,231.858,700,699.99018732938
f,Preview,Square,normal bandwidth,8,232.056,700,699.99018732938
f,Preview,Square,normal bandwidth,8,232.254,700,699.99018732938
f,Preview,Square,normal bandwidth,8,232.452,700,699.99018732938
f,Preview,Square,normal bandwidth,8,232.65,700,699.99018732938
f,Preview,Square,normal bandwidth,8,232.848,700,699.99018732938
f,Preview,Square,normal bandwidth,8,233.046,700,699.99018732938
f,Preview,Square,normal bandwidth,8,233.244,700,699.99018732938
f,Preview,Square,normal bandwidth,8,233.442,700,699.99018732938
f,Preview,Square,normal bandwidth,8,233.64,700,699.99018732938
f,Preview,Square,normal bandwidth,8,233.838,700,699.99018732938
f,Preview,Square,normal bandwidth,8,234.036,700,699.99018732938
f,Preview,Square,normal bandwidth,8,234.234,700,699.99018732938
f,Preview,Square,normal bandwidth,8,234.432,700,699.99018732938
f,Preview,Square,normal bandwidth,8,234.63,700,699.99018732938
f,Preview,Square,normal bandwidth,8,234.828,700,699.99018732938
f,Preview,Square,normal bandwidth,8,235.026,700,699.99018732938
f,Preview,Square,normal bandwidth,8,235.224,700,699.99018732938
f,Preview,Square,normal bandwidth,8,235.422,700,699.99018732938
f,Preview,Square,normal bandwidth,8,235.62,700,699.99018732938
f,Preview,Square,normal bandwidth,8,235.818,700,699.99018732938
f,Preview,Square,normal bandwidth,8,236.016,700,699.99018732938
f,Preview,Square,normal bandwidth,8,236.214,700,699.99018732938
f,Preview,Square,normal bandwidth,8,236.412,700,699.99018732938
f,Preview,Square,normal bandwidth,8,236.61,700,699.99018732938
f,Preview,Square,normal bandwidth,8,236.808,700,699.99018732938
f,Preview,Square,normal bandwidth,8,237.006,700,699.99018732938
f,Preview,Square,normal bandwidth,8,237.204,700,699.99018732938
f,Preview,Square,normal bandwidth,8,237.402,700,699.99018732938
f,Preview,Square,normal bandwidth,8,237.6,700,699.99018732938
f,Preview,Square,normal bandwidth,8,237.798,700,699.99018732938
f,Preview,Square,normal bandwidth,8,237.996,700,699.99018732938
f,Preview,Square,normal bandwidth,8,238.194,700,699.99018732938
f,Preview,Square,normal bandwidth,8,238.392,700,699.99018732938
f,Preview,Square,normal bandwidth,8,238.59,700,699.99018732938
f,Preview,Square,normal bandwidth,8,238.788,700,699.99018732938
f,Preview,Square,normal bandwidth,8,238.986,700,699.99018732938
f,Preview,Square,normal bandwidth,8,239.184,700,699.99018732938
f,Preview,Square,normal bandwidth,8,239.382,700,699.99018732938
f,Preview,Square,normal bandwidth,8,239.58,700,699.99018732938
f,Preview,Square,normal bandwidth,8,239.778,700,699.99018732938
f,Preview,Square,normal bandwidth,8,239.976,700,699.99018732938
f,Preview,Square,normal bandwidth,8,240.174,700,699.99018732938
f,Preview,Square,normal bandwidth,8,240.372,700,699.99018732938
f,Preview,Square,normal bandwidth,8,240.57,700,699.99018732938
f,Preview,Square,normal bandwidth,8,240.768,700,699.99018732938
f,Preview,Square,normal bandwidth,8,240.966,700,699.99018732938
f,Preview,Square,normal bandwidth,8,241.164,700,699.99018732938
f,Preview,Square,normal bandwidth,8,241.362,700,699.99018732938
f,Preview,Square,normal bandwidth,8,241.56,700,699.99018732938
f,Preview,Square,normal bandwidth,8,241.758,700,699.99018732938
f,Preview,Square,normal bandwidth,8,241.956,700,699.99018732938
f,Preview,Square,normal bandwidth,8,242.154,700,699.99018732938
f,Preview,Square,normal bandwidth,8,242.352,700,699.99018732938
f,Preview,Square,normal bandwidth,8,242.55,700,699.99018732938
f,Preview,Square,normal bandwidth,8,242.748,700,699.99018732938
f,Preview,Square,normal bandwidth,8,242.946,700,699.99018732938
f,Preview,Square,normal bandwidth,8,243.144,700,699.99018732938
f,Preview,Square,normal bandwidth,8,243.342,700,699.99018732938
f,Preview,Square,normal bandwidth,8,243.54,700,699.99018732938
f,Preview,Square,normal bandwidth,8,243.738,700,699.99018732938
f,Preview,Square,normal bandwidth,8,243.936,700,699.99018732938
f,Preview,Square,normal bandwidth,8,244.134,700,699.99018732938
f,Preview,Square,normal bandwidth,8,244.332,700,699.99018732938
f,Preview,Square,normal bandwidth,8,244.53,700,699.99018732938
f,Preview,Square,normal bandwidth,8,244.728,700,699.99018732938
f,Preview,Square,normal bandwidth,8,244.926,700,699.99018732938
f,Preview,Square,normal bandwidth,8,245.124,700,699.99018732938
f,Preview,Square,normal bandwidth,8,245.322,700,699.99018732938
f,Preview,Square,normal bandwidth,8,245.52,700,699.99018732938
f,Preview,Square,normal bandwidth,8,245.718,700,699.99018732938
f,Preview,Square,normal bandwidth,8,245.916,700,699.99018732938
f,Preview,Square,normal bandwidth,8,246.114,700,699.99018732938
f,Preview,Square,normal bandwidth,8,246.312,700,699.99018732938
f,Preview,Square,normal bandwidth,8,246.51,700,699.99018732938
f,Preview,Square,normal bandwidth,8,246.708,700,699.99018732938
f,Preview,Square,normal bandwidth,8,246.906,700,699.99018732938
f,Preview,Square,normal bandwidth,8,247.104,700,699.99018732938
f,Preview,Square,normal bandwidth,8,247.302,700,699.99018732938
f,Preview,Square,normal bandwidth,8,247.5,700,699.99018732938
f,Preview,Square,normal bandwidth,8,247.698,700,699.99018732938
f,Preview,Square,normal bandwidth,8,247.896,700,699.99018732938
f,Preview,Square,normal bandwidth,8,248.094,700,699.99018732938
f,Preview,Square,normal bandwidth,8,248.292,700,699.99018732938
f,Preview,Square,normal bandwidth,8,248.49,700,699.99018732938
f,Preview,Square,normal bandwidth,8,248.688,700,699.99018732938
f,Preview,Square,normal bandwidth,8,248.886,700,699.99018732938
f,Preview,Square,normal bandwidth,8,249.084,700,699.99018732938
f,Preview,Square,normal bandwidth,8,249.282,700,699.99018732938
f,Preview,Square,normal bandwidth,8,249.48,700,699.99018732938
f,Preview,Square,normal bandwidth,8,249.678,700,699.99018732938
f,Preview,Square,normal bandwidth,8,249.876,700,699.99018732938
f,Preview,Square,normal bandwidth,8,250.074,700,699.99018732938
f,Preview,Square,normal bandwidth,8,250.272,700,699.99018732938
f,Preview,Square,normal bandwidth,8,250.47,700,699.99018732938
f,Preview,Square,normal bandwidth,8,250.668,700,699.99018732938
f,Preview,Square,normal bandwidth,8,250.866,700,699.99018732938
f,Preview,Square,normal bandwidth,8,251.064,700,699.99018732938
f,Preview,Square,normal bandwidth,8,251.262,700,699.99018732938
f,Preview,Square,normal bandwidth,8,251.46,700,699.99018732938
f,Preview,Square,normal bandwidth,8,251.658,700,699.99018732938
f,Preview,Square,normal bandwidth,8,251.856,700,699.99018732938
f,Preview,Square,normal bandwidth,8,252.054,700,699.99018732938
f,Preview,Square,normal bandwidth,8,252.252,700,699.99018732938
f,Preview,Square,normal bandwidth,8,252.45,700,699.99018732938
f,Preview,Square,normal bandwidth,8,252.648,700,699.99018732938
f,Preview,Square,normal bandwidth,8,252.846,700,699.99018732938
f,Preview,Square,normal bandwidth,8,253.044,700,699.99018732938
f,Preview,Square,normal bandwidth,8,253.242,700,699.99018732938
f,Preview,Square,normal bandwidth,8,253.44,700,699.99018732938
f,Preview,Square,normal bandwidth,8,253.638,700,699.99018732938
f,Preview,Square,normal bandwidth,8,253.836,700,699.99018732938
f,Preview,Square,normal bandwidth,8,254.034,700,699.99018732938
f,Preview,Square,normal bandwidth,8,254.232,700,699.99018732938
f,Preview,Square,normal bandwidth,8,254.43,700,699.99018732938
f,Preview,Square,normal bandwidth,8,254.628,700,699.99018732938
f,Preview,Square,normal bandwidth,8,254.826,700,699.99018732938
f,Preview,Square,normal bandwidth,8,255.024,700,699.99018732938
f,Preview,Square,normal bandwidth,8,255.222,700,699.99018732938
f,Preview,Square,normal bandwidth,8,255.42,700,699.99018732938
f,Preview,Square,normal bandwidth,8,255.618,700,699.99018732938
f,Preview,Square,normal bandwidth,8,255.816,700,699.99018732938
f,Preview,Square,normal bandwidth,8,256.014,700,699.99018732938
f,Preview,Square,normal bandwidth,8,256.212,700,699.99018732938
f,Preview,Square,normal bandwidth,8,256.41,700,699.99018732938
f,Preview,Square,normal bandwidth,8,256.608,700,699.99018732938
f,Preview,Square,normal bandwidth,8,256.806,700,699.99018732938
f,Preview,Square,normal bandwidth,8,257.004,700,699.99018732938
f,Preview,Square,normal bandwidth,8,257.202,700,699.99018732938
f,Preview,Square,normal bandwidth,8,257.4,700,699.99018732938
f,Preview,Square,normal bandwidth,8,257.598,700,699.99018732938
f,Preview,Square,normal bandwidth,8,257.796,700,699.99018732938
f,Preview,Square,normal bandwidth,8,257.994,700,699.99018732938
f,Preview,Square,normal bandwidth,8,258.192,700,699.99018732938
f,Preview,Square,normal bandwidth,8,258.39,700,699.99018732938
f,Preview,Square,normal bandwidth,8,258.588,700,699.99018732938
f,Preview,Square,normal bandwidth,8,258.786,700,699.99018732938
f,Preview,Square,normal bandwidth,8,258.984,700,699.99018732938
f,Preview,Square,normal bandwidth,8,259.182,700,699.99018732938
f,Preview,Square,normal bandwidth,8,259.38,700,699.99018732938
f,Preview,Square,normal bandwidth,8,259.578,700,699.99018732938
f,Preview,Square,normal bandwidth,8,259.776,700,699.99018732938
f,Preview,Square,normal bandwidth,8,259.974,700,699.99018732938
f,Preview,Square,normal bandwidth,8,260.172,700,699.99018732938
f,Preview,Square,normal bandwidth,8,260.37,700,699.99018732938
f,Preview,Square,normal bandwidth,8,260.568,700,699.99018732938
f,Preview,Square,normal bandwidth,8,260.766,700,699.99018732938
f,Preview,Square,normal bandwidth,8,260.964,700,699.99018732938
f,Preview,Square,normal bandwidth,8,261.162,700,699.99018732938
f,Preview,Square,normal bandwidth,8,261.36,700,699.99018732938
f,Preview,Square,normal bandwidth,8,261.558,700,699.99018732938
f,Preview,Square,normal bandwidth,8,261.756,700,699.99018732938
f,Preview,Square,normal bandwidth,8,261.954,700,699.99018732938
f,Preview,Square,normal bandwidth,8,262.152,700,699.99018732938
f,Preview,Square,normal bandwidth,8,262.35,700,699.99018732938
f,Preview,Square,normal bandwidth,8,262.548,700,699.99018732938
f,Preview,Square,normal bandwidth,8,262.746,700,699.99018732938
f,Preview,Square,normal bandwidth,8,262.944,700,699.99018732938
f,Preview,Square,normal bandwidth,8,263.142,700,699.99018732938
f,Preview,Square,normal bandwidth,8,263.34,700,699.99018732938
f,Preview,Square,normal bandwidth,8,263.538,700,699.99018732938
f,Preview,Square,normal bandwidth,8,263.736,700,699.99018732938
f,Preview,Square,normal bandwidth,8,263.934,700,699.99018732938
f,Preview,Square,normal bandwidth,8,264.132,700,699.99018732938
f,Preview,Square,normal bandwidth,8,264.33,700,699.99018732938
f,Preview,Square,normal bandwidth,8,264.528,700,699.99018732938
f,Preview,Square,normal bandwidth,8,264.726,700,699.99018732938
f,Preview,Square,normal bandwidth,8,264.924,700,699.99018732938
f,Preview,Square,normal bandwidth,8,265.122,700,699.99018732938
f,Preview,Square,normal bandwidth,8,265.32,700,699.99018732938
f,Preview,Square,normal bandwidth,8,265.518,700,699.99018732938
f,Preview,Square,normal bandwidth,8,265.716,700,699.99018732938
f,Preview,Square,normal bandwidth,8,265.914,700,699.99018732938
f,Preview,Square,normal bandwidth,8,266.112,700,699.99018732938
f,Preview,Square,normal bandwidth,8,266.31,700,699.99018732938
f,Preview,Square,normal bandwidth,8,266.508,700,699.99018732938
f,Preview,Square,normal bandwidth,8,266.706,700,699.99018732938
f,Preview,Square,normal bandwidth,8,266.904,700,699.99018732938
f,Preview,Square,normal bandwidth,8,267.102,700,699.99018732938
f,Preview,Square,normal bandwidth,8,267.3,700,699.99018732938
f,Preview,Square,normal bandwidth,8,267.498,700,699.99018732938
f,Preview,Square,normal bandwidth,8,267.696,700,699.99018732938
f,Preview,Square,normal bandwidth,8,267.894,700,699.99018732938
f,Preview,Square,normal bandwidth,8,268.092,700,699.99018732938
f,Preview,Square,normal bandwidth,8,268.29,700,699.99018732938
f,Preview,Square,normal bandwidth,8,268.488,700,699.99018732938
f,Preview,Square,normal bandwidth,8,268.686,700,699.99018732938
f,Preview,Square,normal bandwidth,8,268.884,700,699.99018732938
f,Preview,Square,normal bandwidth,8,269.082,700,699.99018732938
f,Preview,Square,normal bandwidth,8,269.28,700,699.99018732938
f,Preview,Square,normal bandwidth,8,269.478,700,699.99018732938
f,Preview,Square,normal bandwidth,8,269.676,700,699.99018732938
f,Preview,Square,normal bandwidth,8,269.874,700,699.99018732938
f,Preview,Square,normal bandwidth,8,270.072,1300,1297.43900845061
f,Preview,Square,normal bandwidth,8,270.27,1300,1299.99008824282
f,Preview,Square,normal bandwidth,8,270.468,1300,1299.99018732553
f,Preview,Square,normal bandwidth,8,270.666,1300,1299.99018732938
f,Preview,Square,normal bandwidth,8,270.864,1300,1299.99018732938
f,Preview,Square,normal bandwidth,8,271.062,1300,1299.99018732938
f,Preview,Square,normal bandwidth,8,271.26,1300,1299.99018732938
f,Preview,Square,normal bandwidth,8,271.458,1300,1299.99018732938
f,Preview,Square,normal bandwidth,8,271.656,1300,1299.99018732938
f,Preview,Square,normal bandwidth,8,271.854,1300,1299.99018732938
f,Preview,Square,normal bandwidth,8,272.052,1300,1325.65274901065
f,Preview,Square,normal bandwidth,8,272.25,1300,1300.03208050006
f,Preview,Square,normal bandwidth,8,272.448,1300,1300.01787504254
f,Preview,Square,normal bandwidth,8,272.646,1300,1300.01787441718
f,Preview,Square,normal bandwidth,8,272.844,1300,1300.01787441716
f,Preview,Square,normal bandwidth,8,273.042,1300,1300.01787441716
f,Preview,Square,normal bandwidth,8,273.24,1300,1300.01787441716
f,Preview,Square,normal bandwidth,8,273.438,1300,1300.01787441716
f,Preview,Square,normal bandwidth,8,273.636,1300,1300.01787441716
f,Preview,Square,normal bandwidth,8,273.834,1300,1300.01787441716
f,Preview,Square,normal bandwidth,8,274.032,1300,1300.46968626682
f,Preview,Square,normal bandwidth,8,274.23,1300,1299.88928526521
f,Preview,Square,normal bandwidth,8,274.428,1300,1300.01785866871
f,Preview,Square,normal bandwidth,8,274.626,1300,1300.01787455751
f,Preview,Square,normal bandwidth,8,274.824,1300,1300.0178745586
f,Preview,Square,normal bandwidth,8,275.022,1300,1300.0178745586
f,Preview,Square,normal bandwidth,8,275.22,1300,1300.0178745586
f,Preview,Square,normal bandwidth,8,275.418,1300,1300.0178745586
f,Preview,Square,normal bandwidth,8,275.616,1300,1300.0178745586
f,Preview,Square,normal bandwidth,8,275.814,1300,1300.0178745586
f,Preview,Square,normal bandwidth,8,276.012,1300,1300.02289119338
f,Preview,Square,normal bandwidth,8,276.21,1300,1300.00761955673
f,Preview,Square,normal bandwidth,8,276.408,1300,1300.01801819332
f,Preview,Square,normal bandwidth,8,276.606,1300,1300.01787457816
f,Preview,Square,normal bandwidth,8,276.804,1300,1300.01787455861
f,Preview,Square,normal bandwidth,8,277.002,1300,1300.01787455861
f,Preview,Square,normal bandwidth,8,277.2,1300,1300.01787455861
f,Preview,Square,normal bandwidth,8,277.398,1300,1300.01787455861
f,Preview,Square,normal bandwidth,8,277.596,1300,1300.01787455861
f,Preview,Square,normal bandwidth,8,277.794,1300,1300.01787455861
f,Preview,Square,normal bandwidth,8,277.992,1300,1300.01787455861
f,Preview,Square,normal bandwidth,8,278.19,1300,1300.01717316019
f,Preview,Square,normal bandwidth,8,278.388,1300,1300.01765975625
f,Preview,Square,normal bandwidth,8,278.586,1300,1300.0178744386
f,Preview,Square,normal bandwidth,8,278.784,1300,1300.01787455859
f,Preview,Square,normal bandwidth,8,278.982,1300,1300.0178745586
f,Preview,Square,normal bandwidth,8,279.18,1300,1300.0178745586
f,Preview,Square,normal bandwidth,8,279.378,1300,1300.0178745586
f,Preview,Square,normal bandwidth,8,279.576,1300,1300.0178745586
f,Preview,Square,normal bandwidth,8,279.774,1300,1300.0178745586
f,Preview,Square,normal bandwidth,8,279.972,1300,1300.0178745586
f,Preview,Square,normal bandwidth,8,280.17,1300,1300.01785582234
f,Preview,Square,normal bandwidth,8,280.368,1300,1300.01785724388
f,Preview,Square,normal bandwidth,8,280.566,1300,1300.01787481824
f,Preview,Square,normal bandwidth,8,280.764,1300,1300.01787455872
f,Preview,Square,normal bandwidth,8,280.962,1300,1300.01787455861
f,Preview,Square,normal bandwidth,8,281.16,1300,1300.01787455861
f,Preview,Square,normal bandwidth,8,281.358,1300,1300.01787455861
f,Preview,Square,normal bandwidth,8,281.556,1300,1300.01787455861
f,Preview,Square,normal bandwidth,8,281.754,1300,1300.01787455861
f,Preview,Square,normal bandwidth,8,281.952,1300,1300.01787455861
f,Preview,Square,normal bandwidth,8,282.15,1300,1300.01787410884
f,Preview,Square,normal bandwidth,8,282.348,1300,1300.01787376195
f,Preview,Square,normal bandwidth,8,282.546,1300,1300.01787452757
f,Preview,Square,normal bandwidth,8,282.744,1300,1300.01787455821
f,Preview,Square,normal bandwidth,8,282.942,1300,1300.0178745586
f,Preview,Square,normal bandwidth,8,283.14,1300,1300.0178745586
f,Preview,Square,normal bandwidth,8,283.338,1300,1300.0178745586
f,Preview,Square,normal bandwidth,8,283.536,1300,1300.0178745586
f,Preview,Square,normal bandwidth,8,283.734,1300,1300.0178745586
f,Preview,Square,normal bandwidth,8,283.932,1300,1300.0178745586
f,Preview,Square,normal bandwidth,8,284.13,1300,1300.01787454958
f,Preview,Square,normal bandwidth,8,284.328,1300,1300.01787453619
f,Preview,Square,normal bandwidth,8,284.526,1300,1300.01787455852
f,Preview,Square,normal bandwidth,8,284.724,1300,1300.01787455913
f,Preview,Square,normal bandwidth,8,284.922,1300,1300.01787455861
f,Preview,Square,normal bandwidth,8,285.12,1300,1300.01787455861
f,Preview,Square,normal bandwidth,8,285.318,1300,1300.01787455861
f,Preview,Square,normal bandwidth,8,285.516,1300,1300.01787455861
f,Preview,Square,normal bandwidth,8,285.714,1300,1300.01787455861
f,Preview,Square,normal bandwidth,8,285.912,1300,1300.01787455861
f,Preview,Square,normal bandwidth,8,286.11,1300,1300.01787455852
f,Preview,Square,normal bandwidth,8,286.308,1300,1300.01787455878
f,Preview,Square,normal bandwidth,8,286.506,1300,1300.0178745595
f,Preview,Square,normal bandwidth,8,286.704,1300,1300.01787455882
f,Preview,Square,normal bandwidth,8,286.902,1300,1300.0178745586
f,Preview,Square,normal bandwidth,8,287.1,1300,1300.0178745586
f,Preview,Square,normal bandwidth,8,287.298,1300,1300.0178745586
f,Preview,Square,normal bandwidth,8,287.496,1300,1300.0178745586
f,Preview,Square,normal bandwidth,8,287.694,1300,1300.0178745586
f,Preview,Square,normal bandwidth,8,287.892,1300,1300.0178745586
f,Preview,Square,normal bandwidth,8,288.09,1300,1300.0178745586
f,Preview,Square,normal bandwidth,8,288.288,1300,1300.01787455863
f,Preview,Square,normal bandwidth,8,288.486,1300,1300.01787455866
f,Preview,Square,normal bandwidth,8,288.684,1300,1300.01787455863
f,Preview,Square,normal bandwidth,8,288.882,1300,1300.0178745586
f,Preview,Square,normal bandwidth,8,289.08,1300,1300.0178745586
f,Preview,Square,normal bandwidth,8,289.278,1300,1300.0178745586
f,Preview,Square,normal bandwidth,8,289.476,1300,1300.0178745586
f,Preview,Square,normal bandwidth,8,289.674,1300,1300.0178745586
f,Preview,Square,normal bandwidth,8,289.872,1300,1300.0178745586
f,Preview,Square,normal bandwidth,8,290.07,1300,1300.0178745586
f,Preview,Square,normal bandwidth,8,290.268,1300,1300.0178745586
f,Preview,Square,normal bandwidth,8,290.466,1300,1300.01787455861
f,Preview,Square,normal bandwidth,8,290.664,1300,1300.01787455861
f,Preview,Square,normal bandwidth,8,290.862,1300,1300.01787455861
f,Preview,Square,normal bandwidth,8,291.06,1300,1300.01787455861
f,Preview,Square,normal bandwidth,8,291.258,1300,1300.01787455861
f,Preview,Square,normal bandwidth,8,291.456,1300,1300.01787455861
f,Preview,Square,normal bandwidth,8,291.654,1300,1300.01787455861
f,Preview,Square,normal bandwidth,8,291.852,1300,1300.01787455861
f,Preview,Square,normal bandwidth,8,292.05,1300,1300.01787455861
f,Preview,Square,normal bandwidth,8,292.248,1300,1300.01787455861
f,Preview,Square,normal bandwidth,8,292.446,1300,1300.01787455861
f,Preview,Square,normal bandwidth,8,292.644,1300,1300.01787455861
f,Preview,Square,normal bandwidth,8,292.842,1300,1300.01787455861
f,Preview,Square,normal bandwidth,8,293.04,1300,1300.01787455861
f,Preview,Square,normal bandwidth,8,293.238,1300,1300.01787455861
f,Preview,Square,normal bandwidth,8,293.436,1300,1300.01787455861
f,Preview,Square,normal bandwidth,8,293.634,1300,1300.01787455861
f,Preview,Square,normal bandwidth,8,293.832,1300,1300.01787455861
f,Preview,Square,normal bandwidth,8,294.03,1300,1300.01787455861
f,Preview,Square,normal bandwidth,8,294.228,1300,1300.01787455861
f,Preview,Square,normal bandwidth,8,294.426,1300,1300.01787455861
f,Preview,Square,normal bandwidth,8,294.624,1300,1300.01787455861
f,Preview,Square,normal bandwidth,8,294.822,1300,1300.01787455861
f,Preview,Square,normal bandwidth,8,295.02,1300,1300.01787455861
f,Preview,Square,normal bandwidth,8,295.218,1300,1300.01787455861
f,Preview,Square,normal bandwidth,8,295.416,1300,1300.01787455861
f,Preview,Square,normal bandwidth,8,295.614,1300,1300.01787455861
f,Preview,Square,normal bandwidth,8,295.812,1300,1300.01787455861
f,Preview,Square,normal bandwidth,8,296.01,1300,1300.01787455861
f,Preview,Square,normal bandwidth,8,296.208,1300,1300.01787455861
f,Preview,Square,normal bandwidth,8,296.406,1300,1300.01787455861
f,Preview,Square,normal bandwidth,8,296.604,1300,1300.01787455861
f,Preview,Square,normal bandwidth,8,296.802,1300,1300.01787455861
f,Preview,Square,normal bandwidth,8,297,1300,1300.01787455861
f,Preview,Square,normal bandwidth,8,297.198,1300,1300.01787455861
f,Preview,Square,normal bandwidth,8,297.396,1300,1300.01787455861
f,Preview,Square,normal bandwidth,8,297.594,1300,1300.01787455861
f,Preview,Square,normal bandwidth,8,297.792,1300,1300.01787455861
f,Preview,Square,normal bandwidth,8,297.99,1300,1300.01787455861
f,Preview,Square,normal bandwidth,8,298.188,1300,1300.01787455861
f,Preview,Square,normal bandwidth,8,298.386,1300,1300.01787455861
f,Preview,Square,normal bandwidth,8,298.584,1300,1300.01787455861
f,Preview,Square,normal bandwidth,8,298.782,1300,1300.01787455861
f,Preview,Square,normal bandwidth,8,298.98,1300,1300.01787455861
f,Preview,Square,normal bandwidth,8,299.178,1300,1300.01787455861
f,Preview,Square,normal bandwidth,8,299.376,1300,1300.01787455861
f,Preview,Square,normal bandwidth,8,299.574,1300,1300.01787455861
f,Preview,Square,normal bandwidth,8,299.772,1300,1300.01787455861
f,Preview,Square,normal bandwidth,8,299.97,1300,1300.01787455861
f,Preview,Square,normal bandwidth,8,300.168,1300,1300.01787455861
f,Preview,Square,normal bandwidth,8,300.366,1300,1300.01787455861
f,Preview,Square,normal bandwidth,8,300.564,1300,1300.01787455861
f,Preview,Square,normal bandwidth,8,300.762,1300,1300.01787455861
f,Preview,Square,normal bandwidth,8,300.96,1300,1300.01787455861
f,Preview,Square,normal bandwidth,8,301.158,1300,1300.01787455861
f,Preview,Square,normal bandwidth,8,301.356,1300,1300.01787455861
f,Preview,Square,normal bandwidth,8,301.554,1300,1300.01787455861
f,Preview,Square,normal bandwidth,8,301.752,1300,1300.01787455861
f,Preview,Square,normal bandwidth,8,301.95,1300,1300.01787455861
f,Preview,Square,normal bandwidth,8,302.148,1300,1300.01787455861
f,Preview,Square,normal bandwidth,8,302.346,1300,1300.01787455861
f,Preview,Square,normal bandwidth,8,302.544,1300,1300.01787455861
f,Preview,Square,normal bandwidth,8,302.742,1300,1300.01787455861
f,Preview,Square,normal bandwidth,8,302.94,1300,1300.01787455861
f,Preview,Square,normal bandwidth,8,303.138,1300,1300.01787455861
f,Preview,Square,normal bandwidth,8,303.336,1300,1300.01787455861
f,Preview,Square,normal bandwidth,8,303.534,1300,1300.01787455861
f,Preview,Square,normal bandwidth,8,303.732,1300,1300.01787455861
f,Preview,Square,normal bandwidth,8,303.93,1300,1300.01787455861
f,Preview,Square,normal bandwidth,8,304.128,1300,1300.01787455861
f,Preview,Square,normal bandwidth,8,304.326,1300,1300.01787455861
f,Preview,Square,normal bandwidth,8,304.524,1300,1300.01787455861
f,Preview,Square,normal bandwidth,8,304.722,1300,1300.01787455861
f,Preview,Square,normal bandwidth,8,304.92,1300,1300.01787455861
f,Preview,Square,normal bandwidth,8,305.118,1300,1300.01787455861
f,Preview,Square,normal bandwidth,8,305.316,1300,1300.01787455861
f,Preview,Square,normal bandwidth,8,305.514,1300,1300.01787455861
f,Preview,Square,normal bandwidth,8,305.712,1300,1300.01787455861
f,Preview,Square,normal bandwidth,8,305.91,1300,1300.01787455861
f,Preview,Square,normal bandwidth,8,306.108,1300,1300.01787455861
f,Preview,Square,normal bandwidth,8,306.306,1300,1300.01787455861
f,Preview,Square,normal bandwidth,8,306.504,1300,1300.01787455861
f,Preview,Square,normal bandwidth,8,306.702,1300,1300.01787455861
f,Preview,Square,normal bandwidth,8,306.9,1300,1300.01787455861
f,Preview,Square,normal bandwidth,8,307.098,1300,1300.01787455861
f,Preview,Square,normal bandwidth,8,307.296,1300,1300.01787455861
f,Preview,Square,normal bandwidth,8,307.494,1300,1300.01787455861
f,Preview,Square,normal bandwidth,8,307.692,1300,1300.01787455861
f,Preview,Square,normal bandwidth,8,307.89,1300,1300.01787455861
f,Preview,Square,normal bandwidth,8,308.088,1300,1300.01787455861
f,Preview,Square,normal bandwidth,8,308.286,1300,1300.01787455861
f,Preview,Square,normal bandwidth,8,308.484,1300,1300.01787455861
f,Preview,Square,normal bandwidth,8,308.682,1300,1300.01787455861
f,Preview,Square,normal bandwidth,8,308.88,1300,1300.01787455861
f,Preview,Square,normal bandwidth,8,309.078,1300,1300.01787455861
f,Preview,Square,normal bandwidth,8,309.276,1300,1300.01787455861
f,Preview,Square,normal bandwidth,8,309.474,1300,1300.01787455861
f,Preview,Square,normal bandwidth,8,309.672,1300,1300.01787455861
f,Preview,Square,normal bandwidth,8,309.87,1300,1300.01787455861
f,Preview,Square,normal bandwidth,8,310.068,1300,1300.01787455861
f,Preview,Square,normal bandwidth,8,310.266,1300,1300.01787455861
f,Preview,Square,normal bandwidth,8,310.464,1300,1300.01787455861
f,Preview,Square,normal bandwidth,8,310.662,1300,1300.01787455861
f,Preview,Square,normal bandwidth,8,310.86,1300,1300.01787455861
f,Preview,Square,normal bandwidth,8,311.058,1300,1300.01787455861
f,Preview,Square,normal bandwidth,8,311.256,1300,1300.01787455861
f,Preview,Square,normal bandwidth,8,311.454,1300,1300.01787455861
f,Preview,Square,normal bandwidth,8,311.652,1300,1300.01787455861
f,Preview,Square,normal bandwidth,8,311.85,1300,1300.01787455861
f,Preview,Square,normal bandwidth,8,312.048,1300,1300.01787455861
f,Preview,Square,normal bandwidth,8,312.246,1300,1300.01787455861
f,Preview,Square,normal bandwidth,8,312.444,1300,1300.01787455861
f,Preview,Square,normal bandwidth,8,312.642,1300,1300.01787455861
f,Preview,Square,normal bandwidth,8,312.84,1300,1300.01787455861
f,Preview,Square,normal bandwidth,8,313.038,1300,1300.01787455861
f,Preview,Square,normal bandwidth,8,313.236,1300,1300.01787455861
f,Preview,Square,normal bandwidth,8,313.434,1300,1300.01787455861
f,Preview,Square,normal bandwidth,8,313.632,1300,1300.01787455861
f,Preview,Square,normal bandwidth,8,313.83,1300,1300.01787455861
f,Preview,Square,normal bandwidth,8,314.028,1300,1300.01787455861
f,Preview,Square,normal bandwidth,8,314.226,1300,1300.01787455861
f,Preview,Square,normal bandwidth,8,314.424,1300,1300.01787455861
f,Preview,Square,normal bandwidth,8,314.622,1300,1300.01787455861
f,Preview,Square,normal bandwidth,8,314.82,1300,1300.01787455861
f,Preview,Square,normal bandwidth,8,315.018,1300,1300.01787455861
f,Preview,Square,normal bandwidth,8,315.216,1300,1300.01787455861
f,Preview,Square,normal bandwidth,8,315.414,1300,1300.01787455861
f,Preview,Square,normal bandwidth,8,315.612,1300,1300.01787455861
f,Preview,Square,normal bandwidth,8,315.81,1300,1300.01787455861
f,Preview,Square,normal bandwidth,8,316.008,1300,1300.01787455861
f,Preview,Square,normal bandwidth,8,316.206,1300,1300.01787455861
f,Preview,Square,normal bandwidth,8,316.404,1300,1300.01787455861
f,Preview,Square,normal bandwidth,8,316.602,1300,1300.01787455861
f,Preview,Square,normal bandwidth,8,316.8,1300,1300.01787455861
f,Preview,Square,normal bandwidth,8,316.998,1300,1300.01787455861
f,Preview,Square,normal bandwidth,8,317.196,1300,1300.01787455861
f,Preview,Square,normal bandwidth,8,317.394,1300,1300.01787455861
f,Preview,Square,normal bandwidth,8,317.592,1300,1300.01787455861
f,Preview,Square,normal bandwidth,8,317.79,1300,1300.01787455861
f,Preview,Square,normal bandwidth,8,317.988,1300,1300.01787455861
f,Preview,Square,normal bandwidth,8,318.186,1300,1300.01787455861
f,Preview,Square,normal bandwidth,8,318.384,1300,1300.01787455861
f,Preview,Square,normal bandwidth,8,318.582,1300,1300.01787455861
f,Preview,Square,normal bandwidth,8,318.78,1300,1300.01787455861
f,Preview,Square,normal bandwidth,8,318.978,1300,1300.01787455861
f,Preview,Square,normal bandwidth,8,319.176,1300,1300.01787455861
f,Preview,Square,normal bandwidth,8,319.374,1300,1300.01787455861
f,Preview,Square,normal bandwidth,8,319.572,1300,1300.01787455861
f,Preview,Square,normal bandwidth,8,319.77,1300,1300.01787455861
f,Preview,Square,normal bandwidth,8,319.968,1300,1300.01787455861
f,Preview,Square,normal bandwidth,8,320.166,1300,1300.01787455861
f,Preview,Square,normal bandwidth,8,320.364,1300,1300.01787455861
f,Preview,Square,normal bandwidth,8,320.562,1300,1300.01787455861
f,Preview,Square,normal bandwidth,8,320.76,1300,1300.01787455861
f,Preview,Square,normal bandwidth,8,320.958,1300,1300.01787455861
f,Preview,Square,normal bandwidth,8,321.156,1300,1300.01787455861
f,Preview,Square,normal bandwidth,8,321.354,1300,1300.01787455861
f,Preview,Square,normal bandwidth,8,321.552,1300,1300.01787455861
f,Preview,Square,normal bandwidth,8,321.75,1300,1300.01787455861
f,Preview,Square,normal bandwidth,8,321.948,1300,1300.01787455861
f,Preview,Square,normal bandwidth,8,322.146,1300,1300.01787455861
f,Preview,Square,normal bandwidth,8,322.344,1300,1300.01787455861
f,Preview,Square,normal bandwidth,8,322.542,1300,1300.01787455861
f,Preview,Square,normal bandwidth,8,322.74,1300,1300.01787455861
f,Preview,Square,normal bandwidth,8,322.938,1300,1300.01787455861
f,Preview,Square,normal bandwidth,8,323.136,1300,1300.01787455861
f,Preview,Square,normal bandwidth,8,323.334,1300,1300.01787455861
f,Preview,Square,normal bandwidth,8,323.532,1300,1300.01787455861
f,Preview,Square,normal bandwidth,8,323.73,1300,1300.01787455861
f,Preview,Square,normal bandwidth,8,323.928,1300,1300.01787455861
f,Preview,Square,normal bandwidth,8,324.126,1300,1300.01787455861
f,Preview,Square,normal bandwidth,8,324.324,1300,1300.01787455861
f,Preview,Square,normal bandwidth,8,324.522,1300,1300.01787455861
f,Preview,Square,normal bandwidth,8,324.72,1300,1300.01787455861
f,Preview,Square,normal bandwidth,8,324.918,1300,1300.01787455861
f,Preview,Square,normal bandwidth,8,325.116,1300,1300.01787455861
f,Preview,Square,normal bandwidth,8,325.314,1300,1300.01787455861
f,Preview,Square,normal bandwidth,8,325.512,1300,1300.01787455861
f,Preview,Square,normal bandwidth,8,325.71,1300,1300.01787455861
f,Preview,Square,normal bandwidth,8,325.908,1300,1300.01787455861
f,Preview,Square,normal bandwidth,8,326.106,1300,1300.01787455861
f,Preview,Square,normal bandwidth,8,326.304,1300,1300.01787455861
f,Preview,Square,normal bandwidth,8,326.502,1300,1300.01787455861
f,Preview,Square,normal bandwidth,8,326.7,1300,1300.01787455861
f,Preview,Square,normal bandwidth,8,326.898,1300,1300.01787455861
f,Preview,Square,normal bandwidth,8,327.096,1300,1300.01787455861
f,Preview,Square,normal bandwidth,8,327.294,1300,1300.01787455861
f,Preview,Square,normal bandwidth,8,327.492,1300,1300.01787455861
f,Preview,Square,normal bandwidth,8,327.69,1300,1300.01787455861
f,Preview,Square,normal bandwidth,8,327.888,1300,1300.01787455861
f,Preview,Square,normal bandwidth,8,328.086,1300,1300.01787455861
f,Preview,Square,normal bandwidth,8,328.284,1300,1300.01787455861
f,Preview,Square,normal bandwidth,8,328.482,1300,1300.01787455861
f,Preview,Square,normal bandwidth,8,328.68,1300,1300.01787455861
f,Preview,Square,normal bandwidth,8,328.878,1300,1300.01787455861
f,Preview,Square,normal bandwidth,8,329.076,1300,1300.01787455861
f,Preview,Square,normal bandwidth,8,329.274,1300,1300.01787455861
f,Preview,Square,normal bandwidth,8,329.472,1300,1300.01787455861
f,Preview,Square,normal bandwidth,8,329.67,1300,1300.01787455861
f,Preview,Square,normal bandwidth,8,329.868,1300,1300.01787455861
f,Preview,Square,normal bandwidth,8,330.066,1300,1300.01787455861
f,Preview,Square,normal bandwidth,8,330.264,1300,1300.01787455861
f,Preview,Square,normal bandwidth,8,330.462,1300,1300.01787455861
f,Preview,Square,normal bandwidth,8,330.66,1300,1300.01787455861
f,Preview,Square,normal bandwidth,8,330.858,1300,1300.01787455861
f,Preview,Square,normal bandwidth,8,331.056,1300,1300.01787455861
f,Preview,Square,normal bandwidth,8,331.254,1300,1300.01787455861
f,Preview,Square,normal bandwidth,8,331.452,1300,1300.01787455861
f,Preview,Square,normal bandwidth,8,331.65,1300,1300.01787455861
f,Preview,Square,normal bandwidth,8,331.848,1300,1300.01787455861
f,Preview,Square,normal bandwidth,8,332.046,1300,1300.01787455861
f,Preview,Square,normal bandwidth,8,332.244,1300,1300.01787455861
f,Preview,Square,normal bandwidth,8,332.442,1300,1300.01787455861
f,Preview,Square,normal bandwidth,8,332.64,700,700.122681195891
f,Preview,Square,normal bandwidth,8,332.838,700,700.017878629246
f,Preview,Square,normal bandwidth,8,333.036,700,700.017874558765
f,Preview,Square,normal bandwidth,8,333.234,700,700.017874558608
f,Preview,Square,normal bandwidth,8,333.432,700,700.017874558608
f,Preview,Square,normal bandwidth,8,333.63,700,700.017874558608
f,Preview,Square,normal bandwidth,8,333.828,700,700.017874558608
f,Preview,Square,normal bandwidth,8,334.026,700,700.017874558608
f,Preview,Square,normal bandwidth,8,334.224,700,700.017874558608
f,Preview,Square,normal bandwidth,8,334.422,700,700.017874558608
f,Preview,Square,normal bandwidth,8,334.62,700,689.98575373919
f,Preview,Square,normal bandwidth,8,334.818,700,699.990741510613
f,Preview,Square,normal bandwidth,8,335.016,700,699.991208193808
f,Preview,Square,normal bandwidth,8,335.214,700,699.991208214967
f,Preview,Square,normal bandwidth,8,335.412,700,699.991208214967
f,Preview,Square,normal bandwidth,8,335.61,700,699.991208214967
f,Preview,Square,normal bandwidth,8,335.808,700,699.991208214967
f,Preview,Square,normal bandwidth,8,336.006,700,699.991208214967
f,Preview,Square,normal bandwidth,8,336.204,700,699.991208214967
f,Preview,Square,normal bandwidth,8,336.402,700,699.991208214967
f,Preview,Square,normal bandwidth,8,336.6,700,699.44776515276
f,Preview,Square,normal bandwidth,8,336.798,700,699.998422221081
f,Preview,Square,normal bandwidth,8,336.996,700,699.991208701093
f,Preview,Square,normal bandwidth,8,337.194,700,699.991208078773
f,Preview,Square,normal bandwidth,8,337.392,700,699.991208078734
f,Preview,Square,normal bandwidth,8,337.59,700,699.991208078734
f,Preview,Square,normal bandwidth,8,337.788,700,699.991208078734
f,Preview,Square,normal bandwidth,8,337.986,700,699.991208078734
f,Preview,Square,normal bandwidth,8,338.184,700,699.991208078734
f,Preview,Square,normal bandwidth,8,338.382,700,699.991208078734
f,Preview,Square,normal bandwidth,8,338.58,700,699.980193534254
f,Preview,Square,normal bandwidth,8,338.778,700,699.980928272569
f,Preview,Square,normal bandwidth,8,338.976,700,699.991202577565
f,Preview,Square,normal bandwidth,8,339.174,700,699.991208078063
f,Preview,Square,normal bandwidth,8,339.372,700,699.991208078731
f,Preview,Square,normal bandwidth,8,339.57,700,699.991208078732
f,Preview,Square,normal bandwidth,8,339.768,700,699.991208078732
f,Preview,Square,normal bandwidth,8,339.966,700,699.991208078732
f,Preview,Square,normal bandwidth,8,340.164,700,699.991208078732
f,Preview,Square,normal bandwidth,8,340.362,700,699.991208078732
f,Preview,Square,normal bandwidth,8,340.56,700,699.990989447722
f,Preview,Square,normal bandwidth,8,340.758,700,699.990604997503
f,Preview,Square,normal bandwidth,8,340.956,700,699.991224500956
f,Preview,Square,normal bandwidth,8,341.154,700,699.991208084549
f,Preview,Square,normal bandwidth,8,341.352,700,699.991208078734
f,Preview,Square,normal bandwidth,8,341.55,700,699.991208078734
f,Preview,Square,normal bandwidth,8,341.748,700,699.991208078734
f,Preview,Square,normal bandwidth,8,341.946,700,699.991208078734
f,Preview,Square,normal bandwidth,8,342.144,700,699.991208078734
f,Preview,Square,normal bandwidth,8,342.342,700,699.991208078734
f,Preview,Square,normal bandwidth,8,342.54,700,699.991204005849
f,Preview,Square,normal bandwidth,8,342.738,700,699.991187251986
f,Preview,Square,normal bandwidth,8,342.936,700,699.991207499572
f,Preview,Square,normal bandwidth,8,343.134,700,699.991208053249
f,Preview,Square,normal bandwidth,8,343.332,700,699.991208078725
f,Preview,Square,normal bandwidth,8,343.53,700,699.991208078732
f,Preview,Square,normal bandwidth,8,343.728,700,699.991208078732
f,Preview,Square,normal bandwidth,8,343.926,700,699.991208078732
f,Preview,Square,normal bandwidth,8,344.124,700,699.991208078732
f,Preview,Square,normal bandwidth,8,344.322,700,699.991208078732
f,Preview,Square,normal bandwidth,8,344.52,700,699.991208018615
f,Preview,Square,normal bandwidth,8,344.718,700,699.99120772513
f,Preview,Square,normal bandwidth,8,344.916,700,699.991208263937
f,Preview,Square,normal bandwidth,8,345.114,700,699.991208120699
f,Preview,Square,normal bandwidth,8,345.312,700,699.991208078771
f,Preview,Square,normal bandwidth,8,345.51,700,699.991208078734
f,Preview,Square,normal bandwidth,8,345.708,700,699.991208078734
f,Preview,Square,normal bandwidth,8,345.906,700,699.991208078734
f,Preview,Square,normal bandwidth,8,346.104,700,699.991208078734
f,Preview,Square,normal bandwidth,8,346.302,700,699.991208078734
f,Preview,Square,normal bandwidth,8,346.5,700,699.991208078734
f,Preview,Square,normal bandwidth,8,346.698,700,699.991208090446
f,Preview,Square,normal bandwidth,8,346.896,700,699.99120811672
f,Preview,Square,normal bandwidth,8,347.094,700,699.991208089223
f,Preview,Square,normal bandwidth,8,347.292,700,699.991208078657
f,Preview,Square,normal bandwidth,8,347.49,700,699.991208078731
f,Preview,Square,normal bandwidth,8,347.688,700,699.991208078732
f,Preview,Square,normal bandwidth,8,347.886,700,699.991208078732
f,Preview,Square,normal bandwidth,8,348.084,700,699.991208078732
f,Preview,Square,normal bandwidth,8,348.282,700,699.991208078732
f,Preview,Square,normal bandwidth,8,348.48,700,699.991208078732
f,Preview,Square,normal bandwidth,8,348.678,700,699.991208079009
f,Preview,Square,normal bandwidth,8,348.876,700,699.991208080069
f,Preview,Square,normal bandwidth,8,349.074,700,699.991208079475
f,Preview,Square,normal bandwidth,8,349.272,700,699.991208078755
f,Preview,Square,normal bandwidth,8,349.47,700,699.991208078734
f,Preview,Square,normal bandwidth,8,349.668,700,699.991208078734
f,Preview,Square,normal bandwidth,8,349.866,700,699.991208078734
f,Preview,Square,normal bandwidth,8,350.064,700,699.991208078734
f,Preview,Square,normal bandwidth,8,350.262,700,699.991208078734
f,Preview,Square,normal bandwidth,8,350.46,700,699.991208078734
f,Preview,Square,normal bandwidth,8,350.658,700,699.991208078738
f,Preview,Square,normal bandwidth,8,350.856,700,699.991208078774
f,Preview,Square,normal bandwidth,8,351.054,700,699.99120807877
f,Preview,Square,normal bandwidth,8,351.252,700,699.991208078736
f,Preview,Square,normal bandwidth,8,351.45,700,699.991208078733
f,Preview,Square,normal bandwidth,8,351.648,700,699.991208078733
f,Preview,Square,normal bandwidth,8,351.846,700,699.991208078733
f,Preview,Square,normal bandwidth,8,352.044,700,699.991208078733
f,Preview,Square,normal bandwidth,8,352.242,700,699.991208078733
f,Preview,Square,normal bandwidth,8,352.44,700,699.991208078733
f,Preview,Square,normal bandwidth,8,352.638,700,699.991208078733
f,Preview,Square,normal bandwidth,8,352.836,700,699.991208078733
f,Preview,Square,normal bandwidth,8,353.034,700,699.991208078734
f,Preview,Square,normal bandwidth,8,353.232,700,699.991208078733
f,Preview,Square,normal bandwidth,8,353.43,700,699.991208078733
f,Preview,Square,normal bandwidth,8,353.628,700,699.991208078733
f,Preview,Square,normal bandwidth,8,353.826,700,699.991208078733
f,Preview,Square,normal bandwidth,8,354.024,700,699.991208078733
f,Preview,Square,normal bandwidth,8,354.222,700,699.991208078733
f,Preview,Square,normal bandwidth,8,354.42,700,699.991208078733
f,Preview,Square,normal bandwidth,8,354.618,700,699.991208078733
f,Preview,Square,normal bandwidth,8,354.816,700,699.991208078733
f,Preview,Square,normal bandwidth,8,355.014,700,699.991208078733
f,Preview,Square,normal bandwidth,8,355.212,700,699.991208078733
f,Preview,Square,normal bandwidth,8,355.41,700,699.991208078733
f,Preview,Square,normal bandwidth,8,355.608,700,699.991208078733
f,Preview,Square,normal bandwidth,8,355.806,700,699.991208078733
f,Preview,Square,normal bandwidth,8,356.004,700,699.991208078733
f,Preview,Square,normal bandwidth,8,356.202,700,699.991208078733
f,Preview,Square,normal bandwidth,8,356.4,700,699.991208078733
f,Preview,Square,normal bandwidth,8,356.598,700,699.991208078733
f,Preview,Square,normal bandwidth,8,356.796,700,699.991208078733
f,Preview,Square,normal bandwidth,8,356.994,700,699.991208078733
f,Preview,Square,normal bandwidth,8,357.192,700,699.991208078733
f,Preview,Square,normal bandwidth,8,357.39,700,699.991208078733
f,Preview,Square,normal bandwidth,8,357.588,700,699.991208078733
f,Preview,Square,normal bandwidth,8,357.786,700,699.991208078733
f,Preview,Square,normal bandwidth,8,357.984,700,699.991208078733
f,Preview,Square,normal bandwidth,8,358.182,700,699.991208078733
f,Preview,Square,normal bandwidth,8,358.38,700,699.991208078733
f,Preview,Square,normal bandwidth,8,358.578,700,699.991208078733
f,Preview,Square,normal bandwidth,8,358.776,700,699.991208078733
f,Preview,Square,normal bandwidth,8,358.974,700,699.991208078733
f,Preview,Square,normal bandwidth,8,359.172,700,699.991208078733
f,Preview,Square,normal bandwidth,8,359.37,700,699.991208078733
f,Preview,Square,normal bandwidth,8,359.568,700,699.991208078733
f,Preview,Square,normal bandwidth,8,359.766,700,699.991208078733
f,Preview,Square,normal bandwidth,8,359.964,700,699.991208078733
f,Preview,Square,normal bandwidth,8,360.162,700,699.991208078733
f,Preview,Square,normal bandwidth,8,360.36,700,699.991208078733
f,Preview,Square,normal bandwidth,8,360.558,700,699.991208078733
f,Preview,Square,normal bandwidth,8,360.756,700,699.991208078733
f,Preview,Square,normal bandwidth,8,360.954,700,699.991208078733
f,Preview,Square,normal bandwidth,8,361.152,700,699.991208078733
f,Preview,Square,normal bandwidth,8,361.35,700,699.991208078733
f,Preview,Square,normal bandwidth,8,361.548,700,699.991208078733
f,Preview,Square,normal bandwidth,8,361.746,700,699.991208078733
f,Preview,Square,normal bandwidth,8,361.944,700,699.991208078733
f,Preview,Square,normal bandwidth,8,362.142,700,699.991208078733
f,Preview,Square,normal bandwidth,8,362.34,700,699.991208078733
f,Preview,Square,normal bandwidth,8,362.538,700,699.991208078733
f,Preview,Square,normal bandwidth,8,362.736,700,699.991208078733
f,Preview,Square,normal bandwidth,8,362.934,700,699.991208078733
f,Preview,Square,normal bandwidth,8,363.132,700,699.991208078733
f,Preview,Square,normal bandwidth,8,363.33,700,699.991208078733
f,Preview,Square,normal bandwidth,8,363.528,700,699.991208078733
f,Preview,Square,normal bandwidth,8,363.726,700,699.991208078733
f,Preview,Square,normal bandwidth,8,363.924,700,699.991208078733
f,Preview,Square,normal bandwidth,8,364.122,700,699.991208078733
f,Preview,Square,normal bandwidth,8,364.32,700,699.991208078733
f,Preview,Square,normal bandwidth,8,364.518,700,699.991208078733
f,Preview,Square,normal bandwidth,8,364.716,700,699.991208078733
f,Preview,Square,normal bandwidth,8,364.914,700,699.991208078733
f,Preview,Square,normal bandwidth,8,365.112,700,699.991208078733
f,Preview,Square,normal bandwidth,8,365.31,700,699.991208078733
f,Preview,Square,normal bandwidth,8,365.508,700,699.991208078733
f,Preview,Square,normal bandwidth,8,365.706,700,699.991208078733
f,Preview,Square,normal bandwidth,8,365.904,700,699.991208078733
f,Preview,Square,normal bandwidth,8,366.102,700,699.991208078733
f,Preview,Square,normal bandwidth,8,366.3,700,699.991208078733
f,Preview,Square,normal bandwidth,8,366.498,700,699.991208078733
f,Preview,Square,normal bandwidth,8,366.696,700,699.991208078733
f,Preview,Square,normal bandwidth,8,366.894,700,699.991208078733
f,Preview,Square,normal bandwidth,8,367.092,700,699.991208078733
f,Preview,Square,normal bandwidth,8,367.29,700,699.991208078733
f,Preview,Square,normal bandwidth,8,367.488,700,699.991208078733
f,Preview,Square,normal bandwidth,8,367.686,700,699.991208078733
f,Preview,Square,normal bandwidth,8,367.884,700,699.991208078733
f,Preview,Square,normal bandwidth,8,368.082,700,699.991208078733
f,Preview,Square,normal bandwidth,8,368.28,700,699.991208078733
f,Preview,Square,normal bandwidth,8,368.478,700,699.991208078733
f,Preview,Square,normal bandwidth,8,368.676,700,699.991208078733
f,Preview,Square,normal bandwidth,8,368.874,700,699.991208078733
f,Preview,Square,normal bandwidth,8,369.072,700,699.991208078733
f,Preview,Square,normal bandwidth,8,369.27,700,699.991208078733
f,Preview,Square,normal bandwidth,8,369.468,700,699.991208078733
f,Preview,Square,normal bandwidth,8,369.666,700,699.991208078733
f,Preview,Square,normal bandwidth,8,369.864,700,699.991208078733
f,Preview,Square,normal bandwidth,8,370.062,700,699.991208078733
f,Preview,Square,normal bandwidth,8,370.26,700,699.991208078733
f,Preview,Square,normal bandwidth,8,370.458,700,699.991208078733
f,Preview,Square,normal bandwidth,8,370.656,700,699.991208078733
f,Preview,Square,normal bandwidth,8,370.854,700,699.991208078733
f,Preview,Square,normal bandwidth,8,371.052,700,699.991208078733
f,Preview,Square,normal bandwidth,8,371.25,700,699.991208078733
f,Preview,Square,normal bandwidth,8,371.448,700,699.991208078733
f,Preview,Square,normal bandwidth,8,371.646,700,699.991208078733
f,Preview,Square,normal bandwidth,8,371.844,700,699.991208078733
f,Preview,Square,normal bandwidth,8,372.042,700,699.991208078733
f,Preview,Square,normal bandwidth,8,372.24,700,699.991208078733
f,Preview,Square,normal bandwidth,8,372.438,700,699.991208078733
f,Preview,Square,normal bandwidth,8,372.636,700,699.991208078733
f,Preview,Square,normal bandwidth,8,372.834,700,699.991208078733
f,Preview,Square,normal bandwidth,8,373.032,700,699.991208078733
f,Preview,Square,normal bandwidth,8,373.23,700,699.991208078733
f,Preview,Square,normal bandwidth,8,373.428,700,699.991208078733
f,Preview,Square,normal bandwidth,8,373.626,700,699.991208078733
f,Preview,Square,normal bandwidth,8,373.824,700,699.991208078733
f,Preview,Square,normal bandwidth,8,374.022,700,699.991208078733
f,Preview,Square,normal bandwidth,8,374.22,700,699.991208078733
f,Preview,Square,normal bandwidth,8,374.418,700,699.991208078733
f,Preview,Square,normal bandwidth,8,374.616,700,699.991208078733
f,Preview,Square,normal bandwidth,8,374.814,700,699.991208078733
f,Preview,Square,normal bandwidth,8,375.012,700,699.991208078733
f,Preview,Square,normal bandwidth,8,375.21,700,699.991208078733
f,Preview,Square,normal bandwidth,8,375.408,700,699.991208078733
f,Preview,Square,normal bandwidth,8,375.606,700,699.991208078733
f,Preview,Square,normal bandwidth,8,375.804,700,699.991208078733
f,Preview,Square,normal bandwidth,8,376.002,700,699.991208078733
f,Preview,Square,normal bandwidth,8,376.2,700,699.991208078733
f,Preview,Square,normal bandwidth,8,376.398,700,699.991208078733
f,Preview,Square,normal bandwidth,8,376.596,700,699.991208078733
f,Preview,Square,normal bandwidth,8,376.794,700,699.991208078733
f,Preview,Square,normal bandwidth,8,376.992,700,699.991208078733
f,Preview,Square,normal bandwidth,8,377.19,700,699.991208078733
f,Preview,Square,normal bandwidth,8,377.388,700,699.991208078733
f,Preview,Square,normal bandwidth,8,377.586,700,699.991208078733
f,Preview,Square,normal bandwidth,8,377.784,700,699.991208078733
f,Preview,Square,normal bandwidth,8,377.982,700,699.991208078733
f,Preview,Square,normal bandwidth,8,378.18,700,699.991208078733
f,Preview,Square,normal bandwidth,8,378.378,700,699.991208078733
f,Preview,Square,normal bandwidth,8,378.576,700,699.991208078733
f,Preview,Square,normal bandwidth,8,378.774,700,699.991208078733
f,Preview,Square,normal bandwidth,8,378.972,700,699.991208078733
f,Preview,Square,normal bandwidth,8,379.17,700,699.991208078733
f,Preview,Square,normal bandwidth,8,379.368,700,699.991208078733
f,Preview,Square,normal bandwidth,8,379.566,700,699.991208078733
f,Preview,Square,normal bandwidth,8,379.764,700,699.991208078733
f,Preview,Square,normal bandwidth,8,379.962,700,699.991208078733
f,Preview,Square,normal bandwidth,8,380.16,700,699.991208078733
f,Preview,Square,normal bandwidth,8,380.358,700,699.991208078733
f,Preview,Square,normal bandwidth,8,380.556,700,699.991208078733
f,Preview,Square,normal bandwidth,8,380.754,700,699.991208078733
f,Preview,Square,normal bandwidth,8,380.952,700,699.991208078733
f,Preview,Square,normal bandwidth,8,381.15,700,699.991208078733
f,Preview,Square,normal bandwidth,8,381.348,700,699.991208078733
f,Preview,Square,normal bandwidth,8,381.546,700,699.991208078733
f,Preview,Square,normal bandwidth,8,381.744,700,699.991208078733
f,Preview,Square,normal bandwidth,8,381.942,700,699.991208078733
f,Preview,Square,normal bandwidth,8,382.14,700,699.991208078733
f,Preview,Square,normal bandwidth,8,382.338,700,699.991208078733
f,Preview,Square,normal bandwidth,8,382.536,700,699.991208078733
f,Preview,Square,normal bandwidth,8,382.734,700,699.991208078733
f,Preview,Square,normal bandwidth,8,382.932,700,699.991208078733
f,Preview,Square,normal bandwidth,8,383.13,700,699.991208078733
f,Preview,Square,normal bandwidth,8,383.328,700,699.991208078733
f,Preview,Square,normal bandwidth,8,383.526,700,699.991208078733
f,Preview,Square,normal bandwidth,8,383.724,700,699.991208078733
f,Preview,Square,normal bandwidth,8,383.922,700,699.991208078733
f,Preview,Square,normal bandwidth,8,384.12,700,699.991208078733
f,Preview,Square,normal bandwidth,8,384.318,700,699.991208078733
f,Preview,Square,normal bandwidth,8,384.516,700,699.991208078733
f,Preview,Square,normal bandwidth,8,384.714,700,699.991208078733
f,Preview,Square,normal bandwidth,8,384.912,700,699.991208078733
f,Preview,Square,normal bandwidth,8,385.11,700,699.991208078733
f,Preview,Square,normal bandwidth,8,385.308,700,699.991208078733
f,Preview,Square,normal bandwidth,8,385.506,700,699.991208078733
f,Preview,Square,normal bandwidth,8,385.704,700,699.991208078733
f,Preview,Square,normal bandwidth,8,385.902,700,699.991208078733
f,Preview,Square,normal bandwidth,8,386.1,700,699.991208078733
f,Preview,Square,normal bandwidth,8,386.298,700,699.991208078733
f,Preview,Square,normal bandwidth,8,386.496,700,699.991208078733
f,Preview,Square,normal bandwidth,8,386.694,700,699.991208078733
f,Preview,Square,normal bandwidth,8,386.892,700,699.991208078733
f,Preview,Square,normal bandwidth,8,387.09,700,699.991208078733
f,Preview,Square,normal bandwidth,8,387.288,700,699.991208078733
f,Preview,Square,normal bandwidth,8,387.486,700,699.991208078733
f,Preview,Square,normal bandwidth,8,387.684,700,699.991208078733
f,Preview,Square,normal bandwidth,8,387.882,700,699.991208078733
f,Preview,Square,normal bandwidth,8,388.08,700,699.991208078733
f,Preview,Square,normal bandwidth,8,388.278,700,699.991208078733
f,Preview,Square,normal bandwidth,8,388.476,700,699.991208078733
f,Preview,Square,normal bandwidth,8,388.674,700,699.991208078733
f,Preview,Square,normal bandwidth,8,388.872,700,699.991208078733
f,Preview,Square,normal bandwidth,8,389.07,700,699.991208078733
f,Preview,Square,normal bandwidth,8,389.268,700,699.991208078733
f,Preview,Square,normal bandwidth,8,389.466,700,699.991208078733
f,Preview,Square,normal bandwidth,8,389.664,700,699.991208078733
f,Preview,Square,normal bandwidth,8,389.862,700,699.991208078733
f,Preview,Square,normal bandwidth,8,390.06,700,699.991208078733
f,Preview,Square,normal bandwidth,8,390.258,700,699.991208078733
f,Preview,Square,normal bandwidth,8,390.456,700,699.991208078733
f,Preview,Square,normal bandwidth,8,390.654,700,699.991208078733
f,Preview,Square,normal bandwidth,8,390.852,700,699.991208078733
f,Preview,Square,normal bandwidth,8,391.05,700,699.991208078733
f,Preview,Square,normal bandwidth,8,391.248,700,699.991208078733
f,Preview,Square,normal bandwidth,8,391.446,700,699.991208078733
f,Preview,Square,normal bandwidth,8,391.644,700,699.991208078733
f,Preview,Square,normal bandwidth,8,391.842,700,699.991208078733
f,Preview,Square,normal bandwidth,8,392.04,700,699.991208078733
f,Preview,Square,normal bandwidth,8,392.238,700,699.991208078733
f,Preview,Square,normal bandwidth,8,392.436,700,699.991208078733
f,Preview,Square,normal bandwidth,8,392.634,700,699.991208078733
f,Preview,Square,normal bandwidth,8,392.832,700,699.991208078733
f,Preview,Square,normal bandwidth,8,393.03,700,699.991208078733
f,Preview,Square,normal bandwidth,8,393.228,700,699.991208078733
f,Preview,Square,normal bandwidth,8,393.426,700,699.991208078733
f,Preview,Square,normal bandwidth,8,393.624,700,699.991208078733
f,Preview,Square,normal bandwidth,8,393.822,700,699.991208078733
f,Preview,Square,normal bandwidth,8,394.02,700,699.991208078733
f,Preview,Square,normal bandwidth,8,394.218,700,699.991208078733
f,Preview,Square,normal bandwidth,8,394.416,700,699.991208078733
f,Preview,Square,normal bandwidth,8,394.614,700,699.991208078733
f,Preview,Square,normal bandwidth,8,394.812,700,699.991208078733
