panel,controller,wave,band,freq_Hz,t_ms,setpoint_nm,displacement_nm
a,PID,Sine,limit bandwidth,45,0,1000,0
a,PID,Sine,limit bandwidth,45,0.0770001673916682,1000,207.14583331632
a,PID,Sine,limit bandwidth,45,0.154000334783336,1000,228.799902572597
a,PID,Sine,limit bandwidth,45,0.231000502175005,1000,243.808412174309
a,PID,Sine,limit bandwidth,45,0.308000669566673,1000,258.89951762239
a,PID,Sine,limit bandwidth,45,0.385000836958341,1000,273.907821844008
a,PID,Sine,limit bandwidth,45,0.462001004350009,1000,288.822337339114
a,PID,Sine,limit bandwidth,45,0.539001171741678,1000,303.837799637175
a,PID,Sine,limit bandwidth,45,0.616001339133346,1000,318.874232128692
a,PID,Sine,limit bandwidth,45,0.693001506525014,1000,333.821609783711
a,PID,Sine,limit bandwidth,45,0.770001673916682,1000,348.767564156863
a,PID,Sine,limit bandwidth,45,0.847001841308351,1000,363.830763831266
a,PID,Sine,limit bandwidth,45,0.924002008700019,1000,378.809361411314
a,PID,Sine,limit bandwidth,45,1.00100217609169,1000,393.689283272621
a,PID,Sine,limit bandwidth,45,1.07800234348336,1000,408.77791177109
a,PID,Sine,limit bandwidth,45,1.15500251087502,1000,423.786168279921
a,PID,Sine,limit bandwidth,45,1.23200267826669,1000,438.700682855949
a,PID,Sine,limit bandwidth,45,1.30900284565836,1000,453.716145136306
a,PID,Sine,limit bandwidth,45,1.38600301305003,1000,468.752577627482
a,PID,Sine,limit bandwidth,45,1.4630031804417,1000,483.699955282495
a,PID,Sine,limit bandwidth,45,1.54000334783336,1000,498.645909655647
a,PID,Sine,limit bandwidth,45,1.61700351522503,1000,513.70910933005
a,PID,Sine,limit bandwidth,45,1.6940036826167,1000,528.687706910097
a,PID,Sine,limit bandwidth,45,1.77100385000837,1000,543.567628771405
a,PID,Sine,limit bandwidth,45,1.84800401740004,1000,558.656257269873
a,PID,Sine,limit bandwidth,45,1.92500418479171,1000,573.664513778704
a,PID,Sine,limit bandwidth,45,2.00200435218337,1000,588.579028354732
a,PID,Sine,limit bandwidth,45,2.07900451957504,1000,603.59449063509
a,PID,Sine,limit bandwidth,45,2.15600468696671,1000,575.359161616422
a,PID,Sine,limit bandwidth,45,2.23300485435838,1000,580.91919969258
a,PID,Sine,limit bandwidth,45,2.31000502175005,1000,589.958658369734
a,PID,Sine,limit bandwidth,45,2.38700518914172,1000,598.707721899494
a,PID,Sine,limit bandwidth,45,2.46400535653338,1000,605.784892104164
a,PID,Sine,limit bandwidth,45,2.54100552392505,1000,612.831120867277
a,PID,Sine,limit bandwidth,45,2.61800569131672,1000,620.609189917731
a,PID,Sine,limit bandwidth,45,2.69500585870839,1000,629.263572894296
a,PID,Sine,limit bandwidth,45,2.77200602610006,1000,635.356941141953
a,PID,Sine,limit bandwidth,45,2.84900619349172,1000,641.474678588823
a,PID,Sine,limit bandwidth,45,2.92600636088339,1000,647.923600623583
a,PID,Sine,limit bandwidth,45,3.00300652827506,1000,655.816023840989
a,PID,Sine,limit bandwidth,45,3.08000669566673,1000,661.394556801565
a,PID,Sine,limit bandwidth,45,3.1570068630584,1000,666.555080396724
a,PID,Sine,limit bandwidth,45,3.23400703045007,1000,671.807529032409
a,PID,Sine,limit bandwidth,45,3.31100719784173,1000,677.932134099316
a,PID,Sine,limit bandwidth,45,3.3880073652334,1000,683.888511702415
a,PID,Sine,limit bandwidth,45,3.46500753262507,1000,688.057044902239
a,PID,Sine,limit bandwidth,45,3.54200770001674,1000,692.202984580286
a,PID,Sine,limit bandwidth,45,3.61900786740841,1000,696.946569375324
a,PID,Sine,limit bandwidth,45,3.69600803480007,1000,702.774120483703
a,PID,Sine,limit bandwidth,45,3.77300820219174,1000,705.972450904702
a,PID,Sine,limit bandwidth,45,3.85000836958341,1000,709.12004574721
a,PID,Sine,limit bandwidth,45,3.92700853697508,1000,712.612769690661
a,PID,Sine,limit bandwidth,45,4.00400870436675,1000,717.481921058602
a,PID,Sine,limit bandwidth,45,4.08100887175842,1000,720.298250611488
a,PID,Sine,limit bandwidth,45,4.15800903915008,1000,722.5260532313
a,PID,Sine,limit bandwidth,45,4.23500920654175,1000,733.039131183714
a,PID,Sine,limit bandwidth,45,4.31200937393342,1000,739.353009199157
a,PID,Sine,limit bandwidth,45,4.38900954132509,1000,744.372546693185
a,PID,Sine,limit bandwidth,45,4.46600970871676,1000,748.337699200913
a,PID,Sine,limit bandwidth,45,4.54300987610843,1000,752.343321913543
a,PID,Sine,limit bandwidth,45,4.62001004350009,1000,756.665784358448
a,PID,Sine,limit bandwidth,45,4.69701021089176,1000,761.649016178093
a,PID,Sine,limit bandwidth,45,4.77401037828343,1000,765.338053722201
a,PID,Sine,limit bandwidth,45,4.8510105456751,1000,769.03753651862
a,PID,Sine,limit bandwidth,45,4.92801071306677,1000,772.997605649494
a,PID,Sine,limit bandwidth,45,5.00501088045844,1000,777.540774774637
a,PID,Sine,limit bandwidth,45,5.0820110478501,1000,781.336885261151
a,PID,Sine,limit bandwidth,45,5.15901121524177,1000,784.883364934586
a,PID,Sine,limit bandwidth,45,5.23601138263344,1000,788.547760449619
a,PID,Sine,limit bandwidth,45,5.31301155002511,1000,792.537247382036
a,PID,Sine,limit bandwidth,45,5.39001171741678,1000,796.578800528835
a,PID,Sine,limit bandwidth,45,5.46701188480845,1000,800.008900348574
a,PID,Sine,limit bandwidth,45,5.54401205220011,1000,803.484856965122
a,PID,Sine,limit bandwidth,45,5.62101221959178,1000,807.138607435036
a,PID,Sine,limit bandwidth,45,5.69801238698345,1000,811.275590964692
a,PID,Sine,limit bandwidth,45,5.77501255437512,1000,814.621361255461
a,PID,Sine,limit bandwidth,45,5.85201272176679,1000,817.995268372639
a,PID,Sine,limit bandwidth,45,5.92901288915845,1000,821.52641843137
a,PID,Sine,limit bandwidth,45,6.00601305655012,1000,825.399863373912
a,PID,Sine,limit bandwidth,45,6.08301322394179,1000,828.930966240731
a,PID,Sine,limit bandwidth,45,6.16001339133346,1000,832.304594482359
a,PID,Sine,limit bandwidth,45,6.23701355872513,1000,835.798291979218
a,PID,Sine,limit bandwidth,45,6.3140137261168,1000,838.41074334989
a,PID,Sine,limit bandwidth,45,6.39101389350846,1000,840.89560814151
a,PID,Sine,limit bandwidth,45,6.46801406090013,1000,843.565142766872
a,PID,Sine,limit bandwidth,45,6.5450142282918,1000,846.282543069846
a,PID,Sine,limit bandwidth,45,6.62201439568347,1000,849.123390915435
a,PID,Sine,limit bandwidth,45,6.69901456307514,1000,852.406282032075
a,PID,Sine,limit bandwidth,45,6.77601473046681,1000,854.915152577773
a,PID,Sine,limit bandwidth,45,6.85301489785847,1000,857.403553688801
a,PID,Sine,limit bandwidth,45,6.93001506525014,1000,859.969138765209
a,PID,Sine,limit bandwidth,45,7.00701523264181,1000,862.88447443189
a,PID,Sine,limit bandwidth,45,7.08401540003348,1000,865.470203855827
a,PID,Sine,limit bandwidth,45,7.16101556742515,1000,867.741782405531
a,PID,Sine,limit bandwidth,45,7.23801573481681,1000,870.09308615918
a,PID,Sine,limit bandwidth,45,7.31501590220848,1000,872.617237656191
a,PID,Sine,limit bandwidth,45,7.39201606960015,1000,875.240460980281
a,PID,Sine,limit bandwidth,45,7.46901623699182,1000,877.34384574038
a,PID,Sine,limit bandwidth,45,7.54601640438349,1000,879.457553843565
a,PID,Sine,limit bandwidth,45,7.62301657177516,1000,881.66020122276
a,PID,Sine,limit bandwidth,45,7.70001673916682,1000,884.245721842722
a,PID,Sine,limit bandwidth,45,7.77701690655849,1000,886.159387225138
a,PID,Sine,limit bandwidth,45,7.85401707395016,1000,888.044161785983
a,PID,Sine,limit bandwidth,45,7.93101724134183,1000,889.963603145102
a,PID,Sine,limit bandwidth,45,8.0080174087335,1000,892.186506272387
a,PID,Sine,limit bandwidth,45,8.08501757612516,1000,894.1709729316
a,PID,Sine,limit bandwidth,45,8.16201774351683,1000,895.826847432345
a,PID,Sine,limit bandwidth,45,8.2390179109085,1000,897.515956372491
a,PID,Sine,limit bandwidth,45,8.31601807830017,1000,899.365807394376
a,PID,Sine,limit bandwidth,45,8.39301824569184,1000,901.349344268404
a,PID,Sine,limit bandwidth,45,8.47001841308351,1000,903.262109046541
a,PID,Sine,limit bandwidth,45,8.54701858047518,1000,904.920959427599
a,PID,Sine,limit bandwidth,45,8.62401874786684,1000,906.636819949507
a,PID,Sine,limit bandwidth,45,8.70101891525851,1000,908.659712603143
a,PID,Sine,limit bandwidth,45,8.77801908265018,1000,910.166088689824
a,PID,Sine,limit bandwidth,45,8.85501925004185,1000,911.660602485712
a,PID,Sine,limit bandwidth,45,8.93201941743352,1000,913.188578145017
a,PID,Sine,limit bandwidth,45,9.00901958482518,1000,914.924017807479
a,PID,Sine,limit bandwidth,45,9.08601975221685,1000,916.54094846586
a,PID,Sine,limit bandwidth,45,9.16301991960852,1000,917.906094989534
a,PID,Sine,limit bandwidth,45,9.24002008700019,1000,919.294832086293
a,PID,Sine,limit bandwidth,45,9.31702025439186,1000,920.812423443585
a,PID,Sine,limit bandwidth,45,9.39402042178352,1000,922.447709735438
a,PID,Sine,limit bandwidth,45,9.47102058917519,1000,923.699805702585
a,PID,Sine,limit bandwidth,45,9.54802075656686,1000,924.988129844058
a,PID,Sine,limit bandwidth,45,9.62502092395853,1000,926.331812591017
a,PID,Sine,limit bandwidth,45,9.7020210913502,1000,927.903155817825
a,PID,Sine,limit bandwidth,45,9.77902125874187,1000,929.110889779701
a,PID,Sine,limit bandwidth,45,9.85602142613353,1000,930.295239330239
a,PID,Sine,limit bandwidth,45,9.9330215935252,1000,931.506509188649
a,PID,Sine,limit bandwidth,45,10.0100217609169,1000,932.859211300924
a,PID,Sine,limit bandwidth,45,10.0870219283085,1000,934.16271594899
a,PID,Sine,limit bandwidth,45,10.1640220957002,1000,935.262609037219
a,PID,Sine,limit bandwidth,45,10.2410222630919,1000,936.373390094193
a,PID,Sine,limit bandwidth,45,10.3180224304835,1000,937.588756863645
a,PID,Sine,limit bandwidth,45,10.3950225978752,1000,938.908281835717
a,PID,Sine,limit bandwidth,45,10.4720227652669,1000,939.942341120091
a,PID,Sine,limit bandwidth,45,10.5490229326585,1000,940.902653578838
a,PID,Sine,limit bandwidth,45,10.6260231000502,1000,941.95910898991
a,PID,Sine,limit bandwidth,45,10.7030232674419,1000,943.188631162068
a,PID,Sine,limit bandwidth,45,10.7800234348336,1000,944.160696011522
a,PID,Sine,limit bandwidth,45,10.8570236022252,1000,945.099206578497
a,PID,Sine,limit bandwidth,45,10.9340237696169,1000,946.054876806734
a,PID,Sine,limit bandwidth,45,11.0110239370086,1000,947.106384846962
a,PID,Sine,limit bandwidth,45,11.0880241044002,1000,948.147884403081
a,PID,Sine,limit bandwidth,45,11.1650242717919,1000,949.010124345138
a,PID,Sine,limit bandwidth,45,11.2420244391836,1000,949.876286432387
a,PID,Sine,limit bandwidth,45,11.3190246065752,1000,950.811261925753
a,PID,Sine,limit bandwidth,45,11.3960247739669,1000,951.853535396011
a,PID,Sine,limit bandwidth,45,11.4730249413586,1000,952.646474118638
a,PID,Sine,limit bandwidth,45,11.5500251087502,1000,953.443010491639
a,PID,Sine,limit bandwidth,45,11.6270252761419,1000,954.282126013443
a,PID,Sine,limit bandwidth,45,11.7040254435336,1000,955.244965368468
a,PID,Sine,limit bandwidth,45,11.7810256109252,1000,956.02438732461
a,PID,Sine,limit bandwidth,45,11.8580257783169,1000,956.766808539238
a,PID,Sine,limit bandwidth,45,11.9350259457086,1000,957.520659142124
a,PID,Sine,limit bandwidth,45,12.0120261131002,1000,958.345338051713
a,PID,Sine,limit bandwidth,45,12.0890262804919,1000,959.171223959214
a,PID,Sine,limit bandwidth,45,12.1660264478836,1000,959.850206125415
a,PID,Sine,limit bandwidth,45,12.2430266152752,1000,960.530325962565
a,PID,Sine,limit bandwidth,45,12.3200267826669,1000,961.254933942437
a,PID,Sine,limit bandwidth,45,12.3970269500586,1000,962.082141701231
a,PID,Sine,limit bandwidth,45,12.4740271174503,1000,962.70079864957
a,PID,Sine,limit bandwidth,45,12.5510272848419,1000,963.313951055295
a,PID,Sine,limit bandwidth,45,12.6280274522336,1000,963.980588645969
a,PID,Sine,limit bandwidth,45,12.7050276196253,1000,964.735071785265
a,PID,Sine,limit bandwidth,45,12.7820277870169,1000,965.361846868945
a,PID,Sine,limit bandwidth,45,12.8590279544086,1000,965.940564708387
a,PID,Sine,limit bandwidth,45,12.9360281218003,1000,966.533293053913
a,PID,Sine,limit bandwidth,45,13.0130282891919,1000,967.179060908035
a,PID,Sine,limit bandwidth,45,13.0900284565836,1000,967.832924766838
a,PID,Sine,limit bandwidth,45,13.1670286239753,1000,968.368931321206
a,PID,Sine,limit bandwidth,45,13.2440287913669,1000,968.906156884733
a,PID,Sine,limit bandwidth,45,13.3210289587586,1000,969.472011526736
a,PID,Sine,limit bandwidth,45,13.3980291261503,1000,970.130457804544
a,PID,Sine,limit bandwidth,45,13.4750292935419,1000,970.622772646344
a,PID,Sine,limit bandwidth,45,13.5520294609336,1000,971.112005126275
a,PID,Sine,limit bandwidth,45,13.6290296283253,1000,971.62459758044
a,PID,Sine,limit bandwidth,45,13.7060297957169,1000,972.211176789438
a,PID,Sine,limit bandwidth,45,13.7830299631086,1000,972.714099146503
a,PID,Sine,limit bandwidth,45,13.8600301305003,1000,973.165582422887
a,PID,Sine,limit bandwidth,45,13.937030297892,1000,973.631730557251
a,PID,Sine,limit bandwidth,45,14.0140304652836,1000,974.137445332098
a,PID,Sine,limit bandwidth,45,14.0910306326753,1000,974.654880374091
a,PID,Sine,limit bandwidth,45,14.168030800067,1000,975.077569145325
a,PID,Sine,limit bandwidth,45,14.2450309674586,1000,975.501134301286
a,PID,Sine,limit bandwidth,45,14.3220311348503,1000,975.94603311295
a,PID,Sine,limit bandwidth,45,14.399031302242,1000,976.465364586599
a,PID,Sine,limit bandwidth,45,14.4760314696336,1000,976.854969260914
a,PID,Sine,limit bandwidth,45,14.5530316370253,1000,977.242464393403
a,PID,Sine,limit bandwidth,45,14.630031804417,1000,977.643998830386
a,PID,Sine,limit bandwidth,45,14.7070319718086,1000,978.102481846916
a,PID,Sine,limit bandwidth,45,14.7840321392003,1000,978.50489037686
a,PID,Sine,limit bandwidth,45,14.861032306592,1000,978.858097773545
a,PID,Sine,limit bandwidth,45,14.9380324739836,1000,979.22553409483
a,PID,Sine,limit bandwidth,45,15.0150326413753,1000,979.62223200562
a,PID,Sine,limit bandwidth,45,15.092032808767,1000,980.035287998913
a,PID,Sine,limit bandwidth,45,15.1690329761586,1000,980.365834541109
a,PID,Sine,limit bandwidth,45,15.2460331435503,1000,980.699841526866
a,PID,Sine,limit bandwidth,45,15.323033310942,1000,981.049432120557
a,PID,Sine,limit bandwidth,45,15.4000334783336,1000,981.458978114544
a,PID,Sine,limit bandwidth,45,15.4770336457253,1000,981.766086117043
a,PID,Sine,limit bandwidth,45,15.554033813117,1000,982.071067101064
a,PID,Sine,limit bandwidth,45,15.6310339805087,1000,982.383289448049
a,PID,Sine,limit bandwidth,45,15.7080341479003,1000,982.741921376097
a,PID,Sine,limit bandwidth,45,15.785034315292,1000,983.066260070799
a,PID,Sine,limit bandwidth,45,15.8620344826837,1000,983.345510128272
a,PID,Sine,limit bandwidth,45,15.9390346500753,1000,983.632503292684
a,PID,Sine,limit bandwidth,45,16.016034817467,1000,983.94377344763
a,PID,Sine,limit bandwidth,45,16.0930349848587,1000,984.273255031249
a,PID,Sine,limit bandwidth,45,16.1700351522503,1000,984.531890099337
a,PID,Sine,limit bandwidth,45,16.247035319642,1000,984.79538438776
a,PID,Sine,limit bandwidth,45,16.3240354870337,1000,985.070286923751
a,PID,Sine,limit bandwidth,45,16.4010356544253,1000,985.393351038025
a,PID,Sine,limit bandwidth,45,16.478035821817,1000,985.635777143679
a,PID,Sine,limit bandwidth,45,16.5550359892087,1000,985.876317641252
a,PID,Sine,limit bandwidth,45,16.6320361566003,1000,986.121994514894
a,PID,Sine,limit bandwidth,45,16.709036323992,1000,986.400120552428
a,PID,Sine,limit bandwidth,45,16.7860364913837,1000,986.659662113502
a,PID,Sine,limit bandwidth,45,16.8630366587753,1000,986.880573659318
a,PID,Sine,limit bandwidth,45,16.940036826167,1000,987.104663542533
a,PID,Sine,limit bandwidth,45,17.0170369935587,1000,987.348811589576
a,PID,Sine,limit bandwidth,45,17.0940371609504,1000,987.611321504791
a,PID,Sine,limit bandwidth,45,17.171037328342,1000,987.81356447593
a,PID,Sine,limit bandwidth,45,17.2480374957337,1000,988.02128613345
a,PID,Sine,limit bandwidth,45,17.3250376631254,1000,988.237414386113
a,PID,Sine,limit bandwidth,45,17.402037830517,1000,988.489445395249
a,PID,Sine,limit bandwidth,45,17.4790379979087,1000,988.683597027246
a,PID,Sine,limit bandwidth,45,17.5560381653004,1000,988.873496715107
a,PID,Sine,limit bandwidth,45,17.633038332692,1000,989.067154900993
a,PID,Sine,limit bandwidth,45,17.7100385000837,1000,989.283272902974
a,PID,Sine,limit bandwidth,45,17.7870386674754,1000,989.491225471722
a,PID,Sine,limit bandwidth,45,17.864038834867,1000,989.665256621748
a,PID,Sine,limit bandwidth,45,17.9410390022587,1000,989.840235120543
a,PID,Sine,limit bandwidth,45,18.0180391696504,1000,990.031768151923
a,PID,Sine,limit bandwidth,45,18.095039337042,1000,990.240782402759
a,PID,Sine,limit bandwidth,45,18.1720395044337,1000,990.400502481808
a,PID,Sine,limit bandwidth,45,18.2490396718254,1000,990.562712029558
a,PID,Sine,limit bandwidth,45,18.326039839217,1000,990.732626960428
a,PID,Sine,limit bandwidth,45,18.4030400066087,1000,990.929310211982
a,PID,Sine,limit bandwidth,45,18.4800401740004,1000,991.084584394624
a,PID,Sine,limit bandwidth,45,18.557040341392,1000,991.23440722173
a,PID,Sine,limit bandwidth,45,18.6340405087837,1000,991.386949593531
a,PID,Sine,limit bandwidth,45,18.7110406761754,1000,991.554876615193
a,PID,Sine,limit bandwidth,45,18.788040843567,1000,991.721175283378
a,PID,Sine,limit bandwidth,45,18.8650410109587,1000,991.858662983592
a,PID,Sine,limit bandwidth,45,18.9420411783504,1000,991.996584011226
a,PID,Sine,limit bandwidth,45,19.0190413457421,1000,992.14562351415
a,PID,Sine,limit bandwidth,45,19.0960415131337,1000,992.311955817246
a,PID,Sine,limit bandwidth,45,19.1730416805254,1000,992.438123816079
a,PID,Sine,limit bandwidth,45,19.2500418479171,1000,992.564881864338
a,PID,Sine,limit bandwidth,45,19.3270420153087,1000,992.698510519265
a,PID,Sine,limit bandwidth,45,19.4040421827004,1000,992.852077892279
a,PID,Sine,limit bandwidth,45,19.4810423500921,1000,992.976164815863
a,PID,Sine,limit bandwidth,45,19.5580425174837,1000,993.094361069857
a,PID,Sine,limit bandwidth,45,19.6350426848754,1000,993.214491213508
a,PID,Sine,limit bandwidth,45,19.7120428522671,1000,993.346045538681
a,PID,Sine,limit bandwidth,45,19.7890430196587,1000,993.477814707454
a,PID,Sine,limit bandwidth,45,19.8660431870504,1000,993.586271248878
a,PID,Sine,limit bandwidth,45,19.9430433544421,1000,993.69509895217
a,PID,Sine,limit bandwidth,45,20.0200435218337,1001.70014258494,993.876183034222
a,PID,Sine,limit bandwidth,45,20.0970436892254,1008.23050417183,995.238524264573
a,PID,Sine,limit bandwidth,45,20.1740438566171,1014.7569647458,996.811679750876
a,PID,Sine,limit bandwidth,45,20.2510440240087,1021.27643095966,998.472830012265
a,PID,Sine,limit bandwidth,45,20.3280441914004,1027.78581278134,1000.25875297933
a,PID,Sine,limit bandwidth,45,20.4050443587921,1034.28202495846,1002.14602376075
a,PID,Sine,limit bandwidth,45,20.4820445261837,1040.76198848067,1004.09568671821
a,PID,Sine,limit bandwidth,45,20.5590446935754,1047.22263203898,1006.14375752505
a,PID,Sine,limit bandwidth,45,20.6360448609671,1053.66089348151,1008.28981166979
a,PID,Sine,limit bandwidth,45,20.7130450283588,1060.0737212648,1010.52326595624
a,PID,Sine,limit bandwidth,45,20.7900451957504,1066.45807590021,1012.8476906703
a,PID,Sine,limit bandwidth,45,20.8670453631421,1072.81093139452,1015.26083674777
a,PID,Sine,limit bandwidth,45,20.9440455305338,1079.12927668414,1017.74940402113
a,PID,Sine,limit bandwidth,45,21.0210456979254,1085.41011706232,1020.31273489729
a,PID,Sine,limit bandwidth,45,21.0980458653171,1091.65047559847,1023.01231733593
a,PID,Sine,limit bandwidth,45,21.1750460327088,1097.84739454924,1025.75669515365
a,PID,Sine,limit bandwidth,45,21.2520462001004,1103.99793676029,1028.56670266177
a,PID,Sine,limit bandwidth,45,21.3290463674921,1110.0991870585,1031.4812295104
a,PID,Sine,limit bandwidth,45,21.4060465348838,1116.14825363363,1034.49283860155
a,PID,Sine,limit bandwidth,45,21.4830467022754,1122.14226940898,1037.55297177731
a,PID,Sine,limit bandwidth,45,21.5600468696671,1128.07839340027,1040.68218747605
a,PID,Sine,limit bandwidth,45,21.6370470370588,1133.9538120622,1043.91492502759
a,PID,Sine,limit bandwidth,45,21.7140472044504,1139.76574062197,1047.21132160789
a,PID,Sine,limit bandwidth,45,21.7910473718421,1145.51142439921,1050.5609978729
a,PID,Sine,limit bandwidth,45,21.8680475392338,1151.18814011158,1054.0140909539
a,PID,Sine,limit bandwidth,45,21.9450477066254,1156.79319716555,1057.51996255394
a,PID,Sine,limit bandwidth,45,22.0220478740171,1162.32393893165,1061.07593375402
a,PID,Sine,limit bandwidth,45,22.0990480414088,1167.77774400362,1064.73462421553
a,PID,Sine,limit bandwidth,45,22.1760482088005,1173.15202744093,1068.15634050725
a,PID,Sine,limit bandwidth,45,22.2530483761921,1178.44424199388,1071.49774178546
a,PID,Sine,limit bandwidth,45,22.3300485435838,1183.65187931101,1074.89579913197
a,PID,Sine,limit bandwidth,45,22.4070487109755,1188.7724711279,1078.50954507655
a,PID,Sine,limit bandwidth,45,22.4840488783671,1193.80359043714,1082.00558384632
a,PID,Sine,limit bandwidth,45,22.5610490457588,1198.74285263858,1085.35503222669
a,PID,Sine,limit bandwidth,45,22.6380492131505,1203.58791666961,1088.7959895861
a,PID,Sine,limit bandwidth,45,22.7150493805421,1208.33648611472,1092.35111019468
a,PID,Sine,limit bandwidth,45,22.7920495479338,1212.98631029396,1095.99610404283
a,PID,Sine,limit bandwidth,45,22.8690497153255,1217.53518532969,1099.36085446062
a,PID,Sine,limit bandwidth,45,22.9460498827171,1221.98095519114,1102.74723671789
a,PID,Sine,limit bandwidth,45,23.0230500501088,1226.32151271631,1106.19965306271
a,PID,Sine,limit bandwidth,45,23.1000502175005,1230.55480061069,1109.95918770559
a,PID,Sine,limit bandwidth,45,23.1770503848921,1234.67881242238,1113.2685300098
a,PID,Sine,limit bandwidth,45,23.2540505522838,1238.69159349309,1116.55198972861
a,PID,Sine,limit bandwidth,45,23.3310507196755,1242.59124188455,1119.86010283415
a,PID,Sine,limit bandwidth,45,23.4080508870671,1246.37590928,1123.46128135565
a,PID,Sine,limit bandwidth,45,23.4850510544588,1250.04380186027,1126.87974565956
a,PID,Sine,limit bandwidth,45,23.5620512218505,1253.5931811539,1130.01306509111
a,PID,Sine,limit bandwidth,45,23.6390513892422,1257.02236486125,1133.19110203178
a,PID,Sine,limit bandwidth,45,23.7160515566338,1260.32972765175,1136.52754237791
a,PID,Sine,limit bandwidth,45,23.7930517240255,1263.51370193431,1139.99856746268
a,PID,Sine,limit bandwidth,45,23.8700518914172,1266.57277860032,1142.96211149249
a,PID,Sine,limit bandwidth,45,23.9470520588088,1269.5055077389,1145.94655973796
a,PID,Sine,limit bandwidth,45,24.0240522262005,1272.3104993241,1148.99629101236
a,PID,Sine,limit bandwidth,45,24.1010523935922,1274.98642387379,1152.43315081932
a,PID,Sine,limit bandwidth,45,24.1780525609838,1277.53201307971,1155.21003082881
a,PID,Sine,limit bandwidth,45,24.2550527283755,1279.94606040871,1157.99425530147
a,PID,Sine,limit bandwidth,45,24.3320528957672,1282.2274216745,1160.81587775585
a,PID,Sine,limit bandwidth,45,24.4090530631588,1284.37501558006,1163.9080115676
a,PID,Sine,limit bandwidth,45,24.4860532305505,1286.38782423008,1166.84254399609
a,PID,Sine,limit bandwidth,45,24.5630533979422,1288.26489361344,1169.41315638792
a,PID,Sine,limit bandwidth,45,24.6400535653338,1290.00533405536,1171.99296578559
a,PID,Sine,limit bandwidth,45,24.7170537327255,1291.60832063912,1174.74168193571
a,PID,Sine,limit bandwidth,45,24.7940539001172,1293.07309359699,1177.64967096002
a,PID,Sine,limit bandwidth,45,24.8710540675088,1294.39895867039,1179.96851904878
a,PID,Sine,limit bandwidth,45,24.9480542349005,1295.5852874389,1182.31636387147
a,PID,Sine,limit bandwidth,45,25.0250544022922,1296.63151761817,1184.71821298322
a,PID,Sine,limit bandwidth,45,25.1020545696838,1297.53715332636,1187.45721531358
a,PID,Sine,limit bandwidth,45,25.1790547370755,1298.30176531922,1189.59386987896
a,PID,Sine,limit bandwidth,45,25.2560549044672,1298.92499119352,1191.65414757187
a,PID,Sine,limit bandwidth,45,25.3330550718588,1299.40653555885,1193.72001945037
a,PID,Sine,limit bandwidth,45,25.4100552392505,1299.74617017755,1195.99213811371
a,PID,Sine,limit bandwidth,45,25.4870554066422,1299.94373407298,1198.15073567328
a,PID,Sine,limit bandwidth,45,25.5640555740339,1299.99913360576,1199.91269854674
a,PID,Sine,limit bandwidth,45,25.6410557414255,1299.91234251817,1201.64814956531
a,PID,Sine,limit bandwidth,45,25.7180559088172,1299.68340194658,1203.52431326476
a,PID,Sine,limit bandwidth,45,25.7950560762089,1299.31242040199,1205.55882457916
a,PID,Sine,limit bandwidth,45,25.8720562436005,1298.79957371854,1207.01387266053
a,PID,Sine,limit bandwidth,45,25.9490564109922,1298.14510497025,1208.45222624205
a,PID,Sine,limit bandwidth,45,26.0260565783839,1297.34932435573,1209.93345452116
a,PID,Sine,limit bandwidth,45,26.1030567457755,1296.41260905119,1211.67397485443
a,PID,Sine,limit bandwidth,45,26.1800569131672,1295.3354030317,1212.90842827525
a,PID,Sine,limit bandwidth,45,26.2570570805589,1294.11821686069,1214.03218121187
a,PID,Sine,limit bandwidth,45,26.3340572479505,1292.76162744802,1215.13221236269
a,PID,Sine,limit bandwidth,45,26.4110574153422,1291.26627777652,1216.35962303925
a,PID,Sine,limit bandwidth,45,26.4880575827339,1289.63287659723,1217.50607473308
a,PID,Sine,limit bandwidth,45,26.5650577501255,1287.86219809347,1218.27280022404
a,PID,Sine,limit bandwidth,45,26.6420579175172,1285.95508151391,1218.9976062789
a,PID,Sine,limit bandwidth,45,26.7190580849089,1283.91243077481,1219.78724228518
a,PID,Sine,limit bandwidth,45,26.7960582523005,1281.73521403153,1220.71375698526
a,PID,Sine,limit bandwidth,45,26.8730584196922,1279.42446321972,1221.13129334593
a,PID,Sine,limit bandwidth,45,26.9500585870839,1276.98127356619,1221.4978391735
a,PID,Sine,limit bandwidth,45,27.0270587544756,1274.40680306979,1221.87318112717
a,PID,Sine,limit bandwidth,45,27.1040589218672,1271.70227195256,1222.4134387127
a,PID,Sine,limit bandwidth,45,27.1810590892589,1268.86896208141,1222.57032558702
a,PID,Sine,limit bandwidth,45,27.2580592566506,1265.90821636049,1222.58288330715
a,PID,Sine,limit bandwidth,45,27.3350594240422,1262.82143809477,1222.56001789252
a,PID,Sine,limit bandwidth,45,27.4120595914339,1259.61009032486,1222.60152265424
a,PID,Sine,limit bandwidth,45,27.4890597588256,1256.2756951336,1222.56399108362
a,PID,Sine,limit bandwidth,45,27.5660599262172,1252.81983292462,1222.21325986974
a,PID,Sine,limit bandwidth,45,27.6430600936089,1249.24414167328,1221.80974519335
a,PID,Sine,limit bandwidth,45,27.7200602610006,1245.55031615034,1221.41045749981
a,PID,Sine,limit bandwidth,45,27.7970604283922,1241.74010711867,1221.08037220334
a,PID,Sine,limit bandwidth,45,27.8740605957839,1237.81532050343,1220.37130746121
a,PID,Sine,limit bandwidth,45,27.9510607631756,1233.77781653614,1219.60116983929
a,PID,Sine,limit bandwidth,45,28.0280609305672,1229.62950887298,1218.79118228686
a,PID,Sine,limit bandwidth,45,28.1050610979589,1225.37236368775,1218.04156191274
a,PID,Sine,limit bandwidth,45,28.1820612653506,1221.00839874,1217.05186884487
a,PID,Sine,limit bandwidth,45,28.2590614327422,1216.53968241865,1215.91568244655
a,PID,Sine,limit bandwidth,45,28.3360616001339,1211.96833276163,1214.72262320318
a,PID,Sine,limit bandwidth,45,28.4130617675256,1207.29651645202,1213.52807873551
a,PID,Sine,limit bandwidth,45,28.4900619349172,1202.52644779107,1212.25660526716
a,PID,Sine,limit bandwidth,45,28.5670621023089,1197.66038764872,1210.76691598792
a,PID,Sine,limit bandwidth,45,28.6440622697006,1192.70064239199,1209.21905753148
a,PID,Sine,limit bandwidth,45,28.7210624370923,1187.64956279187,1207.63625703045
a,PID,Sine,limit bandwidth,45,28.7980626044839,1182.50954290907,1206.01049206471
a,PID,Sine,limit bandwidth,45,28.8750627718756,1177.28301895934,1204.18598691985
a,PID,Sine,limit bandwidth,45,28.9520629392673,1171.97246815879,1202.30311510781
a,PID,Sine,limit bandwidth,45,29.0290631066589,1166.58040754972,1200.34496413241
a,PID,Sine,limit bandwidth,45,29.1060632740506,1161.10939280766,1198.33171583589
a,PID,Sine,limit bandwidth,45,29.1830634414423,1155.56201703003,1196.20866573448
a,PID,Sine,limit bandwidth,45,29.2600636088339,1149.94090950711,1193.99709402853
a,PID,Sine,limit bandwidth,45,29.3370637762256,1144.2487344758,1191.69717521414
a,PID,Sine,limit bandwidth,45,29.4140639436173,1138.4881898569,1189.33146244993
a,PID,Sine,limit bandwidth,45,29.4910641110089,1132.66200597633,1186.88657253703
a,PID,Sine,limit bandwidth,45,29.5680642784006,1126.77294427108,1184.34265544949
a,PID,Sine,limit bandwidth,45,29.6450644457923,1120.82379598031,1181.74066841025
a,PID,Sine,limit bandwidth,45,29.7220646131839,1114.81738082248,1179.06910051392
a,PID,Sine,limit bandwidth,45,29.7990647805756,1108.75654565878,1176.24238357003
a,PID,Sine,limit bandwidth,45,29.8760649479673,1102.6441631439,1173.41589744506
a,PID,Sine,limit bandwidth,45,29.9530651153589,1096.48313036439,1170.53875645798
a,PID,Sine,limit bandwidth,45,30.0300652827506,1090.27636746561,1167.57678055596
a,PID,Sine,limit bandwidth,45,30.1070654501423,1084.02681626761,1164.43882134239
a,PID,Sine,limit bandwidth,45,30.1840656175339,1077.73743887081,1161.29310071626
a,PID,Sine,limit bandwidth,45,30.2610657849256,1071.41121625207,1158.16832303238
a,PID,Sine,limit bandwidth,45,30.3380659523173,1065.05114685179,1154.91602928978
a,PID,Sine,limit bandwidth,45,30.415066119709,1058.6602451527,1151.5449678824
a,PID,Sine,limit bandwidth,45,30.4920662871006,1052.24154025115,1148.06178900178
a,PID,Sine,limit bandwidth,45,30.5690664544923,1045.79807442137,1144.66422746294
a,PID,Sine,limit bandwidth,45,30.646066621884,1039.33290167352,1141.1900229854
a,PID,Sine,limit bandwidth,45,30.7230667892756,1032.84908630619,1137.62030081986
a,PID,Sine,limit bandwidth,45,30.8000669566673,1026.34970145403,1133.78836498045
a,PID,Sine,limit bandwidth,45,30.877067124059,1019.83782763115,1130.16034803616
a,PID,Sine,limit bandwidth,45,30.9540672914506,1013.31655127106,1126.49397240679
a,PID,Sine,limit bandwidth,45,31.0310674588423,1006.78896326378,1122.75678834344
a,PID,Sine,limit bandwidth,45,31.108067626234,1000.25815749089,1118.73036540154
a,PID,Sine,limit bandwidth,45,31.1850677936256,993.727229359056,1114.76287623136
a,PID,Sine,limit bandwidth,45,31.2620679610173,987.199274332975,1110.93487405802
a,PID,Sine,limit bandwidth,45,31.339068128409,980.677386468163,1106.99687061857
a,PID,Sine,limit bandwidth,45,31.4160682958006,974.164656944484,1102.87244377705
a,PID,Sine,limit bandwidth,45,31.4930684631923,967.664172601025,1098.58509845687
a,PID,Sine,limit bandwidth,45,31.570068630584,961.179014473022,1094.5951166447
a,PID,Sine,limit bandwidth,45,31.6470687979756,954.712256331542,1090.5049827058
a,PID,Sine,limit bandwidth,45,31.7240689653673,948.266963226612,1086.30431956472
a,PID,Sine,limit bandwidth,45,31.801069132759,941.846190034471,1081.74695318048
a,PID,Sine,limit bandwidth,45,31.8780693001506,935.452980009652,1077.58612256973
a,PID,Sine,limit bandwidth,45,31.9550694675423,929.090363342571,1073.40304469961
a,PID,Sine,limit bandwidth,45,32.032069634934,922.76135572331,1069.14915485372
a,PID,Sine,limit bandwidth,45,32.1090698023257,916.468956912263,1064.57754803431
a,PID,Sine,limit bandwidth,45,32.1860699697173,910.216149318345,1060.06313350731
a,PID,Sine,limit bandwidth,45,32.263070137109,904.005896585418,1055.81862161462
a,PID,Sine,limit bandwidth,45,32.3400703045007,897.841142187612,1051.50160010824
a,PID,Sine,limit bandwidth,45,32.4170704718923,891.724808034207,1046.94073698252
a,PID,Sine,limit bandwidth,45,32.494070639284,885.659793084734,1042.15674403066
a,PID,Sine,limit bandwidth,45,32.5710708066757,879.648971974954,1037.88337937439
a,PID,Sine,limit bandwidth,45,32.6480709740673,873.695193654372,1033.48739179181
a,PID,Sine,limit bandwidth,45,32.725071141459,867.801280035914,1028.97755735012
a,PID,Sine,limit bandwidth,45,32.8020713088507,861.970024658426,1024.04973541069
a,PID,Sine,limit bandwidth,45,32.8790714762423,856.204191362622,1019.65778476343
a,PID,Sine,limit bandwidth,45,32.956071643634,850.506512981108,1015.27636116109
a,PID,Sine,limit bandwidth,45,33.0330718110257,844.879690043093,1010.83168994443
a,PID,Sine,limit bandwidth,45,33.1100719784173,839.326389494428,1006.07698194733
a,PID,Sine,limit bandwidth,45,33.187072145809,833.849243433547,1001.34353688257
a,PID,Sine,limit bandwidth,45,33.2640723132007,828.450847863936,997.006956677293
a,PID,Sine,limit bandwidth,45,33.3410724805923,823.133761463701,992.646572474272
a,PID,Sine,limit bandwidth,45,33.418072647984,817.900504372833,988.003529615096
a,PID,Sine,limit bandwidth,45,33.4950728153757,812.753556998736,983.078443229854
a,PID,Sine,limit bandwidth,45,33.5720729827673,807.69535884059,978.817922333534
a,PID,Sine,limit bandwidth,45,33.649073150159,802.728307333098,974.489558070004
a,PID,Sine,limit bandwidth,45,33.7260733175507,797.854756710177,970.020288617552
a,PID,Sine,limit bandwidth,45,33.8030734849424,793.07701688912,965.110829550671
a,PID,Sine,limit bandwidth,45,33.880073652334,788.397352375764,960.810523053085
a,PID,Sine,limit bandwidth,45,33.9570738197257,783.817981191181,956.569134604343
a,PID,Sine,limit bandwidth,45,34.0340739871174,779.341073820407,952.278542008841
a,PID,Sine,limit bandwidth,45,34.111074154509,774.96875218369,947.713379144334
a,PID,Sine,limit bandwidth,45,34.1880743219007,770.703088630769,943.116153810029
a,PID,Sine,limit bandwidth,45,34.2650744892924,766.546104958638,939.0234893677
a,PID,Sine,limit bandwidth,45,34.342074656684,762.499771453279,934.923638766322
a,PID,Sine,limit bandwidth,45,34.4190748240757,758.566005955801,930.594507488768
a,PID,Sine,limit bandwidth,45,34.4960749914674,754.746672953445,925.903496767733
a,PID,Sine,limit bandwidth,45,34.573075158859,751.043582695868,921.986985946201
a,PID,Sine,limit bandwidth,45,34.6500753262507,747.458490337143,918.060163362401
a,PID,Sine,limit bandwidth,45,34.7270754936424,743.993095103865,913.980281959787
a,PID,Sine,limit bandwidth,45,34.804075661034,740.649039489772,909.475524493634
a,PID,Sine,limit bandwidth,45,34.8810758284257,737.427908477248,905.589172396869
a,PID,Sine,limit bandwidth,45,34.9580759958174,734.331228786093,901.818369601436
a,PID,Sine,limit bandwidth,45,35.035076163209,731.3604681499,898.017195010085
a,PID,Sine,limit bandwidth,45,35.1120763306007,728.517034620396,893.963678817725
a,PID,Sine,limit bandwidth,45,35.1890764979924,725.802275900063,889.887205693273
a,PID,Sine,limit bandwidth,45,35.2660766653841,723.217478703374,886.358398715951
a,PID,Sine,limit bandwidth,45,35.3430768327757,720.763868146923,882.840339957156
a,PID,Sine,limit bandwidth,45,35.4200770001674,718.44260716876,879.157181236762
a,PID,Sine,limit bandwidth,45,35.4970771675591,716.254795977189,875.064537206969
a,PID,Sine,limit bandwidth,45,35.5740773349507,714.201471529308,871.799255486071
a,PID,Sine,limit bandwidth,45,35.6510775023424,712.283607039518,868.573869703384
a,PID,Sine,limit bandwidth,45,35.7280776697341,710.502111518248,865.202752158469
a,PID,Sine,limit bandwidth,45,35.8050778371257,708.857829341117,861.454942483288
a,PID,Sine,limit bandwidth,45,35.8820780045174,707.351539848716,858.251756956531
a,PID,Sine,limit bandwidth,45,35.9590781719091,705.983956977233,855.27422504558
a,PID,Sine,limit bandwidth,45,36.0360783393007,704.755728920062,852.260816403304
a,PID,Sine,limit bandwidth,45,36.1130785066924,703.667437820583,849.036402427373
a,PID,Sine,limit bandwidth,45,36.1900786740841,702.719599496241,845.791524430878
a,PID,Sine,limit bandwidth,45,36.2670788414757,701.912663194065,843.104217967608
a,PID,Sine,limit bandwidth,45,36.3440790088674,701.247011377736,840.445124175256
a,PID,Sine,limit bandwidth,45,36.4210791762591,700.722959546315,837.684872611271
a,PID,Sine,limit bandwidth,45,36.4980793436507,700.340756084703,834.513974779047
a,PID,Sine,limit bandwidth,45,36.5750795110424,700.100582145914,832.157907830141
a,PID,Sine,limit bandwidth,45,36.6520796784341,700.002551565215,829.854876680755
a,PID,Sine,limit bandwidth,45,36.7290798458257,700.04671080617,827.477964524076
a,PID,Sine,limit bandwidth,45,36.8060800132174,700.233038938619,824.776878905494
a,PID,Sine,limit bandwidth,45,36.8830801806091,700.561447648598,822.518444811514
a,PID,Sine,limit bandwidth,45,36.9600803480008,701.031781280197,820.55550512143
a,PID,Sine,limit bandwidth,45,37.0370805153924,701.643816909336,818.566891270212
a,PID,Sine,limit bandwidth,45,37.1140806827841,702.397264449423,816.42237701131
a,PID,Sine,limit bandwidth,45,37.1910808501758,703.291766788852,814.257760719466
a,PID,Sine,limit bandwidth,45,37.2680810175674,704.326899960255,812.624576131542
a,PID,Sine,limit bandwidth,45,37.3450811849591,705.502173341456,811.034837413767
a,PID,Sine,limit bandwidth,45,37.4220813523508,706.817029888009,809.383110411587
a,PID,Sine,limit bandwidth,45,37.4990815197424,708.270846397222,807.404471492153
a,PID,Sine,limit bandwidth,45,37.5760816871341,709.862933803532,806.145111738103
a,PID,Sine,limit bandwidth,45,37.6530818545258,711.592537505107,804.948050913915
a,PID,Sine,limit bandwidth,45,37.7300820219174,713.458837721502,803.735018462027
a,PID,Sine,limit bandwidth,45,37.8070821893091,715.46094988221,802.284987798411
a,PID,Sine,limit bandwidth,45,37.8840823567008,717.597925045923,801.165917487345
a,PID,Sine,limit bandwidth,45,37.9610825240924,719.868750350303,800.357213846576
a,PID,Sine,limit bandwidth,45,38.0380826914841,722.272349492044,799.549751595647
a,PID,Sine,limit bandwidth,45,38.1150828588758,724.807583237014,798.649184652181
a,PID,Sine,limit bandwidth,45,38.1920830262674,727.473249960211,797.723035944617
a,PID,Sine,limit bandwidth,45,38.2690831936591,730.268086215304,797.28230898115
a,PID,Sine,limit bandwidth,45,38.3460833610508,733.190767333464,796.888230891641
a,PID,Sine,limit bandwidth,45,38.4230835284425,736.239908051218,796.473215718111
a,PID,Sine,limit bandwidth,45,38.5000836958341,739.414063167026,795.834108023601
a,PID,Sine,limit bandwidth,45,38.5770838632258,742.711728226259,795.772910025792
a,PID,Sine,limit bandwidth,45,38.6540840306175,746.131340234267,795.778423885088
a,PID,Sine,limit bandwidth,45,38.7310841980091,749.671278397195,795.80533450514
a,PID,Sine,limit bandwidth,45,38.8080843654008,753.329864890185,795.709414924574
a,PID,Sine,limit bandwidth,45,38.8850845327925,757.105365652618,795.839501650256
a,PID,Sine,limit bandwidth,45,38.9620847001841,760.995991210008,796.2320903579
a,PID,Sine,limit bandwidth,45,39.0390848675758,764.999897522157,796.66935364767
a,PID,Sine,limit bandwidth,45,39.1160850349675,769.115186857177,797.077065072759
a,PID,Sine,limit bandwidth,45,39.1930852023591,773.339908690955,797.479297843095
a,PID,Sine,limit bandwidth,45,39.2700853697508,777.672060631647,798.248380513006
a,PID,Sine,limit bandwidth,45,39.3470855371425,782.10958936875,799.081645867782
a,PID,Sine,limit bandwidth,45,39.4240857045341,786.650391646309,799.932891835952
a,PID,Sine,limit bandwidth,45,39.5010858719258,791.292315259801,800.67651781342
a,PID,Sine,limit bandwidth,45,39.5780860393175,796.033160076208,801.820246903227
a,PID,Sine,limit bandwidth,45,39.6550862067091,800.870679076825,803.0296848972
a,PID,Sine,limit bandwidth,45,39.7320863741008,805.802579422269,804.280994630171
a,PID,Sine,limit bandwidth,45,39.8090865414925,810.826523539224,805.526669555057
a,PID,Sine,limit bandwidth,45,39.8860867088842,815.940130228378,806.91965205152
a,PID,Sine,limit bandwidth,45,39.9630868762758,821.14097579304,808.485347072799
a,PID,Sine,limit bandwidth,45,40.0400870436675,826.426595187897,810.112635931383
a,PID,Sine,limit bandwidth,45,40.1170872110592,831.794483187382,811.788375409434
a,PID,Sine,limit bandwidth,45,40.1940873784508,837.242095573063,813.505113037896
a,PID,Sine,limit bandwidth,45,40.2710875458425,842.766850339533,815.406372165643
a,PID,Sine,limit bandwidth,45,40.3480877132342,848.366128918207,817.40113354313
a,PID,Sine,limit bandwidth,45,40.4250878806258,854.037277418435,819.447158883608
a,PID,Sine,limit bandwidth,45,40.5020880480175,859.777607885378,821.527312697664
a,PID,Sine,limit bandwidth,45,40.5790882154092,865.584399574011,823.768881798857
a,PID,Sine,limit bandwidth,45,40.6560883828008,871.454900238675,826.087766617593
a,PID,Sine,limit bandwidth,45,40.7330885501925,877.386327437566,828.463132362102
a,PID,Sine,limit bandwidth,45,40.8100887175842,883.375869851518,830.919746917927
a,PID,Sine,limit bandwidth,45,40.8870888849758,889.420688616496,833.489762224987
a,PID,Sine,limit bandwidth,45,40.9640890523675,895.517918669125,836.106778556443
a,PID,Sine,limit bandwidth,45,41.0410892197592,901.664670104645,838.776734443872
a,PID,Sine,limit bandwidth,45,41.1180893871508,907.858029546643,841.579228017518
a,PID,Sine,limit bandwidth,45,41.1950895545425,914.095061527905,844.492037499696
a,PID,Sine,limit bandwidth,45,41.2720897219342,920.372809881737,847.380208329175
a,PID,Sine,limit bandwidth,45,41.3490898893258,926.688299143102,850.357765157408
a,PID,Sine,limit bandwidth,45,41.4260900567175,933.038535958903,853.431806524748
a,PID,Sine,limit bandwidth,45,41.5030902241092,939.420510506739,856.663864184767
a,PID,Sine,limit bandwidth,45,41.5800903915008,945.831197921474,859.843014271787
a,PID,Sine,limit bandwidth,45,41.6570905588925,952.267559728932,863.08820924553
a,PID,Sine,limit bandwidth,45,41.7340907262842,958.72654528604,866.397409561363
a,PID,Sine,limit bandwidth,45,41.8110908936759,965.205093226746,869.841506361272
a,PID,Sine,limit bandwidth,45,41.8880910610675,971.700132913014,873.40768735811
a,PID,Sine,limit bandwidth,45,41.9650912284592,978.208585890212,876.869940958425
a,PID,Sine,limit bandwidth,45,42.0420913958509,984.727367346207,880.380948948529
a,PID,Sine,limit bandwidth,45,42.1190915632425,991.253387573482,884.053832903484
a,PID,Sine,limit bandwidth,45,42.1960917306342,997.783553433552,887.947515042707
a,PID,Sine,limit bandwidth,45,42.2730918980259,1004.31476982303,891.595471884432
a,PID,Sine,limit bandwidth,45,42.3500920654175,1010.84394114061,895.304783461444
a,PID,Sine,limit bandwidth,45,42.4270922328092,1017.36797275429,899.158194391966
a,PID,Sine,limit bandwidth,45,42.5040924002009,1023.88377246812,903.267215717005
a,PID,Sine,limit bandwidth,45,42.5810925675925,1030.38825198785,907.149328059402
a,PID,Sine,limit bandwidth,45,42.6580927349842,1036.87832838464,911.06337061873
a,PID,Sine,limit bandwidth,45,42.7350929023759,1043.35092555631,915.04140372191
a,PID,Sine,limit bandwidth,45,42.8120930697675,1049.80297568531,919.205957873957
a,PID,Sine,limit bandwidth,45,42.8890932371592,1056.23142069278,923.475111645927
a,PID,Sine,limit bandwidth,45,42.9660934045509,1062.63321368797,927.508359043885
a,PID,Sine,limit bandwidth,45,43.0430935719425,1069.00532041239,931.580834398309
a,PID,Sine,limit bandwidth,45,43.1200937393342,1075.34472067796,935.81389410058
a,PID,Sine,limit bandwidth,45,43.1970939067259,1081.64840979848,940.39230190074
a,PID,Sine,limit bandwidth,45,43.2740940741175,1087.91340001377,944.511262258571
a,PID,Sine,limit bandwidth,45,43.3510942415092,1094.13672190576,948.64713575401
a,PID,Sine,limit bandwidth,45,43.4280944089009,1100.31542580593,952.969338151703
a,PID,Sine,limit bandwidth,45,43.5050945762926,1106.44658319337,957.61300185528
a,PID,Sine,limit bandwidth,45,43.5820947436842,1112.52728808276,961.939110918935
a,PID,Sine,limit bandwidth,45,43.6590949110759,1118.55465840178,966.177650182757
a,PID,Sine,limit bandwidth,45,43.7360950784676,1124.5258373571,970.505859757633
a,PID,Sine,limit bandwidth,45,43.8130952458592,1130.43799478842,975.050300280391
a,PID,Sine,limit bandwidth,45,43.8900954132509,1136.28832850986,979.691159376255
a,PID,Sine,limit bandwidth,45,43.9670955806426,1142.07406563814,983.974689199489
a,PID,Sine,limit bandwidth,45,44.0440957480342,1147.79246390684,988.283471332092
a,PID,Sine,limit bandwidth,45,44.1210959154259,1153.44081296614,992.727893226889
a,PID,Sine,limit bandwidth,45,44.1980960828176,1159.01643566745,997.636578338745
a,PID,Sine,limit bandwidth,45,44.2750962502092,1164.51668933231,1001.89897141224
a,PID,Sine,limit bandwidth,45,44.3520964176009,1169.93896700491,1006.16067336543
a,PID,Sine,limit bandwidth,45,44.4290965849926,1175.28069868775,1010.56998020894
a,PID,Sine,limit bandwidth,45,44.5060967523842,1180.53935255971,1015.36663293624
a,PID,Sine,limit bandwidth,45,44.5830969197759,1185.71243617607,1019.81054610346
a,PID,Sine,limit bandwidth,45,44.6600970871676,1190.79749764986,1024.03190242337
a,PID,Sine,limit bandwidth,45,44.7370972545592,1195.79212681395,1028.36343080139
a,PID,Sine,limit bandwidth,45,44.8140974219509,1200.69395636345,1032.91859455923
a,PID,Sine,limit bandwidth,45,44.8910975893426,1205.50066297771,1037.56998023787
a,PID,Sine,limit bandwidth,45,44.9680977567343,1210.20996842148,1041.76211823701
a,PID,Sine,limit bandwidth,45,45.0450979241259,1214.81964062479,1045.96241881896
a,PID,Sine,limit bandwidth,45,45.1220980915176,1219.32749474081,1050.29234265368
a,PID,Sine,limit bandwidth,45,45.1990982589093,1223.73139418148,1055.11268727777
a,PID,Sine,limit bandwidth,45,45.2760984263009,1228.02925163011,1059.17824242678
a,PID,Sine,limit bandwidth,45,45.3530985936926,1232.21903003077,1063.22475244233
a,PID,Sine,limit bandwidth,45,45.4300987610843,1236.29874355375,1067.36750012244
a,PID,Sine,limit bandwidth,45,45.5070989284759,1240.26645853682,1071.92703719156
a,PID,Sine,limit bandwidth,45,45.5840990958676,1244.12029440169,1076.1444201907
a,PID,Sine,limit bandwidth,45,45.6610992632593,1247.85842454539,1080.01274628322
a,PID,Sine,limit bandwidth,45,45.7380994306509,1251.47907720597,1084.00026884519
a,PID,Sine,limit bandwidth,45,45.8150995980426,1254.98053630233,1088.19810188723
a,PID,Sine,limit bandwidth,45,45.8920997654343,1258.36114224753,1092.52898633282
a,PID,Sine,limit bandwidth,45,45.9690999328259,1261.61929273542,1096.26235446553
a,PID,Sine,limit bandwidth,45,46.0461001002176,1264.75344350009,1100.01734155623
a,PID,Sine,limit bandwidth,45,46.1231002676093,1267.76210904776,1103.88389779375
a,PID,Sine,limit bandwidth,45,46.2001004350009,1270.64386336093,1108.23796289916
a,PID,Sine,limit bandwidth,45,46.2771006023926,1273.39734057419,1111.78092162521
a,PID,Sine,limit bandwidth,45,46.3541007697843,1276.02123562167,1115.28730724865
a,PID,Sine,limit bandwidth,45,46.4311009371759,1278.51430485556,1118.83650514999
a,PID,Sine,limit bandwidth,45,46.5081011045676,1280.87536663558,1122.79160644388
a,PID,Sine,limit bandwidth,45,46.5851012719593,1283.10330188904,1126.4474503886
a,PID,Sine,limit bandwidth,45,46.6621014393509,1285.19705464123,1129.68734449042
a,PID,Sine,limit bandwidth,45,46.7391016067426,1287.15563251594,1132.98245227059
a,PID,Sine,limit bandwidth,45,46.8161017741343,1288.97810720581,1136.48545584055
a,PID,Sine,limit bandwidth,45,46.893101941526,1290.66361491233,1140.14845215607
a,PID,Sine,limit bandwidth,45,46.9701021089176,1292.21135675524,1143.13168666394
a,PID,Sine,limit bandwidth,45,47.0471022763093,1293.62059915117,1146.13948643106
a,PID,Sine,limit bandwidth,45,47.124102443701,1294.89067416136,1149.23157301672
a,PID,Sine,limit bandwidth,45,47.2011026110926,1296.02097980823,1152.77874669733
a,PID,Sine,limit bandwidth,45,47.2781027784843,1297.01098036069,1155.5140069292
a,PID,Sine,limit bandwidth,45,47.355102945876,1297.86020658808,1158.1975444759
a,PID,Sine,limit bandwidth,45,47.4321031132676,1298.56825598255,1160.90154345692
a,PID,Sine,limit bandwidth,45,47.5091032806593,1299.13479294986,1163.91332648557
a,PID,Sine,limit bandwidth,45,47.586103448051,1299.55954896843,1166.70935005547
a,PID,Sine,limit bandwidth,45,47.6631036154426,1299.8423227166,1169.05847717851
a,PID,Sine,limit bandwidth,45,47.7401037828343,1299.98298016807,1171.40808245052
a,PID,Sine,limit bandwidth,45,47.817103950226,1299.98145465541,1173.93615957217
a,PID,Sine,limit bandwidth,45,47.8941041176176,1299.83774690167,1176.63138658034
a,PID,Sine,limit bandwidth,45,47.9711042850093,1299.55192502003,1178.63597235196
a,PID,Sine,limit bandwidth,45,48.048104452401,1299.12412448151,1180.6539156198
a,PID,Sine,limit bandwidth,45,48.1251046197927,1298.55454805078,1182.72306809904
a,PID,Sine,limit bandwidth,45,48.2021047871843,1297.84346569004,1185.15322026571
a,PID,Sine,limit bandwidth,45,48.279104954576,1296.99121443107,1186.8927027813
a,PID,Sine,limit bandwidth,45,48.3561051219677,1295.99819821549,1188.53568132207
a,PID,Sine,limit bandwidth,45,48.4331052893593,1294.8648877033,1190.17563789961
a,PID,Sine,limit bandwidth,45,48.510105456751,1293.59182004979,1192.02171181945
a,PID,Sine,limit bandwidth,45,48.5871056241427,1292.17959865098,1193.72139221795
a,PID,Sine,limit bandwidth,45,48.6641057915343,1290.62889285758,1194.98772485021
a,PID,Sine,limit bandwidth,45,48.741105958926,1288.94043765778,1196.21704273102
a,PID,Sine,limit bandwidth,45,48.8181061263177,1287.11503332887,1197.56962285378
a,PID,Sine,limit bandwidth,45,48.8951062937093,1285.15354505793,1199.06971290269
a,PID,Sine,limit bandwidth,45,48.972106461101,1283.05690253175,1199.95813853938
a,PID,Sine,limit bandwidth,45,49.0491066284927,1280.82609949621,1200.81127519271
a,PID,Sine,limit bandwidth,45,49.1261067958843,1278.46219328525,1201.69147017175
a,PID,Sine,limit bandwidth,45,49.203106963276,1275.96630431975,1202.81828435422
a,PID,Sine,limit bandwidth,45,49.2801071306677,1273.33961557646,1203.41709226179
a,PID,Sine,limit bandwidth,45,49.3571072980593,1270.58337202731,1203.88445630937
a,PID,Sine,limit bandwidth,45,49.434107465451,1267.69888004934,1204.32671263471
a,PID,Sine,limit bandwidth,45,49.5111076328427,1264.68750680551,1204.88205338817
a,PID,Sine,limit bandwidth,45,49.5881078002343,1261.55067959672,1205.3311385572
a,PID,Sine,limit bandwidth,45,49.665107967626,1258.28988518527,1205.4086407905
a,PID,Sine,limit bandwidth,45,49.7421081350177,1254.90666909024,1205.43745948347
a,PID,Sine,limit bandwidth,45,49.8191083024093,1251.40263485489,1205.50550445211
a,PID,Sine,limit bandwidth,45,49.896108469801,1247.77944328672,1205.67508392296
a,PID,Sine,limit bandwidth,45,49.9731086371927,1244.03881167018,1205.37044694483
a,PID,Sine,limit bandwidth,45,50.0501088045844,1240.18251295285,1205.00590994347
a,PID,Sine,limit bandwidth,45,50.127108971976,1236.21237490502,1204.62673005648
a,PID,Sine,limit bandwidth,45,50.2041091393677,1232.13027925342,1204.37106239277
a,PID,Sine,limit bandwidth,45,50.2811093067594,1227.93816078937,1203.77043889714
a,PID,Sine,limit bandwidth,45,50.358109474151,1223.63800645169,1203.02083892327
a,PID,Sine,limit bandwidth,45,50.4351096415427,1219.23185438496,1202.22770616257
a,PID,Sine,limit bandwidth,45,50.5121098089344,1214.72179297353,1201.46858395253
a,PID,Sine,limit bandwidth,45,50.589109976326,1210.10995985169,1200.61309671423
a,PID,Sine,limit bandwidth,45,50.6661101437177,1205.39854089046,1199.49054403233
a,PID,Sine,limit bandwidth,45,50.7431103111094,1200.58976916156,1198.31234827556
a,PID,Sine,limit bandwidth,45,50.820110478501,1195.68592387903,1197.11259688921
a,PID,Sine,limit bandwidth,45,50.8971106458927,1190.68932931892,1195.92055701294
a,PID,Sine,limit bandwidth,45,50.9741108132844,1185.60235371769,1194.44122576415
a,PID,Sine,limit bandwidth,45,51.051110980676,1180.42740814966,1192.9030058889
a,PID,Sine,limit bandwidth,45,51.1281111480677,1175.16694538435,1191.29512920088
a,PID,Sine,limit bandwidth,45,51.2051113154594,1169.82345872381,1189.69009618635
a,PID,Sine,limit bandwidth,45,51.2821114828511,1164.39948082098,1187.91242295411
a,PID,Sine,limit bandwidth,45,51.3591116502427,1158.89758247924,1186.01272463771
a,PID,Sine,limit bandwidth,45,51.4361118176344,1153.32037143389,1184.04556846933
a,PID,Sine,limit bandwidth,45,51.5131119850261,1147.67049111624,1182.03870688902
a,PID,Sine,limit bandwidth,45,51.5901121524177,1141.95061940065,1179.94176757297
a,PID,Sine,limit bandwidth,45,51.6671123198094,1136.1634673353,1177.70397274418
a,PID,Sine,limit bandwidth,45,51.7441124872011,1130.31177785727,1175.40907902019
a,PID,Sine,limit bandwidth,45,51.8211126545927,1124.3983244924,1173.05844831895
a,PID,Sine,limit bandwidth,45,51.8981128219844,1118.42591004082,1170.58190252978
a,PID,Sine,limit bandwidth,45,51.9751129893761,1112.3973652484,1168.04044058
a,PID,Sine,limit bandwidth,45,52.0521131567677,1106.31554746516,1165.44697141354
a,PID,Sine,limit bandwidth,45,52.1291133241594,1100.18333929089,1162.75727615485
a,PID,Sine,limit bandwidth,45,52.2061134915511,1094.00364720895,1159.94435884303
a,PID,Sine,limit bandwidth,45,52.2831136589427,1087.77940020861,1157.09752051723
a,PID,Sine,limit bandwidth,45,52.3601138263344,1081.51354839688,1154.21296584652
a,PID,Sine,limit bandwidth,45,52.4371139937261,1075.20906160019,1151.22734792585
a,PID,Sine,limit bandwidth,45,52.5141141611177,1068.86892795679,1148.13958166155
a,PID,Sine,limit bandwidth,45,52.5911143285094,1062.49615250049,1144.96131341543
a,PID,Sine,limit bandwidth,45,52.6681144959011,1056.09375573633,1141.78264017692
a,PID,Sine,limit bandwidth,45,52.7451146632927,1049.66477220896,1138.55116499713
a,PID,Sine,limit bandwidth,45,52.8221148306844,1043.21224906437,1135.23224581915
a,PID,Sine,limit bandwidth,45,52.8991149980761,1036.73924460562,1131.67530724513
a,PID,Sine,limit bandwidth,45,52.9761151654677,1030.24882684331,1128.26981333844
a,PID,Sine,limit bandwidth,45,53.0531153328594,1023.74407204142,1124.82393238745
a,PID,Sine,limit bandwidth,45,53.1301155002511,1017.22806325924,1121.28324063291
a,PID,Sine,limit bandwidth,45,53.2071156676428,1010.70388889014,1117.49981837043
a,PID,Sine,limit bandwidth,45,53.2841158350344,1004.17464119771,1113.7797653987
a,PID,Sine,limit bandwidth,45,53.3611160024261,997.643414850167,1110.1512552795
a,PID,Sine,limit bandwidth,45,53.4381161698178,991.113305453528,1106.38452185167
a,PID,Sine,limit bandwidth,45,53.5151163372094,984.587408084423,1102.46884921608
a,PID,Sine,limit bandwidth,45,53.5921165046011,978.068815823101,1098.42580332468
a,PID,Sine,limit bandwidth,45,53.6691166719928,971.560618287411,1094.584967447
a,PID,Sine,limit bandwidth,45,53.7461168393844,965.065900168412,1090.67256697291
a,PID,Sine,limit bandwidth,45,53.8231170067761,958.587739768323,1086.65269525567
a,PID,Sine,limit bandwidth,45,53.9001171741678,952.129207541497,1082.29647384681
a,PID,Sine,limit bandwidth,45,53.9771173415594,945.693364639123,1078.29501267287
a,PID,Sine,limit bandwidth,45,54.0541175089511,939.283261458327,1074.26869589932
a,PID,Sine,limit bandwidth,45,54.1311176763428,932.901936196374,1070.17160790188
a,PID,Sine,limit bandwidth,45,54.2081178437344,926.552413410661,1065.73100281009
a,PID,Sine,limit bandwidth,45,54.2851180111261,920.237702585159,1061.40821977937
a,PID,Sine,limit bandwidth,45,54.3621181785178,913.960796704008,1057.30062842071
a,PID,Sine,limit bandwidth,45,54.4391183459094,907.724670832941,1053.08481194637
a,PID,Sine,limit bandwidth,45,54.5161185133011,901.53228070918,1048.65965132616
a,PID,Sine,limit bandwidth,45,54.5931186806928,895.386561340512,1044.05615723437
a,PID,Sine,limit bandwidth,45,54.6701188480845,889.290425614184,1039.8662491084
a,PID,Sine,limit bandwidth,45,54.7471190154761,883.246762916274,1035.58376793445
a,PID,Sine,limit bandwidth,45,54.8241191828678,877.258437762216,1031.18632256731
a,PID,Sine,limit bandwidth,45,54.9011193502594,871.328288439106,1026.37395358313
a,PID,Sine,limit bandwidth,45,54.9781195176511,865.459125660426,1022.09331180273
a,PID,Sine,limit bandwidth,45,55.0551196850428,859.653731233869,1017.80605490571
a,PID,Sine,limit bandwidth,45,55.1321198524344,853.914856742832,1013.45318602164
a,PID,Sine,limit bandwidth,45,55.2091200198261,848.245222242248,1008.75255722403
a,PID,Sine,limit bandwidth,45,55.2861201872178,842.64751496937,1004.15201183794
a,PID,Sine,limit bandwidth,45,55.3631203546095,837.124388070093,999.891256442574
a,PID,Sine,limit bandwidth,45,55.4401205220011,831.678459341442,995.568073507503
a,PID,Sine,limit bandwidth,45,55.5171206893928,826.312309990821,990.991416532092
a,PID,Sine,limit bandwidth,45,55.5941208567845,821.028483412596,986.181780861192
a,PID,Sine,limit bandwidth,45,55.6711210241761,815.82948398259,981.979605130141
a,PID,Sine,limit bandwidth,45,55.7481211915678,810.717775871104,977.668262553276
a,PID,Sine,limit bandwidth,45,55.8251213589595,805.695781874963,973.246615650771
a,PID,Sine,limit bandwidth,45,55.9021215263511,800.765882269175,968.376515894416
a,PID,Sine,limit bandwidth,45,55.9791216937428,795.930413678769,964.136822036679
a,PID,Sine,limit bandwidth,45,56.0561218611345,791.191667971292,959.930140938026
a,PID,Sine,limit bandwidth,45,56.1331220285261,786.551891170538,955.670120352386
a,PID,Sine,limit bandwidth,45,56.2101221959178,782.013282391996,951.092129663784
a,PID,Sine,limit bandwidth,45,56.2871223633095,777.577992800538,946.568241486474
a,PID,Sine,limit bandwidth,45,56.3641225307012,773.248124590832,942.493971943706
a,PID,Sine,limit bandwidth,45,56.4411226980928,769.025729990958,938.408872632023
a,PID,Sine,limit bandwidth,45,56.5181228654845,764.912810289723,934.049420713476
a,PID,Sine,limit bandwidth,45,56.5951230328762,760.911314888104,929.410128310075
a,PID,Sine,limit bandwidth,45,56.6721232002678,757.023140375288,925.49656014047
a,PID,Sine,limit bandwidth,45,56.7491233676595,753.250129629752,921.533625217829
a,PID,Sine,limit bandwidth,45,56.8261235350512,749.59407094579,917.442747773772
a,PID,Sine,limit bandwidth,45,56.9031237024428,746.056697185913,912.910626602062
a,PID,Sine,limit bandwidth,45,56.9801238698345,742.639684959527,909.036519111335
a,PID,Sine,limit bandwidth,45,57.0571240372262,739.344653828274,905.246614586533
a,PID,Sine,limit bandwidth,45,57.1341242046178,736.173165538396,901.421103003882
a,PID,Sine,limit bandwidth,45,57.2111243720095,733.126723280527,897.330574311044
a,PID,Sine,limit bandwidth,45,57.2881245394012,730.20677097722,893.239194078983
a,PID,Sine,limit bandwidth,45,57.3651247067928,727.41469259857,889.677561274506
a,PID,Sine,limit bandwidth,45,57.4421248741845,724.751811506253,886.122610679971
a,PID,Sine,limit bandwidth,45,57.5191250415762,722.219389826297,882.360188351514
a,PID,Sine,limit bandwidth,45,57.5961252089678,719.818627850868,878.259857986868
a,PID,Sine,limit bandwidth,45,57.6731253763595,717.550663469366,874.948953953932
a,PID,Sine,limit bandwidth,45,57.7501255437512,715.416571629105,871.64491667876
a,PID,Sine,limit bandwidth,45,57.8271257111428,713.417363825815,868.212916313435
a,PID,Sine,limit bandwidth,45,57.9041258785345,711.553987624224,864.382933675213
a,PID,Sine,limit bandwidth,45,57.9811260459262,709.827326208945,861.175381667003
a,PID,Sine,limit bandwidth,45,58.0581262133178,708.238197965866,858.10616379139
a,PID,Sine,limit bandwidth,45,58.1351263807095,706.787356094265,855.022414894448
a,PID,Sine,limit bandwidth,45,58.2121265481012,705.475488249813,851.712464058586
a,PID,Sine,limit bandwidth,45,58.2891267154929,704.30321621865,848.407724958794
a,PID,Sine,limit bandwidth,45,58.3661268828845,703.27109562267,845.645145352229
a,PID,Sine,limit bandwidth,45,58.4431270502762,702.37961565618,842.906725298
a,PID,Sine,limit bandwidth,45,58.5201272176679,701.629198854031,840.031707374721
a,PID,Sine,limit bandwidth,45,58.5971273850595,701.020200891352,836.801246333798
a,PID,Sine,limit bandwidth,45,58.6741275524512,700.552910414971,834.360287955707
a,PID,Sine,limit bandwidth,45,58.7511277198429,700.227548906603,831.969577846625
a,PID,Sine,limit bandwidth,45,58.8281278872345,700.044270577876,829.47144410918
a,PID,Sine,limit bandwidth,45,58.9051280546262,700.003162297239,826.647414036683
a,PID,Sine,limit bandwidth,45,58.9821282220179,700.104243548787,824.339306484023
a,PID,Sine,limit bandwidth,45,59.0591283894095,700.347466423029,822.258453187792
a,PID,Sine,limit bandwidth,45,59.1361285568012,700.732715639594,820.16463067392
a,PID,Sine,limit bandwidth,45,59.2131287241929,701.259808601872,817.899148061426
a,PID,Sine,limit bandwidth,45,59.2901288915845,701.928495483556,815.639805596506
a,PID,Sine,limit bandwidth,45,59.3671290589762,702.738459347057,813.89983873911
a,PID,Sine,limit bandwidth,45,59.4441292263679,703.689316293717,812.19967906029
a,PID,Sine,limit bandwidth,45,59.5211293937596,704.780615645772,810.427035875394
a,PID,Sine,limit bandwidth,45,59.5981295611512,706.011840159954,808.332449433992
a,PID,Sine,limit bandwidth,45,59.6751297285429,707.382406272654,806.960269447735
a,PID,Sine,limit bandwidth,45,59.7521298959346,708.89166437651,805.648092703833
a,PID,Sine,limit bandwidth,45,59.8291300633262,710.538899128301,804.297681460494
a,PID,Sine,limit bandwidth,45,59.9061302307179,712.323329788002,802.699414572021
a,PID,Sine,limit bandwidth,45,59.9831303981096,714.24411058883,801.493618965015
a,PID,Sine,limit bandwidth,45,60.0601305655012,716.300331138108,800.554025050144
a,PID,Sine,limit bandwidth,45,60.1371307328929,718.491016848771,799.61925496858
a,PID,Sine,limit bandwidth,45,60.2141309002846,720.815129401287,798.5767633876
a,PID,Sine,limit bandwidth,45,60.2911310676762,723.271567235787,797.54104640193
a,PID,Sine,limit bandwidth,45,60.3681312350679,725.859166074179,796.966254979948
a,PID,Sine,limit bandwidth,45,60.4451314024596,728.576699471971,796.443471609488
a,PID,Sine,limit bandwidth,45,60.5221315698512,731.422879399581,795.890454836352
a,PID,Sine,limit bandwidth,45,60.5991317372429,734.396356852812,795.117334471511
a,PID,Sine,limit bandwidth,45,60.6761319046346,737.495722492248,794.928073587353
a,PID,Sine,limit bandwidth,45,60.7531320720262,740.719507311238,794.803920414938
a,PID,Sine,limit bandwidth,45,60.8301322394179,744.066183332156,794.691411306366
a,PID,Sine,limit bandwidth,45,60.9071324068096,747.534164330625,794.438004382124
a,PID,Sine,limit bandwidth,45,60.9841325742012,751.12180658733,794.455226856222
a,PID,Sine,limit bandwidth,45,61.0611327415929,754.827409667101,794.717825867124
a,PID,Sine,limit bandwidth,45,61.1381329089846,758.649217224862,795.018582739098
a,PID,Sine,limit bandwidth,45,61.2151330763762,762.585417838092,795.278401982924
a,PID,Sine,limit bandwidth,45,61.2921332437679,766.634145865376,795.550129034537
a,PID,Sine,limit bandwidth,45,61.3691334111596,770.793482330674,796.189970291784
a,PID,Sine,limit bandwidth,45,61.4461335785513,775.061455832853,796.889711692681
a,PID,Sine,limit bandwidth,45,61.5231337459429,779.436043480068,797.600170617732
a,PID,Sine,limit bandwidth,45,61.6001339133346,783.915171848561,798.205693205735
a,PID,Sine,limit bandwidth,45,61.6771340807263,788.496717965397,799.219312974274
a,PID,Sine,limit bandwidth,45,61.7541342481179,793.178510314688,800.297861797127
a,PID,Sine,limit bandwidth,45,61.8311344155096,797.95832986683,801.414164532039
a,PID,Sine,limit bandwidth,45,61.9081345829013,802.833911130256,802.515478964182
a,PID,Sine,limit bandwidth,45,61.9851347502929,807.80294322521,803.782208080803
a,PID,Sine,limit bandwidth,45,62.0621349176846,812.863070979036,805.220209725759
a,PID,Sine,limit bandwidth,45,62.1391350850763,818.011896042462,806.726244006685
a,PID,Sine,limit bandwidth,45,62.2161352524679,823.246978026336,808.262662940716
a,PID,Sine,limit bandwidth,45,62.2931354198596,828.565835658312,809.842104208538
a,PID,Sine,limit bandwidth,45,62.3701355872513,833.965947958888,811.630848021178
a,PID,Sine,limit bandwidth,45,62.4471357546429,839.444755436275,813.50047065735
a,PID,Sine,limit bandwidth,45,62.5241359220346,844.999661299532,815.416685784944
a,PID,Sine,limit bandwidth,45,62.6011360894263,850.628032689349,817.350089466263
a,PID,Sine,limit bandwidth,45,62.6781362568179,856.327201925956,819.490424541124
a,PID,Sine,limit bandwidth,45,62.7551364242096,862.094467773524,821.690044760742
a,PID,Sine,limit bandwidth,45,62.8321365916013,867.927096720459,823.943915387119
a,PID,Sine,limit bandwidth,45,62.9091367589929,873.822324275018,826.285932289156
a,PID,Sine,limit bandwidth,45,62.9861369263846,879.777356275587,828.729879615784
a,PID,Sine,limit bandwidth,45,63.0631370937763,885.789370215033,831.233965849282
a,PID,Sine,limit bandwidth,45,63.140137261168,891.855516578488,833.808677382304
a,PID,Sine,limit bandwidth,45,63.2171374285596,897.972920193932,836.493546908296
a,PID,Sine,limit bandwidth,45,63.2941375959513,904.138681594941,839.276559764131
a,PID,Sine,limit bandwidth,45,63.371137763343,910.349878394946,842.058657241407
a,PID,Sine,limit bandwidth,45,63.4481379307346,916.603566672359,844.951745835637
a,PID,Sine,limit bandwidth,45,63.5251380981263,922.896782365899,847.919232602059
a,PID,Sine,limit bandwidth,45,63.602138265518,929.226542679473,851.036366646202
a,PID,Sine,limit bandwidth,45,63.6791384329096,935.589847495932,854.126431107731
a,PID,Sine,limit bandwidth,45,63.7561386003013,941.983680799032,857.275428968397
a,PID,Sine,limit bandwidth,45,63.833138767693,948.405012102943,860.488192228769
a,PID,Sine,limit bandwidth,45,63.9101389350846,954.850797888604,863.856944765682
a,PID,Sine,limit bandwidth,45,63.9871391024763,961.317983046257,867.310534260795
a,PID,Sine,limit bandwidth,45,64.064139269868,967.803502323484,870.68547023388
a,PID,Sine,limit bandwidth,45,64.1411394372596,974.304281778046,874.109751578453
a,PID,Sine,limit bandwidth,45,64.2181396046513,980.817240234829,877.723241695329
a,PID,Sine,limit bandwidth,45,64.295139772043,987.339290746242,881.507935665001
a,PID,Sine,limit bandwidth,45,64.3721399394346,993.867342055329,885.077808580668
a,PID,Sine,limit bandwidth,45,64.4491401068263,1000.39830006094,888.739202518022
a,PID,Sine,limit bandwidth,45,64.526140274218,1006.92906928422,892.519257169377
a,PID,Sine,limit bandwidth,45,64.6031404416097,1013.45655433582,896.555240764677
a,PID,Sine,limit bandwidth,45,64.6801406090013,1019.97766138297,900.369814745899
a,PID,Sine,limit bandwidth,45,64.757140776393,1026.48929961589,904.21993542551
a,PID,Sine,limit bandwidth,45,64.8341409437847,1032.98838271274,908.135710990047
a,PID,Sine,limit bandwidth,45,64.9111411111763,1039.47183030241,912.240248440479
a,PID,Sine,limit bandwidth,45,64.988141278568,1045.9365694246,916.452033010874
a,PID,Sine,limit bandwidth,45,65.0651414459597,1052.37953598623,920.432010510835
a,PID,Sine,limit bandwidth,45,65.1421416133513,1058.79767621377,924.453047955363
a,PID,Sine,limit bandwidth,45,65.219141780743,1065.18794810063,928.671175668169
a,PID,Sine,limit bandwidth,45,65.2961419481347,1071.54732284899,933.17266562473
a,PID,Sine,limit bandwidth,45,65.3731421155263,1077.87278630535,937.249167262293
a,PID,Sine,limit bandwidth,45,65.450142282918,1084.16134038912,941.377735205104
a,PID,Sine,limit bandwidth,45,65.5271424503097,1090.4100045137,945.666699183185
a,PID,Sine,limit bandwidth,45,65.6041426177013,1096.61581699908,950.285481028048
a,PID,Sine,limit bandwidth,45,65.681142785093,1102.77583647569,954.540204126076
a,PID,Sine,limit bandwidth,45,65.7581429524847,1108.88714327846,958.786317950519
a,PID,Sine,limit bandwidth,45,65.8351431198763,1114.94684083067,963.092500952559
a,PID,Sine,limit bandwidth,45,65.912143287268,1120.95205701684,967.622332310937
a,PID,Sine,limit bandwidth,45,65.9891434546597,1126.89994554405,972.242586049343
a,PID,Sine,limit bandwidth,45,66.0661436220513,1132.78768729094,976.51229764809
a,PID,Sine,limit bandwidth,45,66.143143789443,1138.61249164396,980.81011257998
a,PID,Sine,limit bandwidth,45,66.2201439568347,1144.37159781998,985.285072948229
a,PID,Sine,limit bandwidth,45,66.2971441242263,1150.06227617486,990.157216861604
a,PID,Sine,limit bandwidth,45,66.374144291618,1155.68182949718,994.417263816242
a,PID,Sine,limit bandwidth,45,66.4511444590097,1161.22759428668,998.678937935163
a,PID,Sine,limit bandwidth,45,66.5281446264014,1166.69694201664,1003.13262388929
a,PID,Sine,limit bandwidth,45,66.605144793793,1172.08728037976,1007.95470422482
a,PID,Sine,limit bandwidth,45,66.6821449611847,1177.3960545168,1012.36167713792
a,PID,Sine,limit bandwidth,45,66.7591451285764,1182.62074822754,1016.63176771171
a,PID,Sine,limit bandwidth,45,66.836145295968,1187.75888516336,1020.98406833782
a,PID,Sine,limit bandwidth,45,66.9131454633597,1192.80803000097,1025.57160894778
a,PID,Sine,limit bandwidth,45,66.9901456307514,1197.76578959666,1030.24221263876
a,PID,Sine,limit bandwidth,45,67.067145798143,1202.6298141206,1034.46197332647
a,PID,Sine,limit bandwidth,45,67.1441459655347,1207.3977981706,1038.69346138456
a,PID,Sine,limit bandwidth,45,67.2211461329264,1212.06748186475,1043.06323814603
a,PID,Sine,limit bandwidth,45,67.298146300318,1216.63665191259,1047.92566374947
a,PID,Sine,limit bandwidth,45,67.3751464677097,1221.10314266413,1052.03000839138
a,PID,Sine,limit bandwidth,45,67.4521466351014,1225.46483713628,1056.1179798742
a,PID,Sine,limit bandwidth,45,67.529146802493,1229.71966801625,1060.3457059642
a,PID,Sine,limit bandwidth,45,67.6061469698847,1233.86561864143,1064.9789874026
a,PID,Sine,limit bandwidth,45,67.6831471372764,1237.90072395515,1069.19905578774
a,PID,Sine,limit bandwidth,45,67.7601473046681,1241.82307143815,1073.15355184878
a,PID,Sine,limit bandwidth,45,67.8371474720597,1245.63080201497,1077.20358344172
a,PID,Sine,limit bandwidth,45,67.9141476394514,1249.32211093516,1081.47845430091
a,PID,Sine,limit bandwidth,45,67.991147806843,1252.89524862865,1085.83608209481
a,PID,Sine,limit bandwidth,45,68.0681479742347,1256.348521535,1089.66898561417
a,PID,Sine,limit bandwidth,45,68.1451481416264,1259.68029290609,1093.49541538801
a,PID,Sine,limit bandwidth,45,68.2221483090181,1262.8889835819,1097.44370326851
a,PID,Sine,limit bandwidth,45,68.2991484764097,1265.97307273898,1101.88071294812
a,PID,Sine,limit bandwidth,45,68.3761486438014,1268.93109861127,1105.50111218235
a,PID,Sine,limit bandwidth,45,68.4531488111931,1271.76165918295,1109.08769951047
a,PID,Sine,limit bandwidth,45,68.5301489785847,1274.46341285292,1112.75579870003
a,PID,Sine,limit bandwidth,45,68.6071491459764,1277.03507907073,1116.82709158264
a,PID,Sine,limit bandwidth,45,68.6841493133681,1279.47543894346,1120.52668645347
a,PID,Sine,limit bandwidth,45,68.7611494807597,1281.7833358135,1123.85518347425
a,PID,Sine,limit bandwidth,45,68.8381496481514,1283.95767580673,1127.27838586309
a,PID,Sine,limit bandwidth,45,68.9151498155431,1285.99742835099,1130.89712472028
a,PID,Sine,limit bandwidth,45,68.9921499829347,1287.90162666457,1134.6296318015
a,PID,Sine,limit bandwidth,45,69.0691501503264,1289.66936821439,1137.74055301672
a,PID,Sine,limit bandwidth,45,69.1461503177181,1291.2998151438,1140.85476272286
a,PID,Sine,limit bandwidth,45,69.2231504851097,1292.79219466971,1144.06419683251
a,PID,Sine,limit bandwidth,45,69.3001506525014,1294.14579944884,1147.72945509717
a,PID,Sine,limit bandwidth,45,69.3771508198931,1295.35998791299,1150.57504908458
a,PID,Sine,limit bandwidth,45,69.4541509872847,1296.43418457312,1153.3715025071
a,PID,Sine,limit bandwidth,45,69.5311511546764,1297.36788029215,1156.1956836514
a,PID,Sine,limit bandwidth,45,69.6081513220681,1298.1606325262,1159.3803690309
a,PID,Sine,limit bandwidth,45,69.6851514894598,1298.81206553443,1162.25877725121
a,PID,Sine,limit bandwidth,45,69.7621516568514,1299.32187055706,1164.72688461822
a,PID,Sine,limit bandwidth,45,69.8391518242431,1299.68980596175,1167.22566344175
a,PID,Sine,limit bandwidth,45,69.9161519916348,1299.91569735812,1169.89910673111
a,PID,Sine,limit bandwidth,45,69.9931521590264,1299.9994376804,1172.70181291483
a,PID,Sine,limit bandwidth,45,70.0701523264181,1299.94098723819,1174.85253344336
a,PID,Sine,limit bandwidth,45,70.1471524938098,1299.74037373524,1177.00363822957
a,PID,Sine,limit bandwidth,45,70.2241526612014,1299.39769225636,1179.21658158546
a,PID,Sine,limit bandwidth,45,70.3011528285931,1298.91310522232,1181.82475967801
a,PID,Sine,limit bandwidth,45,70.3781529959848,1298.28684231289,1183.66553319583
a,PID,Sine,limit bandwidth,45,70.4551531633764,1297.51920035797,1185.4453573846
a,PID,Sine,limit bandwidth,45,70.5321533307681,1296.6105431969,1187.22895287065
a,PID,Sine,limit bandwidth,45,70.6091534981598,1295.56130150599,1189.25978012995
a,PID,Sine,limit bandwidth,45,70.6861536655514,1294.37197259445,1191.07439032778
a,PID,Sine,limit bandwidth,45,70.7631538329431,1293.04312016862,1192.48075017652
a,PID,Sine,limit bandwidth,45,70.8401540003348,1291.57537406482,1193.86903752188
a,PID,Sine,limit bandwidth,45,70.9171541677264,1289.96942995083,1195.38520900941
a,PID,Sine,limit bandwidth,45,70.9941543351181,1288.22604899615,1197.02246612799
a,PID,Sine,limit bandwidth,45,71.0711545025098,1286.34605751121,1198.05343024541
a,PID,Sine,limit bandwidth,45,71.1481546699014,1284.3303465558,1199.06705177794
a,PID,Sine,limit bandwidth,45,71.2251548372931,1282.17987151662,1200.10616770368
a,PID,Sine,limit bandwidth,45,71.3021550046848,1279.89565165457,1201.42310764334
a,PID,Sine,limit bandwidth,45,71.3791551720765,1277.47876962156,1202.1406120323
a,PID,Sine,limit bandwidth,45,71.4561553394681,1274.93037094742,1202.75794512583
a,PID,Sine,limit bandwidth,45,71.5331555068598,1272.25166349693,1203.35593563473
a,PID,Sine,limit bandwidth,45,71.6101556742515,1269.44391689735,1204.09406692822
a,PID,Sine,limit bandwidth,45,71.6871558416431,1266.50846193661,1204.68142254817
a,PID,Sine,limit bandwidth,45,71.7641560090348,1263.44668993262,1204.90887166291
a,PID,Sine,limit bandwidth,45,71.8411561764265,1260.26005207375,1205.09090895977
a,PID,Sine,limit bandwidth,45,71.9181563438181,1256.9500587311,1205.33162092573
a,PID,Sine,limit bandwidth,45,71.9951565112098,1253.51827874254,1205.65701401362
a,PID,Sine,limit bandwidth,45,72.0721566786015,1249.96633866919,1205.50161862905
a,PID,Sine,limit bandwidth,45,72.1491568459931,1246.29592202445,1205.29127705861
a,PID,Sine,limit bandwidth,45,72.2261570133848,1242.50876847609,1205.07362287875
a,PID,Sine,limit bandwidth,45,72.3031571807765,1238.60667302165,1205.00547160474
a,PID,Sine,limit bandwidth,45,72.3801573481682,1234.59148513773,1204.53173533728
a,PID,Sine,limit bandwidth,45,72.4571575155598,1230.46510790335,1203.93329422611
a,PID,Sine,limit bandwidth,45,72.5341576829515,1226.22949709794,1203.29562680489
a,PID,Sine,limit bandwidth,45,72.6111578503431,1221.8866602744,1202.70781029089
a,PID,Sine,limit bandwidth,45,72.6881580177348,1217.43865580755,1201.99861757882
a,PID,Sine,limit bandwidth,45,72.7651581851265,1212.88759191852,1201.02393053929
a,PID,Sine,limit bandwidth,45,72.8421583525182,1208.23562567554,1199.99576343323
a,PID,Sine,limit bandwidth,45,72.9191585199098,1203.48496197152,1198.95041874926
a,PID,Sine,limit bandwidth,45,72.9961586873015,1198.63785247904,1197.919994602
a,PID,Sine,limit bandwidth,45,73.0731588546932,1193.69659458308,1196.58459185576
a,PID,Sine,limit bandwidth,45,73.1501590220848,1188.66353029216,1195.18298042002
a,PID,Sine,limit bandwidth,45,73.2271591894765,1183.54104512827,1193.72651229756
a,PID,Sine,limit bandwidth,45,73.3041593568682,1178.33156699625,1192.29208735057
a,PID,Sine,limit bandwidth,45,73.3811595242598,1173.03756503298,1190.65021527218
a,PID,Sine,limit bandwidth,45,73.4581596916515,1167.66154843713,1188.87983325981
a,PID,Sine,limit bandwidth,45,73.5351598590432,1162.20606527982,1187.05551659236
a,PID,Sine,limit bandwidth,45,73.6121600264348,1156.67370129698,1185.20248316023
a,PID,Sine,limit bandwidth,45,73.6891601938265,1151.06707866373,1183.24118185604
a,PID,Sine,limit bandwidth,45,73.7661603612182,1145.38885475159,1181.13728683737
a,PID,Sine,limit bandwidth,45,73.8431605286098,1139.64172086893,1178.97720173201
a,PID,Sine,limit bandwidth,45,73.9201606960015,1133.8284009854,1176.7518044611
a,PID,Sine,limit bandwidth,45,73.9971608633932,1127.95165044081,1174.42914115135
a,PID,Sine,limit bandwidth,45,74.0741610307849,1122.01425463923,1172.01465791307
a,PID,Sine,limit bandwidth,45,74.1511611981765,1116.01902772876,1169.54807305588
a,PID,Sine,limit bandwidth,45,74.2281613655682,1109.96881126772,1166.97006082137
a,PID,Sine,limit bandwidth,45,74.3051615329599,1103.86647287784,1164.29805005043
a,PID,Sine,limit bandwidth,45,74.3821617003515,1097.71490488506,1161.58326170334
a,PID,Sine,limit bandwidth,45,74.4591618677432,1091.51702294872,1158.79724146333
a,PID,Sine,limit bandwidth,45,74.5361620351349,1085.27576467954,1155.93048982144
a,PID,Sine,limit bandwidth,45,74.6131622025265,1078.99408824736,1152.96727446476
a,PID,Sine,limit bandwidth,45,74.6901623699182,1072.67497097901,1149.9032481068
a,PID,Sine,limit bandwidth,45,74.7671625373099,1066.32140794715,1146.83371699342
a,PID,Sine,limit bandwidth,45,74.8441627047015,1059.93641055071,1143.71101241526
a,PID,Sine,limit bandwidth,45,74.9211628720932,1053.52300508756,1140.50317231819
a,PID,Sine,limit bandwidth,45,74.9981630394849,1047.08423132015,1137.05576617105
a,PID,Sine,limit bandwidth,45,75.0751632068765,1040.62314103476,1133.75000371692
a,PID,Sine,limit bandwidth,45,75.1521633742682,1034.14279659501,1130.4028997353
a,PID,Sine,limit bandwidth,45,75.2291635416599,1027.64626949043,1126.93474225371
a,PID,Sine,limit bandwidth,45,75.3061637090515,1021.13663888063,1123.25219893788
a,PID,Sine,limit bandwidth,45,75.3831638764432,1014.61699013593,1119.64815657355
a,PID,Sine,limit bandwidth,45,75.4601640438349,1008.09041337489,1116.08060595097
a,PID,Sine,limit bandwidth,45,75.5371642112265,1001.5600019998,1112.39934348651
a,PID,Sine,limit bandwidth,45,75.6141643786182,995.028851230391,1108.56953704434
a,PID,Sine,limit bandwidth,45,75.6911645460099,988.500056636881,1104.63863290607
a,PID,Sine,limit bandwidth,45,75.7681647134015,981.976712672716,1100.84487008582
a,PID,Sine,limit bandwidth,45,75.8451648807932,975.46191120791,1097.00647721873
a,PID,Sine,limit bandwidth,45,75.9221650481849,968.958740063585,1093.05942738387
a,PID,Sine,limit bandwidth,45,75.9991652155766,962.470281548442,1088.77545341782
a,PID,Sine,limit bandwidth,45,76.0761653829682,955.999610997834,1084.83836541578
a,PID,Sine,limit bandwidth,45,76.1531655503599,949.54979531615,1080.87470645963
a,PID,Sine,limit bandwidth,45,76.2301657177516,943.123891523198,1076.80649871343
a,PID,Sine,limit bandwidth,45,76.3071658851432,936.724945305262,1072.41964391187
a,PID,Sine,limit bandwidth,45,76.3841660525349,930.355989571541,1068.18580712979
a,PID,Sine,limit bandwidth,45,76.4611662199266,924.020043016644,1064.12955604521
a,PID,Sine,limit bandwidth,45,76.5381663873182,917.720108689816,1059.92720540869
a,PID,Sine,limit bandwidth,45,76.6151665547099,911.459172571578,1055.54292708164
a,PID,Sine,limit bandwidth,45,76.6921667221016,905.240202158473,1051.0170722992
a,PID,Sine,limit bandwidth,45,76.7691668894932,899.066145056548,1046.83156075247
a,PID,Sine,limit bandwidth,45,76.8461670568849,892.939927584286,1042.5823999962
a,PID,Sine,limit bandwidth,45,76.9231672242766,886.864453385619,1038.21398798582
a,PID,Sine,limit bandwidth,45,77.0001673916682,880.842602053679,1033.43098327819
a,PID,Sine,limit bandwidth,45,77.0771675590599,874.877227765963,1029.1740982106
a,PID,Sine,limit bandwidth,45,77.1541677264516,868.971157931541,1024.90829100769
a,PID,Sine,limit bandwidth,45,77.2311678938432,863.127191850943,1020.57312583939
a,PID,Sine,limit bandwidth,45,77.3081680612349,857.348099389375,1015.84206186513
a,PID,Sine,limit bandwidth,45,77.3851682286266,851.636619663889,1011.29466296526
a,PID,Sine,limit bandwidth,45,77.4621683960182,845.995459745123,1007.04363214976
a,PID,Sine,limit bandwidth,45,77.5391685634099,840.427293374226,1002.689609459
a,PID,Sine,limit bandwidth,45,77.6161687308016,834.934759695586,998.10612653244
a,PID,Sine,limit bandwidth,45,77.6931688981932,829.520462005962,993.332292506303
a,PID,Sine,limit bandwidth,45,77.7701690655849,824.186966520588,989.092256657389
a,PID,Sine,limit bandwidth,45,77.8471692329766,818.93680115687,984.770902439808
a,PID,Sine,limit bandwidth,45,77.9241694003683,813.772454336232,980.332473666364
a,PID,Sine,limit bandwidth,45,78.0011695677599,808.696373804667,975.426385801424
a,PID,Sine,limit bandwidth,45,78.0781697351516,803.71096547259,971.1880150543
a,PID,Sine,limit bandwidth,45,78.1551699025433,798.818592274505,966.959824584839
a,PID,Sine,limit bandwidth,45,78.2321700699349,794.021573049041,962.673083794956
a,PID,Sine,limit bandwidth,45,78.3091702373266,789.322181439896,958.016412468052
a,PID,Sine,limit bandwidth,45,78.3861704047183,784.722644818199,953.504242490146
a,PID,Sine,limit bandwidth,45,78.4631705721099,780.225143226798,949.397235348077
a,PID,Sine,limit bandwidth,45,78.5401707395016,775.831808346984,945.240199223603
a,PID,Sine,limit bandwidth,45,78.6171709068933,771.544722488148,940.827247111149
a,PID,Sine,limit bandwidth,45,78.6941710742849,767.365917600817,936.17814260212
a,PID,Sine,limit bandwidth,45,78.7711712416766,763.297374313573,932.22097413521
a,PID,Sine,limit bandwidth,45,78.8481714090683,759.341020994302,928.172578349899
a,PID,Sine,limit bandwidth,45,78.9251715764599,755.498732836194,924.020725306797
a,PID,Sine,limit bandwidth,45,79.0021717438516,751.772330968964,919.402573168248
a,PID,Sine,limit bandwidth,45,79.0791719112433,748.163581595693,915.494694955151
a,PID,Sine,limit bandwidth,45,79.1561720786349,744.674195155692,911.642051410013
a,PID,Sine,limit bandwidth,45,79.2331722460266,741.305825513812,907.747686255458
a,PID,Sine,limit bandwidth,45,79.3101724134183,738.060069176564,903.537603983044
a,PID,Sine,limit bandwidth,45,79.3871725808099,734.938464535412,899.414528645311
a,PID,Sine,limit bandwidth,45,79.4641727482016,731.942491137631,895.780308596225
a,PID,Sine,limit bandwidth,45,79.5411729155933,729.073568985043,892.148499370071
a,PID,Sine,limit bandwidth,45,79.618173082985,726.333057860977,888.260603577507
a,PID,Sine,limit bandwidth,45,79.6951732503766,723.722256685772,884.104985904953
a,PID,Sine,limit bandwidth,45,79.7721734177683,721.242402901134,880.712167016307
a,PID,Sine,limit bandwidth,45,79.84917358516,718.894671883616,877.290449254025
a,PID,Sine,limit bandwidth,45,79.9261737525516,716.680176387531,873.758402541405
a,PID,Sine,limit bandwidth,45,80.0031739199433,714.599966017539,869.800027490016
a,PID,Sine,limit bandwidth,45,80.080174087335,712.655026731164,866.525326709133
a,PID,Sine,limit bandwidth,45,80.1571742547266,710.84628037148,863.357208935976
a,PID,Sine,limit bandwidth,45,80.2341744221183,709.174584230187,860.168142185675
a,PID,Sine,limit bandwidth,45,80.31117458951,707.640730641277,856.733492709767
a,PID,Sine,limit bandwidth,45,80.3881747569016,706.245446605495,853.329930860393
a,PID,Sine,limit bandwidth,45,80.4651749242933,704.98939344576,850.460773269823
a,PID,Sine,limit bandwidth,45,80.542175091685,703.873166493716,847.611507542184
a,PID,Sine,limit bandwidth,45,80.6191752590767,702.897294807569,844.584725458044
a,PID,Sine,limit bandwidth,45,80.6961754264683,702.062240921323,841.257570316626
a,PID,Sine,limit bandwidth,45,80.77317559386,701.368400625553,838.703005178723
a,PID,Sine,limit bandwidth,45,80.8501757612516,700.816102779817,836.17183254428
a,PID,Sine,limit bandwidth,45,80.9271759286433,700.405609156782,833.542782583591
a,PID,Sine,limit bandwidth,45,81.004176096035,700.137114318153,830.558785297307
a,PID,Sine,limit bandwidth,45,81.0811762634266,700.010745522456,828.175286915879
a,PID,Sine,limit bandwidth,45,81.1581764308183,700.026562664722,825.946864370513
a,PID,Sine,limit bandwidth,45,81.23517659821,700.184558248099,823.719842121457
a,PID,Sine,limit bandwidth,45,81.3121767656016,700.484657387404,821.30189668559
a,PID,Sine,limit bandwidth,45,81.3891769329933,700.926717844617,818.916923260571
a,PID,Sine,limit bandwidth,45,81.466177100385,701.510530096296,817.045015735068
a,PID,Sine,limit bandwidth,45,81.5431772677767,702.23581743289,815.209045410523
a,PID,Sine,limit bandwidth,45,81.6201774351683,703.102236089884,813.270364503767
a,PID,Sine,limit bandwidth,45,81.69717760256,704.109375410737,811.045350242593
a,PID,Sine,limit bandwidth,45,81.7741777699517,705.256758041521,809.537092138423
a,PID,Sine,limit bandwidth,45,81.8511779373433,706.543840157173,808.086588023459
a,PID,Sine,limit bandwidth,45,81.928178104735,707.970011719249,806.571065497857
a,PID,Sine,limit bandwidth,45,82.0051782721267,709.534596765065,804.794275218292
a,PID,Sine,limit bandwidth,45,82.0821784395183,711.236853728087,803.481353133366
a,PID,Sine,limit bandwidth,45,82.15917860691,713.075975789405,802.386499895767
a,PID,Sine,limit bandwidth,45,82.2361787743017,715.051091260146,801.301446613416
a,PID,Sine,limit bandwidth,45,82.3131789416934,717.161263994626,800.091091660636
a,PID,Sine,limit bandwidth,45,82.390179109085,719.405493834056,798.912568959966
a,PID,Sine,limit bandwidth,45,82.4671792764767,721.782717080586,798.191169269999
a,PID,Sine,limit bandwidth,45,82.5441794438684,724.29180700147,797.518644708195
a,PID,Sine,limit bandwidth,45,82.62117961126,726.931574363096,796.804860127035
a,PID,Sine,limit bandwidth,45,82.6981797786517,729.700767994657,795.871458761629
a,PID,Sine,limit bandwidth,45,82.7751799460434,732.59807538116,795.534713663299
a,PID,Sine,limit bandwidth,45,82.852180113435,735.622123285524,795.26145941934
a,PID,Sine,limit bandwidth,45,82.9291802808267,738.771478399451,794.986415772717
a,PID,Sine,limit bandwidth,45,83.0061804482184,742.044648022772,794.550151555066
a,PID,Sine,limit bandwidth,45,83.08318061561,745.440080770942,794.437636085589
a,PID,Sine,limit bandwidth,45,83.1601807830017,748.956167310349,794.549105458981
a,PID,Sine,limit bandwidth,45,83.2371809503934,752.591241121095,794.694637569473
a,PID,Sine,limit bandwidth,45,83.314181117785,756.343579286868,794.784626073592
a,PID,Sine,limit bandwidth,45,83.3911812851767,760.211403311561,794.907079540062
a,PID,Sine,limit bandwidth,45,83.4681814525684,764.19287996222,795.397960291548
a,PID,Sine,limit bandwidth,45,83.54518161996,768.286122137945,795.946180264449
a,PID,Sine,limit bandwidth,45,83.6221817873517,772.48918976432,796.4963789443
a,PID,Sine,limit bandwidth,45,83.6991819547434,776.800090712947,796.941849235851
a,PID,Sine,limit bandwidth,45,83.776182122135,781.216781745657,797.808585837363
a,PID,Sine,limit bandwidth,45,83.8531822895267,785.737169482945,798.739417780016
a,PID,Sine,limit bandwidth,45,83.9301824569184,790.359111396168,799.707892915668
a,PID,Sine,limit bandwidth,45,84.00718262431,795.080416823039,800.63633795668
a,PID,Sine,limit bandwidth,45,84.0841827917017,799.898848005937,801.762087002428
a,PID,Sine,limit bandwidth,45,84.1611829590934,804.812121152537,803.056539565918
a,PID,Sine,limit bandwidth,45,84.2381831264851,809.817907518255,804.422797799221
a,PID,Sine,limit bandwidth,45,84.3151832938767,814.913834510012,805.800863657598
a,PID,Sine,limit bandwidth,45,84.3921834612684,820.097486810765,807.226517172414
a,PID,Sine,limit bandwidth,45,84.4691836286601,825.366407524294,808.885866757631
a,PID,Sine,limit bandwidth,45,84.5461837960517,830.718099339706,810.614469597797
a,PID,Sine,limit bandwidth,45,84.6231839634434,836.150025715079,812.383759600843
a,PID,Sine,limit bandwidth,45,84.7001841308351,841.659612079705,814.16973961031
a,PID,Sine,limit bandwidth,45,84.7771842982267,847.244247054366,816.17576308945
a,PID,Sine,limit bandwidth,45,84.8541844656184,852.901283689045,818.241095932996
a,PID,Sine,limit bandwidth,45,84.9311846330101,858.628040717505,820.357748953917
a,PID,Sine,limit bandwidth,45,85.0081848004017,864.421803828122,822.565106910563
a,PID,Sine,limit bandwidth,45,85.0851849677934,870.279826950399,824.869418078432
a,PID,Sine,limit bandwidth,45,85.1621851351851,876.199333556509,827.24625746553
a,PID,Sine,limit bandwidth,45,85.2391853025767,882.177517977294,829.709806322281
a,PID,Sine,limit bandwidth,45,85.3161854699684,888.211546732065,832.260208594181
a,PID,Sine,limit bandwidth,45,85.3931856373601,894.298559871592,834.898292921569
a,PID,Sine,limit bandwidth,45,85.4701858047517,900.435672333624,837.579989104185
a,PID,Sine,limit bandwidth,45,85.5471859721434,906.619975310336,840.353980495434
a,PID,Sine,limit bandwidth,45,85.6241861395351,912.848537627006,843.199564284087
a,PID,Sine,limit bandwidth,45,85.7011863069267,919.118407131307,846.182908651705
a,PID,Sine,limit bandwidth,45,85.7781864743184,925.426612092544,849.172654945938
a,PID,Sine,limit bandwidth,45,85.8551866417101,931.77016261016,852.211748053578
a,PID,Sine,limit bandwidth,45,85.9321868091018,938.146052030856,855.313800238401
a,PID,Sine,limit bandwidth,45,86.0091869764934,944.551258373667,858.590234140781
a,PID,Sine,limit bandwidth,45,86.0861871438851,950.982745762282,861.918195792837
a,PID,Sine,limit bandwidth,45,86.1631873112768,957.437465863954,865.192639906196
a,PID,Sine,limit bandwidth,45,86.2401874786684,963.912359334332,868.542175090542
a,PID,Sine,limit bandwidth,45,86.3171876460601,970.404357267489,872.055496237165
a,PID,Sine,limit bandwidth,45,86.3941878134518,976.910382650491,875.716877096453
a,PID,Sine,limit bandwidth,45,86.4711879808434,983.427351821814,879.195944587189
a,PID,Sine,limit bandwidth,45,86.5481881482351,989.952175932911,882.796327471394
a,PID,Sine,limit bandwidth,45,86.6251883156268,996.481762412218,886.4891272566
a,PID,Sine,limit bandwidth,45,86.7021884830184,1003.01301643096,890.435548978328
a,PID,Sine,limit bandwidth,45,86.7791886504101,1009.54284236999,894.171899804522
a,PID,Sine,limit bandwidth,45,86.8561888178018,1016.06814528704,897.945470397666
a,PID,Sine,limit bandwidth,45,86.9331889851934,1022.5858323836,901.785934100702
a,PID,Sine,limit bandwidth,45,87.0101891525851,1029.09281447085,905.846083213541
a,PID,Sine,limit bandwidth,45,87.0871893199768,1035.58600743382,909.957845364077
a,PID,Sine,limit bandwidth,45,87.1641894873684,1042.06233369317,913.87236034485
a,PID,Sine,limit bandwidth,45,87.2411896547601,1048.51872366387,917.829539443891
a,PID,Sine,limit bandwidth,45,87.3181898221518,1054.95211721009,922.019908574662
a,PID,Sine,limit bandwidth,45,87.3951899895434,1061.35946509564,926.430722171383
a,PID,Sine,limit bandwidth,45,87.4721901569351,1067.73773042918,930.452954002278
a,PID,Sine,limit bandwidth,45,87.5491903243268,1074.08389010361,934.563068353459
a,PID,Sine,limit bandwidth,45,87.6261904917184,1080.394936229,938.806238413031
a,PID,Sine,limit bandwidth,45,87.7031906591101,1086.66787755815,943.385796746035
a,PID,Sine,limit bandwidth,45,87.7801908265018,1092.89974090441,947.591748775605
a,PID,Sine,limit bandwidth,45,87.8571909938935,1099.08757255087,951.800931737902
a,PID,Sine,limit bandwidth,45,87.9341911612851,1105.22843965032,956.073216721315
a,PID,Sine,limit bandwidth,45,88.0111913286768,1111.31943161535,960.575544180437
a,PID,Sine,limit bandwidth,45,88.0881914960685,1117.35766149786,965.163816905268
a,PID,Sine,limit bandwidth,45,88.1651916634601,1123.34026735742,969.408517197936
a,PID,Sine,limit bandwidth,45,88.2421918308518,1129.26441361771,973.684026481259
a,PID,Sine,limit bandwidth,45,88.3191919982435,1135.12729241052,978.179030725384
a,PID,Sine,limit bandwidth,45,88.3961921656351,1140.92612490656,983.001453050476
a,PID,Sine,limit bandwidth,45,88.4731923330268,1146.65816263261,987.248324064387
a,PID,Sine,limit bandwidth,45,88.5501925004185,1152.32068877415,991.534742962074
a,PID,Sine,limit bandwidth,45,88.6271926678101,1157.91101946309,995.987570392683
a,PID,Sine,limit bandwidth,45,88.7041928352018,1163.4265050498,1000.82289221011
a,PID,Sine,limit bandwidth,45,88.7811930025935,1168.86453135902,1005.18126540618
a,PID,Sine,limit bandwidth,45,88.8581931699851,1174.22252092885,1009.49140666908
a,PID,Sine,limit bandwidth,45,88.9351933373768,1179.49793423242,1013.85388654791
a,PID,Sine,limit bandwidth,45,89.0121935047685,1184.68827088154,1018.46268051369
a,PID,Sine,limit bandwidth,45,89.0891936721601,1189.79107081181,1023.14216366217
a,PID,Sine,limit bandwidth,45,89.1661938395518,1194.80391544863,1027.37949311174
a,PID,Sine,limit bandwidth,45,89.2431940069435,1199.7244288535,1031.63205448042
a,PID,Sine,limit bandwidth,45,89.3201941743351,1204.55027885017,1036.0669883742
a,PID,Sine,limit bandwidth,45,89.3971943417268,1209.27917813003,1040.92552572619
a,PID,Sine,limit bandwidth,45,89.4741945091185,1213.90888533619,1045.05898734626
a,PID,Sine,limit bandwidth,45,89.5511946765101,1218.43720612585,1049.17872755702
a,PID,Sine,limit bandwidth,45,89.6281948439018,1222.86199421033,1053.48399725425
a,PID,Sine,limit bandwidth,45,89.7051950112935,1227.18115237238,1058.18103535248
a,PID,Sine,limit bandwidth,45,89.7821951786852,1231.39263346014,1062.39217477592
a,PID,Sine,limit bandwidth,45,89.8591953460768,1235.4944413575,1066.42601026734
a,PID,Sine,limit bandwidth,45,89.9361955134685,1239.48463193014,1070.52940789159
a,PID,Sine,limit bandwidth,45,90.0131956808602,1243.36131394702,1074.87207691462
a,PID,Sine,limit bandwidth,45,90.0901958482518,1247.12264997676,1079.27927719254
a,PID,Sine,limit bandwidth,45,90.1671960156435,1250.76685725855,1083.17099349621
a,PID,Sine,limit bandwidth,45,90.2441961830352,1254.29220854707,1087.06017956246
a,PID,Sine,limit bandwidth,45,90.3211963504268,1257.69703293121,1091.08152554953
a,PID,Sine,limit bandwidth,45,90.3981965178185,1260.979716626,1095.59273724245
a,PID,Sine,limit bandwidth,45,90.4751966852102,1264.13870373752,1099.28228884203
a,PID,Sine,limit bandwidth,45,90.5521968526019,1267.17249700032,1102.9408205484
a,PID,Sine,limit bandwidth,45,90.6291970199935,1270.0796584871,1106.7224449677
a,PID,Sine,limit bandwidth,45,90.7061971873852,1272.85881029021,1110.9022000233
a,PID,Sine,limit bandwidth,45,90.7831973547769,1275.50863517479,1114.63447368938
a,PID,Sine,limit bandwidth,45,90.8601975221685,1278.02787720308,1118.07497727446
a,PID,Sine,limit bandwidth,45,90.9371976895602,1280.41534232966,1121.59037078487
a,PID,Sine,limit bandwidth,45,91.0141978569519,1282.66989896744,1125.31761179594
a,PID,Sine,limit bandwidth,45,91.0911980243435,1284.79047852397,1129.10894961795
a,PID,Sine,limit bandwidth,45,91.1681981917352,1286.77607590796,1132.34324500293
a,PID,Sine,limit bandwidth,45,91.2451983591269,1288.62575000559,1135.55682008846
a,PID,Sine,limit bandwidth,45,91.3221985265185,1290.33862412665,1138.8767968042
a,PID,Sine,limit bandwidth,45,91.3991986939102,1291.91388642002,1142.65305748867
a,PID,Sine,limit bandwidth,45,91.4761988613019,1293.35079025845,1145.6023099861
a,PID,Sine,limit bandwidth,45,91.5531990286935,1294.64865459249,1148.50508307081
a,PID,Sine,limit bandwidth,45,91.6301991960852,1295.80686427325,1151.46950233928
a,PID,Sine,limit bandwidth,45,91.7071993634769,1296.82487034396,1154.79819105217
a,PID,Sine,limit bandwidth,45,91.7841995308685,1297.70219030019,1157.74899196935
a,PID,Sine,limit bandwidth,45,91.8611996982602,1298.43840831849,1160.32993377203
a,PID,Sine,limit bandwidth,45,91.9381998656519,1299.03317545355,1162.97513704755
a,PID,Sine,limit bandwidth,45,92.0152000330435,1299.48620980351,1165.78881044809
a,PID,Sine,limit bandwidth,45,92.0922002004352,1299.79729664365,1168.68982382642
a,PID,Sine,limit bandwidth,45,92.1692003678269,1299.9662885281,1170.98414786387
a,PID,Sine,limit bandwidth,45,92.2462005352185,1299.99310535976,1173.26319214489
a,PID,Sine,limit bandwidth,45,92.3232007026102,1299.87773442826,1175.61511580135
a,PID,Sine,limit bandwidth,45,92.4002008700019,1299.62023041596,1178.36260981194
a,PID,Sine,limit bandwidth,45,92.4772010373936,1299.22071537207,1180.33319831105
a,PID,Sine,limit bandwidth,45,92.5542012047852,1298.67937865477,1182.24511322222
a,PID,Sine,limit bandwidth,45,92.6312013721769,1297.99647684149,1184.16789568925
a,PID,Sine,limit bandwidth,45,92.7082015395686,1297.17233360727,1186.38319884572
a,PID,Sine,limit bandwidth,45,92.7852017069602,1296.20733957136,1188.30433823625
a,PID,Sine,limit bandwidth,45,92.8622018743519,1295.10195211209,1189.84644845826
a,PID,Sine,limit bandwidth,45,92.9392020417436,1293.85669515006,1191.39272645293
a,PID,Sine,limit bandwidth,45,93.0162022091352,1292.47215889985,1193.06947638561
a,PID,Sine,limit bandwidth,45,93.0932023765269,1290.94899959024,1194.83664475743
a,PID,Sine,limit bandwidth,45,93.1702025439186,1289.28793915322,1196.0203104819
a,PID,Sine,limit bandwidth,45,93.2472027113102,1287.48976488176,1197.18010434872
a,PID,Sine,limit bandwidth,45,93.3242028787019,1285.55532905671,1198.37537778391
a,PID,Sine,limit bandwidth,45,93.4012030460936,1283.48554854282,1199.88130218161
a,PID,Sine,limit bandwidth,45,93.4782032134852,1281.28140435418,1200.71221376673
a,PID,Sine,limit bandwidth,45,93.5552033808769,1278.94394118923,1201.47670381158
a,PID,Sine,limit bandwidth,45,93.6322035482686,1276.47426693564,1202.22798876143
a,PID,Sine,limit bandwidth,45,93.7092037156602,1273.87355214516,1203.15045860903
a,PID,Sine,limit bandwidth,45,93.7862038830519,1271.14302947885,1203.86970033989
a,PID,Sine,limit bandwidth,45,93.8632040504436,1268.28399312282,1204.2447742779
a,PID,Sine,limit bandwidth,45,93.9402042178352,1265.29779817483,1204.58429478757
a,PID,Sine,limit bandwidth,45,94.0172043852269,1262.18586000201,1204.99306188478
a,PID,Sine,limit bandwidth,45,94.0942045526186,1258.94965357001,1205.46923542695
a,PID,Sine,limit bandwidth,45,94.1712047200103,1255.59071274393,1205.46125861647
a,PID,Sine,limit bandwidth,45,94.2482048874019,1252.11062956131,1205.40624416829
a,PID,Sine,limit bandwidth,45,94.3252050547936,1248.51105347753,1205.34935802755
a,PID,Sine,limit bandwidth,45,94.4022052221853,1244.79369058403,1205.46971408924
a,PID,Sine,limit bandwidth,45,94.4792053895769,1240.9603027997,1205.11921755027
a,PID,Sine,limit bandwidth,45,94.5562055569686,1237.01270703573,1204.6710664716
a,PID,Sine,limit bandwidth,45,94.6332057243603,1232.95277433451,1204.1883979251
a,PID,Sine,limit bandwidth,45,94.7102058917519,1228.78242898274,1203.77106766667
a,PID,Sine,limit bandwidth,45,94.7872060591436,1224.50364759945,1203.20790641551
a,PID,Sine,limit bandwidth,45,94.8642062265353,1220.1184581991,1202.38069561419
a,PID,Sine,limit bandwidth,45,94.9412063939269,1215.62893923036,1201.50244906872
a,PID,Sine,limit bandwidth,45,95.0182065613186,1211.03721859099,1200.61451889614
a,PID,Sine,limit bandwidth,45,95.0952067287103,1206.3454726193,1199.74306670815
a,PID,Sine,limit bandwidth,45,95.1722068961019,1201.55592506263,1198.55168841236
a,PID,Sine,limit bandwidth,45,95.2492070634936,1196.6708460233,1197.28904798872
a,PID,Sine,limit bandwidth,45,95.3262072308853,1191.69255088276,1195.98509093389
a,PID,Sine,limit bandwidth,45,95.4032073982769,1186.62339920405,1194.72407540887
a,PID,Sine,limit bandwidth,45,95.4802075656686,1181.46579361352,1193.20519047235
a,PID,Sine,limit bandwidth,45,95.5572077330603,1176.22217866203,1191.57604023297
a,PID,Sine,limit bandwidth,45,95.634207900452,1170.8950396663,1189.89592066112
a,PID,Sine,limit bandwidth,45,95.7112080678436,1165.48690153095,1188.19920094634
a,PID,Sine,limit bandwidth,45,95.7882082352353,1160.00032755177,1186.37344055512
a,PID,Sine,limit bandwidth,45,95.8652084026269,1154.4379182008,1184.4048506214
a,PID,Sine,limit bandwidth,45,95.9422085700186,1148.80230989376,1182.38125536699
a,PID,Sine,limit bandwidth,45,96.0192087374103,1143.09617374052,1180.28501479213
a,PID,Sine,limit bandwidth,45,96.096208904802,1137.32221427902,1178.11598400307
a,PID,Sine,limit bandwidth,45,96.1732090721936,1131.48316819342,1175.83032770806
a,PID,Sine,limit bandwidth,45,96.2502092395853,1125.58180301699,1173.47620560896
a,PID,Sine,limit bandwidth,45,96.327209406977,1119.6209158204,1171.03030256456
a,PID,Sine,limit bandwidth,45,96.4042095743686,1113.60333188597,1168.50341228891
a,PID,Sine,limit bandwidth,45,96.4812097417603,1107.53190336858,1165.91960860356
a,PID,Sine,limit bandwidth,45,96.558209909152,1101.40950794383,1163.2356997639
a,PID,Sine,limit bandwidth,45,96.6352100765436,1095.23904744412,1160.49073953346
a,PID,Sine,limit bandwidth,45,96.7122102439353,1089.02344648324,1157.65597466346
a,PID,Sine,limit bandwidth,45,96.789210411327,1082.76565107022,1154.70767229591
a,PID,Sine,limit bandwidth,45,96.8662105787186,1076.46862721302,1151.75023319561
a,PID,Sine,limit bandwidth,45,96.9432107461103,1070.13535951266,1148.73949685252
a,PID,Sine,limit bandwidth,45,97.020210913502,1063.7688497487,1145.62361842415
a,PID,Sine,limit bandwidth,45,97.0972110808936,1057.37211545644,1142.31128622042
a,PID,Sine,limit bandwidth,45,97.1742112482853,1050.94818849668,1139.10857744144
a,PID,Sine,limit bandwidth,45,97.251211415677,1044.50011361875,1135.8637531668
a,PID,Sine,limit bandwidth,45,97.3282115830687,1038.03094701736,1132.4724966108
a,PID,Sine,limit bandwidth,45,97.4052117504603,1031.54375488409,1128.89600356624
a,PID,Sine,limit bandwidth,45,97.482211917852,1025.04161195405,1125.40942824835
a,PID,Sine,limit bandwidth,45,97.5592120852437,1018.52760004861,1121.90686000482
a,PID,Sine,limit bandwidth,45,97.6362122526353,1012.00480661465,1118.31521081729
a,PID,Sine,limit bandwidth,45,97.713212420027,1005.47632326127,1114.5761621521
a,PID,Sine,limit bandwidth,45,97.7902125874187,998.945244294376,1110.73173401852
a,PID,Sine,limit bandwidth,45,97.8672127548103,992.414665250156,1107.01768757965
a,PID,Sine,limit bandwidth,45,97.944212922202,985.887681427832,1103.25764975908
a,PID,Sine,limit bandwidth,45,98.0212130895937,979.367386422602,1099.38824734452
a,PID,Sine,limit bandwidth,45,98.0982132569853,972.856870659362,1095.18015455385
a,PID,Sine,limit bandwidth,45,98.175213424377,966.359219927942,1091.31186362125
a,PID,Sine,limit bandwidth,45,98.2522135917687,959.877513920531,1087.41543565967
a,PID,Sine,limit bandwidth,45,98.3292137591603,953.414824771996,1083.38050652261
a,PID,Sine,limit bandwidth,45,98.406213926552,946.97421560378,1079.05304260797
a,PID,Sine,limit bandwidth,45,98.4832140939437,940.558739072079,1074.91183107453
a,PID,Sine,limit bandwidth,45,98.5602142613353,934.171435920965,1070.87916935211
a,PID,Sine,limit bandwidth,45,98.637214428727,927.815333541174,1066.72709174102
a,PID,Sine,limit bandwidth,45,98.7142145961187,921.493444535208,1062.38911202018
a,PID,Sine,limit bandwidth,45,98.7912147635104,915.208765289453,1057.94561525802
a,PID,Sine,limit bandwidth,45,98.868214930902,908.964274553983,1053.76856066729
a,PID,Sine,limit bandwidth,45,98.9452150982937,902.762932030714,1049.55778207953
a,PID,Sine,limit bandwidth,45,99.0222152656854,896.607676970605,1045.22375727824
a,PID,Sine,limit bandwidth,45,99.099215433077,890.501426780533,1040.4744273208
a,PID,Sine,limit bandwidth,45,99.1762156004687,884.447075640532,1036.24638443108
a,PID,Sine,limit bandwidth,45,99.2532157678604,878.447493132038,1032.00721946323
a,PID,Sine,limit bandwidth,45,99.330215935252,872.505522877792,1027.660152236
a,PID,Sine,limit bandwidth,45,99.4072161026437,866.62398119405,1022.93795186579
a,PID,Sine,limit bandwidth,45,99.4842162700354,860.805655755734,1018.44913175503
a,PID,Sine,limit bandwidth,45,99.561216437427,855.053304275151,1014.21314198172
a,PID,Sine,limit bandwidth,45,99.6382166048187,849.369653194928,1009.83210678888
a,PID,Sine,limit bandwidth,45,99.7152167722104,843.757396395756,1005.24725609145
a,PID,Sine,limit bandwidth,45,99.792216939602,838.219193919569,1000.51527507862
a,PID,Sine,limit bandwidth,45,99.8692171069937,832.757670708769,996.241050730617
a,PID,Sine,limit bandwidth,45,99.9462172743854,827.375415362074,991.914987682698
a,PID,Sine,limit bandwidth,45,100.023217441777,822.07497890761,987.465175771818
a,PID,Sine,limit bandwidth,45,100.100217609169,816.858873593791,982.547836515041
a,PID,Sine,limit bandwidth,45,100.17721777656,811.729571698591,978.295904384418
a,PID,Sine,limit bandwidth,45,100.254217943952,806.68950435776,974.051534029881
a,PID,Sine,limit bandwidth,45,100.331218111344,801.741060412537,969.743457577568
a,PID,Sine,limit bandwidth,45,100.408218278735,796.886585277409,965.011286062856
a,PID,Sine,limit bandwidth,45,100.485218446127,792.12837982846,960.517424085508
a,PID,Sine,limit bandwidth,45,100.562218613519,787.468699312817,956.383018979918
a,PID,Sine,limit bandwidth,45,100.63921878091,782.909752279737,952.157154323506
a,PID,Sine,limit bandwidth,45,100.716218948302,778.453699533815,947.695735462849
a,PID,Sine,limit bandwidth,45,100.793219115694,774.102653110833,943.043583318258
a,PID,Sine,limit bandwidth,45,100.870219283085,769.858675276713,939.012845827878
a,PID,Sine,limit bandwidth,45,100.947219450477,765.723777550069,934.917020224111
a,PID,Sine,limit bandwidth,45,101.024219617869,761.699919748804,930.70916562993
a,PID,Sine,limit bandwidth,45,101.10121978526,757.789009061216,926.009496993077
a,PID,Sine,limit bandwidth,45,101.178219952652,753.992899142047,922.072748412133
a,PID,Sine,limit bandwidth,45,101.255220120044,750.313389233908,918.162354611244
a,PID,Sine,limit bandwidth,45,101.332220287435,746.752223314493,914.204051764134
a,PID,Sine,limit bandwidth,45,101.409220454827,743.311089269977,909.876265249885
a,PID,Sine,limit bandwidth,45,101.486220622219,739.991618095023,905.728573037506
a,PID,Sine,limit bandwidth,45,101.56322078961,736.795383119724,902.026651432594
a,PID,Sine,limit bandwidth,45,101.640220957002,733.723899263903,898.290159508901
a,PID,Sine,limit bandwidth,45,101.717221124394,730.778622319082,894.310960257759
a,PID,Sine,limit bandwidth,45,101.794221291785,727.960948258476,890.106877168239
a,PID,Sine,limit bandwidth,45,101.871221459177,725.272212575353,886.636900693904
a,PID,Sine,limit bandwidth,45,101.948221626569,722.713689650043,883.099218295447
a,PID,Sine,limit bandwidth,45,102.02522179396,720.286592145921,879.471252179863
a,PID,Sine,limit bandwidth,45,102.102221961352,717.99207043464,875.387658575707
a,PID,Sine,limit bandwidth,45,102.179222128744,715.831212050896,872.050773470055
a,PID,Sine,limit bandwidth,45,102.256222296135,713.805041176958,868.7879668958
a,PID,Sine,limit bandwidth,45,102.333222463527,711.914518157246,865.497607264439
a,PID,Sine,limit bandwidth,45,102.410222630919,710.160539043152,861.913095200449
a,PID,Sine,limit bandwidth,45,102.48722279831,708.543935168336,858.443175803323
a,PID,Sine,limit bandwidth,45,102.564222965702,707.065472754704,855.471444716307
a,PID,Sine,limit bandwidth,45,102.641223133094,705.725852549241,852.515215686217
a,PID,Sine,limit bandwidth,45,102.718223300485,704.525709491872,849.336833172315
a,PID,Sine,limit bandwidth,45,102.795223467877,703.465612414527,845.919225971529
a,PID,Sine,limit bandwidth,45,102.872223635269,702.546063771527,843.25482501913
a,PID,Sine,limit bandwidth,45,102.94922380266,701.767499401438,840.583760021921
a,PID,Sine,limit bandwidth,45,103.026223970052,701.130288320495,837.826728468759
a,PID,Sine,limit bandwidth,45,103.103224137444,700.6347325477,834.684367523222
a,PID,Sine,limit bandwidth,45,103.180224304835,700.281066961673,832.209510437982
a,PID,Sine,limit bandwidth,45,103.257224472227,700.069459189329,829.85709338933
a,PID,Sine,limit bandwidth,45,103.334224639619,700.000009526425,827.499664802071
a,PID,Sine,limit bandwidth,45,103.41122480701,700.072750890026,824.931113141794
a,PID,Sine,limit bandwidth,45,103.488224974402,700.2876488029,822.423685745107
a,PID,Sine,limit bandwidth,45,103.565225141794,700.644601409861,820.422615716522
a,PID,Sine,limit bandwidth,45,103.642225309185,701.143439526044,818.453427056786
a,PID,Sine,limit bandwidth,45,103.719225476577,701.783926717098,816.347538344925
a,PID,Sine,limit bandwidth,45,103.796225643969,702.56575941124,813.997191589965
a,PID,Sine,limit bandwidth,45,103.87322581136,703.488567043148,812.355315977374
a,PID,Sine,limit bandwidth,45,103.950225978752,704.551912229595,810.751923948338
a,PID,Sine,limit bandwidth,45,104.027226146144,705.755290976751,809.08672744933
a,PID,Sine,limit bandwidth,45,104.104226313535,707.098132919067,807.131338856814
a,PID,Sine,limit bandwidth,45,104.181226480927,708.579801589609,805.717763962011
a,PID,Sine,limit bandwidth,45,104.258226648319,710.199594721725,804.466512301878
a,PID,Sine,limit bandwidth,45,104.33522681571,711.956744581895,803.23250317716
a,PID,Sine,limit bandwidth,45,104.412226983102,713.85041833362,801.854531598083
a,PID,Sine,limit bandwidth,45,104.489227150494,715.879718432155,800.535271165717
a,PID,Sine,limit bandwidth,45,104.566227317885,718.043683049921,799.668577729979
a,PID,Sine,limit bandwidth,45,104.643227485277,720.341286532387,798.84739601384
a,PID,Sine,limit bandwidth,45,104.720227652669,722.771439884192,797.963673719752
a,PID,Sine,limit bandwidth,45,104.79722782006,725.3329912853,796.880249157675
a,PID,Sine,limit bandwidth,45,104.874227987452,728.024726636929,796.396960966849
a,PID,Sine,limit bandwidth,45,104.951228154844,730.845370136996,795.975393826217
a,PID,Sine,limit bandwidth,45,105.028228322235,733.793584884809,795.535188182099
a,PID,Sine,limit bandwidth,45,105.105228489627,736.867973514719,794.914330824914
a,PID,Sine,limit bandwidth,45,105.182228657019,740.067078858432,794.676891634366
a,PID,Sine,limit bandwidth,45,105.25922882441,743.389384635654,794.634983754848
a,PID,Sine,limit bandwidth,45,105.336228991802,746.833316172773,794.62504058101
a,PID,Sine,limit bandwidth,45,105.413229159194,750.397241149204,794.543819315743
a,PID,Sine,limit bandwidth,45,105.490229326585,754.079470371056,794.518169299591
a,PID,Sine,limit bandwidth,45,105.567229493977,757.878258571764,794.859405377726
a,PID,Sine,limit bandwidth,45,105.644229661369,761.791805239292,795.255588736569
a,PID,Sine,limit bandwidth,45,105.72122982876,765.818255469521,795.644256579561
a,PID,Sine,limit bandwidth,45,105.798229996152,769.95570084542,795.929069022001
a,PID,Sine,limit bandwidth,45,105.875230163544,774.202180341575,796.648264496036
a,PID,Sine,limit bandwidth,45,105.952230330935,778.555681253662,797.430548043189
a,PID,Sine,limit bandwidth,45,106.029230498327,783.0141401524,798.247590667281
a,PID,Sine,limit bandwidth,45,106.106230665719,787.575443861569,798.999908760483
a,PID,Sine,limit bandwidth,45,106.18323083311,792.237430459573,799.987433725687
a,PID,Sine,limit bandwidth,45,106.260231000502,796.997890304146,801.143012991692
a,PID,Sine,limit bandwidth,45,106.337231167894,801.854567079642,802.359802346421
a,PID,Sine,limit bandwidth,45,106.414231335286,806.805158866467,803.576619517936
a,PID,Sine,limit bandwidth,45,106.491231502677,811.847319232119,804.849599175622
a,PID,Sine,limit bandwidth,45,106.568231670069,816.978658343331,806.375953290367
a,PID,Sine,limit bandwidth,45,106.645231837461,822.196744098771,807.961463432081
a,PID,Sine,limit bandwidth,45,106.722232004852,827.499103281797,809.581037432919
a,PID,Sine,limit bandwidth,45,106.799232172244,832.883222732675,811.217656748133
a,PID,Sine,limit bandwidth,45,106.876232339636,838.346550539755,813.08716586022
a,PID,Sine,limit bandwidth,45,106.953232507027,843.886497248991,815.01583037905
a,PID,Sine,limit bandwidth,45,107.030232674419,849.500437091267,817.005826478338
a,PID,Sine,limit bandwidth,45,107.107232841811,855.185709226938,819.059097794746
a,PID,Sine,limit bandwidth,45,107.184233009202,860.939619006977,821.224270058027
a,PID,Sine,limit bandwidth,45,107.261233176594,866.759439250177,823.471147050709
a,PID,Sine,limit bandwidth,45,107.338233343986,872.642411535732,825.819072932076
a,PID,Sine,limit bandwidth,45,107.415233511377,878.58574751066,828.230820163487
a,PID,Sine,limit bandwidth,45,107.492233678769,884.586630211395,830.722913964149
a,PID,Sine,limit bandwidth,45,107.569233846161,890.642215398943,833.299985225258
a,PID,Sine,limit bandwidth,45,107.646234013552,896.749632906962,835.951417558849
a,PID,Sine,limit bandwidth,45,107.723234180944,902.905988002152,838.671008884352
a,PID,Sine,limit bandwidth,45,107.800234348336,909.108362756247,841.527877527639
a,PID,Sine,limit bandwidth,45,107.877234515727,915.353817429043,844.403277569225
a,PID,Sine,limit bandwidth,45,107.954234683119,921.639391861747,847.328732933529
a,PID,Sine,limit bandwidth,45,108.031234850511,927.96210687999,850.31592750236
a,PID,Sine,limit bandwidth,45,108.108235017902,934.318965705886,853.493948654265
a,PID,Sine,limit bandwidth,45,108.185235185294,940.706955378397,856.694528749588
a,PID,Sine,limit bandwidth,45,108.262235352686,947.123048181399,859.864459822316
a,PID,Sine,limit bandwidth,45,108.339235520077,953.56420307872,863.134460894907
a,PID,Sine,limit bandwidth,45,108.416235687469,960.027367155512,866.542454561087
a,PID,Sine,limit bandwidth,45,108.493235854861,966.509477065224,870.077411269268
a,PID,Sine,limit bandwidth,45,108.570236022252,973.007460481555,873.48763536204
a,PID,Sine,limit bandwidth,45,108.647236189644,979.518237554632,876.995913176556
a,PID,Sine,limit bandwidth,45,108.724236357036,986.038722370774,880.596392482523
a,PID,Sine,limit bandwidth,45,108.801236524427,992.565824415117,884.446748400334
a,PID,Sine,limit bandwidth,45,108.878236691819,999.096450036432,888.102606115089
a,PID,Sine,limit bandwidth,45,108.955236859211,1005.62750391341,891.794848446124
a,PID,Sine,limit bandwidth,45,109.032237026602,1012.15589052179,895.554898504611
a,PID,Sine,limit bandwidth,45,109.109237193994,1018.67851560147,899.564869543039
a,PID,Sine,limit bandwidth,45,109.186237361386,1025.19228762318,903.572812619009
a,PID,Sine,limit bandwidth,45,109.263237528777,1031.69411925373,907.416872281304
a,PID,Sine,limit bandwidth,45,109.340237696169,1038.18092881929,911.335885663978
a,PID,Sine,limit bandwidth,45,109.417237863561,1044.64964176607,915.462269509685
a,PID,Sine,limit bandwidth,45,109.494238030952,1051.09719211753,919.777550272853
a,PID,Sine,limit bandwidth,45,109.571238198344,1057.52052392756,923.740309464242
a,PID,Sine,limit bandwidth,45,109.648238365736,1063.91659272891,927.827271714087
a,PID,Sine,limit bandwidth,45,109.725238533127,1070.2823669762,932.019003314179
a,PID,Sine,limit bandwidth,45,109.802238700519,1076.61482948275,936.552777949221
a,PID,Sine,limit bandwidth,45,109.879238867911,1082.91097885064,940.706370711116
a,PID,Sine,limit bandwidth,45,109.956239035302,1089.16783089332,944.873189638917
a,PID,Sine,limit bandwidth,45,110.033239202694,1095.38242004997,949.10592865183
a,PID,Sine,limit bandwidth,45,110.110239370086,1101.55180079112,953.608579157916
a,PID,Sine,limit bandwidth,45,110.187239537477,1107.67304901475,958.126457737039
a,PID,Sine,limit bandwidth,45,110.264239704869,1113.74326343221,962.340593444052
a,PID,Sine,limit bandwidth,45,110.341239872261,1119.75956694334,966.588096976297
a,PID,Sine,limit bandwidth,45,110.418240039652,1125.71910800014,971.098475673835
a,PID,Sine,limit bandwidth,45,110.495240207044,1131.61906195832,975.865024222045
a,PID,Sine,limit bandwidth,45,110.572240374436,1137.4566324161,980.093058822818
a,PID,Sine,limit bandwidth,45,110.649240541827,1143.2290525396,984.399950659255
a,PID,Sine,limit bandwidth,45,110.726240709219,1148.93358637425,988.846136453629
a,PID,Sine,limit bandwidth,45,110.803240876611,1154.56753014157,993.688546199536
a,PID,Sine,limit bandwidth,45,110.880241044002,1160.12821352065,998.028061552485
a,PID,Sine,limit bandwidth,45,110.957241211394,1165.61300091381,1002.33829552714
a,PID,Sine,limit bandwidth,45,111.034241378786,1171.01929269581,1006.7052105568
a,PID,Sine,limit bandwidth,45,111.111241546177,1176.34452644596,1011.32934574893
a,PID,Sine,limit bandwidth,45,111.188241713569,1181.58617816267,1016.01285740973
a,PID,Sine,limit bandwidth,45,111.265241880961,1186.74176345975,1020.26209579602
a,PID,Sine,limit bandwidth,45,111.342242048352,1191.80883874389,1024.53000384523
a,PID,Sine,limit bandwidth,45,111.419242215744,1196.7850023729,1029.026356241
a,PID,Sine,limit bandwidth,45,111.496242383136,1201.66789579398,1033.87411121812
a,PID,Sine,limit bandwidth,45,111.573242550527,1206.45520466165,1038.03103689198
a,PID,Sine,limit bandwidth,45,111.650242717919,1211.14465993461,1042.21256807248
a,PID,Sine,limit bandwidth,45,111.727242885311,1215.73403895127,1046.55631964602
a,PID,Sine,limit bandwidth,45,111.804243052702,1220.22116648319,1051.31179457675
a,PID,Sine,limit bandwidth,45,111.881243220094,1224.60391576605,1055.50667000813
a,PID,Sine,limit bandwidth,45,111.958243387486,1228.88020950774,1059.61664845451
a,PID,Sine,limit bandwidth,45,112.035243554877,1233.04802087286,1063.76802672401
a,PID,Sine,limit bandwidth,45,112.112243722269,1237.10537444343,1068.17328572407
a,PID,Sine,limit bandwidth,45,112.189243889661,1241.05034715515,1072.62516827775
a,PID,Sine,limit bandwidth,45,112.266244057052,1244.88106920892,1076.57039041109
a,PID,Sine,limit bandwidth,45,112.343244224444,1248.59572495698,1080.51703942143
a,PID,Sine,limit bandwidth,45,112.420244391836,1252.19255376359,1084.64010891763
a,PID,Sine,limit bandwidth,45,112.497244559227,1255.66985083941,1089.18723575172
a,PID,Sine,limit bandwidth,45,112.574244726619,1259.0259680496,1092.94075505728
a,PID,Sine,limit bandwidth,45,112.651244894011,1262.25931469492,1096.66604548417
a,PID,Sine,limit bandwidth,45,112.728245061402,1265.36835826574,1100.55901076339
a,PID,Sine,limit bandwidth,45,112.805245228794,1268.35162516836,1104.84310390075
a,PID,Sine,limit bandwidth,45,112.882245396186,1271.20770142344,1108.60029208029
a,PID,Sine,limit bandwidth,45,112.959245563577,1273.93523333624,1112.15062332113
a,PID,Sine,limit bandwidth,45,113.036245730969,1276.53292813817,1115.75360486765
a,PID,Sine,limit bandwidth,45,113.113245898361,1278.99955459956,1119.58522256276
a,PID,Sine,limit bandwidth,45,113.190246065752,1281.33394361321,1123.45888436883
a,PID,Sine,limit bandwidth,45,113.267246233144,1283.53498874851,1126.78401909097
a,PID,Sine,limit bandwidth,45,113.344246400536,1285.60164677588,1130.09252098347
a,PID,Sine,limit bandwidth,45,113.421246567927,1287.53293816119,1133.51895301119
a,PID,Sine,limit bandwidth,45,113.498246735319,1289.32794753008,1137.40244091545
a,PID,Sine,limit bandwidth,45,113.575246902711,1290.98582410175,1140.45105433743
a,PID,Sine,limit bandwidth,45,113.652247070102,1292.50578209229,1143.45590239821
a,PID,Sine,limit bandwidth,45,113.729247237494,1293.88710108705,1146.55963621047
a,PID,Sine,limit bandwidth,45,113.806247404886,1295.12912638211,1150.02967228269
a,PID,Sine,limit bandwidth,45,113.883247572277,1296.23126929463,1153.04538729935
a,PID,Sine,limit bandwidth,45,113.960247739669,1297.19300744181,1155.76101858712
a,PID,Sine,limit bandwidth,45,114.037247907061,1298.01388498853,1158.5263037388
a,PID,Sine,limit bandwidth,45,114.114248074452,1298.69351286336,1161.47745929568
a,PID,Sine,limit bandwidth,45,114.191248241844,1299.23156894302,1164.4701226949
a,PID,Sine,limit bandwidth,45,114.268248409236,1299.627798205,1166.90756938901
a,PID,Sine,limit bandwidth,45,114.345248576627,1299.88201284848,1169.31131909977
a,PID,Sine,limit bandwidth,45,114.422248744019,1299.99409238333,1171.79949194994
a,PID,Sine,limit bandwidth,45,114.499248911411,1299.9639836872,1174.68354316215
a,PID,Sine,limit bandwidth,45,114.576249078802,1299.7917010307,1176.78087943794
a,PID,Sine,limit bandwidth,45,114.653249246194,1299.47732607066,1178.82191751848
a,PID,Sine,limit bandwidth,45,114.730249413586,1299.02100781142,1180.90095736775
a,PID,Sine,limit bandwidth,45,114.807249580977,1298.42296253419,1183.283014677
a,PID,Sine,limit bandwidth,45,114.884249748369,1297.68347369455,1185.30415659947
a,PID,Sine,limit bandwidth,45,114.961249915761,1296.8028917881,1186.97934812324
a,PID,Sine,limit bandwidth,45,115.038250083152,1295.78163418434,1188.68441818471
a,PID,Sine,limit bandwidth,45,115.115250250544,1294.62018492885,1190.52056563316
a,PID,Sine,limit bandwidth,45,115.192250417936,1293.31909451384,1192.41227124826
a,PID,Sine,limit bandwidth,45,115.269250585327,1291.87897961727,1193.74937015944
a,PID,Sine,limit bandwidth,45,115.346250752719,1290.30052281056,1195.05355737954
a,PID,Sine,limit bandwidth,45,115.423250920111,1288.58447223503,1196.40381167223
a,PID,Sine,limit bandwidth,45,115.500251087502,1286.73164124736,1198.06513636227
a,PID,Sine,limit bandwidth,45,115.577251254894,1284.74290803403,1199.03993342673
a,PID,Sine,limit bandwidth,45,115.654251422286,1282.61921519515,1199.9501199392
a,PID,Sine,limit bandwidth,45,115.731251589677,1280.36156929761,1200.85364748398
a,PID,Sine,limit bandwidth,45,115.808251757069,1277.97104039809,1201.96378227017
a,PID,Sine,limit bandwidth,45,115.885251924461,1275.44876153581,1202.80989676576
a,PID,Sine,limit bandwidth,45,115.962252091852,1272.79592819554,1203.33148552589
a,PID,Sine,limit bandwidth,45,116.039252259244,1270.01379774098,1203.83048260899
a,PID,Sine,limit bandwidth,45,116.116252426636,1267.10368881878,1204.40776173882
a,PID,Sine,limit bandwidth,45,116.193252594027,1264.06698073357,1205.0310725349
a,PID,Sine,limit bandwidth,45,116.270252761419,1260.90511279421,1205.17512824677
a,PID,Sine,limit bandwidth,45,116.347252928811,1257.61958363155,1205.27251882563
a,PID,Sine,limit bandwidth,45,116.424253096202,1254.2119504882,1205.37685501986
a,PID,Sine,limit bandwidth,45,116.501253263594,1250.6838284804,1205.68821726305
a,PID,Sine,limit bandwidth,45,116.578253430986,1247.03688983249,1205.45833187092
a,PID,Sine,limit bandwidth,45,116.655253598377,1243.27286308436,1205.16062362487
a,PID,Sine,limit bandwidth,45,116.732253765769,1239.39353227216,1204.8335429762
a,PID,Sine,limit bandwidth,45,116.809253933161,1235.40073608272,1204.59110743453
a,PID,Sine,limit bandwidth,45,116.886254100552,1231.29636698205,1204.17088888978
a,PID,Sine,limit bandwidth,45,116.963254267944,1227.08237031841,1203.49168003809
a,PID,Sine,limit bandwidth,45,117.040254435336,1222.76074340023,1202.7616156648
a,PID,Sine,limit bandwidth,45,117.117254602727,1218.33353454947,1202.03791549937
a,PID,Sine,limit bandwidth,45,117.194254770119,1213.80284213077,1201.32381062013
a,PID,Sine,limit bandwidth,45,117.271254937511,1209.17081355687,1200.27737306671
a,PID,Sine,limit bandwidth,45,117.348255104902,1204.43964427084,1199.15708541336
a,PID,Sine,limit bandwidth,45,117.425255272294,1199.61157670548,1198.00767433159
a,PID,Sine,limit bandwidth,45,117.502255439686,1194.68889922046,1196.92405933834
a,PID,Sine,limit bandwidth,45,117.579255607077,1189.67394501775,1195.52703463343
a,PID,Sine,limit bandwidth,45,117.656255774469,1184.56909103571,1194.04085734451
a,PID,Sine,limit bandwidth,45,117.733255941861,1179.37675682251,1192.50710303721
a,PID,Sine,limit bandwidth,45,117.810256109252,1174.09940338933,1190.95987912538
a,PID,Sine,limit bandwidth,45,117.887256276644,1168.73953204392,1189.28070689167
a,PID,Sine,limit bandwidth,45,117.964256444036,1163.29968320507,1187.44952649776
a,PID,Sine,limit bandwidth,45,118.041256611427,1157.78243519847,1185.56481425338
a,PID,Sine,limit bandwidth,45,118.118256778819,1152.19040303476,1183.60265286063
a,PID,Sine,limit bandwidth,45,118.195256946211,1146.52623716998,1181.58775566668
a,PID,Sine,limit bandwidth,45,118.272257113602,1140.79262224942,1179.43340436819
a,PID,Sine,limit bandwidth,45,118.349257280994,1134.99227583513,1177.1958423813
a,PID,Sine,limit bandwidth,45,118.426257448386,1129.12794711791,1174.88549160963
a,PID,Sine,limit bandwidth,45,118.503257615777,1123.20241561424,1172.50888805556
a,PID,Sine,limit bandwidth,45,118.580257783169,1117.2184898489,1170.03793666286
a,PID,Sine,limit bandwidth,45,118.657257950561,1111.17900602381,1167.47791764452
a,PID,Sine,limit bandwidth,45,118.734258117952,1105.08682667374,1164.85830994571
a,PID,Sine,limit bandwidth,45,118.811258285344,1098.94483930956,1162.15666777635
a,PID,Sine,limit bandwidth,45,118.888258452736,1092.75595504966,1159.3262291225
a,PID,Sine,limit bandwidth,45,118.965258620127,1086.52310724016,1156.48438063963
a,PID,Sine,limit bandwidth,45,119.042258787519,1080.24925006457,1153.58937270278
a,PID,Sine,limit bandwidth,45,119.119258954911,1073.93735714364,1150.57070348862
a,PID,Sine,limit bandwidth,45,119.196259122302,1067.59042012589,1147.39599370761
a,PID,Sine,limit bandwidth,45,119.273259289694,1061.21144726973,1144.30016094393
a,PID,Sine,limit bandwidth,45,119.350259457086,1054.80346201757,1141.13780134454
a,PID,Sine,limit bandwidth,45,119.427259624477,1048.36950156286,1137.85236128441
a,PID,Sine,limit bandwidth,45,119.504259791869,1041.91261541048,1134.38786624624
a,PID,Sine,limit bandwidth,45,119.581259959261,1035.43586393145,1131.02048087679
a,PID,Sine,limit bandwidth,45,119.658260126652,1028.94231691233,1127.58753059576
a,PID,Sine,limit bandwidth,45,119.735260294044,1022.43505210027,1124.09015380148
a,PID,Sine,limit bandwidth,45,119.812260461436,1015.91715374424,1120.44738791703
a,PID,Sine,limit bandwidth,45,119.889260628827,1009.39171113321,1116.69277334679
a,PID,Sine,limit bandwidth,45,119.966260796219,1002.86181713188,1113.06303999691
a,PID,Sine,limit bandwidth,45,120.043260963611,996.330566714793,1109.38616869505
a,PID,Sine,limit bandwidth,45,120.120261131002,989.801055499375,1105.57076898905
a,PID,Sine,limit bandwidth,45,120.197261298394,983.276378278739,1101.47176726324
a,PID,Sine,limit bandwidth,45,120.274261465786,976.759627554816,1097.67711515693
a,PID,Sine,limit bandwidth,45,120.351261633177,970.253892072625,1093.85291486215
a,PID,Sine,limit bandwidth,45,120.428261800569,963.762255356284,1089.85625161396
a,PID,Sine,limit bandwidth,45,120.505261967961,957.287794247522,1085.59446599588
a,PID,Sine,limit bandwidth,45,120.582262135352,950.833577447333,1081.54978342048
a,PID,Sine,limit bandwidth,45,120.659262302744,944.402664061527,1077.54532738211
a,PID,Sine,limit bandwidth,45,120.736262470136,937.998102150782,1073.44890032236
a,PID,Sine,limit bandwidth,45,120.813262637527,931.622927285974,1069.16317142515
a,PID,Sine,limit bandwidth,45,120.890262804919,925.280161109391,1064.77395299682
a,PID,Sine,limit bandwidth,45,120.967262972311,918.972809902572,1060.64301273364
a,PID,Sine,limit bandwidth,45,121.044263139702,912.70386316142,1056.47608186649
a,PID,Sine,limit bandwidth,45,121.121263307094,906.476292179275,1052.18225983261
a,PID,Sine,limit bandwidth,45,121.198263474486,900.293048638593,1047.4713799993
a,PID,Sine,limit bandwidth,45,121.275263641877,894.157063211959,1043.27763566956
a,PID,Sine,limit bandwidth,45,121.352263809269,888.071244173019,1039.07068328249
a,PID,Sine,limit bandwidth,45,121.429263976661,882.038476018051,1034.71627029579
a,PID,Sine,limit bandwidth,45,121.506264144052,876.0616180988,1030.00910185079
a,PID,Sine,limit bandwidth,45,121.583264311444,870.143503267236,1025.58452281865
a,PID,Sine,limit bandwidth,45,121.660264478836,864.286936532855,1021.33389925624
a,PID,Sine,limit bandwidth,45,121.737264646227,858.494693733197,1016.96547437747
a,PID,Sine,limit bandwidth,45,121.814264813619,852.769520218186,1012.38518248997
a,PID,Sine,limit bandwidth,45,121.891264981011,847.114129548896,1007.7014210274
a,PID,Sine,limit bandwidth,45,121.968265148402,841.531202211433,1003.39707362518
a,PID,Sine,limit bandwidth,45,122.045265315794,836.023384346443,999.071975135772
a,PID,Sine,limit bandwidth,45,122.122265483186,830.59328649493,994.61659451291
a,PID,Sine,limit bandwidth,45,122.199265650578,825.243482360933,989.692980274756
a,PID,Sine,limit bandwidth,45,122.276265817969,819.976507591675,985.433106643057
a,PID,Sine,limit bandwidth,45,122.353265985361,814.794858575725,981.178241472817
a,PID,Sine,limit bandwidth,45,122.430266152752,809.700991259804,976.818733556049
a,PID,Sine,limit bandwidth,45,122.507266320144,804.697319984735,972.050597035802
a,PID,Sine,limit bandwidth,45,122.584266487536,799.786216341107,967.581900060406
a,PID,Sine,limit bandwidth,45,122.661266654927,794.970008045221,963.42578303374
a,PID,Sine,limit bandwidth,45,122.738266822319,790.250977835823,959.134564116343
a,PID,Sine,limit bandwidth,45,122.815266989711,785.631362392146,954.630133053134
a,PID,Sine,limit bandwidth,45,122.892267157103,781.113351273802,949.982034973713
a,PID,Sine,limit bandwidth,45,122.969267324494,776.699085882987,945.881052724029
a,PID,Sine,limit bandwidth,45,123.046267491886,772.390658449526,941.743219332631
a,PID,Sine,limit bandwidth,45,123.123267659278,768.190111039216,937.48472363968
a,PID,Sine,limit bandwidth,45,123.200267826669,764.099434585943,932.73441919326
a,PID,Sine,limit bandwidth,45,123.277267994061,760.120567948052,928.748028823118
a,PID,Sine,limit bandwidth,45,123.354268161453,756.255396989374,924.78522071176
a,PID,Sine,limit bandwidth,45,123.431268328844,752.505753685388,920.768262717721
a,PID,Sine,limit bandwidth,45,123.508268496236,748.873415254919,916.325004876177
a,PID,Sine,limit bandwidth,45,123.585268663628,745.360103317788,912.16009583893
a,PID,Sine,limit bandwidth,45,123.662268831019,741.967483078816,908.395702503507
a,PID,Sine,limit bandwidth,45,123.739268998411,738.69716253857,904.556987229566
a,PID,Sine,limit bandwidth,45,123.816269165803,735.550691731214,900.491060179926
a,PID,Sine,limit bandwidth,45,123.893269333194,732.529561989843,896.245707131742
a,PID,Sine,limit bandwidth,45,123.970269500586,729.635205239631,892.671300657194
a,PID,Sine,limit bandwidth,45,124.047269667978,726.868993319147,889.052025388562
a,PID,Sine,limit bandwidth,45,124.124269835369,724.232237330141,885.332632610014
a,PID,Sine,limit bandwidth,45,124.201270002761,721.726187016123,881.127412634173
a,PID,Sine,limit bandwidth,45,124.278270170153,719.352030170017,877.733558627651
a,PID,Sine,limit bandwidth,45,124.355270337544,717.11089207119,874.380618693372
a,PID,Sine,limit bandwidth,45,124.432270504936,715.0038349521,870.993347184109
a,PID,Sine,limit bandwidth,45,124.509270672328,713.031857494824,867.25968344085
a,PID,Sine,limit bandwidth,45,124.586270839719,711.195894357725,863.73066952258
a,PID,Sine,limit bandwidth,45,124.663271007111,709.496815732438,860.660714020542
a,PID,Sine,limit bandwidth,45,124.740271174503,707.935426931437,857.573765572319
a,PID,Sine,limit bandwidth,45,124.817271341894,706.512468006333,854.272193281118
a,PID,Sine,limit bandwidth,45,124.894271509286,705.228613397114,850.770788185775
a,PID,Sine,limit bandwidth,45,124.971271676678,704.084471612482,848.000669022615
a,PID,Sine,limit bandwidth,45,125.048271844069,703.080584941438,845.190514829009
a,PID,Sine,limit bandwidth,45,125.125272011461,702.21742919625,842.308783678117
a,PID,Sine,limit bandwidth,45,125.202272178853,701.495413486936,839.010020737434
a,PID,Sine,limit bandwidth,45,125.279272346244,700.914880027357,836.448637255951
a,PID,Sine,limit bandwidth,45,125.356272513636,700.476103973017,833.975636099286
a,PID,Sine,limit bandwidth,45,125.433272681028,700.179293290647,831.490939074122
a,PID,Sine,limit bandwidth,45,125.510272848419,700.024588659638,828.751682058941
a,PID,Sine,limit bandwidth,45,125.587273015811,700.012063405358,826.147580383494
a,PID,Sine,limit bandwidth,45,125.664273183203,700.141723464405,824.020467481208
a,PID,Sine,limit bandwidth,45,125.741273350594,700.413507381787,821.920997778651
a,PID,Sine,limit bandwidth,45,125.818273517986,700.827286340052,819.646922826386
a,PID,Sine,limit bandwidth,45,125.895273685378,701.382864220344,817.176781779453
a,PID,Sine,limit bandwidth,45,125.972273852769,702.079977695359,815.404092542097
a,PID,Sine,limit bandwidth,45,126.049274020161,702.918296354151,813.647382495315
a,PID,Sine,limit bandwidth,45,126.126274187553,703.897422858736,811.834336922365
a,PID,Sine,limit bandwidth,45,126.203274354944,705.016893132427,809.700576652996
a,PID,Sine,limit bandwidth,45,126.280274522336,706.276176579781,808.177240374408
a,PID,Sine,limit bandwidth,45,126.357274689728,707.674676338092,806.784697136555
a,PID,Sine,limit bandwidth,45,126.434274857119,709.211729560285,805.4033869255
a,PID,Sine,limit bandwidth,45,126.511275024511,710.886607729086,803.858352425627
a,PID,Sine,limit bandwidth,45,126.588275191903,712.698517002316,802.400732675107
a,PID,Sine,limit bandwidth,45,126.665275359294,714.646598589148,801.390390146565
a,PID,Sine,limit bandwidth,45,126.742275526686,716.729929157153,800.421964554419
a,PID,Sine,limit bandwidth,45,126.819275694078,718.947521269925,799.366033163693
a,PID,Sine,limit bandwidth,45,126.896275861469,721.298323855102,798.136540884625
a,PID,Sine,limit bandwidth,45,126.973276028861,723.781222702538,797.507980630442
a,PID,Sine,limit bandwidth,45,127.050276196253,726.39504099241,796.930636467416
a,PID,Sine,limit bandwidth,45,127.127276363644,729.138539852994,796.331348494304
a,PID,Sine,limit bandwidth,45,127.204276531036,732.010418947851,795.524408714619
a,PID,Sine,limit bandwidth,45,127.281276698428,735.00931709215,795.167391139105
a,PID,Sine,limit bandwidth,45,127.358276865819,738.133812897825,794.969995827558
a,PID,Sine,limit bandwidth,45,127.435277033211,741.382425447279,794.804628522764
a,PID,Sine,limit bandwidth,45,127.512277200603,744.753614995283,794.55108253828
a,PID,Sine,limit bandwidth,45,127.589277367994,748.24578369878,794.378388566625
a,PID,Sine,limit bandwidth,45,127.666277535386,751.85727637421,794.570026080646
a,PID,Sine,limit bandwidth,45,127.743277702778,755.586381282014,794.813960523978
a,PID,Sine,limit bandwidth,45,127.820277870169,759.431330937955,795.03935730914
a,PID,Sine,limit bandwidth,45,127.897278037561,763.390302950845,795.163922084113
a,PID,Sine,limit bandwidth,45,127.974278204953,767.461420886311,795.735222720263
a,PID,Sine,limit bandwidth,45,128.051278372344,771.64275515616,796.368428733268
a,PID,Sine,limit bandwidth,45,128.128278539736,775.932323932964,797.030518418733
a,PID,Sine,limit bandwidth,45,128.205278707128,780.328094089361,797.603644049207
a,PID,Sine,limit bandwidth,45,128.282278874519,784.827982161717,798.456239156777
a,PID,Sine,limit bandwidth,45,128.359279041911,789.429855337616,799.469844436474
a,PID,Sine,limit bandwidth,45,128.436279209303,794.131532466753,800.535620115046
a,PID,Sine,limit bandwidth,45,128.513279376694,798.930785094732,801.588509689736
a,PID,Sine,limit bandwidth,45,128.590279544086,803.825338519293,802.717303670327
a,PID,Sine,limit bandwidth,45,128.667279711478,808.812872868439,804.10026137093
a,PID,Sine,limit bandwidth,45,128.744279878869,813.891024200001,805.54087091357
a,PID,Sine,limit bandwidth,45,128.821280046261,819.057385622065,807.00817002075
a,PID,Sine,limit bandwidth,45,128.898280213653,824.309508433774,808.493740063222
a,PID,Sine,limit bandwidth,45,128.975280381044,829.644903285937,810.224797767923
a,PID,Sine,limit bandwidth,45,129.052280548436,835.061041360907,812.014674247987
a,PID,Sine,limit bandwidth,45,129.129280715828,840.555355571156,813.8737279568
a,PID,Sine,limit bandwidth,45,129.206280883219,846.125241776013,815.768519908389
a,PID,Sine,limit bandwidth,45,129.283281050611,851.768060015934,817.795561670613
a,PID,Sine,limit bandwidth,45,129.360281218003,857.481135763777,819.924427594502
a,PID,Sine,limit bandwidth,45,129.437281385394,863.261761192439,822.137899520178
a,PID,Sine,limit bandwidth,45,129.514281552786,869.107196458284,824.406968937751
a,PID,Sine,limit bandwidth,45,129.591281720178,875.014670999761,826.752456285658
a,PID,Sine,limit bandwidth,45,129.668281887569,880.981384850548,829.220736641232
a,PID,Sine,limit bandwidth,45,129.745282054961,887.004509966665,831.746364294663
a,PID,Sine,limit bandwidth,45,129.822282222353,893.081191566872,834.336053242306
a,PID,Sine,limit bandwidth,45,129.899282389744,899.208549485771,837.063516457993
a,PID,Sine,limit bandwidth,45,129.976282557136,905.38367953889,839.821219831795
a,PID,Sine,limit bandwidth,45,130.053282724528,911.603654899203,842.629513184825
a,PID,Sine,limit bandwidth,45,130.130282891919,917.865527484343,845.519067622279
a,PID,Sine,limit bandwidth,45,130.207283059311,924.166329353911,848.571324534969
a,PID,Sine,limit bandwidth,45,130.284283226703,930.503074116201,851.643221250113
a,PID,Sine,limit bandwidth,45,130.361283394094,936.872758343637,854.704816471085
a,PID,Sine,limit bandwidth,45,130.438283561486,943.272362996324,857.890510735144
a,PID,Sine,limit bandwidth,45,130.515283728878,949.698854852991,861.188128581529
a,PID,Sine,limit bandwidth,45,130.592283896269,956.149187948624,864.593927639548
a,PID,Sine,limit bandwidth,45,130.669284063661,962.620305018178,867.930777569607
a,PID,Sine,limit bandwidth,45,130.746284231053,969.10913894563,871.342538970453
a,PID,Sine,limit bandwidth,45,130.823284398444,975.612614217689,874.845753870655
a,PID,Sine,limit bandwidth,45,130.900284565836,982.127648381507,878.598419929888
a,PID,Sine,limit bandwidth,45,130.977284733228,988.651153505672,882.166969682578
a,PID,Sine,limit bandwidth,45,131.054284900619,995.180037643783,885.77325294551
a,PID,Sine,limit bandwidth,45,131.131285068011,1001.71120629995,889.447910581369
a,PID,Sine,limit bandwidth,45,131.208285235403,1008.24156389549,893.401821083686
a,PID,Sine,limit bandwidth,45,131.285285402794,1014.76801523614,897.302513714613
a,PID,Sine,limit bandwidth,45,131.362285570186,1021.28746697907,901.071258537237
a,PID,Sine,limit bandwidth,45,131.439285737578,1027.79682909909,904.947300826208
a,PID,Sine,limit bandwidth,45,131.516285904969,1034.29301635314,909.004017618629
a,PID,Sine,limit bandwidth,45,131.593286072361,1040.77294974269,913.219197152945
a,PID,Sine,limit bandwidth,45,131.670286239753,1047.23355797303,917.148944247999
a,PID,Sine,limit bandwidth,45,131.747286407144,1053.67177890901,921.176494090265
a,PID,Sine,limit bandwidth,45,131.824286574536,1060.08456102639,925.311203692634
a,PID,Sine,limit bandwidth,45,131.901286741928,1066.46886485818,929.79259153628
a,PID,Sine,limit bandwidth,45,131.978286909319,1072.82166443521,933.890501473608
a,PID,Sine,limit bandwidth,45,132.055287076711,1079.13994872042,938.009603904394
a,PID,Sine,limit bandwidth,45,132.132287244103,1085.42072303595,942.197206930833
a,PID,Sine,limit bandwidth,45,132.209287411494,1091.66101048255,946.694953094196
a,PID,Sine,limit bandwidth,45,132.286287578886,1097.85785335054,951.137239892305
a,PID,Sine,limit bandwidth,45,132.363287746278,1104.00831452166,955.315321474452
a,PID,Sine,limit bandwidth,45,132.440287913669,1110.10947886118,959.563625684967
a,PID,Sine,limit bandwidth,45,132.517288081061,1116.15845459963,964.050175588643
a,PID,Sine,limit bandwidth,45,132.594288248453,1122.15237470334,968.754882546056
a,PID,Sine,limit bandwidth,45,132.671288415844,1128.08839823338,972.958465013675
a,PID,Sine,limit bandwidth,45,132.748288583236,1133.96371169206,977.281526085015
a,PID,Sine,limit bandwidth,45,132.825288750628,1139.77553035647,981.715287879239
a,PID,Sine,limit bandwidth,45,132.902288918019,1145.52109959829,986.558550753268
a,PID,Sine,limit bandwidth,45,132.979289085411,1151.1976961895,990.874821294025
a,PID,Sine,limit bandwidth,45,133.056289252803,1156.80262959301,995.17951380366
a,PID,Sine,limit bandwidth,45,133.133289420194,1162.33324323795,999.545113282319
a,PID,Sine,limit bandwidth,45,133.210289587586,1167.78691577881,1004.21430807147
a,PID,Sine,limit bandwidth,45,133.287289754978,1173.16106233786,1008.86141268513
a,PID,Sine,limit bandwidth,45,133.364289922369,1178.45313573028,1013.11689444869
a,PID,Sine,limit bandwidth,45,133.441290089761,1183.6606276715,1017.39440270777
a,PID,Sine,limit bandwidth,45,133.518290257153,1188.78106996604,1021.94836024614
a,PID,Sine,limit bandwidth,45,133.595290424544,1193.81203567733,1026.77851295232
a,PID,Sine,limit bandwidth,45,133.672290591936,1198.75114027803,1030.95322383841
a,PID,Sine,limit bandwidth,45,133.749290759328,1203.59604278022,1035.19293369807
a,PID,Sine,limit bandwidth,45,133.826290926719,1208.34444684496,1039.56963875727
a,PID,Sine,limit bandwidth,45,133.903291094111,1212.99410187069,1044.37811978147
a,PID,Sine,limit bandwidth,45,133.980291261503,1217.54280405993,1048.58523958468
a,PID,Sine,limit bandwidth,45,134.057291428894,1221.98839746384,1052.73236029148
a,PID,Sine,limit bandwidth,45,134.134291596286,1226.32877500404,1056.92626723547
a,PID,Sine,limit bandwidth,45,134.211291763678,1230.56187947136,1061.38880759227
a,PID,Sine,limit bandwidth,45,134.288291931069,1234.68570450082,1065.88051657819
a,PID,Sine,limit bandwidth,45,134.365292098461,1238.69829552266,1069.87386706784
a,PID,Sine,limit bandwidth,45,134.442292265853,1242.59775068868,1073.87260367223
a,PID,Sine,limit bandwidth,45,134.519292433244,1246.38222177373,1078.09473317941
a,PID,Sine,limit bandwidth,45,134.596292600636,1250.04991505165,1082.67071311058
a,PID,Sine,limit bandwidth,45,134.673292768028,1253.59909214547,1086.48292509576
a,PID,Sine,limit bandwidth,45,134.750292935419,1257.02807085137,1090.30329219608
a,PID,Sine,limit bandwidth,45,134.827293102811,1260.33522593595,1094.27174943518
a,PID,Sine,limit bandwidth,45,134.904293270203,1263.51898990657,1098.65592542251
a,PID,Sine,limit bandwidth,45,134.981293437594,1266.57785375431,1102.43020889135
a,PID,Sine,limit bandwidth,45,135.058293604986,1269.51036766913,1106.08813346662
a,PID,Sine,limit bandwidth,45,135.135293772378,1272.31514172712,1109.77398177216
a,PID,Sine,limit bandwidth,45,135.212293939769,1274.99084654923,1113.7057176857
a,PID,Sine,limit bandwidth,45,135.289294107161,1277.53621393137,1117.65715407547
a,PID,Sine,limit bandwidth,45,135.366294274553,1279.95003744549,1121.06847537612
a,PID,Sine,limit bandwidth,45,135.443294441944,1282.23117301142,1124.46733106128
a,PID,Sine,limit bandwidth,45,135.520294609336,1284.3785394391,1128.02584278798
a,PID,Sine,limit bandwidth,45,135.597294776728,1286.39111894103,1131.98287623625
a,PID,Sine,limit bandwidth,45,135.674294944119,1288.2679576147,1135.12640873652
a,PID,Sine,limit bandwidth,45,135.751295111511,1290.0081658947,1138.22893497101
a,PID,Sine,limit bandwidth,45,135.828295278903,1291.61091897432,1141.47100501925
a,PID,Sine,limit bandwidth,45,135.905295446294,1293.07545719653,1145.07959105881
a,PID,Sine,limit bandwidth,45,135.982295613686,1294.40108641398,1148.15255864666
a,PID,Sine,limit bandwidth,45,136.059295781078,1295.58717831806,1151.00179407331
a,PID,Sine,limit bandwidth,45,136.136295948469,1296.63317073668,1153.88354116245
a,PID,Sine,limit bandwidth,45,136.213296115861,1297.53856790068,1156.9692765682
a,PID,Sine,limit bandwidth,45,136.290296283253,1298.3029406789,1160.07199215476
a,PID,Sine,limit bandwidth,45,136.367296450644,1298.92592678147,1162.62675550486
a,PID,Sine,limit bandwidth,45,136.444296618036,1299.40723093162,1165.15180281991
a,PID,Sine,limit bandwidth,45,136.521296785428,1299.74662500557,1167.77332281859
a,PID,Sine,limit bandwidth,45,136.598296952819,1299.94394814067,1170.7910769672
a,PID,Sine,limit bandwidth,45,136.675297120211,1299.99910681166,1173.01190976962
a,PID,Sine,limit bandwidth,45,136.752297287603,1299.91207487497,1175.17891401953
a,PID,Sine,limit bandwidth,45,136.829297454994,1299.68289358114,1177.41453657997
a,PID,Sine,limit bandwidth,45,136.906297622386,1299.31167155525,1179.962183206
a,PID,Sine,limit bandwidth,45,136.983297789778,1298.79858474545,1182.07651339538
a,PID,Sine,limit bandwidth,45,137.060297957169,1298.14387633954,1183.90083764383
a,PID,Sine,limit bandwidth,45,137.137298124561,1297.34785664974,1185.74653652352
a,PID,Sine,limit bandwidth,45,137.214298291953,1296.41090296557,1187.74073714552
a,PID,Sine,limit bandwidth,45,137.291298459344,1295.33345937508,1189.75131272106
a,PID,Sine,limit bandwidth,45,137.368298626736,1294.1160365543,1191.24252526769
a,PID,Sine,limit bandwidth,45,137.445298794128,1292.75921152527,1192.68912935591
a,PID,Sine,limit bandwidth,45,137.522298961519,1291.26362738249,1194.19300399312
a,PID,Sine,limit bandwidth,45,137.599299128911,1289.62999298812,1196.00808891772
a,PID,Sine,limit bandwidth,45,137.676299296303,1287.85908263602,1197.12496808987
a,PID,Sine,limit bandwidth,45,137.753299463694,1285.95173568476,1198.17918066882
a,PID,Sine,limit bandwidth,45,137.830299631086,1283.90885615977,1199.24542155994
a,PID,Sine,limit bandwidth,45,137.907299798478,1281.73141232487,1200.53485668799
a,PID,Sine,limit bandwidth,45,137.984299965869,1279.42043622334,1201.50246850401
a,PID,Sine,limit bandwidth,45,138.061300133261,1276.97702318876,1202.16924113335
a,PID,Sine,limit bandwidth,45,138.138300300653,1274.40233132587,1202.82967817739
a,PID,Sine,limit bandwidth,45,138.215300468044,1271.69758096162,1203.57576644009
a,PID,Sine,limit bandwidth,45,138.292300635436,1268.86405406683,1204.34222602592
a,PID,Sine,limit bandwidth,45,138.369300802828,1265.90309364853,1204.64015210136
a,PID,Sine,limit bandwidth,45,138.446300970219,1262.81610311344,1204.88955163074
a,PID,Sine,limit bandwidth,45,138.523301137611,1259.60454560279,1205.15538258444
a,PID,Sine,limit bandwidth,45,138.600301305003,1256.26994329881,1205.62871919426
a,PID,Sine,limit bandwidth,45,138.677301472394,1252.81387670331,1205.5479817479
a,PID,Sine,limit bandwidth,45,138.754301639786,1249.23798388852,1205.40065661485
a,PID,Sine,limit bandwidth,45,138.831301807178,1245.54395972074,1205.22955410178
a,PID,Sine,limit bandwidth,45,138.908301974569,1241.73355505699,1205.16648290144
a,PID,Sine,limit bandwidth,45,138.985302141961,1237.80857591515,1204.8857160753
a,PID,Sine,limit bandwidth,45,139.062302309353,1233.77088261799,1204.35481637472
a,PID,Sine,limit bandwidth,45,139.139302476744,1229.62238891143,1203.77595013687
a,PID,Sine,limit bandwidth,45,139.216302644136,1225.36506105745,1203.21837832744
a,PID,Sine,limit bandwidth,45,139.293302811528,1221.00091690218,1202.65963023548
a,PID,Sine,limit bandwidth,45,139.37030297892,1216.53202491947,1201.75524705325
a,PID,Sine,limit bandwidth,45,139.447303146311,1211.96050323053,1200.78426545817
a,PID,Sine,limit bandwidth,45,139.524303313703,1207.28851859995,1199.79126984302
a,PID,Sine,limit bandwidth,45,139.601303481095,1202.51828540878,1198.88898721458
a,PID,Sine,limit bandwidth,45,139.678303648486,1197.65206460493,1197.61239393842
a,PID,Sine,limit bandwidth,45,139.755303815878,1192.69216263158,1196.27073319841
a,PID,Sine,limit bandwidth,45,139.83230398327,1187.64093033399,1194.88533291281
a,PID,Sine,limit bandwidth,45,139.909304150661,1182.50076184524,1193.49285023798
a,PID,Sine,limit bandwidth,45,139.986304318053,1177.27409345154,1191.95892557965
a,PID,Sine,limit bandwidth,45,140.063304485445,1171.96340243743,1190.26706101474
a,PID,Sine,limit bandwidth,45,140.140304652836,1166.57120591168,1188.51215564981
a,PID,Sine,limit bandwidth,45,140.217304820228,1161.10005961425,1186.70034206219
a,PID,Sine,limit bandwidth,45,140.29430498762,1155.5525567049,1184.83972452621
a,PID,Sine,limit bandwidth,45,140.371305155011,1149.93132653417,1182.81895989406
a,PID,Sine,limit bandwidth,45,140.448305322403,1144.2390333971,1180.70205879796
a,PID,Sine,limit bandwidth,45,140.525305489795,1138.47837527045,1178.53056744261
a,PID,Sine,limit bandwidth,45,140.602305657186,1132.65208253396,1176.30939356788
a,PID,Sine,limit bandwidth,45,140.679305824578,1126.76291667619,1173.95146102566
a,PID,Sine,limit bandwidth,45,140.75630599197,1120.8136689857,1171.51834180832
a,PID,Sine,limit bandwidth,45,140.833306159361,1114.80715922803,1169.02750190511
a,PID,Sine,limit bandwidth,45,140.910306326753,1108.74623430923,1166.44521002127
a,PID,Sine,limit bandwidth,45,140.987306494145,1102.6337669265,1163.75293929052
a,PID,Sine,limit bandwidth,45,141.064306661536,1096.47265420666,1161.03001801855
a,PID,Sine,limit bandwidth,45,141.141306828928,1090.26581633292,1158.25434963101
a,PID,Sine,limit bandwidth,45,141.21830699632,1084.01619516089,1155.33821324731
a,PID,Sine,limit bandwidth,45,141.295307163711,1077.72675282415,1152.30335932694
a,PID,Sine,limit bandwidth,45,141.372307331103,1071.40047033034,1149.31807012845
a,PID,Sine,limit bandwidth,45,141.449307498495,1065.04034614821,1146.24272146818
a,PID,Sine,limit bandwidth,45,141.526307665886,1058.6493947865,1143.06757292183
a,PID,Sine,limit bandwidth,45,141.603307833278,1052.23064536508,1139.72103775361
a,PID,Sine,limit bandwidth,45,141.68030800067,1045.78714017928,1136.4494586843
a,PID,Sine,limit bandwidth,45,141.757308168061,1039.32193325791,1133.11546841307
a,PID,Sine,limit bandwidth,45,141.834308335453,1032.83808891577,1129.71692216318
a,PID,Sine,limit bandwidth,45,141.911308502845,1026.33868030123,1126.17593481241
a,PID,Sine,limit bandwidth,45,141.988308670236,1019.82678793966,1122.5142888034
a,PID,Sine,limit bandwidth,45,142.065308837628,1013.30549827336,1118.97335196553
a,PID,Sine,limit bandwidth,45,142.14230900502,1006.77790219867,1115.38435955834
a,PID,Sine,limit bandwidth,45,142.219309172411,1000.24709360098,1111.62826882426
a,PID,Sine,limit bandwidth,45,142.296309339803,993.716167888305,1107.64245052746
a,PID,Sine,limit bandwidth,45,142.373309507195,987.188220524186,1103.92617759121
a,PID,Sine,limit bandwidth,45,142.450309674586,980.666345560507,1100.14939406101
a,PID,Sine,limit bandwidth,45,142.527309841978,974.153634171025,1096.22577386576
a,PID,Sine,limit bandwidth,45,142.60431000937,967.653173186229,1092.0360048012
a,PID,Sine,limit bandwidth,45,142.681310176761,961.168043630283,1088.09141686546
a,PID,Sine,limit bandwidth,45,142.758310344153,954.701319260711,1084.11982258132
a,PID,Sine,limit bandwidth,45,142.835310511545,948.25606511153,1080.08437521078
a,PID,Sine,limit bandwidth,45,142.912310678936,941.83533604052,1075.85686485328
a,PID,Sine,limit bandwidth,45,142.989310846328,935.442175281302,1071.52604956497
a,PID,Sine,limit bandwidth,45,143.06631101372,929.079613000941,1067.44647977753
a,PID,Sine,limit bandwidth,45,143.143311181111,922.750664863741,1063.32882030321
a,PID,Sine,limit bandwidth,45,143.220311348503,916.458330601901,1059.04773618513
a,PID,Sine,limit bandwidth,45,143.297311515895,910.205592593743,1054.41328310159
a,PID,Sine,limit bandwidth,45,143.374311683286,903.995414450147,1050.2592529647
a,PID,Sine,limit bandwidth,45,143.451311850678,897.830739609893,1046.09005288572
a,PID,Sine,limit bandwidth,45,143.52831201807,891.714489944552,1041.73292902952
a,PID,Sine,limit bandwidth,45,143.605312185461,885.649564373608,1037.04704564681
a,PID,Sine,limit bandwidth,45,143.682312352853,879.63883749046,1032.69214489078
a,PID,Sine,limit bandwidth,45,143.759312520245,873.68515819995,1028.43122474579
a,PID,Sine,limit bandwidth,45,143.836312687636,867.791348368071,1024.08108018952
a,PID,Sine,limit bandwidth,45,143.913312855028,861.960201484476,1019.51133329946
a,PID,Sine,limit bandwidth,45,143.99031302242,856.194481338457,1014.8463294456
a,PID,Sine,limit bandwidth,45,144.067313189811,850.496920708991,1010.55167096856
a,PID,Sine,limit bandwidth,45,144.144313357203,844.870220069471,1006.23322844483
a,PID,Sine,limit bandwidth,45,144.221313524595,839.317046307783,1001.77814504235
a,PID,Sine,limit bandwidth,45,144.298313691986,833.840031462273,996.853196907453
a,PID,Sine,limit bandwidth,45,144.375313859378,828.441771474232,992.591023905952
a,PID,Sine,limit bandwidth,45,144.45231402677,823.124824957504,988.331381309664
a,PID,Sine,limit bandwidth,45,144.529314194161,817.891711985782,983.924356202711
a,PID,Sine,limit bandwidth,45,144.606314361553,812.744912898157,979.125974508122
a,PID,Sine,limit bandwidth,45,144.683314528945,807.686867123527,974.689200019058
a,PID,Sine,limit bandwidth,45,144.760314696336,802.719972024373,970.481125337728
a,PID,Sine,limit bandwidth,45,144.837314863728,797.846581760479,966.164083677939
a,PID,Sine,limit bandwidth,45,144.91431503112,793.069006173128,961.622194940626
a,PID,Sine,limit bandwidth,45,144.991315198511,788.389509690319,956.985225501359
a,PID,Sine,limit bandwidth,45,145.068315365903,783.810310253481,952.817388617505
a,PID,Sine,limit bandwidth,45,145.145315533295,779.333578266246,948.643045341657
a,PID,Sine,limit bandwidth,45,145.222315700686,774.961435565737,944.33936869778
a,PID,Sine,limit bandwidth,45,145.299315868078,770.695954416884,939.543226915818
a,PID,Sine,limit bandwidth,45,145.37631603547,766.539156530224,935.512600179999
a,PID,Sine,limit bandwidth,45,145.453316202861,762.493012103682,931.502805488469
a,PID,Sine,limit bandwidth,45,145.530316370253,758.559438888755,927.398040871009
a,PID,Sine,limit bandwidth,45,145.607316537645,754.740301281539,922.876196075202
a,PID,Sine,limit bandwidth,45,145.684316705036,751.037409439085,918.701498164832
a,PID,Sine,limit bandwidth,45,145.761316872428,747.452518421424,914.879972525058
a,PID,Sine,limit bandwidth,45,145.83831703982,743.987327359717,910.941568600496
a,PID,Sine,limit bandwidth,45,145.915317207211,740.643478650934,906.793623159684
a,PID,Sine,limit bandwidth,45,145.992317374603,737.422557179393,902.514279015345
a,PID,Sine,limit bandwidth,45,146.069317541995,734.326089565574,898.837878423901
a,PID,Sine,limit bandwidth,45,146.146317709386,731.355543442555,895.141872768759
a,PID,Sine,limit bandwidth,45,146.223317876778,728.51232676039,891.335686482071
a,PID,Sine,limit bandwidth,45,146.30031804417,725.797787118779,887.043551835942
a,PID,Sine,limit bandwidth,45,146.377318211561,723.213211128361,883.567019719727
a,PID,Sine,limit bandwidth,45,146.454318378953,720.759823800885,880.128645043808
a,PID,Sine,limit bandwidth,45,146.531318546345,718.438787968593,876.648995419212
a,PID,Sine,limit bandwidth,45,146.608318713736,716.251203733083,872.766968077016
a,PID,Sine,limit bandwidth,45,146.685318881128,714.198107943878,869.186269462613
a,PID,Sine,limit bandwidth,45,146.76231904852,712.280473707002,866.022598714781
a,PID,Sine,limit bandwidth,45,146.839319215911,710.499209923753,862.806298657556
a,PID,Sine,limit bandwidth,45,146.916319383303,708.855160859912,859.385054528525
a,PID,Sine,limit bandwidth,45,146.993319550695,707.349105745582,855.806688283821
a,PID,Sine,limit bandwidth,45,147.070319718086,705.981758405861,852.907679794671
a,PID,Sine,limit bandwidth,45,147.147319885478,704.75376692251,849.986771733597
a,PID,Sine,limit bandwidth,45,147.22432005287,703.665713326779,846.9837936098
a,PID,Sine,limit bandwidth,45,147.301320220261,702.718113323543,843.530750340489
a,PID,Sine,limit bandwidth,45,147.378320387653,701.911416046874,840.887792241744
a,PID,Sine,limit bandwidth,45,147.455320555045,701.246003847163,838.297799980097
a,PID,Sine,limit bandwidth,45,147.532320722436,700.7221921099,835.689157716143
a,PID,Sine,limit bandwidth,45,147.609320889828,700.340229106187,832.778444216802
a,PID,Sine,limit bandwidth,45,147.68632105722,700.10029587507,830.084393559021
a,PID,Sine,limit bandwidth,45,147.763321224611,700.002506137726,827.834554515303
a,PID,Sine,limit bandwidth,45,147.840321392003,700.046906243567,825.586341355652
a,PID,Sine,limit bandwidth,45,147.917321559395,700.233475148271,823.164741628131
a,PID,Sine,limit bandwidth,45,147.994321726786,700.562124423755,820.580607413362
a,PID,Sine,limit bandwidth,45,148.071321894178,701.032698300088,818.680119652416
a,PID,Sine,limit bandwidth,45,148.14832206157,701.64497373932,816.769721407525
a,PID,Sine,limit bandwidth,45,148.225322228961,702.398660541198,814.810839748535
a,PID,Sine,limit bandwidth,45,148.302322396353,703.293401480711,812.499080896348
a,PID,Sine,limit bandwidth,45,148.379322563745,704.328772477404,810.870180210675
a,PID,Sine,limit bandwidth,45,148.456322731136,705.504282796378,809.338548898275
a,PID,Sine,limit bandwidth,45,148.533322898528,706.819375280885,807.811795718186
a,PID,Sine,limit bandwidth,45,148.61032306592,708.273426616406,806.085676373908
a,PID,Sine,limit bandwidth,45,148.687323233311,709.865747626077,804.50699168916
a,PID,Sine,limit bandwidth,45,148.764323400703,711.595583597346,803.354862720079
a,PID,Sine,limit bandwidth,45,148.841323568095,713.462114639676,802.240823906724
a,PID,Sine,limit bandwidth,45,148.918323735486,715.464456073161,801.010429222921
a,PID,Sine,limit bandwidth,45,148.995323902878,717.60165884782,799.639143466575
a,PID,Sine,limit bandwidth,45,149.07232407027,719.872709993436,798.866809899227
a,PID,Sine,limit bandwidth,45,149.149324237661,722.276533099661,798.132119430715
a,PID,Sine,limit bandwidth,45,149.226324405053,724.811988826208,797.374177137673
a,PID,Sine,limit bandwidth,45,149.303324572445,727.477875442865,796.379790693826
a,PID,Sine,limit bandwidth,45,149.380324739836,730.272929399077,795.901336919851
a,PID,Sine,limit bandwidth,45,149.457324907228,733.195825922834,795.554013192669
a,PID,Sine,limit bandwidth,45,149.53432507462,736.245179648564,795.233478611786
a,PID,Sine,limit bandwidth,45,149.611325242011,739.419545273767,794.806652802942
a,PID,Sine,limit bandwidth,45,149.688325409403,742.717418244042,794.488174784599
a,PID,Sine,limit bandwidth,45,149.765325576795,746.137235466192,794.530481272608
a,PID,Sine,limit bandwidth,45,149.842325744186,749.6773760491,794.62217127397
a,PID,Sine,limit bandwidth,45,149.919325911578,753.336162071965,794.680912754839
a,PID,Sine,limit bandwidth,45,149.99632607897,757.111859379597,794.647627640802
a,PID,Sine,limit bandwidth,45,150.073326246361,761.002678404353,795.070905723033
a,PID,Sine,limit bandwidth,45,150.150326413753,765.006775014338,795.554993490081
a,PID,Sine,limit bandwidth,45,150.227326581145,769.122251387467,796.058342991312
a,PID,Sine,limit bandwidth,45,150.304326748536,773.347156910979,796.449307463813
a,PID,Sine,limit bandwidth,45,150.381326915928,777.679489105967,797.170727972711
a,PID,Sine,limit bandwidth,45,150.45832708332,782.11719457649,798.039286901419
a,PID,Sine,limit bandwidth,45,150.535327250711,786.658169982829,798.952696386862
a,PID,Sine,limit bandwidth,45,150.612327418103,791.300263038398,799.839115231117
a,PID,Sine,limit bandwidth,45,150.689327585495,796.041273529875,800.823571724362
a,PID,Sine,limit bandwidth,45,150.766327752886,800.878954360029,802.061795172016
a,PID,Sine,limit bandwidth,45,150.843327920278,805.811012612773,803.355895602724
a,PID,Sine,limit bandwidth,45,150.92032808767,810.835110639947,804.676597424367
a,PID,Sine,limit bandwidth,45,150.997328255061,815.948867169291,806.001517250224
a,PID,Sine,limit bandwidth,45,151.074328422453,821.149858433093,807.592393036517
a,PID,Sine,limit bandwidth,45,151.151328589845,826.435619316984,809.241564491204
a,PID,Sine,limit bandwidth,45,151.228328757236,831.803644528338,810.96537158169
a,PID,Sine,limit bandwidth,45,151.305328924628,837.251389783685,812.697354672806
a,PID,Sine,limit bandwidth,45,151.38232909202,842.776273014644,814.587730524239
a,PID,Sine,limit bandwidth,45,151.459329259411,848.375675591739,816.594727473859
a,PID,Sine,limit bandwidth,45,151.536329426803,854.046943565552,818.670903114283
a,PID,Sine,limit bandwidth,45,151.613329594195,859.787388924613,820.793374397176
a,PID,Sine,limit bandwidth,45,151.690329761586,865.594290869446,823.007431239974
a,PID,Sine,limit bandwidth,45,151.767329928978,871.464897102132,825.347352331648
a,PID,Sine,limit bandwidth,45,151.84433009637,877.396425130829,827.744096480704
a,PID,Sine,limit bandwidth,45,151.921330263761,883.386063588583,830.200099533844
a,PID,Sine,limit bandwidth,45,151.998330431153,889.430973565835,832.795380075
a,PID,Sine,limit bandwidth,45,152.075330598545,895.52828995598,835.432207547575
a,PID,Sine,limit bandwidth,45,152.152330765936,901.675122813337,838.119979633188
a,PID,Sine,limit bandwidth,45,152.229330933328,907.868558722901,840.907107389402
a,PID,Sine,limit bandwidth,45,152.30633110072,914.105662181213,843.828245848772
a,PID,Sine,limit bandwidth,45,152.383331268111,920.383476987702,846.770571777535
a,PID,Sine,limit bandwidth,45,152.460331435503,926.699027645837,849.742251165365
a,PID,Sine,limit bandwidth,45,152.537331602895,933.049320773417,852.816747164866
a,PID,Sine,limit bandwidth,45,152.614331770286,939.43134652135,855.999002891513
a,PID,Sine,limit bandwidth,45,152.691331937678,945.84208000024,859.273248517156
a,PID,Sine,limit bandwidth,45,152.76833210507,952.27848271407,862.53218000649
a,PID,Sine,limit bandwidth,45,152.845332272461,958.73750400038,865.843135383383
a,PID,Sine,limit bandwidth,45,152.922332439853,965.216082476188,869.244223323236
a,PID,Sine,limit bandwidth,45,152.999332607245,971.711147488981,872.895370623201
a,PID,Sine,limit bandwidth,45,153.076332774636,978.219620572124,876.372255094848
a,PID,Sine,limit bandwidth,45,153.153332942028,984.738416903956,879.888063577223
a,PID,Sine,limit bandwidth,45,153.23033310942,991.264446769906,883.500082346938
a,PID,Sine,limit bandwidth,45,153.307333276811,997.794617026924,887.364259197215
b,Preview,Sine,limit bandwidth,45,0,1000,0
b,Preview,Sine,limit bandwidth,45,0.0770001673916682,1000,966.134464361968
b,Preview,Sine,limit bandwidth,45,0.154000334783336,1000,999.347657676266
b,Preview,Sine,limit bandwidth,45,0.231000502175005,1000,999.987434112607
b,Preview,Sine,limit bandwidth,45,0.308000669566673,1000,999.999757946832
b,Preview,Sine,limit bandwidth,45,0.385000836958341,1000,999.999995337398
b,Preview,Sine,limit bandwidth,45,0.462001004350009,1000,999.999999910186
b,Preview,Sine,limit bandwidth,45,0.539001171741678,1000,999.99999999827
b,Preview,Sine,limit bandwidth,45,0.616001339133346,1000,999.999999999967
b,Preview,Sine,limit bandwidth,45,0.693001506525014,1000,999.999999999999
b,Preview,Sine,limit bandwidth,45,0.770001673916682,1000,999.999999999999
b,Preview,Sine,limit bandwidth,45,0.847001841308351,1000,999.999999999999
b,Preview,Sine,limit bandwidth,45,0.924002008700019,1000,999.999999999999
b,Preview,Sine,limit bandwidth,45,1.00100217609169,1000,999.999999999999
b,Preview,Sine,limit bandwidth,45,1.07800234348336,1000,999.999999999999
b,Preview,Sine,limit bandwidth,45,1.15500251087502,1000,999.999999999999
b,Preview,Sine,limit bandwidth,45,1.23200267826669,1000,999.999999999999
b,Preview,Sine,limit bandwidth,45,1.30900284565836,1000,999.999999999999
b,Preview,Sine,limit bandwidth,45,1.38600301305003,1000,999.999999999999
b,Preview,Sine,limit bandwidth,45,1.4630031804417,1000,999.999999999999
b,Preview,Sine,limit bandwidth,45,1.54000334783336,1000,999.999999999999
b,Preview,Sine,limit bandwidth,45,1.61700351522503,1000,999.999999999999
b,Preview,Sine,limit bandwidth,45,1.6940036826167,1000,999.999999999999
b,Preview,Sine,limit bandwidth,45,1.77100385000837,1000,999.999999999999
b,Preview,Sine,limit bandwidth,45,1.84800401740004,1000,999.999999999999
b,Preview,Sine,limit bandwidth,45,1.92500418479171,1000,999.999999999999
b,Preview,Sine,limit bandwidth,45,2.00200435218337,1000,999.999999999999
b,Preview,Sine,limit bandwidth,45,2.07900451957504,1000,999.999999999999
b,Preview,Sine,limit bandwidth,45,2.15600468696671,1000,1000.19072666576
b,Preview,Sine,limit bandwidth,45,2.23300485435838,1000,1000.04019986277
b,Preview,Sine,limit bandwidth,45,2.31000502175005,1000,1000.0017101575
b,Preview,Sine,limit bandwidth,45,2.38700518914172,1000,1000.00023989983
b,Preview,Sine,limit bandwidth,45,2.46400535653338,1000,1000.00020479605
b,Preview,Sine,limit bandwidth,45,2.54100552392505,1000,1000.00020394049
b,Preview,Sine,limit bandwidth,45,2.61800569131672,1000,1000.0002039193
b,Preview,Sine,limit bandwidth,45,2.69500585870839,1000,1000.00020391879
b,Preview,Sine,limit bandwidth,45,2.77200602610006,1000,1000.00020391878
b,Preview,Sine,limit bandwidth,45,2.84900619349172,1000,1000.00020391878
b,Preview,Sine,limit bandwidth,45,2.92600636088339,1000,1000.00020391878
b,Preview,Sine,limit bandwidth,45,3.00300652827506,1000,1000.00020391878
b,Preview,Sine,limit bandwidth,45,3.08000669566673,1000,1000.00020391878
b,Preview,Sine,limit bandwidth,45,3.1570068630584,1000,1000.00020391878
b,Preview,Sine,limit bandwidth,45,3.23400703045007,1000,1000.00020391878
b,Preview,Sine,limit bandwidth,45,3.31100719784173,1000,1000.00020391878
b,Preview,Sine,limit bandwidth,45,3.3880073652334,1000,1000.00020391878
b,Preview,Sine,limit bandwidth,45,3.46500753262507,1000,1000.00020391878
b,Preview,Sine,limit bandwidth,45,3.54200770001674,1000,1000.00020391878
b,Preview,Sine,limit bandwidth,45,3.61900786740841,1000,1000.00020391878
b,Preview,Sine,limit bandwidth,45,3.69600803480007,1000,1000.00020391878
b,Preview,Sine,limit bandwidth,45,3.77300820219174,1000,1000.00020391878
b,Preview,Sine,limit bandwidth,45,3.85000836958341,1000,1000.00020391878
b,Preview,Sine,limit bandwidth,45,3.92700853697508,1000,1000.00020391878
b,Preview,Sine,limit bandwidth,45,4.00400870436675,1000,1000.00020391878
b,Preview,Sine,limit bandwidth,45,4.08100887175842,1000,1000.00020391878
b,Preview,Sine,limit bandwidth,45,4.15800903915008,1000,1000.00413840658
b,Preview,Sine,limit bandwidth,45,4.23500920654175,1000,999.997541348578
b,Preview,Sine,limit bandwidth,45,4.31200937393342,1000,999.997875667561
b,Preview,Sine,limit bandwidth,45,4.38900954132509,1000,1000.00011126082
b,Preview,Sine,limit bandwidth,45,4.46600970871676,1000,1000.00020091817
b,Preview,Sine,limit bandwidth,45,4.54300987610843,1000,1000.00020381706
b,Preview,Sine,limit bandwidth,45,4.62001004350009,1000,1000.0002039166
b,Preview,Sine,limit bandwidth,45,4.69701021089176,1000,1000.00020391974
b,Preview,Sine,limit bandwidth,45,4.77401037828343,1000,1000.00020391982
b,Preview,Sine,limit bandwidth,45,4.8510105456751,1000,1000.00020391982
b,Preview,Sine,limit bandwidth,45,4.92801071306677,1000,1000.00020391982
b,Preview,Sine,limit bandwidth,45,5.00501088045844,1000,1000.00020391982
b,Preview,Sine,limit bandwidth,45,5.0820110478501,1000,1000.00020391982
b,Preview,Sine,limit bandwidth,45,5.15901121524177,1000,1000.00020391982
b,Preview,Sine,limit bandwidth,45,5.23601138263344,1000,1000.00020391982
b,Preview,Sine,limit bandwidth,45,5.31301155002511,1000,1000.00020391982
b,Preview,Sine,limit bandwidth,45,5.39001171741678,1000,1000.00020391982
b,Preview,Sine,limit bandwidth,45,5.46701188480845,1000,1000.00020391982
b,Preview,Sine,limit bandwidth,45,5.54401205220011,1000,1000.00020391982
b,Preview,Sine,limit bandwidth,45,5.62101221959178,1000,1000.00020391982
b,Preview,Sine,limit bandwidth,45,5.69801238698345,1000,1000.00020391982
b,Preview,Sine,limit bandwidth,45,5.77501255437512,1000,1000.00020391982
b,Preview,Sine,limit bandwidth,45,5.85201272176679,1000,1000.00020391982
b,Preview,Sine,limit bandwidth,45,5.92901288915845,1000,1000.00020391982
b,Preview,Sine,limit bandwidth,45,6.00601305655012,1000,1000.00020391982
b,Preview,Sine,limit bandwidth,45,6.08301322394179,1000,1000.00020391982
b,Preview,Sine,limit bandwidth,45,6.16001339133346,1000,1000.00028503267
b,Preview,Sine,limit bandwidth,45,6.23701355872513,1000,1000.00007511142
b,Preview,Sine,limit bandwidth,45,6.3140137261168,1000,1000.00015792512
b,Preview,Sine,limit bandwidth,45,6.39101389350846,1000,1000.00028358715
b,Preview,Sine,limit bandwidth,45,6.46801406090013,1000,1000.00020794383
b,Preview,Sine,limit bandwidth,45,6.5450142282918,1000,1000.00020413919
b,Preview,Sine,limit bandwidth,45,6.62201439568347,1000,1000.00020392981
b,Preview,Sine,limit bandwidth,45,6.69901456307514,1000,1000.00020392019
b,Preview,Sine,limit bandwidth,45,6.77601473046681,1000,1000.00020391983
b,Preview,Sine,limit bandwidth,45,6.85301489785847,1000,1000.00020391983
b,Preview,Sine,limit bandwidth,45,6.93001506525014,1000,1000.00020391983
b,Preview,Sine,limit bandwidth,45,7.00701523264181,1000,1000.00020391983
b,Preview,Sine,limit bandwidth,45,7.08401540003348,1000,1000.00020391983
b,Preview,Sine,limit bandwidth,45,7.16101556742515,1000,1000.00020391983
b,Preview,Sine,limit bandwidth,45,7.23801573481681,1000,1000.00020391983
b,Preview,Sine,limit bandwidth,45,7.31501590220848,1000,1000.00020391983
b,Preview,Sine,limit bandwidth,45,7.39201606960015,1000,1000.00020391983
b,Preview,Sine,limit bandwidth,45,7.46901623699182,1000,1000.00020391983
b,Preview,Sine,limit bandwidth,45,7.54601640438349,1000,1000.00020391983
b,Preview,Sine,limit bandwidth,45,7.62301657177516,1000,1000.00020391983
b,Preview,Sine,limit bandwidth,45,7.70001673916682,1000,1000.00020391983
b,Preview,Sine,limit bandwidth,45,7.77701690655849,1000,1000.00020391983
b,Preview,Sine,limit bandwidth,45,7.85401707395016,1000,1000.00020391983
b,Preview,Sine,limit bandwidth,45,7.93101724134183,1000,1000.00020391983
b,Preview,Sine,limit bandwidth,45,8.0080174087335,1000,1000.00020391983
b,Preview,Sine,limit bandwidth,45,8.08501757612516,1000,1000.00020391983
b,Preview,Sine,limit bandwidth,45,8.16201774351683,1000,1000.0002055911
b,Preview,Sine,limit bandwidth,45,8.2390179109085,1000,1000.00019970961
b,Preview,Sine,limit bandwidth,45,8.31601807830017,1000,1000.00020427301
b,Preview,Sine,limit bandwidth,45,8.39301824569184,1000,1000.00020894335
b,Preview,Sine,limit bandwidth,45,8.47001841308351,1000,1000.00020249107
b,Preview,Sine,limit bandwidth,45,8.54701858047518,1000,1000.00020373446
b,Preview,Sine,limit bandwidth,45,8.62401874786684,1000,1000.00020390446
b,Preview,Sine,limit bandwidth,45,8.70101891525851,1000,1000.00020391895
b,Preview,Sine,limit bandwidth,45,8.77801908265018,1000,1000.0002039198
b,Preview,Sine,limit bandwidth,45,8.85501925004185,1000,1000.00020391982
b,Preview,Sine,limit bandwidth,45,8.93201941743352,1000,1000.00020391982
b,Preview,Sine,limit bandwidth,45,9.00901958482518,1000,1000.00020391982
b,Preview,Sine,limit bandwidth,45,9.08601975221685,1000,1000.00020391982
b,Preview,Sine,limit bandwidth,45,9.16301991960852,1000,1000.00020391982
b,Preview,Sine,limit bandwidth,45,9.24002008700019,1000,1000.00020391982
b,Preview,Sine,limit bandwidth,45,9.31702025439186,1000,1000.00020391982
b,Preview,Sine,limit bandwidth,45,9.39402042178352,1000,1000.00020391982
b,Preview,Sine,limit bandwidth,45,9.47102058917519,1000,1000.00020391982
b,Preview,Sine,limit bandwidth,45,9.54802075656686,1000,1000.00020391982
b,Preview,Sine,limit bandwidth,45,9.62502092395853,1000,1000.00020391982
b,Preview,Sine,limit bandwidth,45,9.7020210913502,1000,1000.00020391982
b,Preview,Sine,limit bandwidth,45,9.77902125874187,1000,1000.00020391982
b,Preview,Sine,limit bandwidth,45,9.85602142613353,1000,1000.00020391982
b,Preview,Sine,limit bandwidth,45,9.9330215935252,1000,1000.00020391982
b,Preview,Sine,limit bandwidth,45,10.0100217609169,1000,1000.00020391982
b,Preview,Sine,limit bandwidth,45,10.0870219283085,1000,1000.00020391982
b,Preview,Sine,limit bandwidth,45,10.1640220957002,1000,1000.00020395424
b,Preview,Sine,limit bandwidth,45,10.2410222630919,1000,1000.0002038005
b,Preview,Sine,limit bandwidth,45,10.3180224304835,1000,1000.00020398327
b,Preview,Sine,limit bandwidth,45,10.3950225978752,1000,1000.00020412762
b,Preview,Sine,limit bandwidth,45,10.4720227652669,1000,1000.00020379203
b,Preview,Sine,limit bandwidth,45,10.5490229326585,1000,1000.00020393727
b,Preview,Sine,limit bandwidth,45,10.6260231000502,1000,1000.00020392904
b,Preview,Sine,limit bandwidth,45,10.7030232674419,1000,1000.00020392087
b,Preview,Sine,limit bandwidth,45,10.7800234348336,1000,1000.00020391986
b,Preview,Sine,limit bandwidth,45,10.8570236022252,1000,1000.00020391983
b,Preview,Sine,limit bandwidth,45,10.9340237696169,1000,1000.00020391983
b,Preview,Sine,limit bandwidth,45,11.0110239370086,1000,1000.00020391983
b,Preview,Sine,limit bandwidth,45,11.0880241044002,1000,1000.00020391983
b,Preview,Sine,limit bandwidth,45,11.1650242717919,1000,1000.00020391983
b,Preview,Sine,limit bandwidth,45,11.2420244391836,1000,1000.00020391983
b,Preview,Sine,limit bandwidth,45,11.3190246065752,1000,1000.00020391983
b,Preview,Sine,limit bandwidth,45,11.3960247739669,1000,1000.00020391983
b,Preview,Sine,limit bandwidth,45,11.4730249413586,1000,1000.00020391983
b,Preview,Sine,limit bandwidth,45,11.5500251087502,1000,1000.00020391983
b,Preview,Sine,limit bandwidth,45,11.6270252761419,1000,1000.00020391983
b,Preview,Sine,limit bandwidth,45,11.7040254435336,1000,1000.00020391983
b,Preview,Sine,limit bandwidth,45,11.7810256109252,1000,1000.00020391983
b,Preview,Sine,limit bandwidth,45,11.8580257783169,1000,1000.00020391983
b,Preview,Sine,limit bandwidth,45,11.9350259457086,1000,1000.00020391983
b,Preview,Sine,limit bandwidth,45,12.0120261131002,1000,1000.00020391983
b,Preview,Sine,limit bandwidth,45,12.0890262804919,1000,1000.00020391983
b,Preview,Sine,limit bandwidth,45,12.1660264478836,1000,1000.00020392053
b,Preview,Sine,limit bandwidth,45,12.2430266152752,1000,1000.00020391669
b,Preview,Sine,limit bandwidth,45,12.3200267826669,1000,1000.00020392295
b,Preview,Sine,limit bandwidth,45,12.3970269500586,1000,1000.00020392696
b,Preview,Sine,limit bandwidth,45,12.4740271174503,1000,1000.00020391308
b,Preview,Sine,limit bandwidth,45,12.5510272848419,1000,1000.00020392244
b,Preview,Sine,limit bandwidth,45,12.6280274522336,1000,1000.00020392021
b,Preview,Sine,limit bandwidth,45,12.7050276196253,1000,1000.00020391934
b,Preview,Sine,limit bandwidth,45,12.7820277870169,1000,1000.00020391979
b,Preview,Sine,limit bandwidth,45,12.8590279544086,1000,1000.00020391982
b,Preview,Sine,limit bandwidth,45,12.9360281218003,1000,1000.00020391982
b,Preview,Sine,limit bandwidth,45,13.0130282891919,1000,1000.00020391982
b,Preview,Sine,limit bandwidth,45,13.0900284565836,1000,1000.00020391982
b,Preview,Sine,limit bandwidth,45,13.1670286239753,1000,1000.00020391982
b,Preview,Sine,limit bandwidth,45,13.2440287913669,1000,1000.00020391982
b,Preview,Sine,limit bandwidth,45,13.3210289587586,1000,1000.00020391982
b,Preview,Sine,limit bandwidth,45,13.3980291261503,1000,1000.00020391982
b,Preview,Sine,limit bandwidth,45,13.4750292935419,1000,1000.00020391982
b,Preview,Sine,limit bandwidth,45,13.5520294609336,1000,1000.00020391982
b,Preview,Sine,limit bandwidth,45,13.6290296283253,1000,1000.00020391982
b,Preview,Sine,limit bandwidth,45,13.7060297957169,1000,1000.00020391982
b,Preview,Sine,limit bandwidth,45,13.7830299631086,1000,1000.00020391982
b,Preview,Sine,limit bandwidth,45,13.8600301305003,1000,1000.00020391982
b,Preview,Sine,limit bandwidth,45,13.937030297892,1000,1000.00020391982
b,Preview,Sine,limit bandwidth,45,14.0140304652836,1000,1000.00020391982
b,Preview,Sine,limit bandwidth,45,14.0910306326753,1000,1000.00020391982
b,Preview,Sine,limit bandwidth,45,14.168030800067,1000,1000.00020391984
b,Preview,Sine,limit bandwidth,45,14.2450309674586,1000,1000.00020391975
b,Preview,Sine,limit bandwidth,45,14.3220311348503,1000,1000.00020391994
b,Preview,Sine,limit bandwidth,45,14.399031302242,1000,1000.00020392005
b,Preview,Sine,limit bandwidth,45,14.4760314696336,1000,1000.00020391954
b,Preview,Sine,limit bandwidth,45,14.5530316370253,1000,1000.00020392
b,Preview,Sine,limit bandwidth,45,14.630031804417,1000,1000.00020391981
b,Preview,Sine,limit bandwidth,45,14.7070319718086,1000,1000.00020391977
b,Preview,Sine,limit bandwidth,45,14.7840321392003,1000,1000.00020391984
b,Preview,Sine,limit bandwidth,45,14.861032306592,1000,1000.00020391983
b,Preview,Sine,limit bandwidth,45,14.9380324739836,1000,1000.00020391983
b,Preview,Sine,limit bandwidth,45,15.0150326413753,1000,1000.00020391983
b,Preview,Sine,limit bandwidth,45,15.092032808767,1000,1000.00020391983
b,Preview,Sine,limit bandwidth,45,15.1690329761586,1000,1000.00020391983
b,Preview,Sine,limit bandwidth,45,15.2460331435503,1000,1000.00020391983
b,Preview,Sine,limit bandwidth,45,15.323033310942,1000,1000.00020391983
b,Preview,Sine,limit bandwidth,45,15.4000334783336,1000,1000.00020391983
b,Preview,Sine,limit bandwidth,45,15.4770336457253,1000,1000.00020391983
b,Preview,Sine,limit bandwidth,45,15.554033813117,1000,1000.00020391983
b,Preview,Sine,limit bandwidth,45,15.6310339805087,1000,1000.00020391983
b,Preview,Sine,limit bandwidth,45,15.7080341479003,1000,1000.00020391983
b,Preview,Sine,limit bandwidth,45,15.785034315292,1000,1000.00020391983
b,Preview,Sine,limit bandwidth,45,15.8620344826837,1000,1000.00020391983
b,Preview,Sine,limit bandwidth,45,15.9390346500753,1000,1000.00020391983
b,Preview,Sine,limit bandwidth,45,16.016034817467,1000,1000.00020391983
b,Preview,Sine,limit bandwidth,45,16.0930349848587,1000,1000.00020391983
b,Preview,Sine,limit bandwidth,45,16.1700351522503,1000,1000.00020391983
b,Preview,Sine,limit bandwidth,45,16.247035319642,1000,1000.00020391982
b,Preview,Sine,limit bandwidth,45,16.3240354870337,1000,1000.00020391983
b,Preview,Sine,limit bandwidth,45,16.4010356544253,1000,1000.00020391983
b,Preview,Sine,limit bandwidth,45,16.478035821817,1000,1000.00020391982
b,Preview,Sine,limit bandwidth,45,16.5550359892087,1000,1000.00020391983
b,Preview,Sine,limit bandwidth,45,16.6320361566003,1000,1000.00020391982
b,Preview,Sine,limit bandwidth,45,16.709036323992,1000,1000.00020391982
b,Preview,Sine,limit bandwidth,45,16.7860364913837,1000,1000.00020391983
b,Preview,Sine,limit bandwidth,45,16.8630366587753,1000,1000.00020391983
b,Preview,Sine,limit bandwidth,45,16.940036826167,1000,1000.00020391983
b,Preview,Sine,limit bandwidth,45,17.0170369935587,1000,1000.00020391983
b,Preview,Sine,limit bandwidth,45,17.0940371609504,1000,1000.00020391983
b,Preview,Sine,limit bandwidth,45,17.171037328342,1000,1000.00020391983
b,Preview,Sine,limit bandwidth,45,17.2480374957337,1000,1000.00020391983
b,Preview,Sine,limit bandwidth,45,17.3250376631254,1000,1000.00020391983
b,Preview,Sine,limit bandwidth,45,17.402037830517,1000,1000.00020391983
b,Preview,Sine,limit bandwidth,45,17.4790379979087,1000,1000.00020391983
b,Preview,Sine,limit bandwidth,45,17.5560381653004,1000,1000.00020391983
b,Preview,Sine,limit bandwidth,45,17.633038332692,1000,1000.00020391983
b,Preview,Sine,limit bandwidth,45,17.7100385000837,1000,1000.00020391983
b,Preview,Sine,limit bandwidth,45,17.7870386674754,1000,1000.00020391983
b,Preview,Sine,limit bandwidth,45,17.864038834867,1000,1000.00020391983
b,Preview,Sine,limit bandwidth,45,17.9410390022587,1000,1000.00020391983
b,Preview,Sine,limit bandwidth,45,18.0180391696504,1000,1000.00020391983
b,Preview,Sine,limit bandwidth,45,18.095039337042,1000,1000.00020391983
b,Preview,Sine,limit bandwidth,45,18.1720395044337,1000,1000.00020391983
b,Preview,Sine,limit bandwidth,45,18.2490396718254,1000,1000.00020391983
b,Preview,Sine,limit bandwidth,45,18.326039839217,1000,1000.00020391983
b,Preview,Sine,limit bandwidth,45,18.4030400066087,1000,1000.00020391983
b,Preview,Sine,limit bandwidth,45,18.4800401740004,1000,1000.00020391983
b,Preview,Sine,limit bandwidth,45,18.557040341392,1000,1000.00020391983
b,Preview,Sine,limit bandwidth,45,18.6340405087837,1000,1000.00020391983
b,Preview,Sine,limit bandwidth,45,18.7110406761754,1000,1000.00020391983
b,Preview,Sine,limit bandwidth,45,18.788040843567,1000,1000.00020391983
b,Preview,Sine,limit bandwidth,45,18.8650410109587,1000,1000.00020391983
b,Preview,Sine,limit bandwidth,45,18.9420411783504,1000,1000.00020391983
b,Preview,Sine,limit bandwidth,45,19.0190413457421,1000,1000.00020391983
b,Preview,Sine,limit bandwidth,45,19.0960415131337,1000,1000.00020391983
b,Preview,Sine,limit bandwidth,45,19.1730416805254,1000,1000.00020391983
b,Preview,Sine,limit bandwidth,45,19.2500418479171,1000,1000.00020391983
b,Preview,Sine,limit bandwidth,45,19.3270420153087,1000,1000.00020391983
b,Preview,Sine,limit bandwidth,45,19.4040421827004,1000,1000.00020391983
b,Preview,Sine,limit bandwidth,45,19.4810423500921,1000,1000.00020391983
b,Preview,Sine,limit bandwidth,45,19.5580425174837,1000,1000.00020391983
b,Preview,Sine,limit bandwidth,45,19.6350426848754,1000,1000.00020391983
b,Preview,Sine,limit bandwidth,45,19.7120428522671,1000,1000.00020391983
b,Preview,Sine,limit bandwidth,45,19.7890430196587,1000,1000.00020391983
b,Preview,Sine,limit bandwidth,45,19.8660431870504,1000,1000.00020391983
b,Preview,Sine,limit bandwidth,45,19.9430433544421,1000,1000.00020391983
b,Preview,Sine,limit bandwidth,45,20.0200435218337,1001.70014258494,1001.65983136421
b,Preview,Sine,limit bandwidth,45,20.0970436892254,1008.23050417183,1008.23849890552
b,Preview,Sine,limit bandwidth,45,20.1740438566171,1014.7569647458,1014.76122919103
b,Preview,Sine,limit bandwidth,45,20.2510440240087,1021.27643095966,1021.23380666587
b,Preview,Sine,limit bandwidth,45,20.3280441914004,1027.78581278134,1027.78698497584
b,Preview,Sine,limit bandwidth,45,20.4050443587921,1034.28202495846,1034.29202781947
b,Preview,Sine,limit bandwidth,45,20.4820445261837,1040.76198848067,1040.74033073833
b,Preview,Sine,limit bandwidth,45,20.5590446935754,1047.22263203898,1047.21293196601
b,Preview,Sine,limit bandwidth,45,20.6360448609671,1053.66089348151,1053.67204441178
b,Preview,Sine,limit bandwidth,45,20.7130450283588,1060.0737212648,1060.06756662248
b,Preview,Sine,limit bandwidth,45,20.7900451957504,1066.45807590021,1066.43418398892
b,Preview,Sine,limit bandwidth,45,20.8670453631421,1072.81093139452,1072.81898431674
b,Preview,Sine,limit bandwidth,45,20.9440455305338,1079.12927668414,1079.13339994915
b,Preview,Sine,limit bandwidth,45,21.0210456979254,1085.41011706232,1085.36921264883
b,Preview,Sine,limit bandwidth,45,21.0980458653171,1091.65047559847,1091.6516087353
b,Preview,Sine,limit bandwidth,45,21.1750460327088,1097.84739454924,1097.85690970413
b,Preview,Sine,limit bandwidth,45,21.2520462001004,1103.99793676029,1103.97746605026
b,Preview,Sine,limit bandwidth,45,21.3290463674921,1110.0991870585,1110.09007848524
b,Preview,Sine,limit bandwidth,45,21.4060465348838,1116.14825363363,1116.15870390215
b,Preview,Sine,limit bandwidth,45,21.4830467022754,1122.14226940898,1122.13654956957
b,Preview,Sine,limit bandwidth,45,21.5600468696671,1128.07839340027,1128.05628607434
b,Preview,Sine,limit bandwidth,45,21.6370470370588,1133.9538120622,1133.9612487881
b,Preview,Sine,limit bandwidth,45,21.7140472044504,1139.76574062197,1139.76953181442
b,Preview,Sine,limit bandwidth,45,21.7910473718421,1145.51142439921,1145.47418055815
b,Preview,Sine,limit bandwidth,45,21.8680475392338,1151.18814011158,1151.1891903184
b,Preview,Sine,limit bandwidth,45,21.9450477066254,1156.79319716555,1156.80178501267
b,Preview,Sine,limit bandwidth,45,22.0220478740171,1162.32393893165,1162.33477819003
b,Preview,Sine,limit bandwidth,45,22.0990480414088,1167.77774400362,1167.81360547098
b,Preview,Sine,limit bandwidth,45,22.1760482088005,1173.15202744093,1173.20469764353
b,Preview,Sine,limit bandwidth,45,22.2530483761921,1178.44424199388,1178.48260664909
b,Preview,Sine,limit bandwidth,45,22.3300485435838,1183.65187931101,1183.67594040592
b,Preview,Sine,limit bandwidth,45,22.4070487109755,1188.7724711279,1188.82226181043
b,Preview,Sine,limit bandwidth,45,22.4840488783671,1193.80359043714,1193.85013593913
b,Preview,Sine,limit bandwidth,45,22.5610490457588,1198.74285263858,1198.7541740957
b,Preview,Sine,limit bandwidth,45,22.6380492131505,1203.58791666961,1203.6318438607
b,Preview,Sine,limit bandwidth,45,22.7150493805421,1208.33648611472,1208.38663962061
b,Preview,Sine,limit bandwidth,45,22.7920495479338,1212.98631029396,1213.01385260306
b,Preview,Sine,limit bandwidth,45,22.8690497153255,1217.53518532969,1217.57112158916
b,Preview,Sine,limit bandwidth,45,22.9460498827171,1221.98095519114,1222.0309607159
b,Preview,Sine,limit bandwidth,45,23.0230500501088,1226.32151271631,1226.35960185025
b,Preview,Sine,limit bandwidth,45,23.1000502175005,1230.55480061069,1230.58135026495
b,Preview,Sine,limit bandwidth,45,23.1770503848921,1234.67881242238,1234.72577626572
b,Preview,Sine,limit bandwidth,45,23.2540505522838,1238.69159349309,1238.73563193911
b,Preview,Sine,limit bandwidth,45,23.3310507196755,1242.59124188455,1242.60743375605
b,Preview,Sine,limit bandwidth,45,23.4080508870671,1246.37590928,1246.41754944998
b,Preview,Sine,limit bandwidth,45,23.4850510544588,1250.04380186027,1250.08999529879
b,Preview,Sine,limit bandwidth,45,23.5620512218505,1253.5931811539,1253.62181915787
b,Preview,Sine,limit bandwidth,45,23.6390513892422,1257.02236486125,1257.05715817461
b,Preview,Sine,limit bandwidth,45,23.7160515566338,1260.32972765175,1260.37478001656
b,Preview,Sine,limit bandwidth,45,23.7930517240255,1263.51370193431,1263.54995764139
b,Preview,Sine,limit bandwidth,45,23.8700518914172,1266.57277860032,1266.60036321411
b,Preview,Sine,limit bandwidth,45,23.9470520588088,1269.5055077389,1269.54729585505
b,Preview,Sine,limit bandwidth,45,24.0240522262005,1272.3104993241,1272.35058703607
b,Preview,Sine,limit bandwidth,45,24.1010523935922,1274.98642387379,1275.00798710852
b,Preview,Sine,limit bandwidth,45,24.1780525609838,1277.53201307971,1277.5693828103
b,Preview,Sine,limit bandwidth,45,24.2550527283755,1279.94606040871,1279.98589069131
b,Preview,Sine,limit bandwidth,45,24.3320528957672,1282.2274216745,1282.25577553767
b,Preview,Sine,limit bandwidth,45,24.4090530631588,1284.37501558006,1284.40725471473
b,Preview,Sine,limit bandwidth,45,24.4860532305505,1286.38782423008,1286.42598225027
b,Preview,Sine,limit bandwidth,45,24.5630533979422,1288.26489361344,1288.29727169799
b,Preview,Sine,limit bandwidth,45,24.6400535653338,1290.00533405536,1290.03259698587
b,Preview,Sine,limit bandwidth,45,24.7170537327255,1291.60832063912,1291.64309211736
b,Preview,Sine,limit bandwidth,45,24.7940539001172,1293.07309359699,1293.10648847168
b,Preview,Sine,limit bandwidth,45,24.8710540675088,1294.39895867039,1294.42266712182
b,Preview,Sine,limit bandwidth,45,24.9480542349005,1295.5852874389,1295.6164000155
b,Preview,Sine,limit bandwidth,45,25.0250544022922,1296.63151761817,1296.66316588149
b,Preview,Sine,limit bandwidth,45,25.1020545696838,1297.53715332636,1297.56438150376
b,Preview,Sine,limit bandwidth,45,25.1790547370755,1298.30176531922,1298.32986766771
b,Preview,Sine,limit bandwidth,45,25.2560549044672,1298.92499119352,1298.95407671667
b,Preview,Sine,limit bandwidth,45,25.3330550718588,1299.40653555885,1299.43352258075
b,Preview,Sine,limit bandwidth,45,25.4100552392505,1299.74617017755,1299.77214540868
b,Preview,Sine,limit bandwidth,45,25.4870554066422,1299.94373407298,1299.97010237286
b,Preview,Sine,limit bandwidth,45,25.5640555740339,1299.99913360576,1300.02436020367
b,Preview,Sine,limit bandwidth,45,25.6410557414255,1299.91234251817,1299.93796493885
b,Preview,Sine,limit bandwidth,45,25.7180559088172,1299.68340194658,1299.70699425227
b,Preview,Sine,limit bandwidth,45,25.7950560762089,1299.31242040199,1299.33489740376
b,Preview,Sine,limit bandwidth,45,25.8720562436005,1298.79957371854,1298.82382310252
b,Preview,Sine,limit bandwidth,45,25.9490564109922,1298.14510497025,1298.16745860591
b,Preview,Sine,limit bandwidth,45,26.0260565783839,1297.34932435573,1297.36809426566
b,Preview,Sine,limit bandwidth,45,26.1030567457755,1296.41260905119,1296.43353603674
b,Preview,Sine,limit bandwidth,45,26.1800569131672,1295.3354030317,1295.35879172854
b,Preview,Sine,limit bandwidth,45,26.2570570805589,1294.11821686069,1294.13442863926
b,Preview,Sine,limit bandwidth,45,26.3340572479505,1292.76162744802,1292.77755686654
b,Preview,Sine,limit bandwidth,45,26.4110574153422,1291.26627777652,1291.29298915375
b,Preview,Sine,limit bandwidth,45,26.4880575827339,1289.63287659723,1289.64815982145
b,Preview,Sine,limit bandwidth,45,26.5650577501255,1287.86219809347,1287.87375734162
b,Preview,Sine,limit bandwidth,45,26.6420579175172,1285.95508151391,1285.97518905581
b,Preview,Sine,limit bandwidth,45,26.7190580849089,1283.91243077481,1283.92822734316
b,Preview,Sine,limit bandwidth,45,26.7960582523005,1281.73521403153,1281.74335792284
b,Preview,Sine,limit bandwidth,45,26.8730584196922,1279.42446321972,1279.43770034865
b,Preview,Sine,limit bandwidth,45,26.9500585870839,1276.98127356619,1277.00064792581
b,Preview,Sine,limit bandwidth,45,27.0270587544756,1274.40680306979,1274.41225192189
b,Preview,Sine,limit bandwidth,45,27.1040589218672,1271.70227195256,1271.70878019846
b,Preview,Sine,limit bandwidth,45,27.1810590892589,1268.86896208141,1268.89547246811
b,Preview,Sine,limit bandwidth,45,27.2580592566506,1265.90821636049,1265.91385722556
b,Preview,Sine,limit bandwidth,45,27.3350594240422,1262.82143809477,1262.82163453665
b,Preview,Sine,limit bandwidth,45,27.4120595914339,1259.61009032486,1259.62552056346
b,Preview,Sine,limit bandwidth,45,27.4890597588256,1256.2756951336,1256.28456713776
b,Preview,Sine,limit bandwidth,45,27.5660599262172,1252.81983292462,1252.81618294686
b,Preview,Sine,limit bandwidth,45,27.6430600936089,1249.24414167328,1249.24903710019
b,Preview,Sine,limit bandwidth,45,27.7200602610006,1245.55031615034,1245.56501794817
b,Preview,Sine,limit bandwidth,45,27.7970604283922,1241.74010711867,1241.73519198895
b,Preview,Sine,limit bandwidth,45,27.8740605957839,1237.81532050343,1237.81150860809
b,Preview,Sine,limit bandwidth,45,27.9510607631756,1233.77781653614,1233.80245988327
b,Preview,Sine,limit bandwidth,45,28.0280609305672,1229.62950887298,1229.62542762363
b,Preview,Sine,limit bandwidth,45,28.1050610979589,1225.37236368775,1225.36180625575
b,Preview,Sine,limit bandwidth,45,28.1820612653506,1221.00839874,1221.01843045785
b,Preview,Sine,limit bandwidth,45,28.2590614327422,1216.53968241865,1216.54053848537
b,Preview,Sine,limit bandwidth,45,28.3360616001339,1211.96833276163,1211.95319385103
b,Preview,Sine,limit bandwidth,45,28.4130617675256,1207.29651645202,1207.29325192267
b,Preview,Sine,limit bandwidth,45,28.4900619349172,1202.52644779107,1202.53618863702
b,Preview,Sine,limit bandwidth,45,28.5670621023089,1197.66038764872,1197.64449305954
b,Preview,Sine,limit bandwidth,45,28.6440622697006,1192.70064239199,1192.68661918113
b,Preview,Sine,limit bandwidth,45,28.7210624370923,1187.64956279187,1187.67145866896
b,Preview,Sine,limit bandwidth,45,28.7980626044839,1182.50954290907,1182.4965934707
b,Preview,Sine,limit bandwidth,45,28.8750627718756,1177.28301895934,1177.2616844326
b,Preview,Sine,limit bandwidth,45,28.9520629392673,1171.97246815879,1171.97618813973
b,Preview,Sine,limit bandwidth,45,29.0290631066589,1166.58040754972,1166.57340981959
b,Preview,Sine,limit bandwidth,45,29.1060632740506,1161.10939280766,1161.08404558938
b,Preview,Sine,limit bandwidth,45,29.1830634414423,1155.56201703003,1155.5507898065
b,Preview,Sine,limit bandwidth,45,29.2600636088339,1149.94090950711,1149.94454797567
b,Preview,Sine,limit bandwidth,45,29.3370637762256,1144.2487344758,1144.22276706121
b,Preview,Sine,limit bandwidth,45,29.4140639436173,1138.4881898569,1138.4650024367
b,Preview,Sine,limit bandwidth,45,29.4910641110089,1132.66200597633,1132.68051916435
b,Preview,Sine,limit bandwidth,45,29.5680642784006,1126.77294427108,1126.7509077699
b,Preview,Sine,limit bandwidth,45,29.6450644457923,1120.82379598031,1120.79259731342
b,Preview,Sine,limit bandwidth,45,29.7220646131839,1114.81738082248,1114.81488658884
b,Preview,Sine,limit bandwidth,45,29.7990647805756,1108.75654565878,1108.74263618042
b,Preview,Sine,limit bandwidth,45,29.8760649479673,1102.6441631439,1102.6093831755
b,Preview,Sine,limit bandwidth,45,29.9530651153589,1096.48313036439,1096.46404024653
b,Preview,Sine,limit bandwidth,45,30.0300652827506,1090.27636746561,1090.27393962387
b,Preview,Sine,limit bandwidth,45,30.1070654501423,1084.02681626761,1083.99248214417
b,Preview,Sine,limit bandwidth,45,30.1840656175339,1077.73743887081,1077.70624666608
b,Preview,Sine,limit bandwidth,45,30.2610657849256,1071.41121625207,1071.42483965976
b,Preview,Sine,limit bandwidth,45,30.3380659523173,1065.05114685179,1065.02123424764
b,Preview,Sine,limit bandwidth,45,30.415066119709,1058.6602451527,1058.62099036033
b,Preview,Sine,limit bandwidth,45,30.4920662871006,1052.24154025115,1052.2333011216
b,Preview,Sine,limit bandwidth,45,30.5690664544923,1045.79807442137,1045.7771654169
b,Preview,Sine,limit bandwidth,45,30.646066621884,1039.33290167352,1039.29022973849
b,Preview,Sine,limit bandwidth,45,30.7230667892756,1032.84908630619,1032.82328393181
b,Preview,Sine,limit bandwidth,45,30.8000669566673,1026.34970145403,1026.34182804726
b,Preview,Sine,limit bandwidth,45,30.877067124059,1019.83782763115,1019.79643690626
b,Preview,Sine,limit bandwidth,45,30.9540672914506,1013.31655127106,1013.27844959024
b,Preview,Sine,limit bandwidth,45,31.0310674588423,1006.78896326378,1006.79725443207
b,Preview,Sine,limit bandwidth,45,31.108067626234,1000.25815749089,1000.22215113332
b,Preview,Sine,limit bandwidth,45,31.1850677936256,993.727229359056,993.681835545661
b,Preview,Sine,limit bandwidth,45,31.2620679610173,987.199274332975,987.185151561113
b,Preview,Sine,limit bandwidth,45,31.339068128409,980.677386468163,980.650640109101
b,Preview,Sine,limit bandwidth,45,31.4160682958006,974.164656944484,974.116376237766
b,Preview,Sine,limit bandwidth,45,31.4930684631923,967.664172601025,967.633140201086
b,Preview,Sine,limit bandwidth,45,31.570068630584,961.179014473022,961.16547326532
b,Preview,Sine,limit bandwidth,45,31.6470687979756,954.712256331542,954.665679309174
b,Preview,Sine,limit bandwidth,45,31.7240689653673,948.266963226612,948.223963205023
b,Preview,Sine,limit bandwidth,45,31.801069132759,941.846190034471,941.849109320786
b,Preview,Sine,limit bandwidth,45,31.8780693001506,935.452980009652,935.41237209123
b,Preview,Sine,limit bandwidth,45,31.9550694675423,929.090363342571,929.040691470777
b,Preview,Sine,limit bandwidth,45,32.032069634934,922.76135572331,922.742199124752
b,Preview,Sine,limit bandwidth,45,32.1090698023257,916.468956912263,916.437882136451
b,Preview,Sine,limit bandwidth,45,32.1860699697173,910.216149318345,910.16457457903
b,Preview,Sine,limit bandwidth,45,32.263070137109,904.005896585418,903.970728113671
b,Preview,Sine,limit bandwidth,45,32.3400703045007,897.841142187612,897.822741935905
b,Preview,Sine,limit bandwidth,45,32.4170704718923,891.724808034207,891.675435308997
b,Preview,Sine,limit bandwidth,45,32.494070639284,885.659793084734,885.614064786906
b,Preview,Sine,limit bandwidth,45,32.5710708066757,879.648971974954,879.645992273009
b,Preview,Sine,limit bandwidth,45,32.6480709740673,873.695193654372,873.651863004119
b,Preview,Sine,limit bandwidth,45,32.725071141459,867.801280035914,867.749841235863
b,Preview,Sine,limit bandwidth,45,32.8020713088507,861.970024658426,861.946891371863
b,Preview,Sine,limit bandwidth,45,32.8790714762423,856.204191362622,856.170130085331
b,Preview,Sine,limit bandwidth,45,32.956071643634,850.506512981108,850.453930102164
b,Preview,Sine,limit bandwidth,45,33.0330718110257,844.879690043093,844.842202077916
b,Preview,Sine,limit bandwidth,45,33.1100719784173,839.326389494428,839.304117384943
b,Preview,Sine,limit bandwidth,45,33.187072145809,833.849243433547,833.799384697592
b,Preview,Sine,limit bandwidth,45,33.2640723132007,828.450847863936,828.404376275422
b,Preview,Sine,limit bandwidth,45,33.3410724805923,823.133761463701,823.125177771677
b,Preview,Sine,limit bandwidth,45,33.418072647984,817.900504372833,817.85660691384
b,Preview,Sine,limit bandwidth,45,33.4950728153757,812.753556998736,812.70276748884
b,Preview,Sine,limit bandwidth,45,33.5720729827673,807.69535884059,807.669207324183
b,Preview,Sine,limit bandwidth,45,33.649073150159,802.728307333098,802.692902374663
b,Preview,Sine,limit bandwidth,45,33.7260733175507,797.854756710177,797.803762206383
b,Preview,Sine,limit bandwidth,45,33.8030734849424,793.07701688912,793.038943018683
b,Preview,Sine,limit bandwidth,45,33.880073652334,788.397352375764,788.372188381416
b,Preview,Sine,limit bandwidth,45,33.9570738197257,783.817981191181,783.770003428641
b,Preview,Sine,limit bandwidth,45,34.0340739871174,779.341073820407,779.296175072844
b,Preview,Sine,limit bandwidth,45,34.111074154509,774.96875218369,774.954965922227
b,Preview,Sine,limit bandwidth,45,34.1880743219007,770.703088630769,770.660594832221
b,Preview,Sine,limit bandwidth,45,34.2650744892924,766.546104958638,766.498411683118
b,Preview,Sine,limit bandwidth,45,34.342074656684,762.499771453279,762.471960841727
b,Preview,Sine,limit bandwidth,45,34.4190748240757,758.566005955801,758.530958827042
b,Preview,Sine,limit bandwidth,45,34.4960749914674,754.746672953445,754.699493856401
b,Preview,Sine,limit bandwidth,45,34.573075158859,751.043582695868,751.006795975765
b,Preview,Sine,limit bandwidth,45,34.6500753262507,747.458490337143,747.431753056965
b,Preview,Sine,limit bandwidth,45,34.7270754936424,743.993095103865,743.949323019097
b,Preview,Sine,limit bandwidth,45,34.804075661034,740.649039489772,740.607630633215
b,Preview,Sine,limit bandwidth,45,34.8810758284257,737.427908477248,737.409520985787
b,Preview,Sine,limit bandwidth,45,34.9580759958174,734.331228786093,734.292336388386
b,Preview,Sine,limit bandwidth,45,35.035076163209,731.3604681499,731.318205723683
b,Preview,Sine,limit bandwidth,45,35.1120763306007,728.517034620396,728.488764958801
b,Preview,Sine,limit bandwidth,45,35.1890764979924,725.802275900063,725.769042421036
b,Preview,Sine,limit bandwidth,45,35.2660766653841,723.217478703374,723.176622481912
b,Preview,Sine,limit bandwidth,45,35.3430768327757,720.763868146923,720.730226776693
b,Preview,Sine,limit bandwidth,45,35.4200770001674,718.44260716876,718.415514746994
b,Preview,Sine,limit bandwidth,45,35.4970771675591,716.254795977189,716.216946296747
b,Preview,Sine,limit bandwidth,45,35.5740773349507,714.201471529308,714.165734596361
b,Preview,Sine,limit bandwidth,45,35.6510775023424,712.283607039518,712.261726936979
b,Preview,Sine,limit bandwidth,45,35.7280776697341,710.502111518248,710.46866277039
b,Preview,Sine,limit bandwidth,45,35.8050778371257,708.857829341117,708.822656052546
b,Preview,Sine,limit bandwidth,45,35.8820780045174,707.351539848716,707.324089203477
b,Preview,Sine,limit bandwidth,45,35.9590781719091,705.983956977233,705.954477271321
b,Preview,Sine,limit bandwidth,45,36.0360783393007,704.755728920062,704.723165410524
b,Preview,Sine,limit bandwidth,45,36.1130785066924,703.667437820583,703.638327180126
b,Preview,Sine,limit bandwidth,45,36.1900786740841,702.719599496241,702.693130410733
b,Preview,Sine,limit bandwidth,45,36.2670788414757,701.912663194065,701.883022568706
b,Preview,Sine,limit bandwidth,45,36.3440790088674,701.247011377736,701.218775602649
b,Preview,Sine,limit bandwidth,45,36.4210791762591,700.722959546315,700.698511552401
b,Preview,Sine,limit bandwidth,45,36.4980793436507,700.340756084703,700.313825954378
b,Preview,Sine,limit bandwidth,45,36.5750795110424,700.100582145914,700.074476276561
b,Preview,Sine,limit bandwidth,45,36.6520796784341,700.002551565215,699.977569002477
b,Preview,Sine,limit bandwidth,45,36.7290798458257,700.04671080617,700.022332978406
b,Preview,Sine,limit bandwidth,45,36.8060800132174,700.233038938619,700.209872495997
b,Preview,Sine,limit bandwidth,45,36.8830801806091,700.561447648598,700.538156497896
b,Preview,Sine,limit bandwidth,45,36.9600803480008,701.031781280197,701.007720547667
b,Preview,Sine,limit bandwidth,45,37.0370805153924,701.643816909336,701.623783264533
b,Preview,Sine,limit bandwidth,45,37.1140806827841,702.397264449423,702.377593216551
b,Preview,Sine,limit bandwidth,45,37.1910808501758,703.291766788852,703.265510622776
b,Preview,Sine,limit bandwidth,45,37.2680810175674,704.326899960255,704.308448771453
b,Preview,Sine,limit bandwidth,45,37.3450811849591,705.502173341456,705.486546423584
b,Preview,Sine,limit bandwidth,45,37.4220813523508,706.817029888009,706.795535445329
b,Preview,Sine,limit bandwidth,45,37.4990815197424,708.270846397222,708.252093412816
b,Preview,Sine,limit bandwidth,45,37.5760816871341,709.862933803532,709.850609793644
b,Preview,Sine,limit bandwidth,45,37.6530818545258,711.592537505107,711.576620620523
b,Preview,Sine,limit bandwidth,45,37.7300820219174,713.458837721502,713.438234075701
b,Preview,Sine,limit bandwidth,45,37.8070821893091,715.46094988221,715.450980971054
b,Preview,Sine,limit bandwidth,45,37.8840823567008,717.597925045923,717.587620847893
b,Preview,Sine,limit bandwidth,45,37.9610825240924,719.868750350303,719.842593856482
b,Preview,Sine,limit bandwidth,45,38.0380826914841,722.272349492044,722.263206432374
b,Preview,Sine,limit bandwidth,45,38.1150828588758,724.807583237014,724.802861714002
b,Preview,Sine,limit bandwidth,45,38.1920830262674,727.473249960211,727.455790947045
b,Preview,Sine,limit bandwidth,45,38.2690831936591,730.268086215304,730.256673935605
b,Preview,Sine,limit bandwidth,45,38.3460833610508,733.190767333464,733.190089934262
b,Preview,Sine,limit bandwidth,45,38.4230835284425,736.239908051218,736.231921079214
b,Preview,Sine,limit bandwidth,45,38.5000836958341,739.414063167026,739.397181981585
b,Preview,Sine,limit bandwidth,45,38.5770838632258,742.711728226259,742.712633694157
b,Preview,Sine,limit bandwidth,45,38.6540840306175,746.131340234267,746.131423181832
b,Preview,Sine,limit bandwidth,45,38.7310841980091,749.671278397195,749.646333903879
b,Preview,Sine,limit bandwidth,45,38.8080843654008,753.329864890185,753.329958983973
b,Preview,Sine,limit bandwidth,45,38.8850845327925,757.105365652618,757.111605975447
b,Preview,Sine,limit bandwidth,45,38.9620847001841,760.995991210008,760.984147587314
b,Preview,Sine,limit bandwidth,45,39.0390848675758,764.999897522157,764.996286508693
b,Preview,Sine,limit bandwidth,45,39.1160850349675,769.115186857177,769.125860277548
b,Preview,Sine,limit bandwidth,45,39.1930852023591,773.339908690955,773.339720946299
b,Preview,Sine,limit bandwidth,45,39.2700853697508,777.672060631647,777.660609710797
b,Preview,Sine,limit bandwidth,45,39.3470855371425,782.10958936875,782.121587006693
b,Preview,Sine,limit bandwidth,45,39.4240857045341,786.650391646309,786.660641159961
b,Preview,Sine,limit bandwidth,45,39.5010858719258,791.292315259801,791.269028327108
b,Preview,Sine,limit bandwidth,45,39.5780860393175,796.033160076208,796.042780719278
b,Preview,Sine,limit bandwidth,45,39.6550862067091,800.870679076825,800.888163427456
b,Preview,Sine,limit bandwidth,45,39.7320863741008,805.802579422269,805.79676203269
b,Preview,Sine,limit bandwidth,45,39.8090865414925,810.826523539224,810.830404240087
b,Preview,Sine,limit bandwidth,45,39.8860867088842,815.940130228378,815.961456150343
b,Preview,Sine,limit bandwidth,45,39.9630868762758,821.14097579304,821.149383191949
b,Preview,Sine,limit bandwidth,45,40.0400870436675,826.426595187897,826.421006756409
b,Preview,Sine,limit bandwidth,45,40.1170872110592,831.794483187382,831.816685985002
b,Preview,Sine,limit bandwidth,45,40.1940873784508,837.242095573063,837.261521368047
b,Preview,Sine,limit bandwidth,45,40.2710875458425,842.766850339533,842.747241364171
b,Preview,Sine,limit bandwidth,45,40.3480877132342,848.366128918207,848.385104377791
b,Preview,Sine,limit bandwidth,45,40.4250878806258,854.037277418435,854.064958167117
b,Preview,Sine,limit bandwidth,45,40.5020880480175,859.777607885378,859.777448516527
b,Preview,Sine,limit bandwidth,45,40.5790882154092,865.584399574011,865.595820823442
b,Preview,Sine,limit bandwidth,45,40.6560883828008,871.454900238675,871.486447651129
b,Preview,Sine,limit bandwidth,45,40.7330885501925,877.386327437566,877.402769459609
b,Preview,Sine,limit bandwidth,45,40.8100887175842,883.375869851518,883.375981933383
b,Preview,Sine,limit bandwidth,45,40.8870888849758,889.420688616496,889.451848507248
b,Preview,Sine,limit bandwidth,45,40.9640890523675,895.517918669125,895.546359880964
b,Preview,Sine,limit bandwidth,45,41.0410892197592,901.664670104645,901.649534109644
b,Preview,Sine,limit bandwidth,45,41.1180893871508,907.858029546643,907.885171278157
b,Preview,Sine,limit bandwidth,45,41.1950895545425,914.095061527905,914.131173533558
b,Preview,Sine,limit bandwidth,45,41.2720897219342,920.372809881737,920.379069227376
b,Preview,Sine,limit bandwidth,45,41.3490898893258,926.688299143102,926.707000518943
b,Preview,Sine,limit bandwidth,45,41.4260900567175,933.038535958903,933.07860211654
b,Preview,Sine,limit bandwidth,45,41.5030902241092,939.420510506739,939.443695186842
b,Preview,Sine,limit bandwidth,45,41.5800903915008,945.831197921474,945.837174401634
b,Preview,Sine,limit bandwidth,45,41.6570905588925,952.267559728932,952.306731435153
b,Preview,Sine,limit bandwidth,45,41.7340907262842,958.72654528604,958.762491081152
b,Preview,Sine,limit bandwidth,45,41.8110908936759,965.205093226746,965.19479770714
b,Preview,Sine,limit bandwidth,45,41.8880910610675,971.700132913014,971.733983939442
b,Preview,Sine,limit bandwidth,45,41.9650912284592,978.208585890212,978.252086811837
b,Preview,Sine,limit bandwidth,45,42.0420913958509,984.727367346207,984.739659414044
b,Preview,Sine,limit bandwidth,45,42.1190915632425,991.253387573482,991.278238178316
b,Preview,Sine,limit bandwidth,45,42.1960917306342,997.783553433552,997.82988369534
b,Preview,Sine,limit bandwidth,45,42.2730918980259,1004.31476982303,1004.34416250473
b,Preview,Sine,limit bandwidth,45,42.3500920654175,1010.84394114061,1010.85574309945
b,Preview,Sine,limit bandwidth,45,42.4270922328092,1017.36797275429,1017.41311503405
b,Preview,Sine,limit bandwidth,45,42.5040924002009,1023.88377246812,1023.92516194868
b,Preview,Sine,limit bandwidth,45,42.5810925675925,1030.38825198785,1030.38340154452
b,Preview,Sine,limit bandwidth,45,42.6580927349842,1036.87832838464,1036.91771720144
b,Preview,Sine,limit bandwidth,45,42.7350929023759,1043.35092555631,1043.39959966659
b,Preview,Sine,limit bandwidth,45,42.8120930697675,1049.80297568531,1049.82046824246
b,Preview,Sine,limit bandwidth,45,42.8890932371592,1056.23142069278,1056.26112881896
b,Preview,Sine,limit bandwidth,45,42.9660934045509,1062.63321368797,1062.68413154597
b,Preview,Sine,limit bandwidth,45,43.0430935719425,1069.00532041239,1069.03946999532
b,Preview,Sine,limit bandwidth,45,43.1200937393342,1075.34472067796,1075.3615999586
b,Preview,Sine,limit bandwidth,45,43.1970939067259,1081.64840979848,1081.69716621012
b,Preview,Sine,limit bandwidth,45,43.2740940741175,1087.91340001377,1087.95864526211
b,Preview,Sine,limit bandwidth,45,43.3510942415092,1094.13672190576,1094.13771908141
b,Preview,Sine,limit bandwidth,45,43.4280944089009,1100.31542580593,1100.35833281618
b,Preview,Sine,limit bandwidth,45,43.5050945762926,1106.44658319337,1106.49793175203
b,Preview,Sine,limit bandwidth,45,43.5820947436842,1112.52728808276,1112.5492449715
b,Preview,Sine,limit bandwidth,45,43.6590949110759,1118.55465840178,1118.58810455906
b,Preview,Sine,limit bandwidth,45,43.7360950784676,1124.5258373571,1124.57879288601
b,Preview,Sine,limit bandwidth,45,43.8130952458592,1130.43799478842,1130.47514059024
b,Preview,Sine,limit bandwidth,45,43.8900954132509,1136.28832850986,1136.30945831694
b,Preview,Sine,limit bandwidth,45,43.9670955806426,1142.07406563814,1142.12444553029
b,Preview,Sine,limit bandwidth,45,44.0440957480342,1147.79246390684,1147.83937129249
b,Preview,Sine,limit bandwidth,45,44.1210959154259,1153.44081296614,1153.4474842748
b,Preview,Sine,limit bandwidth,45,44.1980960828176,1159.01643566745,1159.06078121837
b,Preview,Sine,limit bandwidth,45,44.2750962502092,1164.51668933231,1164.56848054944
b,Preview,Sine,limit bandwidth,45,44.3520964176009,1169.93896700491,1169.96442346555
b,Preview,Sine,limit bandwidth,45,44.4290965849926,1175.28069868775,1175.31618363426
b,Preview,Sine,limit bandwidth,45,44.5060967523842,1180.53935255971,1180.59180636119
b,Preview,Sine,limit bandwidth,45,44.5830969197759,1185.71243617607,1185.7509121144
b,Preview,Sine,limit bandwidth,45,44.6600970871676,1190.79749764986,1190.82198499964
b,Preview,Sine,limit bandwidth,45,44.7370972545592,1195.79212681395,1195.8416303167
b,Preview,Sine,limit bandwidth,45,44.8140974219509,1200.69395636345,1200.7402668257
b,Preview,Sine,limit bandwidth,45,44.8910975893426,1205.50066297771,1205.51277777543
b,Preview,Sine,limit bandwidth,45,44.9680977567343,1210.20996842148,1210.25373746281
b,Preview,Sine,limit bandwidth,45,45.0450979241259,1214.81964062479,1214.86935296937
b,Preview,Sine,limit bandwidth,45,45.1220980915176,1219.32749474081,1219.35518995511
b,Preview,Sine,limit bandwidth,45,45.1990982589093,1223.73139418148,1223.76738016081
b,Preview,Sine,limit bandwidth,45,45.2760984263009,1228.02925163011,1228.07878090414
b,Preview,Sine,limit bandwidth,45,45.3530985936926,1232.21903003077,1232.25696430558
b,Preview,Sine,limit bandwidth,45,45.4300987610843,1236.29874355375,1236.32535712809
b,Preview,Sine,limit bandwidth,45,45.5070989284759,1240.26645853682,1240.31285782529
b,Preview,Sine,limit bandwidth,45,45.5840990958676,1244.12029440169,1244.16393388029
b,Preview,Sine,limit bandwidth,45,45.6610992632593,1247.85842454539,1247.87531554669
b,Preview,Sine,limit bandwidth,45,45.7380994306509,1251.47907720597,1251.52011373765
b,Preview,Sine,limit bandwidth,45,45.8150995980426,1254.98053630233,1255.02587573229
b,Preview,Sine,limit bandwidth,45,45.8920997654343,1258.36114224753,1258.38998312018
b,Preview,Sine,limit bandwidth,45,45.9690999328259,1261.61929273542,1261.65391193343
b,Preview,Sine,limit bandwidth,45,46.0461001002176,1264.75344350009,1264.79759092994
b,Preview,Sine,limit bandwidth,45,46.1231002676093,1267.76210904776,1267.79771774291
b,Preview,Sine,limit bandwidth,45,46.2001004350009,1270.64386336093,1270.67167995229
b,Preview,Sine,limit bandwidth,45,46.2771006023926,1273.39734057419,1273.43840277735
b,Preview,Sine,limit bandwidth,45,46.3541007697843,1276.02123562167,1276.05994621909
b,Preview,Sine,limit bandwidth,45,46.4311009371759,1278.51430485556,1278.53514674058
b,Preview,Sine,limit bandwidth,45,46.5081011045676,1280.87536663558,1280.91196920625
b,Preview,Sine,limit bandwidth,45,46.5851012719593,1283.10330188904,1283.14228696931
b,Preview,Sine,limit bandwidth,45,46.6621014393509,1285.19705464123,1285.22537921449
b,Preview,Sine,limit bandwidth,45,46.7391016067426,1287.15563251594,1287.18719785247
b,Preview,Sine,limit bandwidth,45,46.8161017741343,1288.97810720581,1289.01492671396
b,Preview,Sine,limit bandwidth,45,46.893101941526,1290.66361491233,1290.69556474072
b,Preview,Sine,limit bandwidth,45,46.9701021089176,1292.21135675524,1292.23865219636
b,Preview,Sine,limit bandwidth,45,47.0471022763093,1293.62059915117,1293.65420574503
b,Preview,Sine,limit bandwidth,45,47.124102443701,1294.89067416136,1294.922696117
b,Preview,Sine,limit bandwidth,45,47.2011026110926,1296.02097980823,1296.04530442939
b,Preview,Sine,limit bandwidth,45,47.2781027784843,1297.01098036069,1297.04132694607
b,Preview,Sine,limit bandwidth,45,47.355102945876,1297.86020658808,1297.89065474548
b,Preview,Sine,limit bandwidth,45,47.4321031132676,1298.56825598255,1298.59474619751
b,Preview,Sine,limit bandwidth,45,47.5091032806593,1299.13479294986,1299.16214828776
b,Preview,Sine,limit bandwidth,45,47.586103448051,1299.55954896843,1299.58752169826
b,Preview,Sine,limit bandwidth,45,47.6631036154426,1299.8423227166,1299.86861260813
b,Preview,Sine,limit bandwidth,45,47.7401037828343,1299.98298016807,1300.00845308878
b,Preview,Sine,limit bandwidth,45,47.817103950226,1299.98145465541,1300.00622598369
b,Preview,Sine,limit bandwidth,45,47.8941041176176,1299.83774690167,1299.86203879301
b,Preview,Sine,limit bandwidth,45,47.9711042850093,1299.55192502003,1299.57795680823
b,Preview,Sine,limit bandwidth,45,48.048104452401,1299.12412448151,1299.1465319789
b,Preview,Sine,limit bandwidth,45,48.1251046197927,1298.55454805078,1298.57514215396
b,Preview,Sine,limit bandwidth,45,48.2021047871843,1297.84346569004,1297.86748406474
b,Preview,Sine,limit bandwidth,45,48.279104954576,1296.99121443107,1297.01296219818
b,Preview,Sine,limit bandwidth,45,48.3561051219677,1295.99819821549,1296.01552950489
b,Preview,Sine,limit bandwidth,45,48.4331052893593,1294.8648877033,1294.88433991106
b,Preview,Sine,limit bandwidth,45,48.510105456751,1293.59182004979,1293.6146678711
b,Preview,Sine,limit bandwidth,45,48.5871056241427,1292.17959865098,1292.19464746147
b,Preview,Sine,limit bandwidth,45,48.6641057915343,1290.62889285758,1290.64365303835
b,Preview,Sine,limit bandwidth,45,48.741105958926,1288.94043765778,1288.96697551558
b,Preview,Sine,limit bandwidth,45,48.8181061263177,1287.11503332887,1287.12870041666
b,Preview,Sine,limit bandwidth,45,48.8951062937093,1285.15354505793,1285.16388064532
b,Preview,Sine,limit bandwidth,45,48.972106461101,1283.05690253175,1283.07662363446
b,Preview,Sine,limit bandwidth,45,49.0491066284927,1280.82609949621,1280.840893679
b,Preview,Sine,limit bandwidth,45,49.1261067958843,1278.46219328525,1278.46822726228
b,Preview,Sine,limit bandwidth,45,49.203106963276,1275.96630431975,1275.97865772777
b,Preview,Sine,limit bandwidth,45,49.2801071306677,1273.33961557646,1273.35867154299
b,Preview,Sine,limit bandwidth,45,49.3571072980593,1270.58337202731,1270.58740868231
b,Preview,Sine,limit bandwidth,45,49.434107465451,1267.69888004934,1267.70351430696
b,Preview,Sine,limit bandwidth,45,49.5111076328427,1264.68750680551,1264.71373047287
b,Preview,Sine,limit bandwidth,45,49.5881078002343,1261.55067959672,1261.5552963435
b,Preview,Sine,limit bandwidth,45,49.665107967626,1258.28988518527,1258.28870328381
b,Preview,Sine,limit bandwidth,45,49.7421081350177,1254.90666909024,1254.92117370724
b,Preview,Sine,limit bandwidth,45,49.8191083024093,1251.40263485489,1251.4100628427
b,Preview,Sine,limit bandwidth,45,49.896108469801,1247.77944328672,1247.77452256682
b,Preview,Sine,limit bandwidth,45,49.9731086371927,1244.03881167018,1244.04280257857
b,Preview,Sine,limit bandwidth,45,50.0501088045844,1240.18251295285,1240.19650282282
b,Preview,Sine,limit bandwidth,45,50.127108971976,1236.21237490502,1236.20540113314
b,Preview,Sine,limit bandwidth,45,50.2041091393677,1232.13027925342,1232.12521937292
b,Preview,Sine,limit bandwidth,45,50.2811093067594,1227.93816078937,1227.96277985446
b,Preview,Sine,limit bandwidth,45,50.358109474151,1223.63800645169,1223.63271029778
b,Preview,Sine,limit bandwidth,45,50.4351096415427,1219.23185438496,1219.21934567616
b,Preview,Sine,limit bandwidth,45,50.5121098089344,1214.72179297353,1214.73082956765
b,Preview,Sine,limit bandwidth,45,50.589109976326,1210.10995985169,1210.11003800237
b,Preview,Sine,limit bandwidth,45,50.6661101437177,1205.39854089046,1205.38206874515
b,Preview,Sine,limit bandwidth,45,50.7431103111094,1200.58976916156,1200.58519321088
b,Preview,Sine,limit bandwidth,45,50.820110478501,1195.68592387903,1195.69448219343
b,Preview,Sine,limit bandwidth,45,50.8971106458927,1190.68932931892,1190.6723140643
b,Preview,Sine,limit bandwidth,45,50.9741108132844,1185.60235371769,1185.58722743921
b,Preview,Sine,limit bandwidth,45,51.051110980676,1180.42740814966,1180.44885520983
b,Preview,Sine,limit bandwidth,45,51.1281111480677,1175.16694538435,1175.1521958446
b,Preview,Sine,limit bandwidth,45,51.2051113154594,1169.82345872381,1169.80081276983
b,Preview,Sine,limit bandwidth,45,51.2821114828511,1164.39948082098,1164.4026103354
b,Preview,Sine,limit bandwidth,45,51.3591116502427,1158.89758247924,1158.88964656863
b,Preview,Sine,limit bandwidth,45,51.4361118176344,1153.32037143389,1153.29328421362
b,Preview,Sine,limit bandwidth,45,51.5131119850261,1147.67049111624,1147.65796960174
b,Preview,Sine,limit bandwidth,45,51.5901121524177,1141.95061940065,1141.95370999227
b,Preview,Sine,limit bandwidth,45,51.6671123198094,1136.1634673353,1136.13639272135
b,Preview,Sine,limit bandwidth,45,51.7441124872011,1130.31177785727,1130.28725605897
b,Preview,Sine,limit bandwidth,45,51.8211126545927,1124.3983244924,1124.4158725524
b,Preview,Sine,limit bandwidth,45,51.8981128219844,1118.42591004082,1118.4030023579
b,Preview,Sine,limit bandwidth,45,51.9751129893761,1112.3973652484,1112.36514737093
b,Preview,Sine,limit bandwidth,45,52.0521131567677,1106.31554746516,1106.31222038432
b,Preview,Sine,limit bandwidth,45,52.1291133241594,1100.18333929089,1100.16797786454
b,Preview,Sine,limit bandwidth,45,52.2061134915511,1094.00364720895,1093.96773474778
b,Preview,Sine,limit bandwidth,45,52.2831136589427,1087.77940020861,1087.75954322852
b,Preview,Sine,limit bandwidth,45,52.3601138263344,1081.51354839688,1081.51040399549
b,Preview,Sine,limit bandwidth,45,52.4371139937261,1075.20906160019,1075.17337883937
b,Preview,Sine,limit bandwidth,45,52.5141141611177,1068.86892795679,1068.83652193853
b,Preview,Sine,limit bandwidth,45,52.5911143285094,1062.49615250049,1062.50930470936
b,Preview,Sine,limit bandwidth,45,52.6681144959011,1056.09375573633,1056.06302616821
b,Preview,Sine,limit bandwidth,45,52.7451146632927,1049.66477220896,1049.62444470115
b,Preview,Sine,limit bandwidth,45,52.8221148306844,1043.21224906437,1043.20288232351
b,Preview,Sine,limit bandwidth,45,52.8991149980761,1036.73924460562,1036.71768730155
b,Preview,Sine,limit bandwidth,45,52.9761151654677,1030.24882684331,1030.20540507568
b,Preview,Sine,limit bandwidth,45,53.0531153328594,1023.74407204142,1023.71745813696
b,Preview,Sine,limit bandwidth,45,53.1301155002511,1017.22806325924,1017.21903848222
b,Preview,Sine,limit bandwidth,45,53.2071156676428,1010.70388889014,1010.66167931363
b,Preview,Sine,limit bandwidth,45,53.2841158350344,1004.17464119771,1004.13591230335
b,Preview,Sine,limit bandwidth,45,53.3611160024261,997.643414850167,997.651023878411
b,Preview,Sine,limit bandwidth,45,53.4381161698178,991.113305453528,991.076382037083
b,Preview,Sine,limit bandwidth,45,53.5151163372094,984.587408084423,984.541159055855
b,Preview,Sine,limit bandwidth,45,53.5921165046011,978.068815823101,978.054107929305
b,Preview,Sine,limit bandwidth,45,53.6691166719928,971.560618287411,971.533278019088
b,Preview,Sine,limit bandwidth,45,53.7461168393844,965.065900168412,965.016965555819
b,Preview,Sine,limit bandwidth,45,53.8231170067761,958.587739768323,958.555846448093
b,Preview,Sine,limit bandwidth,45,53.9001171741678,952.129207541497,952.115089208196
b,Preview,Sine,limit bandwidth,45,53.9771173415594,945.693364639123,945.646363436953
b,Preview,Sine,limit bandwidth,45,54.0541175089511,939.283261458327,939.2397629356
b,Preview,Sine,limit bandwidth,45,54.1311176763428,932.901936196374,932.903830344747
b,Preview,Sine,limit bandwidth,45,54.2081178437344,926.552413410661,926.511306290328
b,Preview,Sine,limit bandwidth,45,54.2851180111261,920.237702585159,920.18773385509
b,Preview,Sine,limit bandwidth,45,54.3621181785178,913.960796704008,913.94106185364
b,Preview,Sine,limit bandwidth,45,54.4391183459094,907.724670832941,907.693009828522
b,Preview,Sine,limit bandwidth,45,54.5161185133011,901.53228070918,901.480347015472
b,Preview,Sine,limit bandwidth,45,54.5931186806928,895.386561340512,895.351038856352
b,Preview,Sine,limit bandwidth,45,54.6701188480845,889.290425614184,889.271470978768
b,Preview,Sine,limit bandwidth,45,54.7471190154761,883.246762916274,883.197166809924
b,Preview,Sine,limit bandwidth,45,54.8241191828678,877.258437762216,877.212395815273
b,Preview,Sine,limit bandwidth,45,54.9011193502594,871.328288439106,871.324555702056
b,Preview,Sine,limit bandwidth,45,54.9781195176511,865.459125660426,865.415622027805
b,Preview,Sine,limit bandwidth,45,55.0551196850428,859.653731233869,859.602248130587
b,Preview,Sine,limit bandwidth,45,55.1321198524344,853.914856742832,853.891186304063
b,Preview,Sine,limit bandwidth,45,55.2091200198261,848.245222242248,848.210867719902
b,Preview,Sine,limit bandwidth,45,55.2861201872178,842.64751496937,842.595011575398
b,Preview,Sine,limit bandwidth,45,55.3631203546095,837.124388070093,837.086721154348
b,Preview,Sine,limit bandwidth,45,55.4401205220011,831.678459341442,831.655719369561
b,Preview,Sine,limit bandwidth,45,55.5171206893928,826.312309990821,826.26257840488
b,Preview,Sine,limit bandwidth,45,55.5941208567845,821.028483412596,820.982075250512
b,Preview,Sine,limit bandwidth,45,55.6711210241761,815.82948398259,815.82012760521
b,Preview,Sine,limit bandwidth,45,55.7481211915678,810.717775871104,810.673965715482
b,Preview,Sine,limit bandwidth,45,55.8251213589595,805.695781874963,805.645333181884
b,Preview,Sine,limit bandwidth,45,55.9021215263511,800.765882269175,800.739371001808
b,Preview,Sine,limit bandwidth,45,55.9791216937428,795.930413678769,795.894909637457
b,Preview,Sine,limit bandwidth,45,56.0561218611345,791.191667971292,791.141071290553
b,Preview,Sine,limit bandwidth,45,56.1331220285261,786.551891170538,786.513982638837
b,Preview,Sine,limit bandwidth,45,56.2101221959178,782.013282391996,781.987833770557
b,Preview,Sine,limit bandwidth,45,56.2871223633095,777.577992800538,777.530385015742
b,Preview,Sine,limit bandwidth,45,56.3641225307012,773.248124590832,773.203564440423
b,Preview,Sine,limit bandwidth,45,56.4411226980928,769.025729990958,769.01132385837
b,Preview,Sine,limit bandwidth,45,56.5181228654845,764.912810289723,764.870795433537
b,Preview,Sine,limit bandwidth,45,56.5951230328762,760.911314888104,760.864126717014
b,Preview,Sine,limit bandwidth,45,56.6721232002678,757.023140375288,756.995108056527
b,Preview,Sine,limit bandwidth,45,56.7491233676595,753.250129629752,753.215270562752
b,Preview,Sine,limit bandwidth,45,56.8261235350512,749.59407094579,749.547831230323
b,Preview,Sine,limit bandwidth,45,56.9031237024428,746.056697185913,746.020136600994
b,Preview,Sine,limit bandwidth,45,56.9801238698345,742.639684959527,742.612693571577
b,Preview,Sine,limit bandwidth,45,57.0571240372262,739.344653828274,739.301584941052
b,Preview,Sine,limit bandwidth,45,57.1341242046178,736.173165538396,736.132641465927
b,Preview,Sine,limit bandwidth,45,57.2111243720095,733.126723280527,733.107834759948
b,Preview,Sine,limit bandwidth,45,57.2881245394012,730.20677097722,730.168361630792
b,Preview,Sine,limit bandwidth,45,57.3651247067928,727.41469259857,727.373242160295
b,Preview,Sine,limit bandwidth,45,57.4421248741845,724.751811506253,724.723691769575
b,Preview,Sine,limit bandwidth,45,57.5191250415762,722.219389826297,722.186776889374
b,Preview,Sine,limit bandwidth,45,57.5961252089678,719.818627850868,719.778609257931
b,Preview,Sine,limit bandwidth,45,57.6731253763595,717.550663469366,717.517425744748
b,Preview,Sine,limit bandwidth,45,57.7501255437512,715.416571629105,715.389528666067
b,Preview,Sine,limit bandwidth,45,57.8271257111428,713.417363825815,713.380873107966
b,Preview,Sine,limit bandwidth,45,57.9041258785345,711.553987624224,711.519068415876
b,Preview,Sine,limit bandwidth,45,57.9811260459262,709.827326208945,709.804821400516
b,Preview,Sine,limit bandwidth,45,58.0581262133178,708.238197965866,708.205548705489
b,Preview,Sine,limit bandwidth,45,58.1351263807095,706.787356094265,706.75364179364
b,Preview,Sine,limit bandwidth,45,58.2121265481012,705.475488249813,705.448400008675
b,Preview,Sine,limit bandwidth,45,58.2891267154929,704.30321621865,704.274122476165
b,Preview,Sine,limit bandwidth,45,58.3661268828845,703.27109562267,703.239654760302
b,Preview,Sine,limit bandwidth,45,58.4431270502762,702.37961565618,702.35138480364
b,Preview,Sine,limit bandwidth,45,58.5201272176679,701.629198854031,701.603268991715
b,Preview,Sine,limit bandwidth,45,58.5971273850595,701.020200891352,700.991540464889
b,Preview,Sine,limit bandwidth,45,58.6741275524512,700.552910414971,700.525608258344
b,Preview,Sine,limit bandwidth,45,58.7511277198429,700.227548906603,700.202811659137
b,Preview,Sine,limit bandwidth,45,58.8281278872345,700.044270577876,700.018877284768
b,Preview,Sine,limit bandwidth,45,58.9051280546262,700.003162297239,699.978327113331
b,Preview,Sine,limit bandwidth,45,58.9821282220179,700.104243548787,700.079423360312
b,Preview,Sine,limit bandwidth,45,59.0591283894095,700.347466423029,700.323768391106
b,Preview,Sine,limit bandwidth,45,59.1361285568012,700.732715639594,700.711335260926
b,Preview,Sine,limit bandwidth,45,59.2131287241929,701.259808601872,701.237637204559
b,Preview,Sine,limit bandwidth,45,59.2901288915845,701.928495483556,701.90454673761
b,Preview,Sine,limit bandwidth,45,59.3671290589762,702.738459347057,702.719640237542
b,Preview,Sine,limit bandwidth,45,59.4441292263679,703.689316293717,703.671060209737
b,Preview,Sine,limit bandwidth,45,59.5211293937596,704.780615645772,704.754648012229
b,Preview,Sine,limit bandwidth,45,59.5981295611512,706.011840159954,705.994306280047
b,Preview,Sine,limit bandwidth,45,59.6751297285429,707.382406272654,707.36803769005
b,Preview,Sine,limit bandwidth,45,59.7521298959346,708.89166437651,708.870703291227
b,Preview,Sine,limit bandwidth,45,59.8291300633262,710.538899128301,710.521625274949
b,Preview,Sine,limit bandwidth,45,59.9061302307179,712.323329788002,712.312509391585
b,Preview,Sine,limit bandwidth,45,59.9831303981096,714.24411058883,714.228969391339
b,Preview,Sine,limit bandwidth,45,60.0601305655012,716.300331138108,716.280130961253
b,Preview,Sine,limit bandwidth,45,60.1371307328929,718.491016848771,718.482884958265
b,Preview,Sine,limit bandwidth,45,60.2141309002846,720.815129401287,720.80645600035
b,Preview,Sine,limit bandwidth,45,60.2911310676762,723.271567235787,723.245166128356
b,Preview,Sine,limit bandwidth,45,60.3681312350679,725.859166074179,725.851123419662
b,Preview,Sine,limit bandwidth,45,60.4451314024596,728.576699471971,728.57365242502
b,Preview,Sine,limit bandwidth,45,60.5221315698512,731.422879399581,731.406563048596
b,Preview,Sine,limit bandwidth,45,60.5991317372429,734.396356852812,734.385643498175
b,Preview,Sine,limit bandwidth,45,60.6761319046346,737.495722492248,737.496385088571
b,Preview,Sine,limit bandwidth,45,60.7531320720262,740.719507311238,740.712608741787
b,Preview,Sine,limit bandwidth,45,60.8301322394179,744.066183332156,744.050558879991
b,Preview,Sine,limit bandwidth,45,60.9071324068096,747.534164330625,747.536575360732
b,Preview,Sine,limit bandwidth,45,60.9841325742012,751.12180658733,751.123010443482
b,Preview,Sine,limit bandwidth,45,61.0611327415929,754.827409667101,754.802549999296
b,Preview,Sine,limit bandwidth,45,61.1381329089846,758.649217224862,758.650966298603
b,Preview,Sine,limit bandwidth,45,61.2151330763762,762.585417838092,762.593492548699
b,Preview,Sine,limit bandwidth,45,61.2921332437679,766.634145865376,766.622771245355
b,Preview,Sine,limit bandwidth,45,61.3691334111596,770.793482330674,770.790726685434
b,Preview,Sine,limit bandwidth,45,61.4461335785513,775.061455832853,775.073783342566
b,Preview,Sine,limit bandwidth,45,61.5231337459429,779.436043480068,779.437487516865
b,Preview,Sine,limit bandwidth,45,61.6001339133346,783.915171848561,783.904149579205
b,Preview,Sine,limit bandwidth,45,61.6771340807263,788.496717965397,788.50992716595
b,Preview,Sine,limit bandwidth,45,61.7541342481179,793.178510314688,793.190079066512
b,Preview,Sine,limit bandwidth,45,61.8311344155096,797.95832986683,797.936032646637
b,Preview,Sine,limit bandwidth,45,61.9081345829013,802.833911130256,802.84486239291
b,Preview,Sine,limit bandwidth,45,61.9851347502929,807.80294322521,807.821611683162
b,Preview,Sine,limit bandwidth,45,62.0621349176846,812.863070979036,812.857941953599
b,Preview,Sine,limit bandwidth,45,62.1391350850763,818.011896042462,818.01711866418
b,Preview,Sine,limit bandwidth,45,62.2161352524679,823.246978026336,823.270051553923
b,Preview,Sine,limit bandwidth,45,62.2931354198596,828.565835658312,828.575074772544
b,Preview,Sine,limit bandwidth,45,62.3701355872513,833.965947958888,833.960958843311
b,Preview,Sine,limit bandwidth,45,62.4471357546429,839.444755436275,839.468377695998
b,Preview,Sine,limit bandwidth,45,62.5241359220346,844.999661299532,845.020817470537
b,Preview,Sine,limit bandwidth,45,62.6011360894263,850.628032689349,850.608665775795
b,Preview,Sine,limit bandwidth,45,62.6781362568179,856.327201925956,856.34714051364
b,Preview,Sine,limit bandwidth,45,62.7551364242096,862.094467773524,862.123399107423
b,Preview,Sine,limit bandwidth,45,62.8321365916013,867.927096720459,867.928287500402
b,Preview,Sine,limit bandwidth,45,62.9091367589929,873.822324275018,873.834826736755
b,Preview,Sine,limit bandwidth,45,62.9861369263846,879.777356275587,879.809925877132
b,Preview,Sine,limit bandwidth,45,63.0631370937763,885.789370215033,885.806713305846
b,Preview,Sine,limit bandwidth,45,63.140137261168,891.855516578488,891.856664186092
b,Preview,Sine,limit bandwidth,45,63.2171374285596,897.972920193932,898.005532127277
b,Preview,Sine,limit bandwidth,45,63.2941375959513,904.138681594941,904.167985210942
b,Preview,Sine,limit bandwidth,45,63.371137763343,910.349878394946,910.335213658644
b,Preview,Sine,limit bandwidth,45,63.4481379307346,916.603566672359,916.631793696731
b,Preview,Sine,limit bandwidth,45,63.5251380981263,922.896782365899,922.934388821733
b,Preview,Sine,limit bandwidth,45,63.602138265518,929.226542679473,929.233443033156
b,Preview,Sine,limit bandwidth,45,63.6791384329096,935.589847495932,935.609267651858
b,Preview,Sine,limit bandwidth,45,63.7561386003013,941.983680799032,942.024718732334
b,Preview,Sine,limit bandwidth,45,63.833138767693,948.405012102943,948.429468250724
b,Preview,Sine,limit bandwidth,45,63.9101389350846,954.850797888604,954.857657682727
b,Preview,Sine,limit bandwidth,45,63.9871391024763,961.317983046257,961.357896970476
b,Preview,Sine,limit bandwidth,45,64.064139269868,967.803502323484,967.840231444395
b,Preview,Sine,limit bandwidth,45,64.1411394372596,974.304281778046,974.294866251266
b,Preview,Sine,limit bandwidth,45,64.2181396046513,980.817240234829,980.852161540045
b,Preview,Sine,limit bandwidth,45,64.295139772043,987.339290746242,987.383439653748
b,Preview,Sine,limit bandwidth,45,64.3721399394346,993.867342055329,993.880273245292
b,Preview,Sine,limit bandwidth,45,64.4491401068263,1000.39830006094,1000.42393871462
b,Preview,Sine,limit bandwidth,45,64.526140274218,1006.92906928422,1006.97643883349
b,Preview,Sine,limit bandwidth,45,64.6031404416097,1013.45655433582,1013.48657300889
b,Preview,Sine,limit bandwidth,45,64.6801406090013,1019.97766138297,1019.9900713452
b,Preview,Sine,limit bandwidth,45,64.757140776393,1026.48929961589,1026.53505264833
b,Preview,Sine,limit bandwidth,45,64.8341409437847,1032.98838271274,1033.03063778034
b,Preview,Sine,limit bandwidth,45,64.9111411111763,1039.47183030241,1039.46783760857
b,Preview,Sine,limit bandwidth,45,64.988141278568,1045.9365694246,1045.97643181916
b,Preview,Sine,limit bandwidth,45,65.0651414459597,1052.37953598623,1052.42866300543
b,Preview,Sine,limit bandwidth,45,65.1421416133513,1058.79767621377,1058.8159235209
b,Preview,Sine,limit bandwidth,45,65.219141780743,1065.18794810063,1065.21839300234
b,Preview,Sine,limit bandwidth,45,65.2961419481347,1071.54732284899,1071.59855679177
b,Preview,Sine,limit bandwidth,45,65.3731421155263,1077.87278630535,1077.90738036605
b,Preview,Sine,limit bandwidth,45,65.450142282918,1084.16134038912,1084.17887522878
b,Preview,Sine,limit bandwidth,45,65.5271424503097,1090.4100045137,1090.45927073814
b,Preview,Sine,limit bandwidth,45,65.6041426177013,1096.61581699908,1096.66137826003
b,Preview,Sine,limit bandwidth,45,65.681142785093,1102.77583647569,1102.77756991972
b,Preview,Sine,limit bandwidth,45,65.7581429524847,1108.88714327846,1108.93035372024
b,Preview,Sine,limit bandwidth,45,65.8351431198763,1114.94684083067,1114.99847766913
b,Preview,Sine,limit bandwidth,45,65.912143287268,1120.95205701684,1120.97459673647
b,Preview,Sine,limit bandwidth,45,65.9891434546597,1126.89994554405,1126.93372940603
b,Preview,Sine,limit bandwidth,45,66.0661436220513,1132.78768729094,1132.84069649542
b,Preview,Sine,limit bandwidth,45,66.143143789443,1138.61249164396,1138.64994615914
b,Preview,Sine,limit bandwidth,45,66.2201439568347,1144.37159781998,1144.39329559821
b,Preview,Sine,limit bandwidth,45,66.2971441242263,1150.06227617486,1150.1126595856
b,Preview,Sine,limit bandwidth,45,66.374144291618,1155.68182949718,1155.72877589198
b,Preview,Sine,limit bandwidth,45,66.4511444590097,1161.22759428668,1161.23504407873
b,Preview,Sine,limit bandwidth,45,66.5281446264014,1166.69694201664,1166.74133611332
b,Preview,Sine,limit bandwidth,45,66.605144793793,1172.08728037976,1172.13893480553
b,Preview,Sine,limit bandwidth,45,66.6821449611847,1177.3960545168,1177.42191638367
b,Preview,Sine,limit bandwidth,45,66.7591451285764,1182.62074822754,1182.65639658136
b,Preview,Sine,limit bandwidth,45,66.836145295968,1187.75888516336,1187.81104336387
b,Preview,Sine,limit bandwidth,45,66.9131454633597,1192.80803000097,1192.84652403112
b,Preview,Sine,limit bandwidth,45,66.9901456307514,1197.76578959666,1197.79069719066
b,Preview,Sine,limit bandwidth,45,67.067145798143,1202.6298141206,1202.67904059927
b,Preview,Sine,limit bandwidth,45,67.1441459655347,1207.3977981706,1207.44383014525
b,Preview,Sine,limit bandwidth,45,67.2211461329264,1212.06748186475,1212.08023294579
b,Preview,Sine,limit bandwidth,45,67.298146300318,1216.63665191259,1216.68024666543
b,Preview,Sine,limit bandwidth,45,67.3751464677097,1221.10314266413,1221.15244007636
b,Preview,Sine,limit bandwidth,45,67.4521466351014,1225.46483713628,1225.49275732263
b,Preview,Sine,limit bandwidth,45,67.529146802493,1229.71966801625,1229.7554201565
b,Preview,Sine,limit bandwidth,45,67.6061469698847,1233.86561864143,1233.91456671819
b,Preview,Sine,limit bandwidth,45,67.6831471372764,1237.90072395515,1237.93854103038
b,Preview,Sine,limit bandwidth,45,67.7601473046681,1241.82307143815,1241.84994172669
b,Preview,Sine,limit bandwidth,45,67.8371474720597,1245.63080201497,1245.67645626227
b,Preview,Sine,limit bandwidth,45,67.9141476394514,1249.32211093516,1249.36510560717
b,Preview,Sine,limit bandwidth,45,67.991147806843,1252.89524862865,1252.91288959729
b,Preview,Sine,limit bandwidth,45,68.0681479742347,1256.348521535,1256.38912088605
b,Preview,Sine,limit bandwidth,45,68.1451481416264,1259.68029290609,1259.72479663056
b,Preview,Sine,limit bandwidth,45,68.2221483090181,1262.8889835819,1262.91764975734
b,Preview,Sine,limit bandwidth,45,68.2991484764097,1265.97307273898,1266.00754366158
b,Preview,Sine,limit bandwidth,45,68.3761486438014,1268.93109861127,1268.97446866143
b,Preview,Sine,limit bandwidth,45,68.4531488111931,1271.76165918295,1271.79683894003
b,Preview,Sine,limit bandwidth,45,68.5301489785847,1274.46341285292,1274.49094849742
b,Preview,Sine,limit bandwidth,45,68.6071491459764,1277.03507907073,1277.07524421446
b,Preview,Sine,limit bandwidth,45,68.6841493133681,1279.47543894346,1279.51349923869
b,Preview,Sine,limit bandwidth,45,68.7611494807597,1281.7833358135,1281.8047631617
b,Preview,Sine,limit bandwidth,45,68.8381496481514,1283.95767580673,1283.99330923165
b,Preview,Sine,limit bandwidth,45,68.9151498155431,1285.99742835099,1286.03517796813
b,Preview,Sine,limit bandwidth,45,68.9921499829347,1287.90162666457,1287.93000183062
b,Preview,Sine,limit bandwidth,45,69.0691501503264,1289.66936821439,1289.70055258463
b,Preview,Sine,limit bandwidth,45,69.1461503177181,1291.2998151438,1291.33540336825
b,Preview,Sine,limit bandwidth,45,69.2231504851097,1292.79219466971,1292.82314565344
b,Preview,Sine,limit bandwidth,45,69.3001506525014,1294.14579944884,1294.17318347524
b,Preview,Sine,limit bandwidth,45,69.3771508198931,1295.35998791299,1295.3926378512
b,Preview,Sine,limit bandwidth,45,69.4541509872847,1296.43418457312,1296.46520147506
b,Preview,Sine,limit bandwidth,45,69.5311511546764,1297.36788029215,1297.39210206158
b,Preview,Sine,limit bandwidth,45,69.6081513220681,1298.1606325262,1298.18996178709
b,Preview,Sine,limit bandwidth,45,69.6851514894598,1298.81206553443,1298.84146100584
b,Preview,Sine,limit bandwidth,45,69.7621516568514,1299.32187055706,1299.34815448512
b,Preview,Sine,limit bandwidth,45,69.8391518242431,1299.68980596175,1299.71621812173
b,Preview,Sine,limit bandwidth,45,69.9161519916348,1299.91569735812,1299.94203727154
b,Preview,Sine,limit bandwidth,45,69.9931521590264,1299.9994376804,1300.02513366546
b,Preview,Sine,limit bandwidth,45,70.0701523264181,1299.94098723819,1299.966331494
b,Preview,Sine,limit bandwidth,45,70.1471524938098,1299.74037373524,1299.76375066334
b,Preview,Sine,limit bandwidth,45,70.2241526612014,1299.39769225636,1299.42032566207
b,Preview,Sine,limit bandwidth,45,70.3011528285931,1298.91310522232,1298.93961416428
b,Preview,Sine,limit bandwidth,45,70.3781529959848,1298.28684231289,1298.30832510162
b,Preview,Sine,limit bandwidth,45,70.4551531633764,1297.51920035797,1297.53841345431
b,Preview,Sine,limit bandwidth,45,70.5321533307681,1296.6105431969,1296.63355993967
b,Preview,Sine,limit bandwidth,45,70.6091534981598,1295.56130150599,1295.58211024484
b,Preview,Sine,limit bandwidth,45,70.6861536655514,1294.37197259445,1294.38805939517
b,Preview,Sine,limit bandwidth,45,70.7631538329431,1293.04312016862,1293.06172436583
b,Preview,Sine,limit bandwidth,45,70.8401540003348,1291.57537406482,1291.59750954485
b,Preview,Sine,limit bandwidth,45,70.9171541677264,1289.96942995083,1289.98269669735
b,Preview,Sine,limit bandwidth,45,70.9941543351181,1288.22604899615,1288.23976285598
b,Preview,Sine,limit bandwidth,45,71.0711545025098,1286.34605751121,1286.37283095401
b,Preview,Sine,limit bandwidth,45,71.1481546699014,1284.3303465558,1284.34268941624
b,Preview,Sine,limit bandwidth,45,71.2251548372931,1282.17987151662,1282.18816304069
b,Preview,Sine,limit bandwidth,45,71.3021550046848,1279.89565165457,1279.91500194209
b,Preview,Sine,limit bandwidth,45,71.3791551720765,1277.47876962156,1277.49284368315
b,Preview,Sine,limit bandwidth,45,71.4561553394681,1274.93037094742,1274.9348995546
b,Preview,Sine,limit bandwidth,45,71.5331555068598,1272.25166349693,1272.26240245609
b,Preview,Sine,limit bandwidth,45,71.6101556742515,1269.44391689735,1269.46225076526
b,Preview,Sine,limit bandwidth,45,71.6871558416431,1266.50846193661,1266.51128269727
b,Preview,Sine,limit bandwidth,45,71.7641560090348,1263.44668993262,1263.45009282533
b,Preview,Sine,limit bandwidth,45,71.8411561764265,1260.26005207375,1260.28589267167
b,Preview,Sine,limit bandwidth,45,71.9181563438181,1256.9500587311,1256.95297672331
b,Preview,Sine,limit bandwidth,45,71.9951565112098,1253.51827874254,1253.51585321772
b,Preview,Sine,limit bandwidth,45,72.0721566786015,1249.96633866919,1249.98033657668
b,Preview,Sine,limit bandwidth,45,72.1491568459931,1246.29592202445,1246.30226379981
b,Preview,Sine,limit bandwidth,45,72.2261570133848,1242.50876847609,1242.50172388361
b,Preview,Sine,limit bandwidth,45,72.3031571807765,1238.60667302165,1238.60972434343
b,Preview,Sine,limit bandwidth,45,72.3801573481682,1234.59148513773,1234.60503616522
b,Preview,Sine,limit bandwidth,45,72.4571575155598,1230.46510790335,1230.45673485026
b,Preview,Sine,limit bandwidth,45,72.5341576829515,1226.22949709794,1226.22256591127
b,Preview,Sine,limit bandwidth,45,72.6111578503431,1221.8866602744,1221.91080277911
b,Preview,Sine,limit bandwidth,45,72.6881580177348,1217.43865580755,1217.43233685894
b,Preview,Sine,limit bandwidth,45,72.7651581851265,1212.88759191852,1212.87375503492
b,Preview,Sine,limit bandwidth,45,72.8421583525182,1208.23562567554,1208.24365214524
b,Preview,Sine,limit bandwidth,45,72.9191585199098,1203.48496197152,1203.48357986635
b,Preview,Sine,limit bandwidth,45,72.9961586873015,1198.63785247904,1198.6201824588
b,Preview,Sine,limit bandwidth,45,73.0731588546932,1193.69659458308,1193.69110840903
b,Preview,Sine,limit bandwidth,45,73.1501590220848,1188.66353029216,1188.67129199772
b,Preview,Sine,limit bandwidth,45,73.2271591894765,1183.54104512827,1183.52208987002
b,Preview,Sine,limit bandwidth,45,73.3041593568682,1178.33156699625,1178.31526282904
b,Preview,Sine,limit bandwidth,45,73.3811595242598,1173.03756503298,1173.0587976633
b,Preview,Sine,limit bandwidth,45,73.4581596916515,1167.66154843713,1167.64565358458
b,Preview,Sine,limit bandwidth,45,73.5351598590432,1162.20606527982,1162.18163178123
b,Preview,Sine,limit bandwidth,45,73.6121600264348,1156.67370129698,1156.67580414649
b,Preview,Sine,limit bandwidth,45,73.6891601938265,1151.06707866373,1151.05837190276
b,Preview,Sine,limit bandwidth,45,73.7661603612182,1145.38885475159,1145.36058370933
b,Preview,Sine,limit bandwidth,45,73.8431605286098,1139.64172086893,1139.62796772143
b,Preview,Sine,limit bandwidth,45,73.9201606960015,1133.8284009854,1133.83030502889
b,Preview,Sine,limit bandwidth,45,73.9971608633932,1127.95165044081,1127.92359161778
b,Preview,Sine,limit bandwidth,45,74.0741610307849,1122.01425463923,1121.98875476319
b,Preview,Sine,limit bandwidth,45,74.1511611981765,1116.01902772876,1116.03597779351
b,Preview,Sine,limit bandwidth,45,74.2281613655682,1109.96881126772,1109.94431141928
b,Preview,Sine,limit bandwidth,45,74.3051615329599,1103.86647287784,1103.83314021802
b,Preview,Sine,limit bandwidth,45,74.3821617003515,1097.71490488506,1097.7109533826
b,Preview,Sine,limit bandwidth,45,74.4591618677432,1091.51702294872,1091.50079548884
b,Preview,Sine,limit bandwidth,45,74.5361620351349,1085.27576467954,1085.23840305512
b,Preview,Sine,limit bandwidth,45,74.6131622025265,1078.99408824736,1078.97309089437
b,Preview,Sine,limit bandwidth,45,74.6901623699182,1072.67497097901,1072.67123563263
b,Preview,Sine,limit bandwidth,45,74.7671625373099,1066.32140794715,1066.2848263794
b,Preview,Sine,limit bandwidth,45,74.8441627047015,1059.93641055071,1059.9029067799
b,Preview,Sine,limit bandwidth,45,74.9211628720932,1053.52300508756,1053.53514358258
b,Preview,Sine,limit bandwidth,45,74.9981630394849,1047.08423132015,1047.05278308225
b,Preview,Sine,limit bandwidth,45,75.0751632068765,1040.62314103476,1040.58202809609
b,Preview,Sine,limit bandwidth,45,75.1521633742682,1034.14279659501,1034.13264009284
b,Preview,Sine,limit bandwidth,45,75.2291635416599,1027.64626949043,1027.62349956509
b,Preview,Sine,limit bandwidth,45,75.3061637090515,1021.13663888063,1021.09237589847
b,Preview,Sine,limit bandwidth,45,75.3831638764432,1014.61699013593,1014.58973411844
b,Preview,Sine,limit bandwidth,45,75.4601640438349,1008.09041337489,1008.08069254803
b,Preview,Sine,limit bandwidth,45,75.5371642112265,1001.5600019998,1001.51680453684
b,Preview,Sine,limit bandwidth,45,75.6141643786182,995.028851230391,994.989226434324
b,Preview,Sine,limit bandwidth,45,75.6911645460099,988.500056636881,988.507055530105
b,Preview,Sine,limit bandwidth,45,75.7681647134015,981.976712672716,981.939187112215
b,Preview,Sine,limit bandwidth,45,75.8451648807932,975.46191120791,975.414940168928
b,Preview,Sine,limit bandwidth,45,75.9221650481849,968.958740063585,968.943088612553
b,Preview,Sine,limit bandwidth,45,75.9991652155766,962.470281548442,962.442411346687
b,Preview,Sine,limit bandwidth,45,76.0761653829682,955.999610997834,955.950222380604
b,Preview,Sine,limit bandwidth,45,76.1531655503599,949.54979531615,949.517302460294
b,Preview,Sine,limit bandwidth,45,76.2301657177516,943.123891523198,943.108836655828
b,Preview,Sine,limit bandwidth,45,76.3071658851432,936.724945305262,936.677460932502
b,Preview,Sine,limit bandwidth,45,76.3841660525349,930.355989571541,930.31211129905
b,Preview,Sine,limit bandwidth,45,76.4611662199266,924.020043016644,924.021185078636
b,Preview,Sine,limit bandwidth,45,76.5381663873182,917.720108689816,917.678451138952
b,Preview,Sine,limit bandwidth,45,76.6151665547099,911.459172571578,911.408777528953
b,Preview,Sine,limit bandwidth,45,76.6921667221016,905.240202158473,905.219940644088
b,Preview,Sine,limit bandwidth,45,76.7691668894932,899.066145056548,899.034062876698
b,Preview,Sine,limit bandwidth,45,76.8461670568849,892.939927584286,892.887743113091
b,Preview,Sine,limit bandwidth,45,76.9231672242766,886.864453385619,886.828437517718
b,Preview,Sine,limit bandwidth,45,77.0001673916682,880.842602053679,880.823117804837
b,Preview,Sine,limit bandwidth,45,77.0771675590599,874.877227765963,874.82751041129
b,Preview,Sine,limit bandwidth,45,77.1541677264516,868.971157931541,868.924942220685
b,Preview,Sine,limit bandwidth,45,77.2311678938432,863.127191850943,863.122586622988
b,Preview,Sine,limit bandwidth,45,77.3081680612349,857.348099389375,857.304424596621
b,Preview,Sine,limit bandwidth,45,77.3851682286266,851.636619663889,851.585152214742
b,Preview,Sine,limit bandwidth,45,77.4621683960182,845.995459745123,845.971336050373
b,Preview,Sine,limit bandwidth,45,77.5391685634099,840.427293374226,840.392671884541
b,Preview,Sine,limit bandwidth,45,77.6161687308016,834.934759695586,834.882369640488
b,Preview,Sine,limit bandwidth,45,77.6931688981932,829.520462005962,829.482640258693
b,Preview,Sine,limit bandwidth,45,77.7701690655849,824.186966520588,824.163773874041
b,Preview,Sine,limit bandwidth,45,77.8471692329766,818.93680115687,818.8872393269
b,Preview,Sine,limit bandwidth,45,77.9241694003683,813.772454336232,813.726205998214
b,Preview,Sine,limit bandwidth,45,78.0011695677599,808.696373804667,808.686231546441
b,Preview,Sine,limit bandwidth,45,78.0781697351516,803.71096547259,803.667246092727
b,Preview,Sine,limit bandwidth,45,78.1551699025433,798.818592274505,798.768466949705
b,Preview,Sine,limit bandwidth,45,78.2321700699349,794.021573049041,793.994853207282
b,Preview,Sine,limit bandwidth,45,78.3091702373266,789.322181439896,789.286666410384
b,Preview,Sine,limit bandwidth,45,78.3861704047183,784.722644818199,784.67244431013
b,Preview,Sine,limit bandwidth,45,78.4631705721099,780.225143226798,780.187300116232
b,Preview,Sine,limit bandwidth,45,78.5401707395016,775.831808346984,775.806136065476
b,Preview,Sine,limit bandwidth,45,78.6171709068933,771.544722488148,771.497693704874
b,Preview,Sine,limit bandwidth,45,78.6941710742849,767.365917600817,767.321687553368
b,Preview,Sine,limit bandwidth,45,78.7711712416766,763.297374313573,763.282228422657
b,Preview,Sine,limit bandwidth,45,78.8481714090683,759.341020994302,759.299430086343
b,Preview,Sine,limit bandwidth,45,78.9251715764599,755.498732836194,755.452379863487
b,Preview,Sine,limit bandwidth,45,79.0021717438516,751.772330968964,751.744080265599
b,Preview,Sine,limit bandwidth,45,79.0791719112433,748.163581595693,748.128824481155
b,Preview,Sine,limit bandwidth,45,79.1561720786349,744.674195155692,744.628699356371
b,Preview,Sine,limit bandwidth,45,79.2331722460266,741.305825513812,741.269833471951
b,Preview,Sine,limit bandwidth,45,79.3101724134183,738.060069176564,738.033017460902
b,Preview,Sine,limit bandwidth,45,79.3871725808099,734.938464535412,734.896039202577
b,Preview,Sine,limit bandwidth,45,79.4641727482016,731.942491137631,731.902587143779
b,Preview,Sine,limit bandwidth,45,79.5411729155933,729.073568985043,729.054237061417
b,Preview,Sine,limit bandwidth,45,79.618173082985,726.333057860977,726.295514330941
b,Preview,Sine,limit bandwidth,45,79.6951732503766,723.722256685772,723.681575637154
b,Preview,Sine,limit bandwidth,45,79.7721734177683,721.242402901134,721.214221546491
b,Preview,Sine,limit bandwidth,45,79.84917358516,718.894671883616,718.862508869887
b,Preview,Sine,limit bandwidth,45,79.9261737525516,716.680176387531,716.641539115441
b,Preview,Sine,limit bandwidth,45,80.0031739199433,714.599966017539,714.567173162012
b,Preview,Sine,limit bandwidth,45,80.080174087335,712.655026731164,712.627875919877
b,Preview,Sine,limit bandwidth,45,80.1571742547266,710.84628037148,710.810773682011
b,Preview,Sine,limit bandwidth,45,80.2341744221183,709.174584230187,709.140932189528
b,Preview,Sine,limit bandwidth,45,80.31117458951,707.640730641277,707.617911226136
b,Preview,Sine,limit bandwidth,45,80.3881747569016,706.245446605495,706.213489461291
b,Preview,Sine,limit bandwidth,45,80.4651749242933,704.98939344576,704.95673997626
b,Preview,Sine,limit bandwidth,45,80.542175091685,703.873166493716,703.846474755998
b,Preview,Sine,limit bandwidth,45,80.6191752590767,702.897294807569,702.869128564279
b,Preview,Sine,limit bandwidth,45,80.6961754264683,702.062240921323,702.031849209569
b,Preview,Sine,limit bandwidth,45,80.77317559386,701.368400625553,701.340762689986
b,Preview,Sine,limit bandwidth,45,80.8501757612516,700.816102779817,700.790425265101
b,Preview,Sine,limit bandwidth,45,80.9271759286433,700.405609156782,700.378649967734
b,Preview,Sine,limit bandwidth,45,81.004176096035,700.137114318153,700.110838605769
b,Preview,Sine,limit bandwidth,45,81.0811762634266,700.010745522456,699.985516395406
b,Preview,Sine,limit bandwidth,45,81.1581764308183,700.026562664722,700.002171269655
b,Preview,Sine,limit bandwidth,45,81.23517659821,700.184558248099,700.161472074862
b,Preview,Sine,limit bandwidth,45,81.3121767656016,700.484657387404,700.460424472893
b,Preview,Sine,limit bandwidth,45,81.3891769329933,700.926717844617,700.903560657312
b,Preview,Sine,limit bandwidth,45,81.466177100385,701.510530096296,701.490445261124
b,Preview,Sine,limit bandwidth,45,81.5431772677767,702.23581743289,702.21474103218
b,Preview,Sine,limit bandwidth,45,81.6201774351683,703.102236089884,703.079071698873
b,Preview,Sine,limit bandwidth,45,81.69717760256,704.109375410737,704.09167449997
b,Preview,Sine,limit bandwidth,45,81.7741777699517,705.256758041521,705.239577677763
b,Preview,Sine,limit bandwidth,45,81.8511779373433,706.543840157173,706.51777558407
b,Preview,Sine,limit bandwidth,45,81.928178104735,707.970011719249,707.954243907678
b,Preview,Sine,limit bandwidth,45,82.0051782721267,709.534596765065,709.521635507407
b,Preview,Sine,limit bandwidth,45,82.0821784395183,711.236853728087,711.216198898928
b,Preview,Sine,limit bandwidth,45,82.15917860691,713.075975789405,713.059525559683
b,Preview,Sine,limit bandwidth,45,82.2361787743017,715.051091260146,715.042218097036
b,Preview,Sine,limit bandwidth,45,82.3131789416934,717.161263994626,717.147404404819
b,Preview,Sine,limit bandwidth,45,82.390179109085,719.405493834056,719.385546921557
b,Preview,Sine,limit bandwidth,45,82.4671792764767,721.782717080586,721.775886597433
b,Preview,Sine,limit bandwidth,45,82.5441794438684,724.29180700147,724.284663212602
b,Preview,Sine,limit bandwidth,45,82.62117961126,726.931574363096,726.90569231669
b,Preview,Sine,limit bandwidth,45,82.6981797786517,729.700767994657,729.693718706984
b,Preview,Sine,limit bandwidth,45,82.7751799460434,732.59807538116,732.596338433484
b,Preview,Sine,limit bandwidth,45,82.852180113435,735.622123285524,735.606482064878
b,Preview,Sine,limit bandwidth,45,82.9291802808267,738.771478399451,738.762380925908
b,Preview,Sine,limit bandwidth,45,83.0061804482184,742.044648022772,742.04685056074
b,Preview,Sine,limit bandwidth,45,83.08318061561,745.440080770942,745.434031226592
b,Preview,Sine,limit bandwidth,45,83.1601807830017,748.956167310349,748.941079442059
b,Preview,Sine,limit bandwidth,45,83.2371809503934,752.591241121095,752.595523100853
b,Preview,Sine,limit bandwidth,45,83.314181117785,756.343579286868,756.346449021738
b,Preview,Sine,limit bandwidth,45,83.3911812851767,760.211403311561,760.186489056135
b,Preview,Sine,limit bandwidth,45,83.4681814525684,764.19287996222,764.195752488893
b,Preview,Sine,limit bandwidth,45,83.54518161996,768.286122137945,768.295855439765
b,Preview,Sine,limit bandwidth,45,83.6221817873517,772.48918976432,772.479065227358
b,Preview,Sine,limit bandwidth,45,83.6991819547434,776.800090712947,776.798087315919
b,Preview,Sine,limit bandwidth,45,83.776182122135,781.216781745657,781.230404070718
b,Preview,Sine,limit bandwidth,45,83.8531822895267,785.737169482945,785.739725757245
b,Preview,Sine,limit bandwidth,45,83.9301824569184,790.359111396168,790.349437455111
b,Preview,Sine,limit bandwidth,45,84.00718262431,795.080416823039,795.095073759538
b,Preview,Sine,limit bandwidth,45,84.0841827917017,799.898848005937,799.911499866258
b,Preview,Sine,limit bandwidth,45,84.1611829590934,804.812121152537,804.790095632894
b,Preview,Sine,limit bandwidth,45,84.2381831264851,809.817907518255,809.830455260286
b,Preview,Sine,limit bandwidth,45,84.3151832938767,814.913834510012,814.934224305693
b,Preview,Sine,limit bandwidth,45,84.3921834612684,820.097486810765,820.092907439134
b,Preview,Sine,limit bandwidth,45,84.4691836286601,825.366407524294,825.372491132037
b,Preview,Sine,limit bandwidth,45,84.5461837960517,830.718099339706,830.742689965723
b,Preview,Sine,limit bandwidth,45,84.6231839634434,836.150025715079,836.160825990555
b,Preview,Sine,limit bandwidth,45,84.7001841308351,841.659612079705,841.655137986931
b,Preview,Sine,limit bandwidth,45,84.7771842982267,847.244247054366,847.2689641582
b,Preview,Sine,limit bandwidth,45,84.8541844656184,852.901283689045,852.923642955003
b,Preview,Sine,limit bandwidth,45,84.9311846330101,858.628040717505,858.609771046186
b,Preview,Sine,limit bandwidth,45,85.0081848004017,864.421803828122,864.442954813979
b,Preview,Sine,limit bandwidth,45,85.0851849677934,870.279826950399,870.30979312904
b,Preview,Sine,limit bandwidth,45,85.1621851351851,876.199333556509,876.201247205749
b,Preview,Sine,limit bandwidth,45,85.2391853025767,882.177517977294,882.19126788348
b,Preview,Sine,limit bandwidth,45,85.3161854699684,888.211546732065,888.245619976058
b,Preview,Sine,limit bandwidth,45,85.3931856373601,894.298559871592,894.316673332601
b,Preview,Sine,limit bandwidth,45,85.4701858047517,900.435672333624,900.437464525995
b,Preview,Sine,limit bandwidth,45,85.5471859721434,906.619975310336,906.653788170524
b,Preview,Sine,limit bandwidth,45,85.6241861395351,912.848537627006,912.879317574838
b,Preview,Sine,limit bandwidth,45,85.7011863069267,919.118407131307,919.104160921033
b,Preview,Sine,limit bandwidth,45,85.7781864743184,925.426612092544,925.455660367138
b,Preview,Sine,limit bandwidth,45,85.8551866417101,931.77016261016,931.808781525331
b,Preview,Sine,limit bandwidth,45,85.9321868091018,938.146052030856,938.154191731716
b,Preview,Sine,limit bandwidth,45,86.0091869764934,944.551258373667,944.571630081267
b,Preview,Sine,limit bandwidth,45,86.0861871438851,950.982745762282,951.02457666053
b,Preview,Sine,limit bandwidth,45,86.1631873112768,957.437465863954,957.462695460873
b,Preview,Sine,limit bandwidth,45,86.2401874786684,963.912359334332,963.920186378354
b,Preview,Sine,limit bandwidth,45,86.3171876460601,970.404357267489,970.445393359268
b,Preview,Sine,limit bandwidth,45,86.3941878134518,976.910382650491,976.947781869216
b,Preview,Sine,limit bandwidth,45,86.4711879808434,983.427351821814,983.418543823315
b,Preview,Sine,limit bandwidth,45,86.5481881482351,989.952175932911,989.987938285547
b,Preview,Sine,limit bandwidth,45,86.6251883156268,996.481762412218,996.527003495361
b,Preview,Sine,limit bandwidth,45,86.7021884830184,1003.01301643096,1003.02656733221
b,Preview,Sine,limit bandwidth,45,86.7791886504101,1009.54284236999,1009.56908494817
b,Preview,Sine,limit bandwidth,45,86.8561888178018,1016.06814528704,1016.11617235415
b,Preview,Sine,limit bandwidth,45,86.9331889851934,1022.5858323836,1022.61681752877
b,Preview,Sine,limit bandwidth,45,87.0101891525851,1029.09281447085,1029.10601528807
b,Preview,Sine,limit bandwidth,45,87.0871893199768,1035.58600743382,1035.63224289235
b,Preview,Sine,limit bandwidth,45,87.1641894873684,1042.06233369317,1042.1051134131
b,Preview,Sine,limit bandwidth,45,87.2411896547601,1048.51872366387,1048.51561939233
b,Preview,Sine,limit bandwidth,45,87.3181898221518,1054.95211721009,1054.99269157574
b,Preview,Sine,limit bandwidth,45,87.3951899895434,1061.35946509564,1061.40895885367
b,Preview,Sine,limit bandwidth,45,87.4721901569351,1067.73773042918,1067.75655467271
b,Preview,Sine,limit bandwidth,45,87.5491903243268,1074.08389010361,1074.11490843379
b,Preview,Sine,limit bandwidth,45,87.6261904917184,1080.394936229,1080.44671973299
b,Preview,Sine,limit bandwidth,45,87.7031906591101,1086.66787755815,1086.70290418171
b,Preview,Sine,limit bandwidth,45,87.7801908265018,1092.89974090441,1092.91783750277
b,Preview,Sine,limit bandwidth,45,87.8571909938935,1099.08757255087,1099.13711654513
b,Preview,Sine,limit bandwidth,45,87.9341911612851,1105.22843965032,1105.27442800807
b,Preview,Sine,limit bandwidth,45,88.0111913286768,1111.31943161535,1111.32200018159
b,Preview,Sine,limit bandwidth,45,88.0881914960685,1117.35766149786,1117.40110591952
b,Preview,Sine,limit bandwidth,45,88.1651916634601,1123.34026735742,1123.39202332609
b,Preview,Sine,limit bandwidth,45,88.2421918308518,1129.26441361771,1129.28751156106
b,Preview,Sine,limit bandwidth,45,88.3191919982435,1135.12729241052,1135.16147944408
b,Preview,Sine,limit bandwidth,45,88.3961921656351,1140.92612490656,1140.97913625382
b,Preview,Sine,limit bandwidth,45,88.4731923330268,1146.65816263261,1146.6958516151
b,Preview,Sine,limit bandwidth,45,88.5501925004185,1152.32068877415,1152.342895557
b,Preview,Sine,limit bandwidth,45,88.6271926678101,1157.91101946309,1157.96140395254
b,Preview,Sine,limit bandwidth,45,88.7041928352018,1163.4265050498,1163.47345947997
b,Preview,Sine,limit bandwidth,45,88.7811930025935,1168.86453135902,1168.8727561832
b,Preview,Sine,limit bandwidth,45,88.8581931699851,1174.22252092885,1174.26691846062
b,Preview,Sine,limit bandwidth,45,88.9351933373768,1179.49793423242,1179.54938283002
b,Preview,Sine,limit bandwidth,45,89.0121935047685,1184.68827088154,1184.71449008867
b,Preview,Sine,limit bandwidth,45,89.0891936721601,1189.79107081181,1189.82687360756
b,Preview,Sine,limit bandwidth,45,89.1661938395518,1194.80391544863,1194.85578092146
b,Preview,Sine,limit bandwidth,45,89.2431940069435,1199.7244288535,1199.76290653317
b,Preview,Sine,limit bandwidth,45,89.3201941743351,1204.55027885017,1204.57547905162
b,Preview,Sine,limit bandwidth,45,89.3971943417268,1209.27917813003,1209.32811439047
b,Preview,Sine,limit bandwidth,45,89.4741945091185,1213.90888533619,1213.95466937467
b,Preview,Sine,limit bandwidth,45,89.5511946765101,1218.43720612585,1218.45066568555
b,Preview,Sine,limit bandwidth,45,89.6281948439018,1222.86199421033,1222.90516831504
b,Preview,Sine,limit bandwidth,45,89.7051950112935,1227.18115237238,1227.22996061834
b,Preview,Sine,limit bandwidth,45,89.7821951786852,1231.39263346014,1231.42082902357
b,Preview,Sine,limit bandwidth,45,89.8591953460768,1235.4944413575,1235.53012083549
b,Preview,Sine,limit bandwidth,45,89.9361955134685,1239.48463193014,1239.53280988017
b,Preview,Sine,limit bandwidth,45,90.0131956808602,1243.36131394702,1243.39881072832
b,Preview,Sine,limit bandwidth,45,90.0901958482518,1247.12264997676,1247.14982256125
b,Preview,Sine,limit bandwidth,45,90.1671960156435,1250.76685725855,1250.81192707998
b,Preview,Sine,limit bandwidth,45,90.2441961830352,1254.29220854707,1254.33455765062
b,Preview,Sine,limit bandwidth,45,90.3211963504268,1257.69703293121,1257.71509603233
b,Preview,Sine,limit bandwidth,45,90.3981965178185,1260.979716626,1261.01990249226
b,Preview,Sine,limit bandwidth,45,90.4751966852102,1264.13870373752,1264.18249975375
b,Preview,Sine,limit bandwidth,45,90.5521968526019,1267.17249700032,1267.20118348125
b,Preview,Sine,limit bandwidth,45,90.6291970199935,1270.0796584871,1270.11350038788
b,Preview,Sine,limit bandwidth,45,90.7061971873852,1272.85881029021,1272.90126646111
b,Preview,Sine,limit bandwidth,45,90.7831973547769,1275.50863517479,1275.54348939871
b,Preview,Sine,limit bandwidth,45,90.8601975221685,1278.02787720308,1278.05549734501
b,Preview,Sine,limit bandwidth,45,90.9371976895602,1280.41534232966,1280.45436301144
b,Preview,Sine,limit bandwidth,45,91.0141978569519,1282.66989896744,1282.70695653827
b,Preview,Sine,limit bandwidth,45,91.0911980243435,1284.79047852397,1284.8125782215
b,Preview,Sine,limit bandwidth,45,91.1681981917352,1286.77607590796,1286.81103106137
b,Preview,Sine,limit bandwidth,45,91.2451983591269,1288.62575000559,1288.66233131273
b,Preview,Sine,limit bandwidth,45,91.3221985265185,1290.33862412665,1290.36651811219
b,Preview,Sine,limit bandwidth,45,91.3991986939102,1291.91388642002,1291.94474337552
b,Preview,Sine,limit bandwidth,45,91.4761988613019,1293.35079025845,1293.38535676774
b,Preview,Sine,limit bandwidth,45,91.5531990286935,1294.64865459249,1294.67893747867
b,Preview,Sine,limit bandwidth,45,91.6301991960852,1295.80686427325,1295.83364812444
b,Preview,Sine,limit bandwidth,45,91.7071993634769,1296.82487034396,1296.85635344715
b,Preview,Sine,limit bandwidth,45,91.7841995308685,1297.70219030019,1297.73235251745
b,Preview,Sine,limit bandwidth,45,91.8611996982602,1298.43840831849,1298.46307251326
b,Preview,Sine,limit bandwidth,45,91.9381998656519,1299.03317545355,1299.06123561431
b,Preview,Sine,limit bandwidth,45,92.0152000330435,1299.48620980351,1299.51406975396
b,Preview,Sine,limit bandwidth,45,92.0922002004352,1299.79729664365,1299.82348078733
b,Preview,Sine,limit bandwidth,45,92.1692003678269,1299.9662885281,1299.99214058528
b,Preview,Sine,limit bandwidth,45,92.2462005352185,1299.99310535976,1300.01796699163
b,Preview,Sine,limit bandwidth,45,92.3232007026102,1299.87773442826,1299.90214451898
b,Preview,Sine,limit bandwidth,45,92.4002008700019,1299.62023041596,1299.64551730625
b,Preview,Sine,limit bandwidth,45,92.4772010373936,1299.22071537207,1299.24296573881
b,Preview,Sine,limit bandwidth,45,92.5542012047852,1298.67937865477,1298.70081463966
b,Preview,Sine,limit bandwidth,45,92.6312013721769,1297.99647684149,1298.02260773149
b,Preview,Sine,limit bandwidth,45,92.7082015395686,1297.17233360727,1297.19260576838
b,Preview,Sine,limit bandwidth,45,92.7852017069602,1296.20733957136,1296.22535758603
b,Preview,Sine,limit bandwidth,45,92.8622018743519,1295.10195211209,1295.12459824625
b,Preview,Sine,limit bandwidth,45,92.9392020417436,1293.85669515006,1293.87634912575
b,Preview,Sine,limit bandwidth,45,93.0162022091352,1292.47215889985,1292.48641863863
b,Preview,Sine,limit bandwidth,45,93.0932023765269,1290.94899959024,1290.96688061691
b,Preview,Sine,limit bandwidth,45,93.1702025439186,1289.28793915322,1289.30979266532
b,Preview,Sine,limit bandwidth,45,93.2472027113102,1287.48976488176,1287.5014931586
b,Preview,Sine,limit bandwidth,45,93.3242028787019,1285.55532905671,1285.56720049572
b,Preview,Sine,limit bandwidth,45,93.4012030460936,1283.48554854282,1283.51263086629
b,Preview,Sine,limit bandwidth,45,93.4782032134852,1281.28140435418,1281.29272044809
b,Preview,Sine,limit bandwidth,45,93.5552033808769,1278.94394118923,1278.95075543046
b,Preview,Sine,limit bandwidth,45,93.6322035482686,1276.47426693564,1276.49241329563
b,Preview,Sine,limit bandwidth,45,93.7092037156602,1273.87355214516,1273.88655269774
b,Preview,Sine,limit bandwidth,45,93.7862038830519,1271.14302947885,1271.14625815972
b,Preview,Sine,limit bandwidth,45,93.8632040504436,1268.28399312282,1268.29378514966
b,Preview,Sine,limit bandwidth,45,93.9402042178352,1265.29779817483,1265.31525331409
b,Preview,Sine,limit bandwidth,45,94.0172043852269,1262.18586000201,1262.18682281053
b,Preview,Sine,limit bandwidth,45,94.0942045526186,1258.94965357001,1258.95196263958
b,Preview,Sine,limit bandwidth,45,94.1712047200103,1255.59071274393,1255.6166006914
b,Preview,Sine,limit bandwidth,45,94.2482048874019,1252.11062956131,1252.11216505137
b,Preview,Sine,limit bandwidth,45,94.3252050547936,1248.51105347753,1248.50654798595
b,Preview,Sine,limit bandwidth,45,94.4022052221853,1244.79369058403,1244.80720058221
b,Preview,Sine,limit bandwidth,45,94.4792053895769,1240.9603027997,1240.96585432111
b,Preview,Sine,limit bandwidth,45,94.5562055569686,1237.01270703573,1237.0041691445
b,Preview,Sine,limit bandwidth,45,94.6332057243603,1232.95277433451,1232.95415561098
b,Preview,Sine,limit bandwidth,45,94.7102058917519,1228.78242898274,1228.79513898906
b,Preview,Sine,limit bandwidth,45,94.7872060591436,1224.50364759945,1224.49408116398
b,Preview,Sine,limit bandwidth,45,94.8642062265353,1220.1184581991,1220.11030897995
b,Preview,Sine,limit bandwidth,45,94.9412063939269,1215.62893923036,1215.65251259034
b,Preview,Sine,limit bandwidth,45,95.0182065613186,1211.03721859099,1211.02922238223
b,Preview,Sine,limit bandwidth,45,95.0952067287103,1206.3454726193,1206.33044836851
b,Preview,Sine,limit bandwidth,45,95.1722068961019,1201.55592506263,1201.56335560754
b,Preview,Sine,limit bandwidth,45,95.2492070634936,1196.6708460233,1196.66836045022
b,Preview,Sine,limit bandwidth,45,95.3262072308853,1191.69255088276,1191.67287319881
b,Preview,Sine,limit bandwidth,45,95.4032073982769,1186.62339920405,1186.61697516275
b,Preview,Sine,limit bandwidth,45,95.4802075656686,1181.46579361352,1181.47302292281
b,Preview,Sine,limit bandwidth,45,95.5572077330603,1176.22217866203,1176.20192279712
b,Preview,Sine,limit bandwidth,45,95.634207900452,1170.8950396663,1170.87698156299
b,Preview,Sine,limit bandwidth,45,95.7112080678436,1165.48690153095,1165.50749696711
b,Preview,Sine,limit bandwidth,45,95.7882082352353,1160.00032755177,1159.9834739128
b,Preview,Sine,limit bandwidth,45,95.8652084026269,1154.4379182008,1154.41228809666
b,Preview,Sine,limit bandwidth,45,95.9422085700186,1148.80230989376,1148.8033800242
b,Preview,Sine,limit bandwidth,45,96.0192087374103,1143.09617374052,1143.08607997986
b,Preview,Sine,limit bandwidth,45,96.096208904802,1137.32221427902,1137.29289164398
b,Preview,Sine,limit bandwidth,45,96.1732090721936,1131.48316819342,1131.46855490315
b,Preview,Sine,limit bandwidth,45,96.2502092395853,1125.58180301699,1125.58287459295
b,Preview,Sine,limit bandwidth,45,96.327209406977,1119.6209158204,1119.59115453053
b,Preview,Sine,limit bandwidth,45,96.4042095743686,1113.60333188597,1113.57679640765
b,Preview,Sine,limit bandwidth,45,96.4812097417603,1107.53190336858,1107.54846199758
b,Preview,Sine,limit bandwidth,45,96.558209909152,1101.40950794383,1101.38400228232
b,Preview,Sine,limit bandwidth,45,96.6352100765436,1095.23904744412,1095.20420035897
b,Preview,Sine,limit bandwidth,45,96.7122102439353,1089.02344648324,1089.01850044094
b,Preview,Sine,limit bandwidth,45,96.789210411327,1082.76565107022,1082.74870674603
b,Preview,Sine,limit bandwidth,45,96.8662105787186,1076.46862721302,1076.43030367107
b,Preview,Sine,limit bandwidth,45,96.9432107461103,1070.13535951266,1070.11328579794
b,Preview,Sine,limit bandwidth,45,97.020210913502,1063.7688497487,1063.76399655843
b,Preview,Sine,limit bandwidth,45,97.0972110808936,1057.37211545644,1057.33474645586
b,Preview,Sine,limit bandwidth,45,97.1742112482853,1050.94818849668,1050.91389158209
b,Preview,Sine,limit bandwidth,45,97.251211415677,1044.50011361875,1044.51154158994
b,Preview,Sine,limit bandwidth,45,97.3282115830687,1038.03094701736,1037.99821212989
b,Preview,Sine,limit bandwidth,45,97.4052117504603,1031.54375488409,1031.50179213035
b,Preview,Sine,limit bandwidth,45,97.482211917852,1025.04161195405,1025.03083534452
b,Preview,Sine,limit bandwidth,45,97.5592120852437,1018.52760004861,1018.50408931386
b,Preview,Sine,limit bandwidth,45,97.6362122526353,1012.00480661465,1011.95947412377
b,Preview,Sine,limit bandwidth,45,97.713212420027,1005.47632326127,1005.44815067972
b,Preview,Sine,limit bandwidth,45,97.7902125874187,998.945244294376,998.934925672091
b,Preview,Sine,limit bandwidth,45,97.8672127548103,992.414665250156,992.370832458475
b,Preview,Sine,limit bandwidth,45,97.944212922202,985.887681427832,985.847262783424
b,Preview,Sine,limit bandwidth,45,98.0212130895937,979.367386422602,979.373385144302
b,Preview,Sine,limit bandwidth,45,98.0982132569853,972.856870659362,972.818822986617
b,Preview,Sine,limit bandwidth,45,98.175213424377,966.359219927942,966.311745375019
b,Preview,Sine,limit bandwidth,45,98.2522135917687,959.877513920531,959.861164196709
b,Preview,Sine,limit bandwidth,45,98.3292137591603,953.414824771996,953.386055594416
b,Preview,Sine,limit bandwidth,45,98.406213926552,946.97421560378,946.92432860633
b,Preview,Sine,limit bandwidth,45,98.4832140939437,940.558739072079,940.525768205985
b,Preview,Sine,limit bandwidth,45,98.5602142613353,934.171435920965,934.155748166777
b,Preview,Sine,limit bandwidth,45,98.637214428727,927.815333541174,927.76728257862
b,Preview,Sine,limit bandwidth,45,98.7142145961187,921.493444535208,921.449043203506
b,Preview,Sine,limit bandwidth,45,98.7912147635104,915.208765289453,915.20919565281
b,Preview,Sine,limit bandwidth,45,98.868214930902,908.964274553983,908.922266586052
b,Preview,Sine,limit bandwidth,45,98.9452150982937,902.762932030714,902.712209936701
b,Preview,Sine,limit bandwidth,45,99.0222152656854,896.607676970605,896.586713781571
b,Preview,Sine,limit bandwidth,45,99.099215433077,890.501426780533,890.468965511799
b,Preview,Sine,limit bandwidth,45,99.1762156004687,884.447075640532,884.394760817549
b,Preview,Sine,limit bandwidth,45,99.2532157678604,878.447493132038,878.411126467092
b,Preview,Sine,limit bandwidth,45,99.330215935252,872.505522877792,872.48537432903
b,Preview,Sine,limit bandwidth,45,99.4072161026437,866.62398119405,866.574145962206
b,Preview,Sine,limit bandwidth,45,99.4842162700354,860.805655755734,860.759331032873
b,Preview,Sine,limit bandwidth,45,99.561216437427,855.053304275151,855.047923108095
b,Preview,Sine,limit bandwidth,45,99.6382166048187,849.369653194928,849.325828334589
b,Preview,Sine,limit bandwidth,45,99.7152167722104,843.757396395756,843.705957664362
b,Preview,Sine,limit bandwidth,45,99.792216939602,838.219193919569,838.194634296721
b,Preview,Sine,limit bandwidth,45,99.8692171069937,832.757670708769,832.722826590336
b,Preview,Sine,limit bandwidth,45,99.9462172743854,827.375415362074,827.323193027437
b,Preview,Sine,limit bandwidth,45,100.023217441777,822.07497890761,822.037061551485
b,Preview,Sine,limit bandwidth,45,100.100217609169,816.858873593791,816.835231304752
b,Preview,Sine,limit bandwidth,45,100.17721777656,811.729571698591,811.680198982801
b,Preview,Sine,limit bandwidth,45,100.254217943952,806.68950435776,806.643417642635
b,Preview,Sine,limit bandwidth,45,100.331218111344,801.741060412537,801.730251783362
b,Preview,Sine,limit bandwidth,45,100.408218278735,796.886585277409,796.843033269197
b,Preview,Sine,limit bandwidth,45,100.485218446127,792.12837982846,792.078581710797
b,Preview,Sine,limit bandwidth,45,100.562218613519,787.468699312817,787.441678989772
b,Preview,Sine,limit bandwidth,45,100.63921878091,782.909752279737,782.874305906068
b,Preview,Sine,limit bandwidth,45,100.716218948302,778.453699533815,778.404077712245
b,Preview,Sine,limit bandwidth,45,100.793219115694,774.102653110833,774.064863838007
b,Preview,Sine,limit bandwidth,45,100.870219283085,769.858675276713,769.832679773363
b,Preview,Sine,limit bandwidth,45,100.947219450477,765.723777550069,765.677301256119
b,Preview,Sine,limit bandwidth,45,101.024219617869,761.699919748804,761.656313203215
b,Preview,Sine,limit bandwidth,45,101.10121978526,757.789009061216,757.773092608495
b,Preview,Sine,limit bandwidth,45,101.178219952652,753.992899142047,753.951657204541
b,Preview,Sine,limit bandwidth,45,101.255220120044,750.313389233908,750.267707482509
b,Preview,Sine,limit bandwidth,45,101.332220287435,746.752223314493,746.724105397582
b,Preview,Sine,limit bandwidth,45,101.409220454827,743.311089269977,743.276604097536
b,Preview,Sine,limit bandwidth,45,101.486220622219,739.991618095023,739.94681087558
b,Preview,Sine,limit bandwidth,45,101.56322078961,736.795383119724,736.759696861195
b,Preview,Sine,limit bandwidth,45,101.640220957002,733.723899263903,733.6968817981
b,Preview,Sine,limit bandwidth,45,101.717221124394,730.778622319082,730.737192353635
b,Preview,Sine,limit bandwidth,45,101.794221291785,727.960948258476,727.921620812879
b,Preview,Sine,limit bandwidth,45,101.871221459177,725.272212575353,725.252219158477
b,Preview,Sine,limit bandwidth,45,101.948221626569,722.713689650043,722.676880730301
b,Preview,Sine,limit bandwidth,45,102.02522179396,720.286592145921,720.247189489903
b,Preview,Sine,limit bandwidth,45,102.102221961352,717.99207043464,717.963825446024
b,Preview,Sine,limit bandwidth,45,102.179222128744,715.831212050896,715.799345776542
b,Preview,Sine,limit bandwidth,45,102.256222296135,713.805041176958,713.767448321232
b,Preview,Sine,limit bandwidth,45,102.333222463527,711.914518157246,711.882662204427
b,Preview,Sine,limit bandwidth,45,102.410222630919,710.160539043152,710.133555900877
b,Preview,Sine,limit bandwidth,45,102.48722279831,708.543935168336,708.509306167958
b,Preview,Sine,limit bandwidth,45,102.564222965702,707.065472754704,707.032684270961
b,Preview,Sine,limit bandwidth,45,102.641223133094,705.725852549241,705.702793374267
b,Preview,Sine,limit bandwidth,45,102.718223300485,704.525709491872,704.494951974258
b,Preview,Sine,limit bandwidth,45,102.795223467877,703.465612414527,703.433945465793
b,Preview,Sine,limit bandwidth,45,102.872223635269,702.546063771527,702.519474281532
b,Preview,Sine,limit bandwidth,45,102.94922380266,701.767499401438,701.740017368043
b,Preview,Sine,limit bandwidth,45,103.026223970052,701.130288320495,701.101635210932
b,Preview,Sine,limit bandwidth,45,103.103224137444,700.6347325477,700.607730950151
b,Preview,Sine,limit bandwidth,45,103.180224304835,700.281066961673,700.255434467999
b,Preview,Sine,limit bandwidth,45,103.257224472227,700.069459189329,700.043704550707
b,Preview,Sine,limit bandwidth,45,103.334224639619,700.000009526425,699.975305703604
b,Preview,Sine,limit bandwidth,45,103.41122480701,700.072750890026,700.047412860176
b,Preview,Sine,limit bandwidth,45,103.488224974402,700.2876488029,700.264116170725
b,Preview,Sine,limit bandwidth,45,103.565225141794,700.644601409861,700.622759895081
b,Preview,Sine,limit bandwidth,45,103.642225309185,701.143439526044,701.119825392694
b,Preview,Sine,limit bandwidth,45,103.719225476577,701.783926717098,701.761947141831
b,Preview,Sine,limit bandwidth,45,103.796225643969,702.56575941124,702.546870948795
b,Preview,Sine,limit bandwidth,45,103.87322581136,703.488567043148,703.468236492286
b,Preview,Sine,limit bandwidth,45,103.950225978752,704.551912229595,704.529187609263
b,Preview,Sine,limit bandwidth,45,104.027226146144,705.755290976751,705.739529313377
b,Preview,Sine,limit bandwidth,45,104.104226313535,707.098132919067,707.082124810841
b,Preview,Sine,limit bandwidth,45,104.181226480927,708.579801589609,708.553408109375
b,Preview,Sine,limit bandwidth,45,104.258226648319,710.199594721725,710.184969814777
b,Preview,Sine,limit bandwidth,45,104.33522681571,711.956744581895,711.945715164875
b,Preview,Sine,limit bandwidth,45,104.412226983102,713.85041833362,713.830539655646
b,Preview,Sine,limit bandwidth,45,104.489227150494,715.879718432155,715.863930781147
b,Preview,Sine,limit bandwidth,45,104.566227317885,718.043683049921,718.036198925816
b,Preview,Sine,limit bandwidth,45,104.643227485277,720.341286532387,720.328670038101
b,Preview,Sine,limit bandwidth,45,104.720227652669,722.771439884192,722.7524743871
b,Preview,Sine,limit bandwidth,45,104.79722782006,725.3329912853,725.327348468974
b,Preview,Sine,limit bandwidth,45,104.874227987452,728.024726636929,728.01873474168
b,Preview,Sine,limit bandwidth,45,104.951228154844,730.845370136996,730.819589406219
b,Preview,Sine,limit bandwidth,45,105.028228322235,733.793584884809,733.788422658411
b,Preview,Sine,limit bandwidth,45,105.105228489627,736.867973514719,736.867694279848
b,Preview,Sine,limit bandwidth,45,105.182228657019,740.067078858432,740.05186900605
b,Preview,Sine,limit bandwidth,45,105.25922882441,743.389384635654,743.381204135571
b,Preview,Sine,limit bandwidth,45,105.336228991802,746.833316172773,746.837507772046
b,Preview,Sine,limit bandwidth,45,105.413229159194,750.397241149204,750.392556520108
b,Preview,Sine,limit bandwidth,45,105.490229326585,754.079470371056,754.064761522919
b,Preview,Sine,limit bandwidth,45,105.567229493977,757.878258571764,757.883849070741
b,Preview,Sine,limit bandwidth,45,105.644229661369,761.791805239292,761.796225303076
b,Preview,Sine,limit bandwidth,45,105.72122982876,765.818255469521,765.794058991581
b,Preview,Sine,limit bandwidth,45,105.798229996152,769.95570084542,769.959581915764
b,Preview,Sine,limit bandwidth,45,105.875230163544,774.202180341575,774.21319521377
b,Preview,Sine,limit bandwidth,45,105.952230330935,778.555681253662,778.546332242826
b,Preview,Sine,limit bandwidth,45,106.029230498327,783.0141401524,783.013790352952
b,Preview,Sine,limit bandwidth,45,106.106230665719,787.575443861569,787.590548077044
b,Preview,Sine,limit bandwidth,45,106.18323083311,792.237430459573,792.240857062228
b,Preview,Sine,limit bandwidth,45,106.260231000502,796.997890304146,796.98885317593
b,Preview,Sine,limit bandwidth,45,106.337231167894,801.854567079642,801.871014228683
b,Preview,Sine,limit bandwidth,45,106.414231335286,806.805158866467,806.819409589333
b,Preview,Sine,limit bandwidth,45,106.491231502677,811.847319232119,811.825432496392
b,Preview,Sine,limit bandwidth,45,106.568231670069,816.978658343331,816.992283732281
b,Preview,Sine,limit bandwidth,45,106.645231837461,822.196744098771,822.218674949657
b,Preview,Sine,limit bandwidth,45,106.722232004852,827.499103281797,827.495804799446
b,Preview,Sine,limit bandwidth,45,106.799232172244,832.883222732675,832.890065808256
b,Preview,Sine,limit bandwidth,45,106.876232339636,838.346550539755,838.372311444751
b,Preview,Sine,limit bandwidth,45,106.953232507027,843.886497248991,843.898365430495
b,Preview,Sine,limit bandwidth,45,107.030232674419,849.500437091267,849.497320285943
b,Preview,Sine,limit bandwidth,45,107.107232841811,855.185709226938,855.211727512118
b,Preview,Sine,limit bandwidth,45,107.184233009202,860.939619006977,860.962957200167
b,Preview,Sine,limit bandwidth,45,107.261233176594,866.759439250177,866.74161150256
b,Preview,Sine,limit bandwidth,45,107.338233343986,872.642411535732,872.665002655919
b,Preview,Sine,limit bandwidth,45,107.415233511377,878.58574751066,878.617216480233
b,Preview,Sine,limit bandwidth,45,107.492233678769,884.586630211395,884.589140478586
b,Preview,Sine,limit bandwidth,45,107.569233846161,890.642215398943,890.656779141139
b,Preview,Sine,limit bandwidth,45,107.646234013552,896.749632906962,896.784993279075
b,Preview,Sine,limit bandwidth,45,107.723234180944,902.905988002152,902.925496324292
b,Preview,Sine,limit bandwidth,45,107.800234348336,909.108362756247,909.110724778194
b,Preview,Sine,limit bandwidth,45,107.877234515727,915.353817429043,915.388541314422
b,Preview,Sine,limit bandwidth,45,107.954234683119,921.639391861747,921.671185026449
b,Preview,Sine,limit bandwidth,45,108.031234850511,927.96210687999,927.94899819429
b,Preview,Sine,limit bandwidth,45,108.108235017902,934.318965705886,934.349033852204
b,Preview,Sine,limit bandwidth,45,108.185235185294,940.706955378397,940.746396452524
b,Preview,Sine,limit bandwidth,45,108.262235352686,947.123048181399,947.131900953751
b,Preview,Sine,limit bandwidth,45,108.339235520077,953.56420307872,953.58565130142
b,Preview,Sine,limit bandwidth,45,108.416235687469,960.027367155512,960.070365578322
b,Preview,Sine,limit bandwidth,45,108.493235854861,966.509477065224,966.535368473033
b,Preview,Sine,limit bandwidth,45,108.570236022252,973.007460481555,973.015937874114
b,Preview,Sine,limit bandwidth,45,108.647236189644,979.518237554632,979.560182436009
b,Preview,Sine,limit bandwidth,45,108.724236357036,986.038722370774,986.077253396229
b,Preview,Sine,limit bandwidth,45,108.801236524427,992.565824415117,992.557585756386
b,Preview,Sine,limit bandwidth,45,108.878236691819,999.096450036432,999.132841428915
b,Preview,Sine,limit bandwidth,45,108.955236859211,1005.62750391341,1005.67345727876
b,Preview,Sine,limit bandwidth,45,109.032237026602,1012.15589052179,1012.17049401191
b,Preview,Sine,limit bandwidth,45,109.109237193994,1018.67851560147,1018.70552175232
b,Preview,Sine,limit bandwidth,45,109.186237361386,1025.19228762318,1025.24082983214
b,Preview,Sine,limit bandwidth,45,109.263237528777,1031.69411925373,1031.72570282552
b,Preview,Sine,limit bandwidth,45,109.340237696169,1038.18092881929,1038.19496933009
b,Preview,Sine,limit bandwidth,45,109.417237863561,1044.64964176607,1044.69660074212
b,Preview,Sine,limit bandwidth,45,109.494238030952,1051.09719211753,1051.14040856022
b,Preview,Sine,limit bandwidth,45,109.571238198344,1057.52052392756,1057.51812621991
b,Preview,Sine,limit bandwidth,45,109.648238365736,1063.91659272891,1063.95771235073
b,Preview,Sine,limit bandwidth,45,109.725238533127,1070.2823669762,1070.33248369844
b,Preview,Sine,limit bandwidth,45,109.802238700519,1076.61482948275,1076.63421416016
b,Preview,Sine,limit bandwidth,45,109.879238867911,1082.91097885064,1082.94244923661
b,Preview,Sine,limit bandwidth,45,109.956239035302,1089.16783089332,1089.21991735961
b,Preview,Sine,limit bandwidth,45,110.033239202694,1095.38242004997,1095.41804891726
b,Preview,Sine,limit bandwidth,45,110.110239370086,1101.55180079112,1101.57054731585
b,Preview,Sine,limit bandwidth,45,110.187239537477,1107.67304901475,1107.72278607644
b,Preview,Sine,limit bandwidth,45,110.264239704869,1113.74326343221,1113.78948561412
b,Preview,Sine,limit bandwidth,45,110.341239872261,1119.75956694334,1119.76297791205
b,Preview,Sine,limit bandwidth,45,110.418240039652,1125.71910800014,1125.76286245016
b,Preview,Sine,limit bandwidth,45,110.495240207044,1131.61906195832,1131.67088094219
b,Preview,Sine,limit bandwidth,45,110.572240374436,1137.4566324161,1137.48020975103
b,Preview,Sine,limit bandwidth,45,110.649240541827,1143.2290525396,1143.26356323716
b,Preview,Sine,limit bandwidth,45,110.726240709219,1148.93358637425,1148.98662387514
b,Preview,Sine,limit bandwidth,45,110.803240876611,1154.56753014157,1154.60543174766
b,Preview,Sine,limit bandwidth,45,110.880241044002,1160.12821352065,1160.15090138864
b,Preview,Sine,limit bandwidth,45,110.957241211394,1165.61300091381,1165.66331316637
b,Preview,Sine,limit bandwidth,45,111.034241378786,1171.01929269581,1171.06620955678
b,Preview,Sine,limit bandwidth,45,111.111241546177,1176.34452644596,1176.3535125824
b,Preview,Sine,limit bandwidth,45,111.188241713569,1181.58617816267,1181.63055573637
b,Preview,Sine,limit bandwidth,45,111.265241880961,1186.74176345975,1186.79299010763
b,Preview,Sine,limit bandwidth,45,111.342242048352,1191.80883874389,1191.83538543625
b,Preview,Sine,limit bandwidth,45,111.419242215744,1196.7850023729,1196.82085002684
b,Preview,Sine,limit bandwidth,45,111.496242383136,1201.66789579398,1201.71944933627
b,Preview,Sine,limit bandwidth,45,111.573242550527,1206.45520466165,1206.49369242821
b,Preview,Sine,limit bandwidth,45,111.650242717919,1211.14465993461,1211.17019139058
b,Preview,Sine,limit bandwidth,45,111.727242885311,1215.73403895127,1215.78246749023
b,Preview,Sine,limit bandwidth,45,111.804243052702,1220.22116648319,1220.26665008735
b,Preview,Sine,limit bandwidth,45,111.881243220094,1224.60391576605,1224.61814162173
b,Preview,Sine,limit bandwidth,45,111.958243387486,1228.88020950774,1228.92308684058
b,Preview,Sine,limit bandwidth,45,112.035243554877,1233.04802087286,1233.09614179741
b,Preview,Sine,limit bandwidth,45,112.112243722269,1237.10537444343,1237.13367995595
b,Preview,Sine,limit bandwidth,45,112.189243889661,1241.05034715515,1241.08598834691
b,Preview,Sine,limit bandwidth,45,112.266244057052,1244.88106920892,1244.9286259686
b,Preview,Sine,limit bandwidth,45,112.343244224444,1248.59572495698,1248.63288132605
b,Preview,Sine,limit bandwidth,45,112.420244391836,1252.19255376359,1252.21972565862
b,Preview,Sine,limit bandwidth,45,112.497244559227,1255.66985083941,1255.7143544926
b,Preview,Sine,limit bandwidth,45,112.574244726619,1259.0259680496,1259.0677974671
b,Preview,Sine,limit bandwidth,45,112.651244894011,1262.25931469492,1262.27797284897
b,Preview,Sine,limit bandwidth,45,112.728245061402,1265.36835826574,1265.40768007052
b,Preview,Sine,limit bandwidth,45,112.805245228794,1268.35162516836,1268.39460962327
b,Preview,Sine,limit bandwidth,45,112.882245396186,1271.20770142344,1271.23651637508
b,Preview,Sine,limit bandwidth,45,112.959245563577,1273.93523333624,1273.96877095851
b,Preview,Sine,limit bandwidth,45,113.036245730969,1276.53292813817,1276.57418685583
b,Preview,Sine,limit bandwidth,45,113.113245898361,1278.99955459956,1279.03376977386
b,Preview,Sine,limit bandwidth,45,113.190246065752,1281.33394361321,1281.36172957581
b,Preview,Sine,limit bandwidth,45,113.267246233144,1283.53498874851,1283.57315342072
b,Preview,Sine,limit bandwidth,45,113.344246400536,1285.60164677588,1285.63773126275
b,Preview,Sine,limit bandwidth,45,113.421246567927,1287.53293816119,1287.55521996885
b,Preview,Sine,limit bandwidth,45,113.498246735319,1289.32794753008,1289.36227534391
b,Preview,Sine,limit bandwidth,45,113.575246902711,1290.98582410175,1291.02144829852
b,Preview,Sine,limit bandwidth,45,113.652247070102,1292.50578209229,1292.53349047226
b,Preview,Sine,limit bandwidth,45,113.729247237494,1293.88710108705,1293.91697238927
b,Preview,Sine,limit bandwidth,45,113.806247404886,1295.12912638211,1295.16250233966
b,Preview,Sine,limit bandwidth,45,113.883247572277,1296.23126929463,1296.26103826522
b,Preview,Sine,limit bandwidth,45,113.960247739669,1297.19300744181,1297.21969839501
b,Preview,Sine,limit bandwidth,45,114.037247907061,1298.01388498853,1298.04389435035
b,Preview,Sine,limit bandwidth,45,114.114248074452,1298.69351286336,1298.72237589304
b,Preview,Sine,limit bandwidth,45,114.191248241844,1299.23156894302,1299.25678666238
b,Preview,Sine,limit bandwidth,45,114.268248409236,1299.627798205,1299.65498057303
b,Preview,Sine,limit bandwidth,45,114.345248576627,1299.88201284848,1299.90844348739
b,Preview,Sine,limit bandwidth,45,114.422248744019,1299.99409238333,1300.0195183536
b,Preview,Sine,limit bandwidth,45,114.499248911411,1299.9639836872,1299.98934925677
b,Preview,Sine,limit bandwidth,45,114.576249078802,1299.7917010307,1299.81535923045
b,Preview,Sine,limit bandwidth,45,114.653249246194,1299.47732607066,1299.50086985047
b,Preview,Sine,limit bandwidth,45,114.730249413586,1299.02100781142,1299.04541208148
b,Preview,Sine,limit bandwidth,45,114.807249580977,1298.42296253419,1298.44384780288
b,Preview,Sine,limit bandwidth,45,114.884249748369,1297.68347369455,1297.7039029939
b,Preview,Sine,limit bandwidth,45,114.961249915761,1296.8028917881,1296.82929495036
b,Preview,Sine,limit bandwidth,45,115.038250083152,1295.78163418434,1295.80041507109
b,Preview,Sine,limit bandwidth,45,115.115250250544,1294.62018492885,1294.63646147318
b,Preview,Sine,limit bandwidth,45,115.192250417936,1293.31909451384,1293.34149660197
b,Preview,Sine,limit bandwidth,45,115.269250585327,1291.87897961727,1291.89792868102
b,Preview,Sine,limit bandwidth,45,115.346250752719,1290.30052281056,1290.31314787032
b,Preview,Sine,limit bandwidth,45,115.423250920111,1288.58447223503,1288.60085912713
b,Preview,Sine,limit bandwidth,45,115.500251087502,1286.73164124736,1286.75329495893
b,Preview,Sine,limit bandwidth,45,115.577251254894,1284.74290803403,1284.75340888809
b,Preview,Sine,limit bandwidth,45,115.654251422286,1282.61921519515,1282.62977023333
b,Preview,Sine,limit bandwidth,45,115.731251589677,1280.36156929761,1280.38802153881
b,Preview,Sine,limit bandwidth,45,115.808251757069,1277.97104039809,1277.98102675778
b,Preview,Sine,limit bandwidth,45,115.885251924461,1275.44876153581,1275.45431154343
b,Preview,Sine,limit bandwidth,45,115.962252091852,1272.79592819554,1272.81356233892
b,Preview,Sine,limit bandwidth,45,116.039252259244,1270.01379774098,1270.02550271787
b,Preview,Sine,limit bandwidth,45,116.116252426636,1267.10368881878,1267.10500816851
b,Preview,Sine,limit bandwidth,45,116.193252594027,1264.06698073357,1264.07596464723
b,Preview,Sine,limit bandwidth,45,116.270252761419,1260.90511279421,1260.92214994367
b,Preview,Sine,limit bandwidth,45,116.347252928811,1257.61958363155,1257.61895819009
b,Preview,Sine,limit bandwidth,45,116.424253096202,1254.2119504882,1254.2123461194
b,Preview,Sine,limit bandwidth,45,116.501253263594,1250.6838284804,1250.70983810489
b,Preview,Sine,limit bandwidth,45,116.578253430986,1247.03688983249,1247.03735942627
b,Preview,Sine,limit bandwidth,45,116.655253598377,1243.27286308436,1243.26687457313
b,Preview,Sine,limit bandwidth,45,116.732253765769,1239.39353227216,1239.4057098331
b,Preview,Sine,limit bandwidth,45,116.809253933161,1235.40073608272,1235.4051454072
b,Preview,Sine,limit bandwidth,45,116.886254100552,1231.29636698205,1231.28655339632
b,Preview,Sine,limit bandwidth,45,116.963254267944,1227.08237031841,1227.08276377607
b,Preview,Sine,limit bandwidth,45,117.040254435336,1222.76074340023,1222.77246214576
b,Preview,Sine,limit bandwidth,45,117.117254602727,1218.33353454947,1218.32214814323
b,Preview,Sine,limit bandwidth,45,117.194254770119,1213.80284213077,1213.79361862412
b,Preview,Sine,limit bandwidth,45,117.271254937511,1209.17081355687,1209.19424312902
b,Preview,Sine,limit bandwidth,45,117.348255104902,1204.43964427084,1204.43029201544
b,Preview,Sine,limit bandwidth,45,117.425255272294,1199.61157670548,1199.59456406075
b,Preview,Sine,limit bandwidth,45,117.502255439686,1194.68889922046,1194.69575466474
b,Preview,Sine,limit bandwidth,45,117.579255607077,1189.67394501775,1189.67064749077
b,Preview,Sine,limit bandwidth,45,117.656255774469,1184.56909103571,1184.54802364488
b,Preview,Sine,limit bandwidth,45,117.733255941861,1179.37675682251,1179.36870949262
b,Preview,Sine,limit bandwidth,45,117.810256109252,1174.09940338933,1174.10572429912
b,Preview,Sine,limit bandwidth,45,117.887256276644,1168.73953204392,1168.71817844818
b,Preview,Sine,limit bandwidth,45,117.964256444036,1163.29968320507,1163.28049505206
b,Preview,Sine,limit bandwidth,45,118.041256611427,1157.78243519847,1157.80231029617
b,Preview,Sine,limit bandwidth,45,118.118256778819,1152.19040303476,1152.17199642538
b,Preview,Sine,limit bandwidth,45,118.195256946211,1146.52623716998,1146.49954872574
b,Preview,Sine,limit bandwidth,45,118.272257113602,1140.79262224942,1140.7930437626
b,Preview,Sine,limit bandwidth,45,118.349257280994,1134.99227583513,1134.98112898004
b,Preview,Sine,limit bandwidth,45,118.426257448386,1129.12794711791,1129.09685607301
b,Preview,Sine,limit bandwidth,45,118.503257615777,1123.20241561424,1123.18692365576
b,Preview,Sine,limit bandwidth,45,118.580257783169,1117.2184898489,1117.21896810411
b,Preview,Sine,limit bandwidth,45,118.657257950561,1111.17900602381,1111.14812251294
b,Preview,Sine,limit bandwidth,45,118.734258117952,1105.08682667374,1105.05876212401
b,Preview,Sine,limit bandwidth,45,118.811258285344,1098.94483930956,1098.96063916276
b,Preview,Sine,limit bandwidth,45,118.888258452736,1092.75595504966,1092.72961337177
b,Preview,Sine,limit bandwidth,45,118.965258620127,1086.52310724016,1086.48726845586
b,Preview,Sine,limit bandwidth,45,119.042258787519,1080.24925006457,1080.24331200146
b,Preview,Sine,limit bandwidth,45,119.119258954911,1073.93735714364,1073.91918408187
b,Preview,Sine,limit bandwidth,45,119.196259122302,1067.59042012589,1067.55125572297
b,Preview,Sine,limit bandwidth,45,119.273259289694,1061.21144726973,1061.18861620898
b,Preview,Sine,limit bandwidth,45,119.350259457086,1054.80346201757,1054.79779152105
b,Preview,Sine,limit bandwidth,45,119.427259624477,1048.36950156286,1048.33077197241
b,Preview,Sine,limit bandwidth,45,119.504259791869,1041.91261541048,1041.87748864971
b,Preview,Sine,limit bandwidth,45,119.581259959261,1035.43586393145,1035.44674745117
b,Preview,Sine,limit bandwidth,45,119.658260126652,1028.94231691233,1028.90877735544
b,Preview,Sine,limit bandwidth,45,119.735260294044,1022.43505210027,1022.39194085606
b,Preview,Sine,limit bandwidth,45,119.812260461436,1015.91715374424,1015.90547567295
b,Preview,Sine,limit bandwidth,45,119.889260628827,1009.39171113321,1009.36758145513
b,Preview,Sine,limit bandwidth,45,119.966260796219,1002.86181713188,1002.81580358162
b,Preview,Sine,limit bandwidth,45,120.043260963611,996.330566714793,996.301539010479
b,Preview,Sine,limit bandwidth,45,120.120261131002,989.801055499375,989.789756247476
b,Preview,Sine,limit bandwidth,45,120.197261298394,983.276378278739,983.232003090379
b,Preview,Sine,limit bandwidth,45,120.274261465786,976.759627554816,976.718649310505
b,Preview,Sine,limit bandwidth,45,120.351261633177,970.253892072625,970.259111288253
b,Preview,Sine,limit bandwidth,45,120.428261800569,963.762255356284,963.723305405647
b,Preview,Sine,limit bandwidth,45,120.505261967961,957.287794247522,957.239786929973
b,Preview,Sine,limit bandwidth,45,120.582262135352,950.833577447333,950.816649935315
b,Preview,Sine,limit bandwidth,45,120.659262302744,944.402664061527,944.373324701118
b,Preview,Sine,limit bandwidth,45,120.736262470136,937.998102150782,937.947590846829
b,Preview,Sine,limit bandwidth,45,120.813262637527,931.622927285974,931.589319838725
b,Preview,Sine,limit bandwidth,45,120.890262804919,925.280161109391,925.263905346832
b,Preview,Sine,limit bandwidth,45,120.967262972311,918.972809902572,918.9244260273
b,Preview,Sine,limit bandwidth,45,121.044263139702,912.70386316142,912.659020538689
b,Preview,Sine,limit bandwidth,45,121.121263307094,906.476292179275,906.475797211591
b,Preview,Sine,limit bandwidth,45,121.198263474486,900.293048638593,900.250747114993
b,Preview,Sine,limit bandwidth,45,121.275263641877,894.157063211959,894.106150380113
b,Preview,Sine,limit bandwidth,45,121.352263809269,888.071244173019,888.049716995205
b,Preview,Sine,limit bandwidth,45,121.429263976661,882.038476018051,882.005484515041
b,Preview,Sine,limit bandwidth,45,121.506264144052,876.0616180988,876.009178274454
b,Preview,Sine,limit bandwidth,45,121.583264311444,870.143503267236,870.106851990972
b,Preview,Sine,limit bandwidth,45,121.660264478836,864.286936532855,864.266257048444
b,Preview,Sine,limit bandwidth,45,121.737264646227,858.494693733197,858.444747933172
b,Preview,Sine,limit bandwidth,45,121.814264813619,852.769520218186,852.72307733567
b,Preview,Sine,limit bandwidth,45,121.891264981011,847.114129548896,847.107978737925
b,Preview,Sine,limit bandwidth,45,121.968265148402,841.531202211433,841.487300137255
b,Preview,Sine,limit bandwidth,45,122.045265315794,836.023384346443,835.972033566899
b,Preview,Sine,limit bandwidth,45,122.122265483186,830.59328649493,830.568310084011
b,Preview,Sine,limit bandwidth,45,122.199265650578,825.243482360933,825.208433231631
b,Preview,Sine,limit bandwidth,45,122.276265817969,819.976507591675,819.924486547054
b,Preview,Sine,limit bandwidth,45,122.353265985361,814.794858575725,814.756860660662
b,Preview,Sine,limit bandwidth,45,122.430266152752,809.700991259804,809.676997618378
b,Preview,Sine,limit bandwidth,45,122.507266320144,804.697319984735,804.648201909606
b,Preview,Sine,limit bandwidth,45,122.584266487536,799.786216341107,799.740298032827
b,Preview,Sine,limit bandwidth,45,122.661266654927,794.970008045221,794.958447179705
b,Preview,Sine,limit bandwidth,45,122.738266822319,790.250977835823,790.207685320256
b,Preview,Sine,limit bandwidth,45,122.815266989711,785.631362392146,785.582046262504
b,Preview,Sine,limit bandwidth,45,122.892267157103,781.113351273802,781.086012475587
b,Preview,Sine,limit bandwidth,45,122.969267324494,776.699085882987,776.663629071648
b,Preview,Sine,limit bandwidth,45,123.046267491886,772.390658449526,772.341612567173
b,Preview,Sine,limit bandwidth,45,123.123267659278,768.190111039216,768.152629792056
b,Preview,Sine,limit bandwidth,45,123.200267826669,764.099434585943,764.073096968569
b,Preview,Sine,limit bandwidth,45,123.277267994061,760.120567948052,760.074579540425
b,Preview,Sine,limit bandwidth,45,123.354268161453,756.255396989374,756.212277547999
b,Preview,Sine,limit bandwidth,45,123.431268328844,752.505753685388,752.489417821988
b,Preview,Sine,limit bandwidth,45,123.508268496236,748.873415254919,748.832668963031
b,Preview,Sine,limit bandwidth,45,123.585268663628,745.360103317788,745.315040272771
b,Preview,Sine,limit bandwidth,45,123.662268831019,741.967483078816,741.939235871108
b,Preview,Sine,limit bandwidth,45,123.739268998411,738.69716253857,738.6630774374
b,Preview,Sine,limit bandwidth,45,123.816269165803,735.550691731214,735.506893079558
b,Preview,Sine,limit bandwidth,45,123.893269333194,732.529561989843,732.494134938727
b,Preview,Sine,limit bandwidth,45,123.970269500586,729.635205239631,729.608013814318
b,Preview,Sine,limit bandwidth,45,124.047269667978,726.868993319147,726.828464715604
b,Preview,Sine,limit bandwidth,45,124.124269835369,724.232237330141,724.193958851232
b,Preview,Sine,limit bandwidth,45,124.201270002761,721.726187016123,721.705485582408
b,Preview,Sine,limit bandwidth,45,124.278270170153,719.352030170017,719.315807027843
b,Preview,Sine,limit bandwidth,45,124.355270337544,717.11089207119,717.07246735193
b,Preview,Sine,limit bandwidth,45,124.432270504936,715.0038349521,714.976055972617
b,Preview,Sine,limit bandwidth,45,124.509270672328,713.031857494824,713.00052942617
b,Preview,Sine,limit bandwidth,45,124.586270839719,711.195894357725,711.15924028764
b,Preview,Sine,limit bandwidth,45,124.663271007111,709.496815732438,709.465487184405
b,Preview,Sine,limit bandwidth,45,124.740271174503,707.935426931437,707.908733849856
b,Preview,Sine,limit bandwidth,45,124.817271341894,706.512468006333,706.479189735481
b,Preview,Sine,limit bandwidth,45,124.894271509286,705.228613397114,705.196612571632
b,Preview,Sine,limit bandwidth,45,124.971271676678,704.084471612482,704.060869750705
b,Preview,Sine,limit bandwidth,45,125.048271844069,703.080584941438,703.050827673643
b,Preview,Sine,limit bandwidth,45,125.125272011461,702.21742919625,702.187405484656
b,Preview,Sine,limit bandwidth,45,125.202272178853,701.495413486936,701.468919013579
b,Preview,Sine,limit bandwidth,45,125.279272346244,700.914880027357,700.887871333791
b,Preview,Sine,limit bandwidth,45,125.356272513636,700.476103973017,700.448731770209
b,Preview,Sine,limit bandwidth,45,125.433272681028,700.179293290647,700.153539534892
b,Preview,Sine,limit bandwidth,45,125.510272848419,700.024588659638,699.999341555661
b,Preview,Sine,limit bandwidth,45,125.587273015811,700.012063405358,699.987366799031
b,Preview,Sine,limit bandwidth,45,125.664273183203,700.141723464405,700.118073751422
b,Preview,Sine,limit bandwidth,45,125.741273350594,700.413507381787,700.388147929637
b,Preview,Sine,limit bandwidth,45,125.818273517986,700.827286340052,700.805213622367
b,Preview,Sine,limit bandwidth,45,125.895273685378,701.382864220344,701.362165895901
b,Preview,Sine,limit bandwidth,45,125.972273852769,702.079977695359,702.056623408898
b,Preview,Sine,limit bandwidth,45,126.049274020161,702.918296354151,702.897193341864
b,Preview,Sine,limit bandwidth,45,126.126274187553,703.897422858736,703.880523724981
b,Preview,Sine,limit bandwidth,45,126.203274354944,705.016893132427,704.997351388846
b,Preview,Sine,limit bandwidth,45,126.280274522336,706.276176579781,706.253647090548
b,Preview,Sine,limit bandwidth,45,126.357274689728,707.674676338092,707.660265923123
b,Preview,Sine,limit bandwidth,45,126.434274857119,709.211729560285,709.197501726074
b,Preview,Sine,limit bandwidth,45,126.511275024511,710.886607729086,710.86031772436
b,Preview,Sine,limit bandwidth,45,126.588275191903,712.698517002316,712.684864873419
b,Preview,Sine,limit bandwidth,45,126.665275359294,714.646598589148,714.636921375725
b,Preview,Sine,limit bandwidth,45,126.742275526686,716.729929157153,716.710853614436
b,Preview,Sine,limit bandwidth,45,126.819275694078,718.947521269925,718.933089170723
b,Preview,Sine,limit bandwidth,45,126.896275861469,721.298323855102,721.292110002962
b,Preview,Sine,limit bandwidth,45,126.973276028861,723.781222702538,723.769459279587
b,Preview,Sine,limit bandwidth,45,127.050276196253,726.39504099241,726.376675736566
b,Preview,Sine,limit bandwidth,45,127.127276363644,729.138539852994,729.134955442121
b,Preview,Sine,limit bandwidth,45,127.204276531036,732.010418947851,732.005673274636
b,Preview,Sine,limit bandwidth,45,127.281276698428,735.00931709215,734.983390584639
b,Preview,Sine,limit bandwidth,45,127.358276865819,738.133812897825,738.129864536691
b,Preview,Sine,limit bandwidth,45,127.435277033211,741.382425447279,741.384142485039
b,Preview,Sine,limit bandwidth,45,127.512277200603,744.753614995283,744.739322602826
b,Preview,Sine,limit bandwidth,45,127.589277367994,748.24578369878,748.238346903618
b,Preview,Sine,limit bandwidth,45,127.666277535386,751.85727637421,751.862865377059
b,Preview,Sine,limit bandwidth,45,127.743277702778,755.586381282014,755.583011660951
b,Preview,Sine,limit bandwidth,45,127.820277870169,759.431330937955,759.41774041705
b,Preview,Sine,limit bandwidth,45,127.897278037561,763.390302950845,763.397077795416
b,Preview,Sine,limit bandwidth,45,127.974278204953,767.461420886311,767.466998420256
b,Preview,Sine,limit bandwidth,45,128.051278372344,771.64275515616,771.618852039646
b,Preview,Sine,limit bandwidth,45,128.128278539736,775.932323932964,775.938097403971
b,Preview,Sine,limit bandwidth,45,128.205278707128,780.328094089361,780.340527722428
b,Preview,Sine,limit bandwidth,45,128.282278874519,784.827982161717,784.819163193742
b,Preview,Sine,limit bandwidth,45,128.359279041911,789.429855337616,789.430459662309
b,Preview,Sine,limit bandwidth,45,128.436279209303,794.131532466753,794.148545666634
b,Preview,Sine,limit bandwidth,45,128.513279376694,798.930785094732,798.935576267763
b,Preview,Sine,limit bandwidth,45,128.590279544086,803.825338519293,803.81678293777
b,Preview,Sine,limit bandwidth,45,128.667279711478,808.812872868439,808.830555452498
b,Preview,Sine,limit bandwidth,45,128.744279878869,813.891024200001,813.906750952609
b,Preview,Sine,limit bandwidth,45,128.821280046261,819.057385622065,819.036371389388
b,Preview,Sine,limit bandwidth,45,128.898280213653,824.309508433774,824.32409573195
b,Preview,Sine,limit bandwidth,45,128.975280381044,829.644903285937,829.668008633861
b,Preview,Sine,limit bandwidth,45,129.052280548436,835.061041360907,835.058571270296
b,Preview,Sine,limit bandwidth,45,129.129280715828,840.555355571156,840.563788615688
b,Preview,Sine,limit bandwidth,45,129.206280883219,846.125241776013,846.152335698608
b,Preview,Sine,limit bandwidth,45,129.283281050611,851.768060015934,851.780766488665
b,Preview,Sine,limit bandwidth,45,129.360281218003,857.481135763777,857.478716971495
b,Preview,Sine,limit bandwidth,45,129.437281385394,863.261761192439,863.289379235132
b,Preview,Sine,limit bandwidth,45,129.514281552786,869.107196458284,869.13196850732
b,Preview,Sine,limit bandwidth,45,129.591281720178,875.014670999761,874.997166901855
b,Preview,Sine,limit bandwidth,45,129.668281887569,880.981384850548,881.004941765193
b,Preview,Sine,limit bandwidth,45,129.745282054961,887.004509966665,887.037308007778
b,Preview,Sine,limit bandwidth,45,129.822282222353,893.081191566872,893.08493502687
b,Preview,Sine,limit bandwidth,45,129.899282389744,899.208549485771,899.223833369433
b,Preview,Sine,limit bandwidth,45,129.976282557136,905.38367953889,905.420013929964
b,Preview,Sine,limit bandwidth,45,130.053282724528,911.603654899203,911.624121346445
b,Preview,Sine,limit bandwidth,45,130.130282891919,917.865527484343,917.869172567929
b,Preview,Sine,limit bandwidth,45,130.207283059311,924.166329353911,924.202128119691
b,Preview,Sine,limit bandwidth,45,130.284283226703,930.503074116201,930.535682030717
b,Preview,Sine,limit bandwidth,45,130.361283394094,936.872758343637,936.860234720318
b,Preview,Sine,limit bandwidth,45,130.438283561486,943.272362996324,943.303626669478
b,Preview,Sine,limit bandwidth,45,130.515283728878,949.698854852991,949.73948806873
b,Preview,Sine,limit bandwidth,45,130.592283896269,956.149187948624,956.158647737757
b,Preview,Sine,limit bandwidth,45,130.669284063661,962.620305018178,962.642470048783
b,Preview,Sine,limit bandwidth,45,130.746284231053,969.10913894563,969.15311564119
b,Preview,Sine,limit bandwidth,45,130.823284398444,975.612614217689,975.639648698754
b,Preview,Sine,limit bandwidth,45,130.900284565836,982.127648381507,982.136715486898
b,Preview,Sine,limit bandwidth,45,130.977284733228,988.651153505672,988.693769758725
b,Preview,Sine,limit bandwidth,45,131.054284900619,995.180037643783,995.219329910345
b,Preview,Sine,limit bandwidth,45,131.131285068011,1001.71120629995,1001.70407573192
b,Preview,Sine,limit bandwidth,45,131.208285235403,1008.24156389549,1008.27872012771
b,Preview,Sine,limit bandwidth,45,131.285285402794,1014.76801523614,1014.81452768646
b,Preview,Sine,limit bandwidth,45,131.362285570186,1021.28746697907,1021.30273004042
b,Preview,Sine,limit bandwidth,45,131.439285737578,1027.79682909909,1027.82467485862
b,Preview,Sine,limit bandwidth,45,131.516285904969,1034.29301635314,1034.34231841394
b,Preview,Sine,limit bandwidth,45,131.593286072361,1040.77294974269,1040.80504600523
b,Preview,Sine,limit bandwidth,45,131.670286239753,1047.23355797303,1047.2482147378
b,Preview,Sine,limit bandwidth,45,131.747286407144,1053.67177890901,1053.71929883982
b,Preview,Sine,limit bandwidth,45,131.824286574536,1060.08456102639,1060.12849538493
b,Preview,Sine,limit bandwidth,45,131.901286741928,1066.46886485818,1066.46715241053
b,Preview,Sine,limit bandwidth,45,131.978286909319,1072.82166443521,1072.86318233412
b,Preview,Sine,limit bandwidth,45,132.055287076711,1079.13994872042,1079.19043389362
b,Preview,Sine,limit bandwidth,45,132.132287244103,1085.42072303595,1085.44090903324
b,Preview,Sine,limit bandwidth,45,132.209287411494,1091.66101048255,1091.69300966461
b,Preview,Sine,limit bandwidth,45,132.286287578886,1097.85785335054,1097.91014556374
b,Preview,Sine,limit bandwidth,45,132.363287746278,1104.00831452166,1104.0443301169
b,Preview,Sine,limit bandwidth,45,132.440287913669,1110.10947886118,1110.12888606033
b,Preview,Sine,limit bandwidth,45,132.517288081061,1116.15845459963,1116.20847218609
b,Preview,Sine,limit bandwidth,45,132.594288248453,1122.15237470334,1122.19877346722
b,Preview,Sine,limit bandwidth,45,132.671288415844,1128.08839823338,1128.09257149793
b,Preview,Sine,limit bandwidth,45,132.748288583236,1133.96371169206,1134.00768218952
b,Preview,Sine,limit bandwidth,45,132.825288750628,1139.77553035647,1139.82746491311
b,Preview,Sine,limit bandwidth,45,132.902288918019,1145.52109959829,1145.54514374202
b,Preview,Sine,limit bandwidth,45,132.979289085411,1151.1976961895,1151.23247936871
b,Preview,Sine,limit bandwidth,45,133.056289252803,1156.80262959301,1156.85559693281
b,Preview,Sine,limit bandwidth,45,133.133289420194,1162.33324323795,1162.37134594928
b,Preview,Sine,limit bandwidth,45,133.210289587586,1167.78691577881,1167.81007281208
b,Preview,Sine,limit bandwidth,45,133.287289754978,1173.16106233786,1173.21126646652
b,Preview,Sine,limit bandwidth,45,133.364289922369,1178.45313573028,1178.49998125671
b,Preview,Sine,limit bandwidth,45,133.441290089761,1183.6606276715,1183.67035856171
b,Preview,Sine,limit bandwidth,45,133.518290257153,1188.78106996604,1188.82533662447
b,Preview,Sine,limit bandwidth,45,133.595290424544,1193.81203567733,1193.86301775475
b,Preview,Sine,limit bandwidth,45,133.672290591936,1198.75114027803,1198.77803943638
b,Preview,Sine,limit bandwidth,45,133.749290759328,1203.59604278022,1203.63194449708
b,Preview,Sine,limit bandwidth,45,133.826290926719,1208.34444684496,1208.3955015304
b,Preview,Sine,limit bandwidth,45,133.903291094111,1212.99410187069,1213.03256929038
b,Preview,Sine,limit bandwidth,45,133.980291261503,1217.54280405993,1217.56870644291
b,Preview,Sine,limit bandwidth,45,134.057291428894,1221.98839746384,1222.03640818641
b,Preview,Sine,limit bandwidth,45,134.134291596286,1226.32877500404,1226.37375867555
b,Preview,Sine,limit bandwidth,45,134.211291763678,1230.56187947136,1230.5767461703
b,Preview,Sine,limit bandwidth,45,134.288291931069,1234.68570450082,1234.72830916082
b,Preview,Sine,limit bandwidth,45,134.365292098461,1238.69829552266,1238.74586702034
b,Preview,Sine,limit bandwidth,45,134.442292265853,1242.59775068868,1242.62613287714
b,Preview,Sine,limit bandwidth,45,134.519292433244,1246.38222177373,1246.41754676104
b,Preview,Sine,limit bandwidth,45,134.596292600636,1250.04991505165,1250.09686492495
b,Preview,Sine,limit bandwidth,45,134.673292768028,1253.59909214547,1253.6360336028
b,Preview,Sine,limit bandwidth,45,134.750292935419,1257.02807085137,1257.05537594901
b,Preview,Sine,limit bandwidth,45,134.827293102811,1260.33522593595,1260.3787441845
b,Preview,Sine,limit bandwidth,45,134.904293270203,1263.51898990657,1263.56022883296
b,Preview,Sine,limit bandwidth,45,134.981293437594,1266.57785375431,1266.5972225037
b,Preview,Sine,limit bandwidth,45,135.058293604986,1269.51036766913,1269.54911068352
b,Preview,Sine,limit bandwidth,45,135.135293772378,1272.31514172712,1272.35699949168
b,Preview,Sine,limit bandwidth,45,135.212293939769,1274.99084654923,1275.01951732027
b,Preview,Sine,limit bandwidth,45,135.289294107161,1277.53621393137,1277.56952288571
b,Preview,Sine,limit bandwidth,45,135.366294274553,1279.95003744549,1279.99038458144
b,Preview,Sine,limit bandwidth,45,135.443294441944,1282.23117301142,1282.26474457479
b,Preview,Sine,limit bandwidth,45,135.520294609336,1284.3785394391,1284.40603145757
b,Preview,Sine,limit bandwidth,45,135.597294776728,1286.39111894103,1286.4284761941
b,Preview,Sine,limit bandwidth,45,135.674294944119,1288.2679576147,1288.30328251598
b,Preview,Sine,limit bandwidth,45,135.751295111511,1290.0081658947,1290.03089286017
b,Preview,Sine,limit bandwidth,45,135.828295278903,1291.61091897432,1291.64399226962
b,Preview,Sine,limit bandwidth,45,135.905295446294,1293.07545719653,1293.10999717561
b,Preview,Sine,limit bandwidth,45,135.982295613686,1294.40108641398,1294.42876848462
b,Preview,Sine,limit bandwidth,45,136.059295781078,1295.58717831806,1295.61653237402
b,Preview,Sine,limit bandwidth,45,136.136295948469,1296.63317073668,1296.66499530357
b,Preview,Sine,limit bandwidth,45,136.213296115861,1297.53856790068,1297.56741823181
b,Preview,Sine,limit bandwidth,45,136.290296283253,1298.3029406789,1298.32965081473
b,Preview,Sine,limit bandwidth,45,136.367296450644,1298.92592678147,1298.95486101284
b,Preview,Sine,limit bandwidth,45,136.444296618036,1299.40723093162,1299.43485299987
b,Preview,Sine,limit bandwidth,45,136.521296785428,1299.74662500557,1299.77177365162
b,Preview,Sine,limit bandwidth,45,136.598296952819,1299.94394814067,1299.9703277625
b,Preview,Sine,limit bandwidth,45,136.675297120211,1299.99910681166,1300.02438959712
b,Preview,Sine,limit bandwidth,45,136.752297287603,1299.91207487497,1299.93712070396
b,Preview,Sine,limit bandwidth,45,136.829297454994,1299.68289358114,1299.70697727435
b,Preview,Sine,limit bandwidth,45,136.906297622386,1299.31167155525,1299.33393549691
b,Preview,Sine,limit bandwidth,45,136.983297789778,1298.79858474545,1298.82145772393
b,Preview,Sine,limit bandwidth,45,137.060297957169,1298.14387633954,1298.16801600968
b,Preview,Sine,limit bandwidth,45,137.137298124561,1297.34785664974,1297.36702921981
b,Preview,Sine,limit bandwidth,45,137.214298291953,1296.41090296557,1296.42981623831
b,Preview,Sine,limit bandwidth,45,137.291298459344,1295.33345937508,1295.36026331299
b,Preview,Sine,limit bandwidth,45,137.368298626736,1294.1160365543,1294.13379392496
b,Preview,Sine,limit bandwidth,45,137.445298794128,1292.75921152527,1292.77388535568
b,Preview,Sine,limit bandwidth,45,137.522298961519,1291.26362738249,1291.285040771
b,Preview,Sine,limit bandwidth,45,137.599299128911,1289.62999298812,1289.64832630708
b,Preview,Sine,limit bandwidth,45,137.676299296303,1287.85908263602,1287.87039630225
b,Preview,Sine,limit bandwidth,45,137.753299463694,1285.95173568476,1285.96711114675
b,Preview,Sine,limit bandwidth,45,137.830299631086,1283.90885615977,1283.92939889981
b,Preview,Sine,limit bandwidth,45,137.907299798478,1281.73141232487,1281.74043348152
b,Preview,Sine,limit bandwidth,45,137.984299965869,1279.42043622334,1279.42989427252
b,Preview,Sine,limit bandwidth,45,138.061300133261,1276.97702318876,1277.00356086223
b,Preview,Sine,limit bandwidth,45,138.138300300653,1274.40233132587,1274.41069563367
b,Preview,Sine,limit bandwidth,45,138.215300468044,1271.69758096162,1271.70129028017
b,Preview,Sine,limit bandwidth,45,138.292300635436,1268.86405406683,1268.88131485956
b,Preview,Sine,limit bandwidth,45,138.369300802828,1265.90309364853,1265.91399210675
b,Preview,Sine,limit bandwidth,45,138.446300970219,1262.81610311344,1262.81573157234
b,Preview,Sine,limit bandwidth,45,138.523301137611,1259.60454560279,1259.61191871363
b,Preview,Sine,limit bandwidth,45,138.600301305003,1256.26994329881,1256.28665045805
b,Preview,Sine,limit bandwidth,45,138.677301472394,1252.81387670331,1252.8119982035
b,Preview,Sine,limit bandwidth,45,138.754301639786,1249.23798388852,1249.23702481799
b,Preview,Sine,limit bandwidth,45,138.831301807178,1245.54395972074,1245.56912584891
b,Preview,Sine,limit bandwidth,45,138.908301974569,1241.73355505699,1241.73265730624
b,Preview,Sine,limit bandwidth,45,138.985302141961,1237.80857591515,1237.8013315003
b,Preview,Sine,limit bandwidth,45,139.062302309353,1233.77088261799,1233.78243774687
b,Preview,Sine,limit bandwidth,45,139.139302476744,1229.62238891143,1229.62544125048
b,Preview,Sine,limit bandwidth,45,139.216302644136,1225.36506105745,1225.3533728898
b,Preview,Sine,limit bandwidth,45,139.293302811528,1221.00091690218,1221.00046683135
b,Preview,Sine,limit bandwidth,45,139.37030297892,1216.53202491947,1216.54321527093
b,Preview,Sine,limit bandwidth,45,139.447303146311,1211.96050323053,1211.9475761341
b,Preview,Sine,limit bandwidth,45,139.524303313703,1207.28851859995,1207.27742790752
b,Preview,Sine,limit bandwidth,45,139.601303481095,1202.51828540878,1202.54164199701
b,Preview,Sine,limit bandwidth,45,139.678303648486,1197.65206460493,1197.64167264979
b,Preview,Sine,limit bandwidth,45,139.755303815878,1192.69216263158,1192.6737521212
b,Preview,Sine,limit bandwidth,45,139.83230398327,1187.64093033399,1187.64640649326
b,Preview,Sine,limit bandwidth,45,139.909304150661,1182.50076184524,1182.49632343599
b,Preview,Sine,limit bandwidth,45,139.986304318053,1177.27409345154,1177.25185278232
b,Preview,Sine,limit bandwidth,45,140.063304485445,1171.96340243743,1171.9543869433
b,Preview,Sine,limit bandwidth,45,140.140304652836,1166.57120591168,1166.57648378057
b,Preview,Sine,limit bandwidth,45,140.217304820228,1161.10005961425,1161.07703557083
b,Preview,Sine,limit bandwidth,45,140.29430498762,1155.5525567049,1155.5323796406
b,Preview,Sine,limit bandwidth,45,140.371305155011,1149.93132653417,1149.95087551906
b,Preview,Sine,limit bandwidth,45,140.448305322403,1144.2390333971,1144.2193803055
b,Preview,Sine,limit bandwidth,45,140.525305489795,1138.47837527045,1138.44991186911
b,Preview,Sine,limit bandwidth,45,140.602305657186,1132.65208253396,1132.65187700177
b,Preview,Sine,limit bandwidth,45,140.679305824578,1126.76291667619,1126.75098592999
b,Preview,Sine,limit bandwidth,45,140.75630599197,1120.8136689857,1120.78137699765
b,Preview,Sine,limit bandwidth,45,140.833306159361,1114.80715922803,1114.79019022521
b,Preview,Sine,limit bandwidth,45,140.910306326753,1108.74623430923,1108.74579246028
b,Preview,Sine,limit bandwidth,45,140.987306494145,1102.6337669265,1102.60194861372
b,Preview,Sine,limit bandwidth,45,141.064306661536,1096.47265420666,1096.44361684812
b,Preview,Sine,limit bandwidth,45,141.141306828928,1090.26581633292,1090.28078880178
b,Preview,Sine,limit bandwidth,45,141.21830699632,1084.01619516089,1083.98851998025
b,Preview,Sine,limit bandwidth,45,141.295307163711,1077.72675282415,1077.69004959003
b,Preview,Sine,limit bandwidth,45,141.372307331103,1071.40047033034,1071.39387070974
b,Preview,Sine,limit bandwidth,45,141.449307498495,1065.04034614821,1065.02123490718
b,Preview,Sine,limit bandwidth,45,141.526307665886,1058.6493947865,1058.60880960927
b,Preview,Sine,limit bandwidth,45,141.603307833278,1052.23064536508,1052.20704868668
b,Preview,Sine,limit bandwidth,45,141.68030800067,1045.78714017928,1045.78085180078
b,Preview,Sine,limit bandwidth,45,141.757308168061,1039.32193325791,1039.28232861043
b,Preview,Sine,limit bandwidth,45,141.834308335453,1032.83808891577,1032.80175166147
b,Preview,Sine,limit bandwidth,45,141.911308502845,1026.33868030123,1026.34872996708
b,Preview,Sine,limit bandwidth,45,141.988308670236,1019.82678793966,1019.7925863739
b,Preview,Sine,limit bandwidth,45,142.065308837628,1013.30549827336,1013.26166101531
b,Preview,Sine,limit bandwidth,45,142.14230900502,1006.77790219867,1006.76533360345
b,Preview,Sine,limit bandwidth,45,142.219309172411,1000.24709360098,1000.22196875387
b,Preview,Sine,limit bandwidth,45,142.296309339803,993.716167888305,993.669575743269
b,Preview,Sine,limit bandwidth,45,142.373309507195,987.188220524186,987.158584686546
b,Preview,Sine,limit bandwidth,45,142.450309674586,980.666345560507,980.654294254414
b,Preview,Sine,limit bandwidth,45,142.527309841978,974.153634171025,974.108323657138
b,Preview,Sine,limit bandwidth,45,142.60431000937,967.653173186229,967.611621711152
b,Preview,Sine,limit bandwidth,45,142.681310176761,961.168043630283,961.172598746845
b,Preview,Sine,limit bandwidth,45,142.758310344153,954.701319260711,954.661815100592
b,Preview,Sine,limit bandwidth,45,142.835310511545,948.25606511153,948.207345626655
b,Preview,Sine,limit bandwidth,45,142.912310678936,941.83533604052,941.817655393292
b,Preview,Sine,limit bandwidth,45,142.989310846328,935.442175281302,935.41235283212
b,Preview,Sine,limit bandwidth,45,143.06631101372,929.079613000941,929.028743236283
b,Preview,Sine,limit bandwidth,45,143.143311181111,922.750664863741,922.716475941148
b,Preview,Sine,limit bandwidth,45,143.220311348503,916.458330601901,916.441291524482
b,Preview,Sine,limit bandwidth,45,143.297311515895,910.205592593743,910.156944600162
b,Preview,Sine,limit bandwidth,45,143.374311683286,903.995414450147,903.950280067958
b,Preview,Sine,limit bandwidth,45,143.451311850678,897.830739609893,897.829443927985
b,Preview,Sine,limit bandwidth,45,143.52831201807,891.714489944552,891.671725813229
b,Preview,Sine,limit bandwidth,45,143.605312185461,885.649564373608,885.598468479479
b,Preview,Sine,limit bandwidth,45,143.682312352853,879.63883749046,879.616810254906
b,Preview,Sine,limit bandwidth,45,143.759312520245,873.68515819995,873.651802085864
b,Preview,Sine,limit bandwidth,45,143.836312687636,867.791348368071,867.738767701716
b,Preview,Sine,limit bandwidth,45,143.913312855028,861.960201484476,861.923232624527
b,Preview,Sine,limit bandwidth,45,143.99031302242,856.194481338457,856.173298444628
b,Preview,Sine,limit bandwidth,45,144.067313189811,850.496920708991,850.446964815695
b,Preview,Sine,limit bandwidth,45,144.144313357203,844.870220069471,844.823715498928
b,Preview,Sine,limit bandwidth,45,144.221313524595,839.317046307783,839.310101717627
b,Preview,Sine,limit bandwidth,45,144.298313691986,833.840031462273,833.796082380338
b,Preview,Sine,limit bandwidth,45,144.375313859378,828.441771474232,828.39055442284
b,Preview,Sine,limit bandwidth,45,144.45231402677,823.124824957504,823.099453407364
b,Preview,Sine,limit bandwidth,45,144.529314194161,817.891711985782,817.85653386057
b,Preview,Sine,limit bandwidth,45,144.606314361553,812.744912898157,812.693147892072
b,Preview,Sine,limit bandwidth,45,144.683314528945,807.686867123527,807.648795439227
b,Preview,Sine,limit bandwidth,45,144.760314696336,802.719972024373,802.695581938264
b,Preview,Sine,limit bandwidth,45,144.837314863728,797.846581760479,797.797815915248
b,Preview,Sine,limit bandwidth,45,144.91431503112,793.069006173128,793.023381846484
b,Preview,Sine,limit bandwidth,45,144.991315198511,788.389509690319,788.377168405281
b,Preview,Sine,limit bandwidth,45,145.068315365903,783.810310253481,783.767218459558
b,Preview,Sine,limit bandwidth,45,145.145315533295,779.333578266246,779.284759701329
b,Preview,Sine,limit bandwidth,45,145.222315700686,774.961435565737,774.933990409989
b,Preview,Sine,limit bandwidth,45,145.299315868078,770.695954416884,770.66047923732
b,Preview,Sine,limit bandwidth,45,145.37631603547,766.539156530224,766.4906312431
b,Preview,Sine,limit bandwidth,45,145.453316202861,762.493012103682,762.455725472965
b,Preview,Sine,limit bandwidth,45,145.530316370253,758.559438888755,758.533084400088
b,Preview,Sine,limit bandwidth,45,145.607316537645,754.740301281539,754.694924426075
b,Preview,Sine,limit bandwidth,45,145.684316705036,751.037409439085,750.994725502144
b,Preview,Sine,limit bandwidth,45,145.761316872428,747.452518421424,747.43550012724
b,Preview,Sine,limit bandwidth,45,145.83831703982,743.987327359717,743.947234217014
b,Preview,Sine,limit bandwidth,45,145.915317207211,740.643478650934,740.599321324292
b,Preview,Sine,limit bandwidth,45,145.992317374603,737.422557179393,737.394128468036
b,Preview,Sine,limit bandwidth,45,146.069317541995,734.326089565574,734.292206857509
b,Preview,Sine,limit bandwidth,45,146.146317709386,731.355543442555,731.31269365091
b,Preview,Sine,limit bandwidth,45,146.223317876778,728.51232676039,728.477592491296
b,Preview,Sine,limit bandwidth,45,146.30031804417,725.797787118779,725.770382075275
b,Preview,Sine,limit bandwidth,45,146.377318211561,723.213211128361,723.173439281877
b,Preview,Sine,limit bandwidth,45,146.454318378953,720.759823800885,720.722328054035
b,Preview,Sine,limit bandwidth,45,146.531318546345,718.438787968593,718.417939789163
b,Preview,Sine,limit bandwidth,45,146.608318713736,716.251203733083,716.215774133539
b,Preview,Sine,limit bandwidth,45,146.685318881128,714.198107943878,714.160555511186
b,Preview,Sine,limit bandwidth,45,146.76231904852,712.280473707002,712.252744551141
b,Preview,Sine,limit bandwidth,45,146.839319215911,710.499209923753,710.468588822367
b,Preview,Sine,limit bandwidth,45,146.916319383303,708.855160859912,708.81988342615
b,Preview,Sine,limit bandwidth,45,146.993319550695,707.349105745582,707.318225888424
b,Preview,Sine,limit bandwidth,45,147.070319718086,705.981758405861,705.955051288673
b,Preview,Sine,limit bandwidth,45,147.147319885478,704.75376692251,704.721683643789
b,Preview,Sine,limit bandwidth,45,147.22432005287,703.665713326779,703.635122644109
b,Preview,Sine,limit bandwidth,45,147.301320220261,702.718113323543,702.693909382583
b,Preview,Sine,limit bandwidth,45,147.378320387653,701.911416046874,701.882445462833
b,Preview,Sine,limit bandwidth,45,147.455320555045,701.246003847163,701.217204852331
b,Preview,Sine,limit bandwidth,45,147.532320722436,700.7221921099,700.696468307749
b,Preview,Sine,limit bandwidth,45,147.609320889828,700.340229106187,700.313991896561
b,Preview,Sine,limit bandwidth,45,147.68632105722,700.10029587507,700.0740551277
b,Preview,Sine,limit bandwidth,45,147.763321224611,700.002506137726,699.977469084811
b,Preview,Sine,limit bandwidth,45,147.840321392003,700.046906243567,700.022187233979
b,Preview,Sine,limit bandwidth,45,147.917321559395,700.233475148271,700.210401850567
b,Preview,Sine,limit bandwidth,45,147.994321726786,700.562124423755,700.539425205315
b,Preview,Sine,limit bandwidth,45,148.071321894178,701.032698300088,701.006948227579
b,Preview,Sine,limit bandwidth,45,148.14832206157,701.64497373932,701.624105608019
b,Preview,Sine,limit bandwidth,45,148.225322228961,702.398660541198,702.379869588288
b,Preview,Sine,limit bandwidth,45,148.302322396353,703.293401480711,703.270295038152
b,Preview,Sine,limit bandwidth,45,148.379322563745,704.328772477404,704.308290395513
b,Preview,Sine,limit bandwidth,45,148.456322731136,705.504282796378,705.488822556004
b,Preview,Sine,limit bandwidth,45,148.533322898528,706.819375280885,706.801315840891
b,Preview,Sine,limit bandwidth,45,148.61032306592,708.273426616406,708.251476617925
b,Preview,Sine,limit bandwidth,45,148.687323233311,709.865747626077,709.852510742291
b,Preview,Sine,limit bandwidth,45,148.764323400703,711.595583597346,711.58253582198
b,Preview,Sine,limit bandwidth,45,148.841323568095,713.462114639676,713.436022863106
b,Preview,Sine,limit bandwidth,45,148.918323735486,715.464456073161,715.452434671926
b,Preview,Sine,limit bandwidth,45,148.995323902878,717.60165884782,717.593211430853
b,Preview,Sine,limit bandwidth,45,149.07232407027,719.872709993436,719.854035971367
b,Preview,Sine,limit bandwidth,45,149.149324237661,722.276533099661,722.263116194035
b,Preview,Sine,limit bandwidth,45,149.226324405053,724.811988826208,724.807893107974
b,Preview,Sine,limit bandwidth,45,149.303324572445,727.477875442865,727.467004952315
b,Preview,Sine,limit bandwidth,45,149.380324739836,730.272929399077,730.254897425263
b,Preview,Sine,limit bandwidth,45,149.457324907228,733.195825922834,733.193656643503
b,Preview,Sine,limit bandwidth,45,149.53432507462,736.245179648564,736.242313525002
b,Preview,Sine,limit bandwidth,45,149.611325242011,739.419545273767,739.393928278303
b,Preview,Sine,limit bandwidth,45,149.688325409403,742.717418244042,742.714497056836
b,Preview,Sine,limit bandwidth,45,149.765325576795,746.137235466192,746.140329379306
b,Preview,Sine,limit bandwidth,45,149.842325744186,749.6773760491,749.664021923724
b,Preview,Sine,limit bandwidth,45,149.919325911578,753.336162071965,753.330175689786
b,Preview,Sine,limit bandwidth,45,149.99632607897,757.111859379597,757.118714701664
b,Preview,Sine,limit bandwidth,45,150.073326246361,761.002678404353,761.000216793375
b,Preview,Sine,limit bandwidth,45,150.150326413753,765.006775014338,764.993908417873
b,Preview,Sine,limit bandwidth,45,150.227326581145,769.122251387467,769.131077640716
b,Preview,Sine,limit bandwidth,45,150.304326748536,773.347156910979,773.353978255438
b,Preview,Sine,limit bandwidth,45,150.381326915928,777.679489105967,777.655632277425
b,Preview,Sine,limit bandwidth,45,150.45832708332,782.11719457649,782.124178478449
b,Preview,Sine,limit bandwidth,45,150.535327250711,786.658169982829,786.672541973658
b,Preview,Sine,limit bandwidth,45,150.612327418103,791.300263038398,791.292446610123
b,Preview,Sine,limit bandwidth,45,150.689327585495,796.041273529875,796.042657105765
b,Preview,Sine,limit bandwidth,45,150.766327752886,800.878954360029,800.897287684476
b,Preview,Sine,limit bandwidth,45,150.843327920278,805.811012612773,805.817110112594
b,Preview,Sine,limit bandwidth,45,150.92032808767,810.835110639947,810.827741757834
b,Preview,Sine,limit bandwidth,45,150.997328255061,815.948867169291,815.967658191952
b,Preview,Sine,limit bandwidth,45,151.074328422453,821.149858433093,821.16667729378
b,Preview,Sine,limit bandwidth,45,151.151328589845,826.435619316984,826.415072512094
b,Preview,Sine,limit bandwidth,45,151.228328757236,831.803644528338,831.820013585773
b,Preview,Sine,limit bandwidth,45,151.305328924628,837.251389783685,837.275787988024
b,Preview,Sine,limit bandwidth,45,151.38232909202,842.776273014644,842.774399156406
b,Preview,Sine,limit bandwidth,45,151.459329259411,848.375675591739,848.385041435068
b,Preview,Sine,limit bandwidth,45,151.536329426803,854.046943565552,854.075749398486
b,Preview,Sine,limit bandwidth,45,151.613329594195,859.787388924613,859.801375991529
b,Preview,Sine,limit bandwidth,45,151.690329761586,865.594290869446,865.592426637533
b,Preview,Sine,limit bandwidth,45,151.767329928978,871.464897102132,871.493601778729
b,Preview,Sine,limit bandwidth,45,151.84433009637,877.396425130829,877.422508448038
b,Preview,Sine,limit bandwidth,45,151.921330263761,883.386063588583,883.36953324563
b,Preview,Sine,limit bandwidth,45,151.998330431153,889.430973565835,889.455386802105
b,Preview,Sine,limit bandwidth,45,152.075330598545,895.52828995598,895.56208343863
b,Preview,Sine,limit bandwidth,45,152.152330765936,901.675122813337,901.679696760503
b,Preview,Sine,limit bandwidth,45,152.229330933328,907.868558722901,907.885271501423
b,Preview,Sine,limit bandwidth,45,152.30633110072,914.105662181213,914.143099019555
b,Preview,Sine,limit bandwidth,45,152.383331268111,920.383476987702,920.404698312144
b,Preview,Sine,limit bandwidth,45,152.460331435503,926.699027645837,926.703389163087
b,Preview,Sine,limit bandwidth,45,152.537331602895,933.049320773417,933.086430796299
b,Preview,Sine,limit bandwidth,45,152.614331770286,939.43134652135,939.465135407356
b,Preview,Sine,limit bandwidth,45,152.691331937678,945.84208000024,945.830045056699
b,Preview,Sine,limit bandwidth,45,152.76833210507,952.27848271407,952.310541137941
b,Preview,Sine,limit bandwidth,45,152.845332272461,958.73750400038,958.779172848329
b,Preview,Sine,limit bandwidth,45,152.922332439853,965.216082476188,965.226652182161
b,Preview,Sine,limit bandwidth,45,152.999332607245,971.711147488981,971.733949198897
b,Preview,Sine,limit bandwidth,45,153.076332774636,978.219620572124,978.264315331292
b,Preview,Sine,limit bandwidth,45,153.153332942028,984.738416903956,984.766241007959
b,Preview,Sine,limit bandwidth,45,153.23033310942,991.264446769906,991.274644075292
b,Preview,Sine,limit bandwidth,45,153.307333276811,997.794617026924,997.838015982535
c,PID,Square,limit bandwidth,45,0,1000,0
c,PID,Square,limit bandwidth,45,0.0660000559322508,1000,199.85170299919
c,PID,Square,limit bandwidth,45,0.132000111864502,1000,224.183506477764
c,PID,Square,limit bandwidth,45,0.198000167796752,1000,237.474649906386
c,PID,Square,limit bandwidth,45,0.264000223729003,1000,250.34174335089
c,PID,Square,limit bandwidth,45,0.330000279661254,1000,263.122779560536
c,PID,Square,limit bandwidth,45,0.396000335593505,1000,276.051847167435
c,PID,Square,limit bandwidth,45,0.462000391525755,1000,288.822337339114
c,PID,Square,limit bandwidth,45,0.528000447458006,1000,301.721950699919
c,PID,Square,limit bandwidth,45,0.594000503390257,1000,314.575784768957
c,PID,Square,limit bandwidth,45,0.660000559322508,1000,327.356371942751
c,PID,Square,limit bandwidth,45,0.726000615254759,1000,340.28542434281
c,PID,Square,limit bandwidth,45,0.792000671187009,1000,353.055913999501
c,PID,Square,limit bandwidth,45,0.85800072711926,1000,365.955527342866
c,PID,Square,limit bandwidth,45,0.924000783051511,1000,378.809361411314
c,PID,Square,limit bandwidth,45,0.990000838983762,1000,391.589948585087
c,PID,Square,limit bandwidth,45,1.05600089491601,1000,404.519000985146
c,PID,Square,limit bandwidth,45,1.12200095084826,1000,417.289490641837
c,PID,Square,limit bandwidth,45,1.18800100678051,1000,430.189103985202
c,PID,Square,limit bandwidth,45,1.25400106271276,1000,443.04293805365
c,PID,Square,limit bandwidth,45,1.32000111864502,1000,455.823525227423
c,PID,Square,limit bandwidth,45,1.38600117457727,1000,468.752577627482
c,PID,Square,limit bandwidth,45,1.45200123050952,1000,481.523067284173
c,PID,Square,limit bandwidth,45,1.51800128644177,1000,494.422680627537
c,PID,Square,limit bandwidth,45,1.58400134237402,1000,507.276514695985
c,PID,Square,limit bandwidth,45,1.65000139830627,1000,520.057101869759
c,PID,Square,limit bandwidth,45,1.71600145423852,1000,532.986154269818
c,PID,Square,limit bandwidth,45,1.78200151017077,1000,545.756643926508
c,PID,Square,limit bandwidth,45,1.84800156610302,1000,558.656257269873
c,PID,Square,limit bandwidth,45,1.91400162203527,1000,571.510091338321
c,PID,Square,limit bandwidth,45,1.98000167796752,1000,584.290678512095
c,PID,Square,limit bandwidth,45,2.04600173389977,1000,597.219730912153
c,PID,Square,limit bandwidth,45,2.11200178983202,1000,590.751336951557
c,PID,Square,limit bandwidth,45,2.17800184576428,1000,576.943215551699
c,PID,Square,limit bandwidth,45,2.24400190169653,1000,582.187828876647
c,PID,Square,limit bandwidth,45,2.31000195762878,1000,589.958658369734
c,PID,Square,limit bandwidth,45,2.37600201356103,1000,597.159257290122
c,PID,Square,limit bandwidth,45,2.44200206949328,1000,602.970037455307
c,PID,Square,limit bandwidth,45,2.50800212542553,1000,610.624887200503
c,PID,Square,limit bandwidth,45,2.57400218135778,1000,617.014061519337
c,PID,Square,limit bandwidth,45,2.64000223729003,1000,622.38546468776
c,PID,Square,limit bandwidth,45,2.70600229322228,1000,629.810411046967
c,PID,Square,limit bandwidth,45,2.77200234915453,1000,635.356941141953
c,PID,Square,limit bandwidth,45,2.83800240508678,1000,640.363808838824
c,PID,Square,limit bandwidth,45,2.90400246101903,1000,647.516262442614
c,PID,Square,limit bandwidth,45,2.97000251695129,1000,652.254121222514
c,PID,Square,limit bandwidth,45,3.03600257288354,1000,656.836946512871
c,PID,Square,limit bandwidth,45,3.10200262881579,1000,663.74801721875
c,PID,Square,limit bandwidth,45,3.16800268474804,1000,667.706005336053
c,PID,Square,limit bandwidth,45,3.23400274068029,1000,671.807529032409
c,PID,Square,limit bandwidth,45,3.30000279661254,1000,678.359289965887
c,PID,Square,limit bandwidth,45,3.36600285254479,1000,681.649886764573
c,PID,Square,limit bandwidth,45,3.43200290847704,1000,685.278660429248
c,PID,Square,limit bandwidth,45,3.49800296440929,1000,691.320188462772
c,PID,Square,limit bandwidth,45,3.56400302034154,1000,694.088114747578
c,PID,Square,limit bandwidth,45,3.63000307627379,1000,697.304113875589
c,PID,Square,limit bandwidth,45,3.69600313220604,1000,702.774120483703
c,PID,Square,limit bandwidth,45,3.76200318813829,1000,705.02345859846
c,PID,Square,limit bandwidth,45,3.82800324407055,1000,707.883560628201
c,PID,Square,limit bandwidth,45,3.8940033000028,1000,712.723547213211
c,PID,Square,limit bandwidth,45,3.96000335593505,1000,714.503338368196
c,PID,Square,limit bandwidth,45,4.0260034118673,1000,716.96891041316
c,PID,Square,limit bandwidth,45,4.09200346779955,1000,721.171362003493
c,PID,Square,limit bandwidth,45,4.1580035237318,1000,722.5260532313
c,PID,Square,limit bandwidth,45,4.22400357966405,1000,731.39079564067
c,PID,Square,limit bandwidth,45,4.2900036355963,1000,738.426119433638
c,PID,Square,limit bandwidth,45,4.35600369152855,1000,741.858324526388
c,PID,Square,limit bandwidth,45,4.4220037474608,1000,745.536110799474
c,PID,Square,limit bandwidth,45,4.48800380339305,1000,749.987270077015
c,PID,Square,limit bandwidth,45,4.5540038593253,1000,753.083337610095
c,PID,Square,limit bandwidth,45,4.62000391525755,1000,756.665784358448
c,PID,Square,limit bandwidth,45,4.68600397118981,1000,760.850151750916
c,PID,Square,limit bandwidth,45,4.75200402712206,1000,763.825345385203
c,PID,Square,limit bandwidth,45,4.81800408305431,1000,767.377857807936
c,PID,Square,limit bandwidth,45,4.88400413898656,1000,771.280733940227
c,PID,Square,limit bandwidth,45,4.95000419491881,1000,774.189524561689
c,PID,Square,limit bandwidth,45,5.01600425085106,1000,777.691204488802
c,PID,Square,limit bandwidth,45,5.08200430678331,1000,781.336885261151
c,PID,Square,limit bandwidth,45,5.14800436271556,1000,784.23376803312
c,PID,Square,limit bandwidth,45,5.21400441864781,1000,787.662400432527
c,PID,Square,limit bandwidth,45,5.28000447458006,1000,791.109856620966
c,PID,Square,limit bandwidth,45,5.34600453051231,1000,793.979742372471
c,PID,Square,limit bandwidth,45,5.41200458644456,1000,797.347558750575
c,PID,Square,limit bandwidth,45,5.47800464237682,1000,800.657836562149
c,PID,Square,limit bandwidth,45,5.54400469830906,1000,803.484856965122
c,PID,Square,limit bandwidth,45,5.61000475424132,1000,806.833233848986
c,PID,Square,limit bandwidth,45,5.67600481017357,1000,810.005062307876
c,PID,Square,limit bandwidth,45,5.74200486610582,1000,812.806202119987
c,PID,Square,limit bandwidth,45,5.80800492203807,1000,816.175827525128
c,PID,Square,limit bandwidth,45,5.87400497797032,1000,819.20899763899
c,PID,Square,limit bandwidth,45,5.94000503390257,1000,822.029864901679
c,PID,Square,limit bandwidth,45,6.00600508983482,1000,825.399863373912
c,PID,Square,limit bandwidth,45,6.07200514576707,1000,828.326797042047
c,PID,Square,limit bandwidth,45,6.13800520169932,1000,831.214056228067
c,PID,Square,limit bandwidth,45,6.20400525763157,1000,834.559834417246
c,PID,Square,limit bandwidth,45,6.27000531356382,1000,837.443362711589
c,PID,Square,limit bandwidth,45,6.33600536949607,1000,838.569804214577
c,PID,Square,limit bandwidth,45,6.40200542542833,1000,841.393114080983
c,PID,Square,limit bandwidth,45,6.46800548136058,1000,843.565142766872
c,PID,Square,limit bandwidth,45,6.53400553729283,1000,845.83676509174
c,PID,Square,limit bandwidth,45,6.60000559322508,1000,848.816403633821
c,PID,Square,limit bandwidth,45,6.66600564915733,1000,850.886436530551
c,PID,Square,limit bandwidth,45,6.73200570508958,1000,853.057815370708
c,PID,Square,limit bandwidth,45,6.79800576102183,1000,855.913390354861
c,PID,Square,limit bandwidth,45,6.86400581695408,1000,857.875469242609
c,PID,Square,limit bandwidth,45,6.93000587288633,1000,859.969138765209
c,PID,Square,limit bandwidth,45,6.99600592881858,1000,862.681454101846
c,PID,Square,limit bandwidth,45,7.06200598475083,1000,864.534883498254
c,PID,Square,limit bandwidth,45,7.12800604068308,1000,866.575092843128
c,PID,Square,limit bandwidth,45,7.19400609661534,1000,869.123558988468
c,PID,Square,limit bandwidth,45,7.26000615254759,1000,870.888727884242
c,PID,Square,limit bandwidth,45,7.32600620847984,1000,872.854458767221
c,PID,Square,limit bandwidth,45,7.39200626441209,1000,875.240460980281
c,PID,Square,limit bandwidth,45,7.45800632034434,1000,876.93745748271
c,PID,Square,limit bandwidth,45,7.52400637627659,1000,878.807062414458
c,PID,Square,limit bandwidth,45,7.59000643220884,1000,881.051004257643
c,PID,Square,limit bandwidth,45,7.65600648814109,1000,882.657351153015
c,PID,Square,limit bandwidth,45,7.72200654407334,1000,884.430639378748
c,PID,Square,limit bandwidth,45,7.78800660000559,1000,886.551798059034
c,PID,Square,limit bandwidth,45,7.85400665593784,1000,888.044161785983
c,PID,Square,limit bandwidth,45,7.92000671187009,1000,889.739249862169
c,PID,Square,limit bandwidth,45,7.98600676780234,1000,891.716806210154
c,PID,Square,limit bandwidth,45,8.0520068237346,1000,893.091495104721
c,PID,Square,limit bandwidth,45,8.11800687966685,1000,894.726567288308
c,PID,Square,limit bandwidth,45,8.1840069355991,1000,896.538022992415
c,PID,Square,limit bandwidth,45,8.25000699153135,1000,897.807802010249
c,PID,Square,limit bandwidth,45,8.3160070474636,1000,899.365807394376
c,PID,Square,limit bandwidth,45,8.38200710339585,1000,901.005300972602
c,PID,Square,limit bandwidth,45,8.4480071593281,1000,902.620933442445
c,PID,Square,limit bandwidth,45,8.51400721526035,1000,904.241855124409
c,PID,Square,limit bandwidth,45,8.5800072711926,1000,905.845645433565
c,PID,Square,limit bandwidth,45,8.64600732712485,1000,907.130527512884
c,PID,Square,limit bandwidth,45,8.7120073830571,1000,908.666303671744
c,PID,Square,limit bandwidth,45,8.77800743898935,1000,910.166088689824
c,PID,Square,limit bandwidth,45,8.84400749492161,1000,911.384486259914
c,PID,Square,limit bandwidth,45,8.91000755085386,1000,912.884620794765
c,PID,Square,limit bandwidth,45,8.97600760678611,1000,914.274815420239
c,PID,Square,limit bandwidth,45,9.04200766271836,1000,915.430828744151
c,PID,Square,limit bandwidth,45,9.10800771865061,1000,916.914081376202
c,PID,Square,limit bandwidth,45,9.17400777458286,1000,918.183910755687
c,PID,Square,limit bandwidth,45,9.24000783051511,1000,919.294832086293
c,PID,Square,limit bandwidth,45,9.30600788644736,1000,920.752180684801
c,PID,Square,limit bandwidth,45,9.37200794237961,1000,921.905466536079
c,PID,Square,limit bandwidth,45,9.43800799831186,1000,922.988851404131
c,PID,Square,limit bandwidth,45,9.50400805424411,1000,924.411050111291
c,PID,Square,limit bandwidth,45,9.57000811017636,1000,925.464424586615
c,PID,Square,limit bandwidth,45,9.63600816610862,1000,926.512253736718
c,PID,Square,limit bandwidth,45,9.70200822204086,1000,927.903155817825
c,PID,Square,limit bandwidth,45,9.76800827797311,1000,928.87392356653
c,PID,Square,limit bandwidth,45,9.83400833390537,1000,929.878252448124
c,PID,Square,limit bandwidth,45,9.90000838983762,1000,931.224256183024
c,PID,Square,limit bandwidth,45,9.96600844576987,1000,932.135213633362
c,PID,Square,limit bandwidth,45,10.0320085017021,1000,933.100633028424
c,PID,Square,limit bandwidth,45,10.0980085576344,1000,934.389029387383
c,PID,Square,limit bandwidth,45,10.1640086135666,1000,935.262609037219
c,PID,Square,limit bandwidth,45,10.2300086694989,1000,936.204364728798
c,PID,Square,limit bandwidth,45,10.2960087254311,1000,937.429672238501
c,PID,Square,limit bandwidth,45,10.3620087813634,1000,938.271156541924
c,PID,Square,limit bandwidth,45,10.4280088372956,1000,939.204808628718
c,PID,Square,limit bandwidth,45,10.4940088932279,1000,940.361769668834
c,PID,Square,limit bandwidth,45,10.5600089491601,1000,941.085096144181
c,PID,Square,limit bandwidth,45,10.6260090050924,1000,941.95910898991
c,PID,Square,limit bandwidth,45,10.6920090610246,1000,943.030943601444
c,PID,Square,limit bandwidth,45,10.7580091169569,1000,943.791088574787
c,PID,Square,limit bandwidth,45,10.8240091728891,1000,944.63406934034
c,PID,Square,limit bandwidth,45,10.8900092288214,1000,945.645443489832
c,PID,Square,limit bandwidth,45,10.9560092847536,1000,946.376702940937
c,PID,Square,limit bandwidth,45,11.0220093406859,1000,947.186166241155
c,PID,Square,limit bandwidth,45,11.0880093966181,1000,948.147884403081
c,PID,Square,limit bandwidth,45,11.1540094525504,1000,948.842577163736
c,PID,Square,limit bandwidth,45,11.2200095084826,1000,949.628544044609
c,PID,Square,limit bandwidth,45,11.2860095644149,1000,950.534474014042
c,PID,Square,limit bandwidth,45,11.3520096203471,1000,951.193888804076
c,PID,Square,limit bandwidth,45,11.4180096762794,1000,951.966364594676
c,PID,Square,limit bandwidth,45,11.4840097322116,1000,952.810044574179
c,PID,Square,limit bandwidth,45,11.5500097881439,1000,953.443010491639
c,PID,Square,limit bandwidth,45,11.6160098440761,1000,954.195890588467
c,PID,Square,limit bandwidth,45,11.6820099000084,1000,954.978853558099
c,PID,Square,limit bandwidth,45,11.7480099559406,1000,955.594101838942
c,PID,Square,limit bandwidth,45,11.8140100118729,1000,956.321091835105
c,PID,Square,limit bandwidth,45,11.8800100678051,1000,957.051762369915
c,PID,Square,limit bandwidth,45,11.9460101237374,1000,957.642916929582
c,PID,Square,limit bandwidth,45,12.0120101796696,1000,958.345338051713
c,PID,Square,limit bandwidth,45,12.0780102356019,1000,959.031874578322
c,PID,Square,limit bandwidth,45,12.1440102915341,1000,959.592264364108
c,PID,Square,limit bandwidth,45,12.2100103474664,1000,960.277928006343
c,PID,Square,limit bandwidth,45,12.2760104033986,1000,960.914349963153
c,PID,Square,limit bandwidth,45,12.3420104593309,1000,961.444255933219
c,PID,Square,limit bandwidth,45,12.4080105152631,1000,962.121023146625
c,PID,Square,limit bandwidth,45,12.4740105711954,1000,962.70079864957
c,PID,Square,limit bandwidth,45,12.5400106271276,1000,963.206363310016
c,PID,Square,limit bandwidth,45,12.6060106830599,1000,963.874609750158
c,PID,Square,limit bandwidth,45,12.6720107389921,1000,964.415049796438
c,PID,Square,limit bandwidth,45,12.7380107949244,1000,964.915343420193
c,PID,Square,limit bandwidth,45,12.8040108508567,1000,965.56637140495
c,PID,Square,limit bandwidth,45,12.8700109067889,1000,966.051522964702
c,PID,Square,limit bandwidth,45,12.9360109627212,1000,966.533293053913
c,PID,Square,limit bandwidth,45,13.0020110186534,1000,967.169570660102
c,PID,Square,limit bandwidth,45,13.0680110745857,1000,967.615155439355
c,PID,Square,limit bandwidth,45,13.1340111305179,1000,968.074537466663
c,PID,Square,limit bandwidth,45,13.2000111864502,1000,968.689828160259
c,PID,Square,limit bandwidth,45,13.2660112423824,1000,969.104583189053
c,PID,Square,limit bandwidth,45,13.3320112983147,1000,969.542632603325
c,PID,Square,limit bandwidth,45,13.3980113542469,1000,970.130457804544
c,PID,Square,limit bandwidth,45,13.4640114101792,1000,970.523188857105
c,PID,Square,limit bandwidth,45,13.5300114661114,1000,970.945751603013
c,PID,Square,limit bandwidth,45,13.5960115220437,1000,971.502630634957
c,PID,Square,limit bandwidth,45,13.6620115779759,1000,971.874277447817
c,PID,Square,limit bandwidth,45,13.7280116339082,1000,972.287251630061
c,PID,Square,limit bandwidth,45,13.7940116898404,1000,972.80960417665
c,PID,Square,limit bandwidth,45,13.8600117457727,1000,973.165582422887
c,PID,Square,limit bandwidth,45,13.9260118017049,1000,973.565617682877
c,PID,Square,limit bandwidth,45,13.9920118576372,1000,974.054607857915
c,PID,Square,limit bandwidth,45,14.0580119135694,1000,974.400402031398
c,PID,Square,limit bandwidth,45,14.1240119695017,1000,974.784116026735
c,PID,Square,limit bandwidth,45,14.1900120254339,1000,975.245042463074
c,PID,Square,limit bandwidth,45,14.2560120813662,1000,975.577554338708
c,PID,Square,limit bandwidth,45,14.3220121372984,1000,975.94603311295
c,PID,Square,limit bandwidth,45,14.3880121932307,1000,976.384236356177
c,PID,Square,limit bandwidth,45,14.4540122491629,1000,976.700369548484
c,PID,Square,limit bandwidth,45,14.5200123050952,1000,977.058497613666
c,PID,Square,limit bandwidth,45,14.5860123610274,1000,977.471409228098
c,PID,Square,limit bandwidth,45,14.6520124169597,1000,977.772265649543
c,PID,Square,limit bandwidth,45,14.7180124728919,1000,978.12209683633
c,PID,Square,limit bandwidth,45,14.7840125288242,1000,978.50489037686
c,PID,Square,limit bandwidth,45,14.8500125847564,1000,978.791682294211
c,PID,Square,limit bandwidth,45,14.9160126406887,1000,979.133746863106
c,PID,Square,limit bandwidth,45,14.9820126966209,1000,979.489700047223
c,PID,Square,limit bandwidth,45,15.0480127525532,1000,979.768717338581
c,PID,Square,limit bandwidth,45,15.1140128084854,1000,980.099162325182
c,PID,Square,limit bandwidth,45,15.1800128644177,1000,980.431330727601
c,PID,Square,limit bandwidth,45,15.2460129203499,1000,980.699841526866
c,PID,Square,limit bandwidth,45,15.3120129762822,1000,981.019443644363
c,PID,Square,limit bandwidth,45,15.3780130322144,1000,981.331835097482
c,PID,Square,limit bandwidth,45,15.4440130881467,1000,981.587178713589
c,PID,Square,limit bandwidth,45,15.5100131440789,1000,981.89968436156
c,PID,Square,limit bandwidth,45,15.5760132000112,1000,982.190001056448
c,PID,Square,limit bandwidth,45,15.6420132559434,1000,982.432750806479
c,PID,Square,limit bandwidth,45,15.7080133118757,1000,982.741921376097
c,PID,Square,limit bandwidth,45,15.7740133678079,1000,983.007772565677
c,PID,Square,limit bandwidth,45,15.8400134237402,1000,983.24124178788
c,PID,Square,limit bandwidth,45,15.9060134796724,1000,983.545076798877
c,PID,Square,limit bandwidth,45,15.9720135356047,1000,983.786973416665
c,PID,Square,limit bandwidth,45,16.0380135915369,1000,984.014472057116
c,PID,Square,limit bandwidth,45,16.1040136474692,1000,984.310928981682
c,PID,Square,limit bandwidth,45,16.1700137034014,1000,984.531890099337
c,PID,Square,limit bandwidth,45,16.2360137593337,1000,984.751341665007
c,PID,Square,limit bandwidth,45,16.3020138152659,1000,985.04113372444
c,PID,Square,limit bandwidth,45,16.3680138711982,1000,985.244123625396
c,PID,Square,limit bandwidth,45,16.4340139271304,1000,985.45338544629
c,PID,Square,limit bandwidth,45,16.5000139830627,1000,985.733623712121
c,PID,Square,limit bandwidth,45,16.5660140389949,1000,985.922532911272
c,PID,Square,limit bandwidth,45,16.6320140949272,1000,986.121994514894
c,PID,Square,limit bandwidth,45,16.6980141508594,1000,986.389701429576
c,PID,Square,limit bandwidth,45,16.7640142067917,1000,986.568403285567
c,PID,Square,limit bandwidth,45,16.8300142627239,1000,986.761446645221
c,PID,Square,limit bandwidth,45,16.8960143186562,1000,987.015274473076
c,PID,Square,limit bandwidth,45,16.9620143745885,1000,987.184897188848
c,PID,Square,limit bandwidth,45,17.0280144305207,1000,987.373275803439
c,PID,Square,limit bandwidth,45,17.094014486453,1000,987.611321504791
c,PID,Square,limit bandwidth,45,17.1600145423852,1000,987.773797125019
c,PID,Square,limit bandwidth,45,17.2260145983175,1000,987.956269049694
c,PID,Square,limit bandwidth,45,17.2920146542497,1000,988.179144461922
c,PID,Square,limit bandwidth,45,17.358014710182,1000,988.336918166893
c,PID,Square,limit bandwidth,45,17.4240147661142,1000,988.51187111518
c,PID,Square,limit bandwidth,45,17.4900148220465,1000,988.721947312121
c,PID,Square,limit bandwidth,45,17.5560148779787,1000,988.873496715107
c,PID,Square,limit bandwidth,45,17.622014933911,1000,989.041333259197
c,PID,Square,limit bandwidth,45,17.6880149898432,1000,989.240971701392
c,PID,Square,limit bandwidth,45,17.7540150457755,1000,989.384741570335
c,PID,Square,limit bandwidth,45,17.8200151017077,1000,989.547576615134
c,PID,Square,limit bandwidth,45,17.88601515764,1000,989.735496874261
c,PID,Square,limit bandwidth,45,17.9520152135722,1000,989.87180877903
c,PID,Square,limit bandwidth,45,18.0180152695045,1000,990.031768151923
c,PID,Square,limit bandwidth,45,18.0840153254367,1000,990.206644934548
c,PID,Square,limit bandwidth,45,18.150015381369,1000,990.337414422659
c,PID,Square,limit bandwidth,45,18.2160154373012,1000,990.493294815941
c,PID,Square,limit bandwidth,45,18.2820154932335,1000,990.655494669958
c,PID,Square,limit bandwidth,45,18.3480155491657,1000,990.782647901414
c,PID,Square,limit bandwidth,45,18.414015605098,1000,990.93322393167
c,PID,Square,limit bandwidth,45,18.4800156610302,1000,991.084584394624
c,PID,Square,limit bandwidth,45,18.5460157169625,1000,991.206949539814
c,PID,Square,limit bandwidth,45,18.6120157728947,1000,991.352589486514
c,PID,Square,limit bandwidth,45,18.678015828827,1000,991.494946679038
c,PID,Square,limit bandwidth,45,18.7440158847592,1000,991.611334090398
c,PID,Square,limit bandwidth,45,18.8100159406915,1000,991.753759470737
c,PID,Square,limit bandwidth,45,18.8760159966237,1000,991.886089256614
c,PID,Square,limit bandwidth,45,18.942016052556,1000,991.996584011226
c,PID,Square,limit bandwidth,45,19.0080161084882,1000,992.1374243929
c,PID,Square,limit bandwidth,45,19.0740161644205,1000,992.258518953123
c,PID,Square,limit bandwidth,45,19.1400162203527,1000,992.364845450506
c,PID,Square,limit bandwidth,45,19.206016276285,1000,992.503260015497
c,PID,Square,limit bandwidth,45,19.2720163322172,1000,992.613427105998
c,PID,Square,limit bandwidth,45,19.3380163881495,1000,992.717026665294
c,PID,Square,limit bandwidth,45,19.4040164440817,1000,992.852077892279
c,PID,Square,limit bandwidth,45,19.470016500014,1000,992.952702980292
c,PID,Square,limit bandwidth,45,19.5360165559462,1000,993.05264938942
c,PID,Square,limit bandwidth,45,19.6020166118785,1000,993.184667762525
c,PID,Square,limit bandwidth,45,19.6680166678107,1000,993.277130169306
c,PID,Square,limit bandwidth,45,19.734016723743,1000,993.372476707264
c,PID,Square,limit bandwidth,45,19.8000167796752,1000,993.50015175913
c,PID,Square,limit bandwidth,45,19.8660168356075,1000,993.586271248878
c,PID,Square,limit bandwidth,45,19.9320168915397,1000,993.67723533904
c,PID,Square,limit bandwidth,45,19.998016947472,1000,993.799229918844
c,PID,Square,limit bandwidth,45,20.0640170034042,1300,1055.50694025511
c,PID,Square,limit bandwidth,45,20.1300170593365,1300,1061.72990653378
c,PID,Square,limit bandwidth,45,20.1960171152687,1300,1065.80214233839
c,PID,Square,limit bandwidth,45,20.262017171201,1300,1069.71318565531
c,PID,Square,limit bandwidth,45,20.3280172271332,1300,1073.66897621615
c,PID,Square,limit bandwidth,45,20.3940172830655,1300,1077.63358070971
c,PID,Square,limit bandwidth,45,20.4600173389977,1300,1081.54177211846
c,PID,Square,limit bandwidth,45,20.52601739493,1300,1085.50361508343
c,PID,Square,limit bandwidth,45,20.5920174508622,1300,1089.43630084738
c,PID,Square,limit bandwidth,45,20.6580175067945,1300,1093.37805690749
c,PID,Square,limit bandwidth,45,20.7240175627267,1300,1097.31390635953
c,PID,Square,limit bandwidth,45,20.790017618659,1300,1101.24378798757
c,PID,Square,limit bandwidth,45,20.8560176745912,1300,1105.19153363427
c,PID,Square,limit bandwidth,45,20.9220177305235,1300,1109.0991297562
c,PID,Square,limit bandwidth,45,20.9880177864557,1300,1113.05995826204
c,PID,Square,limit bandwidth,45,21.054017842388,1300,1116.9816280298
c,PID,Square,limit bandwidth,45,21.1200178983202,1300,1120.88999554784
c,PID,Square,limit bandwidth,45,21.1860179542525,1300,1124.85432833496
c,PID,Square,limit bandwidth,45,21.2520180101848,1300,1128.74758562235
c,PID,Square,limit bandwidth,45,21.318018066117,1300,1132.69035243675
c,PID,Square,limit bandwidth,45,21.3840181220493,1300,1136.62617981384
c,PID,Square,limit bandwidth,45,21.4500181779815,1300,1140.51994470002
c,PID,Square,limit bandwidth,45,21.5160182339138,1300,1144.46968611072
c,PID,Square,limit bandwidth,45,21.582018289846,1300,1148.37473653406
c,PID,Square,limit bandwidth,45,21.6480183457783,1300,1152.30256048781
c,PID,Square,limit bandwidth,45,21.7140184017105,1300,1156.22731720921
c,PID,Square,limit bandwidth,45,21.7800184576428,1300,1160.13045678572
c,PID,Square,limit bandwidth,45,21.846018513575,1300,1164.06492182235
c,PID,Square,limit bandwidth,45,21.9120185695073,1300,1167.96241845424
c,PID,Square,limit bandwidth,45,21.9780186254395,1300,1171.89715487408
c,PID,Square,limit bandwidth,45,22.0440186813718,1300,1175.80630975371
c,PID,Square,limit bandwidth,45,22.110018737304,1300,1174.69896677764
c,PID,Square,limit bandwidth,45,22.1760187932363,1300,1169.7372488047
c,PID,Square,limit bandwidth,45,22.2420188491685,1300,1171.36340295154
c,PID,Square,limit bandwidth,45,22.3080189051008,1300,1173.85022815129
c,PID,Square,limit bandwidth,45,22.374018961033,1300,1175.96391160628
c,PID,Square,limit bandwidth,45,22.4400190169653,1300,1177.76554466415
c,PID,Square,limit bandwidth,45,22.5060190728975,1300,1180.19953583276
c,PID,Square,limit bandwidth,45,22.5720191288298,1300,1182.05537542684
c,PID,Square,limit bandwidth,45,22.638019184762,1300,1183.74775714838
c,PID,Square,limit bandwidth,45,22.7040192406943,1300,1186.09763506739
c,PID,Square,limit bandwidth,45,22.7700192966265,1300,1187.70663868191
c,PID,Square,limit bandwidth,45,22.8360193525588,1300,1189.27047086237
c,PID,Square,limit bandwidth,45,22.902019408491,1300,1191.54562778654
c,PID,Square,limit bandwidth,45,22.9680194644233,1300,1192.91827386507
c,PID,Square,limit bandwidth,45,23.0340195203555,1300,1194.33478785414
c,PID,Square,limit bandwidth,45,23.1000195762878,1300,1196.5002859316
c,PID,Square,limit bandwidth,45,23.16601963222,1300,1197.67014459203
c,PID,Square,limit bandwidth,45,23.2320196881523,1300,1198.94190690342
c,PID,Square,limit bandwidth,45,23.2980197440845,1300,1200.953066269
c,PID,Square,limit bandwidth,45,23.3640198000168,1300,1201.96323141953
c,PID,Square,limit bandwidth,45,23.430019855949,1300,1203.10982494319
c,PID,Square,limit bandwidth,45,23.4960199118813,1300,1204.94693860373
c,PID,Square,limit bandwidth,45,23.5620199678135,1300,1205.79862387884
c,PID,Square,limit bandwidth,45,23.6280200237458,1300,1206.83887098244
c,PID,Square,limit bandwidth,45,23.694020079678,1300,1208.48288878666
c,PID,Square,limit bandwidth,45,23.7600201356103,1300,1209.19234468324
c,PID,Square,limit bandwidth,45,23.8260201915425,1300,1210.11333438521
c,PID,Square,limit bandwidth,45,23.8920202474748,1300,1211.5620176983
c,PID,Square,limit bandwidth,45,23.958020303407,1300,1212.14428964665
c,PID,Square,limit bandwidth,45,24.0240203593393,1300,1212.93460230888
c,PID,Square,limit bandwidth,45,24.0900204152715,1300,1214.19854318044
c,PID,Square,limit bandwidth,45,24.1560204712038,1300,1214.64028397646
c,PID,Square,limit bandwidth,45,24.222020527136,1300,1217.27547247288
c,PID,Square,limit bandwidth,45,24.2880205830683,1300,1219.50320097224
c,PID,Square,limit bandwidth,45,24.3540206390005,1300,1220.54854783047
c,PID,Square,limit bandwidth,45,24.4200206949328,1300,1221.70310454001
c,PID,Square,limit bandwidth,45,24.486020750865,1300,1223.05352364357
c,PID,Square,limit bandwidth,45,24.5520208067973,1300,1224.00241674868
c,PID,Square,limit bandwidth,45,24.6180208627295,1300,1225.14118649445
c,PID,Square,limit bandwidth,45,24.6840209186618,1300,1226.39657842288
c,PID,Square,limit bandwidth,45,24.750020974594,1300,1227.31929946545
c,PID,Square,limit bandwidth,45,24.8160210305263,1300,1228.4382523592
c,PID,Square,limit bandwidth,45,24.8820210864585,1300,1229.60600663982
c,PID,Square,limit bandwidth,45,24.9480211423908,1300,1230.51982879108
c,PID,Square,limit bandwidth,45,25.014021198323,1300,1231.611734879
c,PID,Square,limit bandwidth,45,25.0800212542553,1300,1232.71018655586
c,PID,Square,limit bandwidth,45,25.1460213101875,1300,1233.60989302271
c,PID,Square,limit bandwidth,45,25.2120213661198,1300,1234.67873291178
c,PID,Square,limit bandwidth,45,25.278021422052,1300,1235.72675481784
c,PID,Square,limit bandwidth,45,25.3440214779843,1300,1236.60695481413
c,PID,Square,limit bandwidth,45,25.4100215339166,1300,1237.66610899347
c,PID,Square,limit bandwidth,45,25.4760215898488,1300,1238.66244052988
c,PID,Square,limit bandwidth,45,25.5420216457811,1300,1239.52837139645
c,PID,Square,limit bandwidth,45,25.6080217017133,1300,1240.59096544642
c,PID,Square,limit bandwidth,45,25.6740217576456,1300,1241.53470197541
c,PID,Square,limit bandwidth,45,25.7400218135778,1300,1242.40074435938
c,PID,Square,limit bandwidth,45,25.8060218695101,1300,1243.46025091429
c,PID,Square,limit bandwidth,45,25.8720219254423,1300,1244.36090217659
c,PID,Square,limit bandwidth,45,25.9380219813746,1300,1245.24167526358
c,PID,Square,limit bandwidth,45,26.0040220373068,1300,1246.29055854254
c,PID,Square,limit bandwidth,45,26.0700220932391,1300,1247.16718657543
c,PID,Square,limit bandwidth,45,26.1360221491713,1300,1248.05918331913
c,PID,Square,limit bandwidth,45,26.2020222051036,1300,1249.09825084851
c,PID,Square,limit bandwidth,45,26.2680222610358,1300,1249.97131737539
c,PID,Square,limit bandwidth,45,26.3340223169681,1300,1250.33110784564
c,PID,Square,limit bandwidth,45,26.4000223729003,1300,1251.20516372159
c,PID,Square,limit bandwidth,45,26.4660224288326,1300,1251.8598634217
c,PID,Square,limit bandwidth,45,26.5320224847648,1300,1252.55830586708
c,PID,Square,limit bandwidth,45,26.5980225406971,1300,1253.47710485656
c,PID,Square,limit bandwidth,45,26.6640225966293,1300,1254.10941657924
c,PID,Square,limit bandwidth,45,26.7300226525616,1300,1254.78446552233
c,PID,Square,limit bandwidth,45,26.7960227084938,1300,1255.65766235588
c,PID,Square,limit bandwidth,45,26.8620227644261,1300,1256.25653083052
c,PID,Square,limit bandwidth,45,26.9280228203583,1300,1256.91571816853
c,PID,Square,limit bandwidth,45,26.9940228762906,1300,1257.73691228859
c,PID,Square,limit bandwidth,45,27.0600229322228,1300,1258.30916010545
c,PID,Square,limit bandwidth,45,27.1260229881551,1300,1258.9459183537
c,PID,Square,limit bandwidth,45,27.1920230440873,1300,1259.71584099165
c,PID,Square,limit bandwidth,45,27.2580231000196,1300,1260.26821767932
c,PID,Square,limit bandwidth,45,27.3240231559518,1300,1260.87576178079
c,PID,Square,limit bandwidth,45,27.3900232118841,1300,1261.6013078896
c,PID,Square,limit bandwidth,45,27.4560232678163,1300,1262.12686756888
c,PID,Square,limit bandwidth,45,27.5220233237486,1300,1262.70530518536
c,PID,Square,limit bandwidth,45,27.5880233796808,1300,1263.39306688893
c,PID,Square,limit bandwidth,45,27.6540234356131,1300,1263.88458072486
c,PID,Square,limit bandwidth,45,27.7200234915453,1300,1264.43992125411
c,PID,Square,limit bandwidth,45,27.7860235474776,1300,1265.08360447628
c,PID,Square,limit bandwidth,45,27.8520236034098,1300,1265.54017310424
c,PID,Square,limit bandwidth,45,27.9180236593421,1300,1266.07846284677
c,PID,Square,limit bandwidth,45,27.9840237152743,1300,1266.67125390405
c,PID,Square,limit bandwidth,45,28.0500237712066,1300,1267.09732086443
c,PID,Square,limit bandwidth,45,28.1160238271388,1300,1267.61318898961
c,PID,Square,limit bandwidth,45,28.1820238830711,1300,1268.15369611904
c,PID,Square,limit bandwidth,45,28.2480239390033,1300,1268.55353510206
c,PID,Square,limit bandwidth,45,28.3140239949356,1300,1269.0416866675
c,PID,Square,limit bandwidth,45,28.3800240508678,1300,1269.53304120542
c,PID,Square,limit bandwidth,45,28.4460241068001,1300,1270.03182922268
c,PID,Square,limit bandwidth,45,28.5120241627323,1300,1270.53808363518
c,PID,Square,limit bandwidth,45,28.5780242186646,1300,1271.02433146773
c,PID,Square,limit bandwidth,45,28.6440242745968,1300,1271.41846775733
c,PID,Square,limit bandwidth,45,28.7100243305291,1300,1271.90313616149
c,PID,Square,limit bandwidth,45,28.7760243864613,1300,1272.35239441637
c,PID,Square,limit bandwidth,45,28.8420244423936,1300,1272.72605922721
c,PID,Square,limit bandwidth,45,28.9080244983258,1300,1273.20514372513
c,PID,Square,limit bandwidth,45,28.9740245542581,1300,1273.61535534537
c,PID,Square,limit bandwidth,45,29.0400246101903,1300,1273.97410805428
c,PID,Square,limit bandwidth,45,29.1060246661226,1300,1274.44466930317
c,PID,Square,limit bandwidth,45,29.1720247220548,1300,1274.8169041024
c,PID,Square,limit bandwidth,45,29.2380247779871,1300,1275.16629820691
c,PID,Square,limit bandwidth,45,29.3040248339193,1300,1275.62533138288
c,PID,Square,limit bandwidth,45,29.3700248898516,1300,1275.96475492191
c,PID,Square,limit bandwidth,45,29.4360249457838,1300,1276.30207544258
c,PID,Square,limit bandwidth,45,29.5020250017161,1300,1276.75082531155
c,PID,Square,limit bandwidth,45,29.5680250576483,1300,1277.06276950338
c,PID,Square,limit bandwidth,45,29.6340251135806,1300,1277.38531881709
c,PID,Square,limit bandwidth,45,29.7000251695129,1300,1277.81930380754
c,PID,Square,limit bandwidth,45,29.7660252254451,1300,1278.11093017044
c,PID,Square,limit bandwidth,45,29.8320252813774,1300,1278.42005313959
c,PID,Square,limit bandwidth,45,29.8980253373096,1300,1278.83495202454
c,PID,Square,limit bandwidth,45,29.9640253932419,1300,1279.11339635683
c,PID,Square,limit bandwidth,45,30.0300254491741,1300,1279.41386667084
c,PID,Square,limit bandwidth,45,30.0960255051064,1300,1279.80774601785
c,PID,Square,limit bandwidth,45,30.1620255610386,1300,1280.07452129639
c,PID,Square,limit bandwidth,45,30.2280256169709,1300,1280.37119873338
c,PID,Square,limit bandwidth,45,30.2940256729031,1300,1280.74218027201
c,PID,Square,limit bandwidth,45,30.3600257288354,1300,1281.0020445985
c,PID,Square,limit bandwidth,45,30.4260257847676,1300,1281.29329464638
c,PID,Square,limit bandwidth,45,30.4920258406999,1300,1281.64298538782
c,PID,Square,limit bandwidth,45,30.5580258966321,1300,1281.87023132458
c,PID,Square,limit bandwidth,45,30.6240259525644,1300,1282.14056312923
c,PID,Square,limit bandwidth,45,30.6900260084966,1300,1282.46648301079
c,PID,Square,limit bandwidth,45,30.7560260644289,1300,1282.70203826563
c,PID,Square,limit bandwidth,45,30.8220261203611,1300,1282.96290908578
c,PID,Square,limit bandwidth,45,30.8880261762934,1300,1283.27298171813
c,PID,Square,limit bandwidth,45,30.9540262322256,1300,1283.49678208117
c,PID,Square,limit bandwidth,45,31.0200262881579,1300,1283.75010143848
c,PID,Square,limit bandwidth,45,31.0860263440901,1300,1284.04216916679
c,PID,Square,limit bandwidth,45,31.1520264000224,700,1184.6021068205
c,PID,Square,limit bandwidth,45,31.2180264559546,700,1153.35434179667
c,PID,Square,limit bandwidth,45,31.2840265118869,700,1145.10950611643
c,PID,Square,limit bandwidth,45,31.3500265678191,700,1137.61796321365
c,PID,Square,limit bandwidth,45,31.4160266237514,700,1130.10239063686
c,PID,Square,limit bandwidth,45,31.4820266796836,700,1122.69255118428
c,PID,Square,limit bandwidth,45,31.5480267356159,700,1115.15127783007
c,PID,Square,limit bandwidth,45,31.6140267915481,700,1107.6735209414
c,PID,Square,limit bandwidth,45,31.6800268474804,700,1100.24090219745
c,PID,Square,limit bandwidth,45,31.7460269034126,700,1092.67440953796
c,PID,Square,limit bandwidth,45,31.8120269593449,700,1085.23887727153
c,PID,Square,limit bandwidth,45,31.8780270152771,700,1077.72079336747
c,PID,Square,limit bandwidth,45,31.9440270712094,700,1070.18979025553
c,PID,Square,limit bandwidth,45,32.0100271271416,700,1062.74296465543
c,PID,Square,limit bandwidth,45,32.0760271830739,700,1055.19133092271
c,PID,Square,limit bandwidth,45,32.1420272390061,700,1047.70085767099
c,PID,Square,limit bandwidth,45,32.2080272949384,700,1040.17994262667
c,PID,Square,limit bandwidth,45,32.2740273508706,700,1032.65556112468
c,PID,Square,limit bandwidth,45,32.3400274068029,700,1025.15161727882
c,PID,Square,limit bandwidth,45,32.4060274627351,700,1017.60885570695
c,PID,Square,limit bandwidth,45,32.4720275186674,700,1010.11655820393
c,PID,Square,limit bandwidth,45,32.5380275745996,700,1002.53580299644
c,PID,Square,limit bandwidth,45,32.6040276305319,700,995.033459271386
c,PID,Square,limit bandwidth,45,32.6700276864641,700,987.52475510284
c,PID,Square,limit bandwidth,45,32.7360277423964,700,979.923004169886
c,PID,Square,limit bandwidth,45,32.8020277983286,700,972.465999375737
c,PID,Square,limit bandwidth,45,32.8680278542609,700,964.870041969672
c,PID,Square,limit bandwidth,45,32.9340279101931,700,957.305996312186
c,PID,Square,limit bandwidth,45,33.0000279661254,700,949.836144982294
c,PID,Square,limit bandwidth,45,33.0660280220576,700,942.212586262096
c,PID,Square,limit bandwidth,45,33.1320280779899,700,934.691667996384
c,PID,Square,limit bandwidth,45,33.1980281339221,700,927.14155019388
c,PID,Square,limit bandwidth,45,33.2640281898544,700,945.838433598878
c,PID,Square,limit bandwidth,45,33.3300282457866,700,943.125659430514
c,PID,Square,limit bandwidth,45,33.3960283017189,700,938.01117164093
c,PID,Square,limit bandwidth,45,33.4620283576511,700,934.684785818706
c,PID,Square,limit bandwidth,45,33.5280284135834,700,930.978030528917
c,PID,Square,limit bandwidth,45,33.5940284695156,700,926.12592210179
c,PID,Square,limit bandwidth,45,33.6600285254479,700,923.068309300483
c,PID,Square,limit bandwidth,45,33.7260285813801,700,919.588973621532
c,PID,Square,limit bandwidth,45,33.7920286373124,700,915.122324747099
c,PID,Square,limit bandwidth,45,33.8580286932447,700,912.296832869406
c,PID,Square,limit bandwidth,45,33.9240287491769,700,909.081134832516
c,PID,Square,limit bandwidth,45,33.9900288051091,700,904.968139019533
c,PID,Square,limit bandwidth,45,34.0560288610414,700,902.412572344598
c,PID,Square,limit bandwidth,45,34.1220289169737,700,899.453570128813
c,PID,Square,limit bandwidth,45,34.1880289729059,700,895.664033381692
c,PID,Square,limit bandwidth,45,34.2540290288382,700,893.415249793891
c,PID,Square,limit bandwidth,45,34.3200290847704,700,890.671233483201
c,PID,Square,limit bandwidth,45,34.3860291407027,700,887.248646681363
c,PID,Square,limit bandwidth,45,34.4520291966349,700,885.304363228487
c,PID,Square,limit bandwidth,45,34.5180292525672,700,882.734455640865
c,PID,Square,limit bandwidth,45,34.5840293084994,700,879.721705986619
c,PID,Square,limit bandwidth,45,34.6500293644317,700,878.0488936323
c,PID,Square,limit bandwidth,45,34.7160294203639,700,875.675535601346
c,PID,Square,limit bandwidth,45,34.7820294762962,700,873.081169806754
c,PID,Square,limit bandwidth,45,34.8480295322284,700,871.647740850198
c,PID,Square,limit bandwidth,45,34.9140295881607,700,869.491979802091
c,PID,Square,limit bandwidth,45,34.9800296440929,700,867.299996651595
c,PID,Square,limit bandwidth,45,35.0460297000252,700,866.133358895241
c,PID,Square,limit bandwidth,45,35.1120297559574,700,864.182686790131
c,PID,Square,limit bandwidth,45,35.1780298118897,700,862.379824293958
c,PID,Square,limit bandwidth,45,35.2440298678219,700,861.503926734726
c,PID,Square,limit bandwidth,45,35.3100299237542,700,857.587379773673
c,PID,Square,limit bandwidth,45,35.3760299796864,700,852.416280322233
c,PID,Square,limit bandwidth,45,35.4420300356187,700,850.312488558696
c,PID,Square,limit bandwidth,45,35.5080300915509,700,847.763103945429
c,PID,Square,limit bandwidth,45,35.5740301474832,700,845.62259843481
c,PID,Square,limit bandwidth,45,35.6400302034154,700,843.764169666962
c,PID,Square,limit bandwidth,45,35.7060302593477,700,841.268330031926
c,PID,Square,limit bandwidth,45,35.7720303152799,700,839.319688178429
c,PID,Square,limit bandwidth,45,35.8380303712122,700,837.485576831197
c,PID,Square,limit bandwidth,45,35.9040304271444,700,835.042980279747
c,PID,Square,limit bandwidth,45,35.9700304830767,700,833.247310927632
c,PID,Square,limit bandwidth,45,36.0360305390089,700,831.448267773152
c,PID,Square,limit bandwidth,45,36.1020305949412,700,829.052901810245
c,PID,Square,limit bandwidth,45,36.1680306508734,700,827.371144458664
c,PID,Square,limit bandwidth,45,36.2340307068057,700,825.618264725094
c,PID,Square,limit bandwidth,45,36.3000307627379,700,823.292799030518
c,PID,Square,limit bandwidth,45,36.3660308186702,700,821.678337881017
c,PID,Square,limit bandwidth,45,36.4320308746024,700,819.961737488853
c,PID,Square,limit bandwidth,45,36.4980309305347,700,817.722433697965
c,PID,Square,limit bandwidth,45,36.5640309864669,700,816.134733593364
c,PID,Square,limit bandwidth,45,36.6300310423992,700,814.426718742618
c,PID,Square,limit bandwidth,45,36.6960310983314,700,812.278033949008
c,PID,Square,limit bandwidth,45,36.7620311542637,700,810.706293564212
c,PID,Square,limit bandwidth,45,36.8280312101959,700,808.97924051732
c,PID,Square,limit bandwidth,45,36.8940312661282,700,806.925768662223
c,PID,Square,limit bandwidth,45,36.9600313220604,700,805.342423524099
c,PID,Square,limit bandwidth,45,37.0260313779927,700,803.603846878602
c,PID,Square,limit bandwidth,45,37.0920314339249,700,801.631568180559
c,PID,Square,limit bandwidth,45,37.1580314898572,700,800.007997554358
c,PID,Square,limit bandwidth,45,37.2240315457894,700,798.267002251288
c,PID,Square,limit bandwidth,45,37.2900316017217,700,796.345139903951
c,PID,Square,limit bandwidth,45,37.3560316576539,700,794.686273633965
c,PID,Square,limit bandwidth,45,37.4220317135862,700,793.776321545681
c,PID,Square,limit bandwidth,45,37.4880317695184,700,792.358436225374
c,PID,Square,limit bandwidth,45,37.5540318254507,700,791.122836385633
c,PID,Square,limit bandwidth,45,37.6200318813829,700,789.702171101015
c,PID,Square,limit bandwidth,45,37.6860319373152,700,788.076083084488
c,PID,Square,limit bandwidth,45,37.7520319932474,700,786.868255100565
c,PID,Square,limit bandwidth,45,37.8180320491797,700,785.469546869208
c,PID,Square,limit bandwidth,45,37.8840321051119,700,783.950547668103
c,PID,Square,limit bandwidth,45,37.9500321610442,700,782.79163687245
c,PID,Square,limit bandwidth,45,38.0160322169765,700,781.429193211746
c,PID,Square,limit bandwidth,45,38.0820322729087,700,780.016443871356
c,PID,Square,limit bandwidth,45,38.148032328841,700,778.892664194384
c,PID,Square,limit bandwidth,45,38.2140323847732,700,777.578831194823
c,PID,Square,limit bandwidth,45,38.2800324407054,700,776.259255758736
c,PID,Square,limit bandwidth,45,38.3460324966377,700,775.183812872376
c,PID,Square,limit bandwidth,45,38.41203255257,700,773.917191626462
c,PID,Square,limit bandwidth,45,38.4780326085022,700,772.678456506681
c,PID,Square,limit bandwidth,45,38.5440326644345,700,771.66511556505
c,PID,Square,limit bandwidth,45,38.6100327203667,700,770.432438623606
c,PID,Square,limit bandwidth,45,38.676032776299,700,769.287892698139
c,PID,Square,limit bandwidth,45,38.7420328322312,700,768.337895486256
c,PID,Square,limit bandwidth,45,38.8080328881635,700,767.125547536223
c,PID,Square,limit bandwidth,45,38.8740329440957,700,766.089873695377
c,PID,Square,limit bandwidth,45,38.940033000028,700,765.193753624095
c,PID,Square,limit bandwidth,45,39.0060330559602,700,764.01043369861
c,PID,Square,limit bandwidth,45,39.0720331118925,700,763.087862609928
c,PID,Square,limit bandwidth,45,39.1380331678247,700,762.236486300384
c,PID,Square,limit bandwidth,45,39.204033223757,700,761.090520163774
c,PID,Square,limit bandwidth,45,39.2700332796892,700,760.276704111054
c,PID,Square,limit bandwidth,45,39.3360333356215,700,759.482163755453
c,PID,Square,limit bandwidth,45,39.4020333915537,700,758.370254004363
c,PID,Square,limit bandwidth,45,39.468033447486,700,757.662574271548
c,PID,Square,limit bandwidth,45,39.5340335034182,700,756.707159768474
c,PID,Square,limit bandwidth,45,39.6000335593505,700,755.579580537867
c,PID,Square,limit bandwidth,45,39.6660336152827,700,754.840110687802
c,PID,Square,limit bandwidth,45,39.732033671215,700,754.065620609665
c,PID,Square,limit bandwidth,45,39.7980337271472,700,753.020386621427
c,PID,Square,limit bandwidth,45,39.8640337830795,700,752.328812217245
c,PID,Square,limit bandwidth,45,39.9300338390117,700,751.583237395943
c,PID,Square,limit bandwidth,45,39.996033894944,700,750.594310532275
c,PID,Square,limit bandwidth,45,40.0620339508762,700,749.941185537112
c,PID,Square,limit bandwidth,45,40.1280340068085,700,749.213290534173
c,PID,Square,limit bandwidth,45,40.1940340627407,700,748.286897112106
c,PID,Square,limit bandwidth,45,40.260034118673,700,747.662056699099
c,PID,Square,limit bandwidth,45,40.3260341746052,700,746.957353584198
c,PID,Square,limit bandwidth,45,40.3920342305375,700,746.091197088865
c,PID,Square,limit bandwidth,45,40.4580342864697,700,745.48430382305
c,PID,Square,limit bandwidth,45,40.524034342402,700,744.808301117183
c,PID,Square,limit bandwidth,45,40.5900343983342,700,743.992635632204
c,PID,Square,limit bandwidth,45,40.6560344542665,700,743.408525761174
c,PID,Square,limit bandwidth,45,40.7220345101987,700,742.75876504246
c,PID,Square,limit bandwidth,45,40.788034566131,700,741.983663192035
c,PID,Square,limit bandwidth,45,40.8540346220632,700,741.42708937264
c,PID,Square,limit bandwidth,45,40.9200346779955,700,740.794380097259
c,PID,Square,limit bandwidth,45,40.9860347339277,700,740.063800134357
c,PID,Square,limit bandwidth,45,41.05203478986,700,739.532030784522
c,PID,Square,limit bandwidth,45,41.1180348457922,700,738.907099037751
c,PID,Square,limit bandwidth,45,41.1840349017245,700,738.224840657866
c,PID,Square,limit bandwidth,45,41.2500349576567,700,737.708733031427
c,PID,Square,limit bandwidth,45,41.316035013589,700,737.095206029074
c,PID,Square,limit bandwidth,45,41.3820350695212,700,736.458102454695
c,PID,Square,limit bandwidth,45,41.4480351254535,700,735.948279542779
c,PID,Square,limit bandwidth,45,41.5140351813857,700,735.349907642283
c,PID,Square,limit bandwidth,45,41.580035237318,700,734.748610191064
c,PID,Square,limit bandwidth,45,41.6460352932503,700,734.303705441053
c,PID,Square,limit bandwidth,45,41.7120353491825,700,733.740317685783
c,PID,Square,limit bandwidth,45,41.7780354051147,700,733.186539333983
c,PID,Square,limit bandwidth,45,41.844035461047,700,732.732752382427
c,PID,Square,limit bandwidth,45,41.9100355169792,700,732.177636218804
c,PID,Square,limit bandwidth,45,41.9760355729115,700,731.661714392358
c,PID,Square,limit bandwidth,45,42.0420356288437,700,731.229778420954
c,PID,Square,limit bandwidth,45,42.108035684776,700,730.680361230065
c,PID,Square,limit bandwidth,45,42.1740357407082,700,730.207442356896
c,PID,Square,limit bandwidth,45,42.2400357966405,1300,775.457144180504
c,PID,Square,limit bandwidth,45,42.3060358525728,1300,856.10430363529
c,PID,Square,limit bandwidth,45,42.372035908505,1300,865.822520095422
c,PID,Square,limit bandwidth,45,42.4380359644373,1300,873.240963162823
c,PID,Square,limit bandwidth,45,42.5040360203695,1300,880.42898567803
c,PID,Square,limit bandwidth,45,42.5700360763018,1300,887.703415336426
c,PID,Square,limit bandwidth,45,42.636036132234,1300,895.069430761295
c,PID,Square,limit bandwidth,45,42.7020361881663,1300,902.216364828948
c,PID,Square,limit bandwidth,45,42.7680362440985,1300,909.593776265862
c,PID,Square,limit bandwidth,45,42.8340363000308,1300,916.932747929752
c,PID,Square,limit bandwidth,45,42.900036355963,1300,924.102606904926
c,PID,Square,limit bandwidth,45,42.9660364118953,1300,931.522724293645
c,PID,Square,limit bandwidth,45,43.0320364678275,1300,938.829283661879
c,PID,Square,limit bandwidth,45,43.0980365237598,1300,946.092715227468
c,PID,Square,limit bandwidth,45,43.164036579692,1300,953.486194819114
c,PID,Square,limit bandwidth,45,43.2300366356243,1300,960.812125761612
c,PID,Square,limit bandwidth,45,43.2960366915565,1300,968.118435653861
c,PID,Square,limit bandwidth,45,43.3620367474888,1300,975.480276905888
c,PID,Square,limit bandwidth,45,43.428036803421,1300,982.886721364738
c,PID,Square,limit bandwidth,45,43.4940368593533,1300,990.176385468926
c,PID,Square,limit bandwidth,45,43.5600369152855,1300,997.559057433963
c,PID,Square,limit bandwidth,45,43.6260369712178,1300,1004.99564953045
c,PID,Square,limit bandwidth,45,43.69203702715,1300,1012.26337712914
c,PID,Square,limit bandwidth,45,43.7580370830823,1300,1019.71571257254
c,PID,Square,limit bandwidth,45,43.8240371390145,1300,1027.11627802218
c,PID,Square,limit bandwidth,45,43.8900371949468,1300,1034.41100904419
c,PID,Square,limit bandwidth,45,43.956037250879,1300,1041.89891543708
c,PID,Square,limit bandwidth,45,44.0220373068113,1300,1049.26280419894
c,PID,Square,limit bandwidth,45,44.0880373627435,1300,1056.64764828545
c,PID,Square,limit bandwidth,45,44.1540374186758,1300,1064.10438107659
c,PID,Square,limit bandwidth,45,44.220037474608,1300,1071.48330566869
c,PID,Square,limit bandwidth,45,44.2860375305403,1300,1078.90669499706
c,PID,Square,limit bandwidth,45,44.3520375864725,1300,1061.70610855618
c,PID,Square,limit bandwidth,45,44.4180376424048,1300,1063.95926228487
c,PID,Square,limit bandwidth,45,44.484037698337,1300,1068.27874783747
c,PID,Square,limit bandwidth,45,44.5500377542693,1300,1071.60401258129
c,PID,Square,limit bandwidth,45,44.6160378102015,1300,1075.63685345439
c,PID,Square,limit bandwidth,45,44.6820378661338,1300,1079.86215492693
c,PID,Square,limit bandwidth,45,44.748037922066,1300,1082.98273713994
c,PID,Square,limit bandwidth,45,44.8140379779983,1300,1086.79408566728
c,PID,Square,limit bandwidth,45,44.8800380339305,1300,1090.63046343662
c,PID,Square,limit bandwidth,45,44.9460380898628,1300,1093.49363382748
c,PID,Square,limit bandwidth,45,45.012038145795,1300,1097.09342096039
c,PID,Square,limit bandwidth,45,45.0780382017273,1300,1100.56717927301
c,PID,Square,limit bandwidth,45,45.1440382576595,1300,1103.13536703723
c,PID,Square,limit bandwidth,45,45.2100383135918,1300,1106.57074302779
c,PID,Square,limit bandwidth,45,45.276038369524,1300,1109.63163481579
c,PID,Square,limit bandwidth,45,45.3420384254563,1300,1111.90755593047
c,PID,Square,limit bandwidth,45,45.4080384813885,1300,1115.22572016552
c,PID,Square,limit bandwidth,45,45.4740385373208,1300,1117.82314240422
c,PID,Square,limit bandwidth,45,45.540038593253,1300,1119.84173109245
c,PID,Square,limit bandwidth,45,45.6060386491853,1300,1123.02375983363
c,PID,Square,limit bandwidth,45,45.6720387051175,1300,1125.14120098866
c,PID,Square,limit bandwidth,45,45.7380387610498,1300,1126.93587575907
c,PID,Square,limit bandwidth,45,45.804038816982,1300,1129.96653853116
c,PID,Square,limit bandwidth,45,45.8700388729143,1300,1131.61670790184
c,PID,Square,limit bandwidth,45,45.9360389288465,1300,1133.16218842839
c,PID,Square,limit bandwidth,45,46.0020389847788,1300,1136.06008275412
c,PID,Square,limit bandwidth,45,46.068039040711,1300,1137.24619785287
c,PID,Square,limit bandwidth,45,46.1340390966433,1300,1138.5169289095
c,PID,Square,limit bandwidth,45,46.2000391525755,1300,1141.20614054289
c,PID,Square,limit bandwidth,45,46.2660392085078,1300,1142.00073422074
c,PID,Square,limit bandwidth,45,46.33203926444,1300,1143.00220178725
c,PID,Square,limit bandwidth,45,46.3980393203723,1300,1145.38591416257
c,PID,Square,limit bandwidth,45,46.4640393763045,1300,1151.53093499724
c,PID,Square,limit bandwidth,45,46.5300394322368,1300,1153.79961687605
c,PID,Square,limit bandwidth,45,46.596039488169,1300,1156.54595750456
c,PID,Square,limit bandwidth,45,46.6620395441013,1300,1158.26461363266
c,PID,Square,limit bandwidth,45,46.7280396000336,1300,1160.2121407658
c,PID,Square,limit bandwidth,45,46.7940396559658,1300,1162.74183153336
c,PID,Square,limit bandwidth,45,46.8600397118981,1300,1164.40621108038
c,PID,Square,limit bandwidth,45,46.9260397678303,1300,1166.31192239561
c,PID,Square,limit bandwidth,45,46.9920398237626,1300,1168.67825624383
c,PID,Square,limit bandwidth,45,47.0580398796948,1300,1170.32419695717
c,PID,Square,limit bandwidth,45,47.1240399356271,1300,1172.17608616759
c,PID,Square,limit bandwidth,45,47.1900399915593,1300,1174.41233059546
c,PID,Square,limit bandwidth,45,47.2560400474916,1300,1176.03064080516
c,PID,Square,limit bandwidth,45,47.3220401034238,1300,1177.8378592653
c,PID,Square,limit bandwidth,45,47.3880401593561,1300,1179.97794756827
c,PID,Square,limit bandwidth,45,47.4540402152883,1300,1181.55925609743
c,PID,Square,limit bandwidth,45,47.5200402712206,1300,1183.34879686516
c,PID,Square,limit bandwidth,45,47.5860403271528,1300,1185.38876272775
c,PID,Square,limit bandwidth,45,47.6520403830851,1300,1186.94367836423
c,PID,Square,limit bandwidth,45,47.7180404390173,1300,1188.74235399083
c,PID,Square,limit bandwidth,45,47.7840404949496,1300,1190.67860688738
c,PID,Square,limit bandwidth,45,47.8500405508818,1300,1192.23484643331
c,PID,Square,limit bandwidth,45,47.9160406068141,1300,1194.03292427857
c,PID,Square,limit bandwidth,45,47.9820406627463,1300,1195.88057424377
c,PID,Square,limit bandwidth,45,48.0480407186786,1300,1197.46583962898
c,PID,Square,limit bandwidth,45,48.1140407746108,1300,1199.25287586396
c,PID,Square,limit bandwidth,45,48.1800408305431,1300,1201.04484398475
c,PID,Square,limit bandwidth,45,48.2460408864753,1300,1202.65392722392
c,PID,Square,limit bandwidth,45,48.3120409424076,1300,1204.43511478849
c,PID,Square,limit bandwidth,45,48.3780409983398,1300,1206.20583062646
c,PID,Square,limit bandwidth,45,48.4440410542721,1300,1207.83223508761
c,PID,Square,limit bandwidth,45,48.5100411102043,1300,1209.16821532634
c,PID,Square,limit bandwidth,45,48.5760411661366,1300,1210.10588744019
c,PID,Square,limit bandwidth,45,48.6420412220688,1300,1211.31445431048
c,PID,Square,limit bandwidth,45,48.7080412780011,1300,1212.88313684623
c,PID,Square,limit bandwidth,45,48.7740413339333,1300,1214.25085604927
c,PID,Square,limit bandwidth,45,48.8400413898656,1300,1215.4639244532
c,PID,Square,limit bandwidth,45,48.9060414457978,1300,1217.01163240433
c,PID,Square,limit bandwidth,45,48.9720415017301,1300,1218.26306121007
c,PID,Square,limit bandwidth,45,49.0380415576623,1300,1219.44483460404
c,PID,Square,limit bandwidth,45,49.1040416135946,1300,1220.95530879675
c,PID,Square,limit bandwidth,45,49.1700416695268,1300,1222.10228886587
c,PID,Square,limit bandwidth,45,49.2360417254591,1300,1223.2399873421
c,PID,Square,limit bandwidth,45,49.3020417813913,1300,1224.71629701637
c,PID,Square,limit bandwidth,45,49.3680418373236,1300,1225.77024020961
c,PID,Square,limit bandwidth,45,49.4340418932558,1300,1226.85057550593
c,PID,Square,limit bandwidth,45,49.5000419491881,1300,1228.27867970759
c,PID,Square,limit bandwidth,45,49.5660420051203,1300,1229.25407315332
c,PID,Square,limit bandwidth,45,49.6320420610526,1300,1230.2765185286
c,PID,Square,limit bandwidth,45,49.6980421169848,1300,1231.6405136223
c,PID,Square,limit bandwidth,45,49.7640421729171,1300,1232.55267583815
c,PID,Square,limit bandwidth,45,49.8300422288493,1300,1233.52762003936
c,PID,Square,limit bandwidth,45,49.8960422847816,1300,1234.81667320208
c,PID,Square,limit bandwidth,45,49.9620423407138,1300,1235.66364018545
c,PID,Square,limit bandwidth,45,50.0280423966461,1300,1236.6014957107
c,PID,Square,limit bandwidth,45,50.0940424525783,1300,1237.8039784786
c,PID,Square,limit bandwidth,45,50.1600425085106,1300,1238.59388960612
c,PID,Square,limit bandwidth,45,50.2260425644428,1300,1239.48326477413
c,PID,Square,limit bandwidth,45,50.2920426203751,1300,1240.59784055406
c,PID,Square,limit bandwidth,45,50.3580426763073,1300,1241.33832478241
c,PID,Square,limit bandwidth,45,50.4240427322396,1300,1242.16784578701
c,PID,Square,limit bandwidth,45,50.4900427881718,1300,1243.20196993109
c,PID,Square,limit bandwidth,45,50.5560428441041,1300,1243.88044491971
c,PID,Square,limit bandwidth,45,50.6220429000363,1300,1244.8297794295
c,PID,Square,limit bandwidth,45,50.6880429559686,1300,1245.89439628877
c,PID,Square,limit bandwidth,45,50.7540430119009,1300,1246.62329162082
c,PID,Square,limit bandwidth,45,50.8200430678331,1300,1247.44068786934
c,PID,Square,limit bandwidth,45,50.8860431237654,1300,1248.38619227392
c,PID,Square,limit bandwidth,45,50.9520431796976,1300,1249.06599035425
c,PID,Square,limit bandwidth,45,51.0180432356299,1300,1249.86711045469
c,PID,Square,limit bandwidth,45,51.0840432915621,1300,1250.74516325044
c,PID,Square,limit bandwidth,45,51.1500433474944,1300,1251.39586169201
c,PID,Square,limit bandwidth,45,51.2160434034266,1300,1252.17573655226
c,PID,Square,limit bandwidth,45,51.2820434593589,1300,1252.9884868122
c,PID,Square,limit bandwidth,45,51.3480435152911,1300,1253.62042744267
c,PID,Square,limit bandwidth,45,51.4140435712234,1300,1254.37334616785
c,PID,Square,limit bandwidth,45,51.4800436271556,1300,1255.1304610121
c,PID,Square,limit bandwidth,45,51.5460436830879,1300,1255.73850329104
c,PID,Square,limit bandwidth,45,51.6120437390201,1300,1256.46681771183
c,PID,Square,limit bandwidth,45,51.6780437949524,1300,1257.17816834874
c,PID,Square,limit bandwidth,45,51.7440438508846,1300,1257.75723306462
c,PID,Square,limit bandwidth,45,51.8100439068169,1300,1258.47008149917
c,PID,Square,limit bandwidth,45,51.8760439627491,1300,1259.131439129
c,PID,Square,limit bandwidth,45,51.9420440186814,1300,1259.68405769629
c,PID,Square,limit bandwidth,45,52.0080440746136,1300,1260.39058055902
c,PID,Square,limit bandwidth,45,52.0740441305459,1300,1260.9979525285
c,PID,Square,limit bandwidth,45,52.1400441864781,1300,1261.53309116192
c,PID,Square,limit bandwidth,45,52.2060442424104,1300,1262.22917201356
c,PID,Square,limit bandwidth,45,52.2720442983426,1300,1262.78571055229
c,PID,Square,limit bandwidth,45,52.3380443542749,1300,1263.31258255689
c,PID,Square,limit bandwidth,45,52.4040444102071,1300,1263.99388924847
c,PID,Square,limit bandwidth,45,52.4700444661394,1300,1264.50916244886
c,PID,Square,limit bandwidth,45,52.5360445220716,1300,1265.02485050436
c,PID,Square,limit bandwidth,45,52.6020445780039,1300,1265.69309991769
c,PID,Square,limit bandwidth,45,52.6680446339361,1300,1266.17737503382
c,PID,Square,limit bandwidth,45,52.7340446898684,1300,1266.62956813237
c,PID,Square,limit bandwidth,45,52.8000447458006,1300,1267.26531375972
c,PID,Square,limit bandwidth,45,52.8660448017329,1300,1267.69666815418
c,PID,Square,limit bandwidth,45,52.9320448576651,1300,1268.15449770308
c,PID,Square,limit bandwidth,45,52.9980449135974,1300,1268.76804857185
c,PID,Square,limit bandwidth,45,53.0640449695296,1300,1269.1793022382
c,PID,Square,limit bandwidth,45,53.1300450254619,1300,1269.62173104197
c,PID,Square,limit bandwidth,45,53.1960450813941,1300,1270.20336327746
c,PID,Square,limit bandwidth,45,53.2620451373264,1300,1270.59332171995
c,PID,Square,limit bandwidth,45,53.3280451932586,1300,1271.02625104781
c,PID,Square,limit bandwidth,45,53.3940452491909,700,1152.68019742463
c,PID,Square,limit bandwidth,45,53.4600453051231,700,1137.6997317862
c,PID,Square,limit bandwidth,45,53.5260453610554,700,1130.10169884139
c,PID,Square,limit bandwidth,45,53.5920454169876,700,1122.94210999434
c,PID,Square,limit bandwidth,45,53.6580454729199,700,1115.56560971791
c,PID,Square,limit bandwidth,45,53.7240455288521,700,1108.25589094737
c,PID,Square,limit bandwidth,45,53.7900455847844,700,1101.06996568544
c,PID,Square,limit bandwidth,45,53.8560456407166,700,1093.6618433262
c,PID,Square,limit bandwidth,45,53.9220456966489,700,1086.38573347526
c,PID,Square,limit bandwidth,45,53.9880457525811,700,1079.10459152873
c,PID,Square,limit bandwidth,45,54.0540458085134,700,1071.72342707855
c,PID,Square,limit bandwidth,45,54.1200458644456,700,1064.42942252062
c,PID,Square,limit bandwidth,45,54.1860459203779,700,1057.10365448897
c,PID,Square,limit bandwidth,45,54.2520459763101,700,1049.75461613785
c,PID,Square,limit bandwidth,45,54.3180460322424,700,1042.38191132483
c,PID,Square,limit bandwidth,45,54.3840460881746,700,1035.07092219479
c,PID,Square,limit bandwidth,45,54.4500461441069,700,1027.70177545011
c,PID,Square,limit bandwidth,45,54.5160462000391,700,1020.30097825876
c,PID,Square,limit bandwidth,45,54.5820462559714,700,1013.00997627159
c,PID,Square,limit bandwidth,45,54.6480463119036,700,1005.55909902245
c,PID,Square,limit bandwidth,45,54.7140463678359,700,998.189776881818
c,PID,Square,limit bandwidth,45,54.7800464237681,700,990.866205442038
c,PID,Square,limit bandwidth,45,54.8460464797004,700,983.395904821112
c,PID,Square,limit bandwidth,45,54.9120465356327,700,976.068725597225
c,PID,Square,limit bandwidth,45,54.9780465915649,700,968.65595714177
c,PID,Square,limit bandwidth,45,55.0440466474972,700,961.210753305906
c,PID,Square,limit bandwidth,45,55.1100467034294,700,953.869171202192
c,PID,Square,limit bandwidth,45,55.1760467593616,700,946.415295965051
c,PID,Square,limit bandwidth,45,55.2420468152939,700,939.006730566396
c,PID,Square,limit bandwidth,45,55.3080468712262,700,931.590157557319
c,PID,Square,limit bandwidth,45,55.3740469271584,700,924.155686262574
c,PID,Square,limit bandwidth,45,55.4400469830907,700,938.874086308874
c,PID,Square,limit bandwidth,45,55.5060470390229,700,937.019003257876
c,PID,Square,limit bandwidth,45,55.5720470949552,700,934.080767466173
c,PID,Square,limit bandwidth,45,55.6380471508874,700,930.552492379187
c,PID,Square,limit bandwidth,45,55.7040472068197,700,925.777200686272
c,PID,Square,limit bandwidth,45,55.7700472627519,700,922.374100227531
c,PID,Square,limit bandwidth,45,55.8360473186842,700,919.053136537002
c,PID,Square,limit bandwidth,45,55.9020473746164,700,914.41882903016
c,PID,Square,limit bandwidth,45,55.9680474305487,700,911.457357089514
c,PID,Square,limit bandwidth,45,56.0340474864809,700,908.419241919147
c,PID,Square,limit bandwidth,45,56.1000475424132,700,903.989900606984
c,PID,Square,limit bandwidth,45,56.1660475983454,700,901.412483118629
c,PID,Square,limit bandwidth,45,56.2320476542777,700,898.653175755218
c,PID,Square,limit bandwidth,45,56.2980477102099,700,894.509554038532
c,PID,Square,limit bandwidth,45,56.3640477661422,700,892.240153451743
c,PID,Square,limit bandwidth,45,56.4300478220744,700,889.720763692226
c,PID,Square,limit bandwidth,45,56.4960478780067,700,885.903586437312
c,PID,Square,limit bandwidth,45,56.5620479339389,700,883.940838131889
c,PID,Square,limit bandwidth,45,56.6280479898712,700,881.623420207556
c,PID,Square,limit bandwidth,45,56.6940480458034,700,878.172648776133
c,PID,Square,limit bandwidth,45,56.7600481017357,700,876.484082120884
c,PID,Square,limit bandwidth,45,56.8260481576679,700,874.395899582768
c,PID,Square,limit bandwidth,45,56.8920482136002,700,871.317217364666
c,PID,Square,limit bandwidth,45,56.9580482695324,700,869.869418103222
c,PID,Square,limit bandwidth,45,57.0240483254647,700,868.033638873948
c,PID,Square,limit bandwidth,45,57.0900483813969,700,865.304940370593
c,PID,Square,limit bandwidth,45,57.1560484373292,700,864.129268407953
c,PID,Square,limit bandwidth,45,57.2220484932614,700,862.539321404639
c,PID,Square,limit bandwidth,45,57.2880485491937,700,860.142817109869
c,PID,Square,limit bandwidth,45,57.3540486051259,700,859.263500562267
c,PID,Square,limit bandwidth,45,57.4200486610582,700,857.887808776424
c,PID,Square,limit bandwidth,45,57.4860487169904,700,855.857280176973
c,PID,Square,limit bandwidth,45,57.5520487729227,700,850.019002367361
c,PID,Square,limit bandwidth,45,57.6180488288549,700,847.346236686945
c,PID,Square,limit bandwidth,45,57.6840488847872,700,844.764771118002
c,PID,Square,limit bandwidth,45,57.7500489407194,700,842.979276875718
c,PID,Square,limit bandwidth,45,57.8160489966517,700,840.796299293506
c,PID,Square,limit bandwidth,45,57.8820490525839,700,838.510448592397
c,PID,Square,limit bandwidth,45,57.9480491085162,700,836.7597287576
c,PID,Square,limit bandwidth,45,58.0140491644484,700,834.638138367572
c,PID,Square,limit bandwidth,45,58.0800492203807,700,832.502211153275
c,PID,Square,limit bandwidth,45,58.1460492763129,700,830.790580239512
c,PID,Square,limit bandwidth,45,58.2120493322452,700,828.721753786635
c,PID,Square,limit bandwidth,45,58.2780493881774,700,826.699626004838
c,PID,Square,limit bandwidth,45,58.3440494441097,700,825.037781952884
c,PID,Square,limit bandwidth,45,58.4100495000419,700,822.994927203364
c,PID,Square,limit bandwidth,45,58.4760495559742,700,821.090224049129
c,PID,Square,limit bandwidth,45,58.5420496119064,700,819.467749718578
c,PID,Square,limit bandwidth,45,58.6080496678387,700,817.42472579389
c,PID,Square,limit bandwidth,45,58.6740497237709,700,815.640180941734
c,PID,Square,limit bandwidth,45,58.7400497797032,700,814.02879504198
c,PID,Square,limit bandwidth,45,58.8060498356354,700,811.99788493042
c,PID,Square,limit bandwidth,45,58.8720498915677,700,810.315742612297
c,PID,Square,limit bandwidth,45,58.9380499474999,700,808.686908396981
c,PID,Square,limit bandwidth,45,59.0040500034322,700,806.682131630713
c,PID,Square,limit bandwidth,45,59.0700500593644,700,805.066706496187
c,PID,Square,limit bandwidth,45,59.1360501152967,700,803.427583004353
c,PID,Square,limit bandwidth,45,59.202050171229,700,801.446445228225
c,PID,Square,limit bandwidth,45,59.2680502271612,700,799.858630895908
c,PID,Square,limit bandwidth,45,59.3340502830935,700,798.216643832925
c,PID,Square,limit bandwidth,45,59.4000503390257,700,796.266743077103
c,PID,Square,limit bandwidth,45,59.466050394958,700,794.674726988855
c,PID,Square,limit bandwidth,45,59.5320504508902,700,793.021200944668
c,PID,Square,limit bandwidth,45,59.5980505068225,700,791.09994191047
c,PID,Square,limit bandwidth,45,59.6640505627547,700,790.686790696745
c,PID,Square,limit bandwidth,45,59.730050618687,700,789.429698737405
c,PID,Square,limit bandwidth,45,59.7960506746192,700,787.724527357929
c,PID,Square,limit bandwidth,45,59.8620507305515,700,786.542150016857
c,PID,Square,limit bandwidth,45,59.9280507864837,700,785.239443502228
c,PID,Square,limit bandwidth,45,59.994050842416,700,783.62180215359
c,PID,Square,limit bandwidth,45,60.0600508983482,700,782.486319474091
c,PID,Square,limit bandwidth,45,60.1260509542805,700,781.224118203589
c,PID,Square,limit bandwidth,45,60.1920510102127,700,779.704946548657
c,PID,Square,limit bandwidth,45,60.258051066145,700,778.60387465324
c,PID,Square,limit bandwidth,45,60.3240511220772,700,777.395304630028
c,PID,Square,limit bandwidth,45,60.3900511780095,700,775.960362746885
c,PID,Square,limit bandwidth,45,60.4560512339417,700,774.906897450397
c,PID,Square,limit bandwidth,45,60.522051289874,700,773.751514121385
c,PID,Square,limit bandwidth,45,60.5880513458062,700,772.387060555999
c,PID,Square,limit bandwidth,45,60.6540514017385,700,771.395004892029
c,PID,Square,limit bandwidth,45,60.7200514576707,700,770.280742898962
c,PID,Square,limit bandwidth,45,60.786051513603,700,768.998392364031
c,PID,Square,limit bandwidth,45,60.8520515695352,700,768.069110196571
c,PID,Square,limit bandwidth,45,60.9180516254675,700,766.983807808117
c,PID,Square,limit bandwidth,45,60.9840516813997,700,765.79620658138
c,PID,Square,limit bandwidth,45,61.050051737332,700,764.920478445143
c,PID,Square,limit bandwidth,45,61.1160517932642,700,763.874537802741
c,PID,Square,limit bandwidth,45,61.1820518491965,700,762.783509458655
c,PID,Square,limit bandwidth,45,61.2480519051287,700,761.952252034865
c,PID,Square,limit bandwidth,45,61.314051961061,700,760.956194333108
c,PID,Square,limit bandwidth,45,61.3800520169932,700,759.954570621746
c,PID,Square,limit bandwidth,45,61.4460520729255,700,759.180245102669
c,PID,Square,limit bandwidth,45,61.5120521288577,700,758.233379924604
c,PID,Square,limit bandwidth,45,61.57805218479,700,757.315085409519
c,PID,Square,limit bandwidth,45,61.6440522407222,700,756.610385876946
c,PID,Square,limit bandwidth,45,61.7100522966545,700,755.60470621649
c,PID,Square,limit bandwidth,45,61.7760523525867,700,754.610162011497
c,PID,Square,limit bandwidth,45,61.842052408519,700,753.855622044923
c,PID,Square,limit bandwidth,45,61.9080524644512,700,752.905624163397
c,PID,Square,limit bandwidth,45,61.9740525203835,700,752.092921077709
c,PID,Square,limit bandwidth,45,62.0400525763157,700,751.382409668472
c,PID,Square,limit bandwidth,45,62.106052632248,700,750.451202960089
c,PID,Square,limit bandwidth,45,62.1720526881802,700,749.714538065794
c,PID,Square,limit bandwidth,45,62.2380527441125,700,749.023579985144
c,PID,Square,limit bandwidth,45,62.3040528000447,700,748.115559990704
c,PID,Square,limit bandwidth,45,62.370052855977,700,747.444943468013
c,PID,Square,limit bandwidth,45,62.4360529119092,700,746.77915480252
c,PID,Square,limit bandwidth,45,62.5020529678415,700,745.891853201693
c,PID,Square,limit bandwidth,45,62.5680530237737,700,745.277275741425
c,PID,Square,limit bandwidth,45,62.634053079706,700,744.642254249748
c,PID,Square,limit bandwidth,45,62.7000531356382,700,743.784699359152
c,PID,Square,limit bandwidth,45,62.7660531915705,700,743.212417425809
c,PID,Square,limit bandwidth,45,62.8320532475027,700,742.605763119714
c,PID,Square,limit bandwidth,45,62.898053303435,700,741.786936089984
c,PID,Square,limit bandwidth,45,62.9640533593672,700,741.243041046305
c,PID,Square,limit bandwidth,45,63.0300534152995,700,740.655581041077
c,PID,Square,limit bandwidth,45,63.0960534712317,700,739.879641363096
c,PID,Square,limit bandwidth,45,63.162053527164,700,739.361488279261
c,PID,Square,limit bandwidth,45,63.2280535830962,700,738.783921547608
c,PID,Square,limit bandwidth,45,63.2940536390285,700,738.054952620543
c,PID,Square,limit bandwidth,45,63.3600536949608,700,737.553541825214
c,PID,Square,limit bandwidth,45,63.426053750893,700,736.989348965357
c,PID,Square,limit bandwidth,45,63.4920538068253,700,736.304576168416
c,PID,Square,limit bandwidth,45,63.5580538627575,700,735.810616495047
c,PID,Square,limit bandwidth,45,63.6240539186897,700,735.263310393588
c,PID,Square,limit bandwidth,45,63.690053974622,700,734.613931987302
c,PID,Square,limit bandwidth,45,63.7560540305543,700,734.12997040536
c,PID,Square,limit bandwidth,45,63.8220540864865,700,733.635378566755
c,PID,Square,limit bandwidth,45,63.8880541424188,700,733.034482324722
c,PID,Square,limit bandwidth,45,63.954054198351,700,732.596154812824
c,PID,Square,limit bandwidth,45,64.0200542542833,700,732.09674473873
c,PID,Square,limit bandwidth,45,64.0860543102155,700,731.5204252512
c,PID,Square,limit bandwidth,45,64.1520543661478,700,731.101591726104
c,PID,Square,limit bandwidth,45,64.21805442208,700,730.610369416926
c,PID,Square,limit bandwidth,45,64.2840544780123,700,730.073640076361
c,PID,Square,limit bandwidth,45,64.3500545339445,700,729.671253040827
c,PID,Square,limit bandwidth,45,64.4160545898768,700,729.192199518623
c,PID,Square,limit bandwidth,45,64.482054645809,1300,828.346488827395
c,PID,Square,limit bandwidth,45,64.5480547017413,1300,859.451568622319
c,PID,Square,limit bandwidth,45,64.6140547576735,1300,867.505410397647
c,PID,Square,limit bandwidth,45,64.6800548136058,1300,874.735642160612
c,PID,Square,limit bandwidth,45,64.746054869538,1300,882.116792520985
c,PID,Square,limit bandwidth,45,64.8120549254703,1300,889.33120320366
c,PID,Square,limit bandwidth,45,64.8780549814025,1300,896.633012031432
c,PID,Square,limit bandwidth,45,64.9440550373348,1300,903.986590214831
c,PID,Square,limit bandwidth,45,65.010055093267,1300,911.217031835839
c,PID,Square,limit bandwidth,45,65.0760551491993,1300,918.567350010733
c,PID,Square,limit bandwidth,45,65.1420552051315,1300,925.888931737818
c,PID,Square,limit bandwidth,45,65.2080552610638,1300,933.195687558255
c,PID,Square,limit bandwidth,45,65.274055316996,1300,940.535427013151
c,PID,Square,limit bandwidth,45,65.3400553729283,1300,947.876835423499
c,PID,Square,limit bandwidth,45,65.4060554288605,1300,955.209097428567
c,PID,Square,limit bandwidth,45,65.4720554847928,1300,962.533184897849
c,PID,Square,limit bandwidth,45,65.538055540725,1300,969.95562014932
c,PID,Square,limit bandwidth,45,65.6040555966573,1300,977.25356887117
c,PID,Square,limit bandwidth,45,65.6700556525895,1300,984.614567308288
c,PID,Square,limit bandwidth,45,65.7360557085218,1300,992.067728148933
c,PID,Square,limit bandwidth,45,65.802055764454,1300,999.32553849155
c,PID,Square,limit bandwidth,45,65.8680558203863,1300,1006.78563039682
c,PID,Square,limit bandwidth,45,65.9340558763185,1300,1014.19978799605
c,PID,Square,limit bandwidth,45,66.0000559322508,1300,1021.47487713179
c,PID,Square,limit bandwidth,45,66.066055988183,1300,1028.9670924826
c,PID,Square,limit bandwidth,45,66.1320560441153,1300,1036.34992112273
c,PID,Square,limit bandwidth,45,66.1980561000476,1300,1043.71503593024
c,PID,Square,limit bandwidth,45,66.2640561559798,1300,1051.17671990973
c,PID,Square,limit bandwidth,45,66.330056211912,1300,1058.57551839613
c,PID,Square,limit bandwidth,45,66.3960562678443,1300,1065.9779823531
c,PID,Square,limit bandwidth,45,66.4620563237765,1300,1073.40313979285
c,PID,Square,limit bandwidth,45,66.5280563797088,1300,1062.60023167875
c,PID,Square,limit bandwidth,45,66.5940564356411,1300,1062.77858041658
c,PID,Square,limit bandwidth,45,66.6600564915733,1300,1064.29129477453
c,PID,Square,limit bandwidth,45,66.7260565475055,1300,1068.04271499099
c,PID,Square,limit bandwidth,45,66.7920566034378,1300,1072.84153249755
c,PID,Square,limit bandwidth,45,66.85805665937,1300,1076.05507421936
c,PID,Square,limit bandwidth,45,66.9240567153023,1300,1079.64544787751
c,PID,Square,limit bandwidth,45,66.9900567712345,1300,1084.10596920727
c,PID,Square,limit bandwidth,45,67.0560568271668,1300,1087.05538146296
c,PID,Square,limit bandwidth,45,67.122056883099,1300,1090.39084247673
c,PID,Square,limit bandwidth,45,67.1880569390313,1300,1094.53976122238
c,PID,Square,limit bandwidth,45,67.2540569949635,1300,1097.18494871695
c,PID,Square,limit bandwidth,45,67.3200570508958,1300,1100.30932375341
c,PID,Square,limit bandwidth,45,67.386057106828,1300,1104.10058341185
c,PID,Square,limit bandwidth,45,67.4520571627603,1300,1106.44327262973
c,PID,Square,limit bandwidth,45,67.5180572186925,1300,1109.40015020447
c,PID,Square,limit bandwidth,45,67.5840572746248,1300,1112.78773912863
c,PID,Square,limit bandwidth,45,67.650057330557,1300,1114.86320278465
c,PID,Square,limit bandwidth,45,67.7160573864893,1300,1117.62668168685
c,PID,Square,limit bandwidth,45,67.7820574424215,1300,1120.6007160453
c,PID,Square,limit bandwidth,45,67.8480574983538,1300,1122.44282087432
c,PID,Square,limit bandwidth,45,67.914057554286,1300,1124.9894191646
c,PID,Square,limit bandwidth,45,67.9800576102183,1300,1127.56887666361
c,PID,Square,limit bandwidth,45,68.0460576661506,1300,1129.15052415133
c,PID,Square,limit bandwidth,45,68.1120577220828,1300,1131.49302485024
c,PID,Square,limit bandwidth,45,68.1780577780151,1300,1133.69486255505
c,PID,Square,limit bandwidth,45,68.2440578339473,1300,1134.98588179549
c,PID,Square,limit bandwidth,45,68.3100578898796,1300,1137.16158048121
c,PID,Square,limit bandwidth,45,68.3760579458118,1300,1138.94369559829
c,PID,Square,limit bandwidth,45,68.4420580017441,1300,1139.94900088921
c,PID,Square,limit bandwidth,45,68.5080580576763,1300,1141.99478403089
c,PID,Square,limit bandwidth,45,68.5740581136086,1300,1143.31712508723
c,PID,Square,limit bandwidth,45,68.6400581695408,1300,1148.72333820516
c,PID,Square,limit bandwidth,45,68.7060582254731,1300,1151.96214223746
c,PID,Square,limit bandwidth,45,68.7720582814053,1300,1154.30176504041
c,PID,Square,limit bandwidth,45,68.8380583373376,1300,1156.21058744652
c,PID,Square,limit bandwidth,45,68.9040583932698,1300,1158.77574669109
c,PID,Square,limit bandwidth,45,68.9700584492021,1300,1160.6240734363
c,PID,Square,limit bandwidth,45,69.0360585051343,1300,1162.46948840501
c,PID,Square,limit bandwidth,45,69.1020585610666,1300,1164.97957678703
c,PID,Square,limit bandwidth,45,69.1680586169988,1300,1166.6889128518
c,PID,Square,limit bandwidth,45,69.2340586729311,1300,1168.47312051361
c,PID,Square,limit bandwidth,45,69.3000587288633,1300,1170.90240345267
c,PID,Square,limit bandwidth,45,69.3660587847956,1300,1172.522931697
c,PID,Square,limit bandwidth,45,69.4320588407278,1300,1174.25603705789
c,PID,Square,limit bandwidth,45,69.4980588966601,1300,1176.58283868596
c,PID,Square,limit bandwidth,45,69.5640589525923,1300,1178.15991329399
c,PID,Square,limit bandwidth,45,69.6300590085246,1300,1179.87065007685
c,PID,Square,limit bandwidth,45,69.6960590644568,1300,1182.08906978354
c,PID,Square,limit bandwidth,45,69.7620591203891,1300,1183.63356908304
c,PID,Square,limit bandwidth,45,69.8280591763213,1300,1185.35065957132
c,PID,Square,limit bandwidth,45,69.8940592322536,1300,1187.45495786212
c,PID,Square,limit bandwidth,45,69.9600592881858,1300,1188.99541362668
c,PID,Square,limit bandwidth,45,70.0260593441181,1300,1190.71056507825
c,PID,Square,limit bandwidth,45,70.0920594000503,1300,1192.71429591195
c,PID,Square,limit bandwidth,45,70.1580594559826,1300,1194.27910241781
c,PID,Square,limit bandwidth,45,70.2240595119148,1300,1195.98269271319
c,PID,Square,limit bandwidth,45,70.2900595678471,1300,1197.91648708264
c,PID,Square,limit bandwidth,45,70.3560596237793,1300,1199.50071492395
c,PID,Square,limit bandwidth,45,70.4220596797116,1300,1201.20069816346
c,PID,Square,limit bandwidth,45,70.4880597356438,1300,1203.09685605721
c,PID,Square,limit bandwidth,45,70.5540597915761,1300,1204.69387824942
c,PID,Square,limit bandwidth,45,70.6200598475083,1300,1206.4130048455
c,PID,Square,limit bandwidth,45,70.6860599034406,1300,1208.27216381944
c,PID,Square,limit bandwidth,45,70.7520599593729,1300,1208.78643590084
c,PID,Square,limit bandwidth,45,70.8180600153051,1300,1210.14667875076
c,PID,Square,limit bandwidth,45,70.8840600712373,1300,1211.69989775355
c,PID,Square,limit bandwidth,45,70.9500601271696,1300,1212.91268849703
c,PID,Square,limit bandwidth,45,71.0160601831018,1300,1214.34061702031
c,PID,Square,limit bandwidth,45,71.0820602390341,1300,1215.82078905871
c,PID,Square,limit bandwidth,45,71.1480602949664,1300,1217.00351989091
c,PID,Square,limit bandwidth,45,71.2140603508986,1300,1218.38360376237
c,PID,Square,limit bandwidth,45,71.2800604068308,1300,1219.76962271494
c,PID,Square,limit bandwidth,45,71.3460604627631,1300,1220.9066268529
c,PID,Square,limit bandwidth,45,71.4120605186954,1300,1222.24036825361
c,PID,Square,limit bandwidth,45,71.4780605746276,1300,1223.54621950723
c,PID,Square,limit bandwidth,45,71.5440606305598,1300,1224.62370466225
c,PID,Square,limit bandwidth,45,71.6100606864921,1300,1225.9251317642
c,PID,Square,limit bandwidth,45,71.6760607424243,1300,1227.13806569782
c,PID,Square,limit bandwidth,45,71.7420607983566,1300,1228.15532790794
c,PID,Square,limit bandwidth,45,71.8080608542889,1300,1229.43880280727
c,PID,Square,limit bandwidth,45,71.8740609102211,1300,1230.54477512455
c,PID,Square,limit bandwidth,45,71.9400609661534,1300,1231.51229850065
c,PID,Square,limit bandwidth,45,72.0060610220856,1300,1232.76864083451
c,PID,Square,limit bandwidth,45,72.0720610780179,1300,1233.76465893682
c,PID,Square,limit bandwidth,45,72.1380611339501,1300,1234.69277148573
c,PID,Square,limit bandwidth,45,72.2040611898824,1300,1235.91305636558
c,PID,Square,limit bandwidth,45,72.2700612458146,1300,1236.80556431649
c,PID,Square,limit bandwidth,45,72.3360613017469,1300,1237.68226511569
c,PID,Square,limit bandwidth,45,72.4020613576791,1300,1238.86956706228
c,PID,Square,limit bandwidth,45,72.4680614136114,1300,1239.66330639571
c,PID,Square,limit bandwidth,45,72.5340614695436,1300,1240.47614914013
c,PID,Square,limit bandwidth,45,72.6000615254759,1300,1241.61591798514
c,PID,Square,limit bandwidth,45,72.6660615814081,1300,1242.32166220838
c,PID,Square,limit bandwidth,45,72.7320616373404,1300,1243.06877910882
c,PID,Square,limit bandwidth,45,72.7980616932726,1300,1244.14238435725
c,PID,Square,limit bandwidth,45,72.8640617492049,1300,1245.02753272257
c,PID,Square,limit bandwidth,45,72.9300618051371,1300,1245.83282601506
c,PID,Square,limit bandwidth,45,72.9960618610694,1300,1246.87759548274
c,PID,Square,limit bandwidth,45,73.0620619170016,1300,1247.56689404622
c,PID,Square,limit bandwidth,45,73.1280619729339,1300,1248.33369671412
c,PID,Square,limit bandwidth,45,73.1940620288661,1300,1249.30863207626
c,PID,Square,limit bandwidth,45,73.2600620847984,1300,1249.96671048754
c,PID,Square,limit bandwidth,45,73.3260621407306,1300,1250.70821941279
c,PID,Square,limit bandwidth,45,73.3920621966629,1300,1251.61953141555
c,PID,Square,limit bandwidth,45,73.4580622525951,1300,1252.25743677919
c,PID,Square,limit bandwidth,45,73.5240623085274,1300,1252.96762911113
c,PID,Square,limit bandwidth,45,73.5900623644596,1300,1253.8252715965
c,PID,Square,limit bandwidth,45,73.6560624203919,1300,1254.43755297035
c,PID,Square,limit bandwidth,45,73.7220624763241,1300,1255.11876156698
c,PID,Square,limit bandwidth,45,73.7880625322564,1300,1255.93281401543
c,PID,Square,limit bandwidth,45,73.8540625881886,1300,1256.51408288306
c,PID,Square,limit bandwidth,45,73.9200626441209,1300,1257.17572190586
c,PID,Square,limit bandwidth,45,73.9860627000531,1300,1257.94158820289
c,PID,Square,limit bandwidth,45,74.0520627559854,1300,1258.49432400883
c,PID,Square,limit bandwidth,45,74.1180628119176,1300,1259.14589982852
c,PID,Square,limit bandwidth,45,74.1840628678499,1300,1259.8590943782
c,PID,Square,limit bandwidth,45,74.2500629237821,1300,1260.39245850462
c,PID,Square,limit bandwidth,45,74.3160629797144,1300,1261.02990283703
c,PID,Square,limit bandwidth,45,74.3820630356466,1300,1261.69316340687
c,PID,Square,limit bandwidth,45,74.4480630915789,1300,1262.21650539307
c,PID,Square,limit bandwidth,45,74.5140631475111,1300,1262.83569669208
c,PID,Square,limit bandwidth,45,74.5800632034434,1300,1263.45816374317
c,PID,Square,limit bandwidth,45,74.6460632593756,1300,1263.96839730084
c,PID,Square,limit bandwidth,45,74.7120633153079,1300,1264.57166063053
c,PID,Square,limit bandwidth,45,74.7780633712401,1300,1265.16291558001
c,PID,Square,limit bandwidth,45,74.8440634271724,1300,1265.65702206902
c,PID,Square,limit bandwidth,45,74.9100634831046,1300,1266.23153311328
c,PID,Square,limit bandwidth,45,74.9760635390369,1300,1266.75334549654
c,PID,Square,limit bandwidth,45,75.0420635949691,1300,1267.20221699662
c,PID,Square,limit bandwidth,45,75.1080636509014,1300,1267.77822556308
c,PID,Square,limit bandwidth,45,75.1740637068336,1300,1268.27406140575
c,PID,Square,limit bandwidth,45,75.2400637627659,1300,1268.70992995886
c,PID,Square,limit bandwidth,45,75.3060638186981,1300,1269.27667931254
c,PID,Square,limit bandwidth,45,75.3720638746304,1300,1269.72840410125
c,PID,Square,limit bandwidth,45,75.4380639305626,1300,1270.15360844415
c,PID,Square,limit bandwidth,45,75.5040639864949,1300,1270.70677776444
c,PID,Square,limit bandwidth,45,75.5700640424271,700,1225.4544633739
c,PID,Square,limit bandwidth,45,75.6360640983594,700,1144.6778309578
c,PID,Square,limit bandwidth,45,75.7020641542916,700,1135.06967811185
c,PID,Square,limit bandwidth,45,75.7680642102239,700,1127.62601231376
c,PID,Square,limit bandwidth,45,75.8340642661561,700,1120.30289745495
c,PID,Square,limit bandwidth,45,75.9000643220884,700,1113.15771876107
c,PID,Square,limit bandwidth,45,75.9660643780207,700,1105.75485260918
c,PID,Square,limit bandwidth,45,76.0320644339529,700,1098.46665254227
c,PID,Square,limit bandwidth,45,76.0980644898851,700,1091.22709762257
c,PID,Square,limit bandwidth,45,76.1640645458174,700,1083.8506704339
c,PID,Square,limit bandwidth,45,76.2300646017496,700,1076.54311199231
c,PID,Square,limit bandwidth,45,76.2960646576819,700,1069.25976099665
c,PID,Square,limit bandwidth,45,76.3620647136142,700,1061.91498132123
c,PID,Square,limit bandwidth,45,76.4280647695464,700,1054.52730663597
c,PID,Square,limit bandwidth,45,76.4940648254786,700,1047.259686471
c,PID,Square,limit bandwidth,45,76.5600648814109,700,1039.89449826492
c,PID,Square,limit bandwidth,45,76.6260649373432,700,1032.47707995422
c,PID,Square,limit bandwidth,45,76.6920649932754,700,1025.23069912274
c,PID,Square,limit bandwidth,45,76.7580650492077,700,1017.7836445081
c,PID,Square,limit bandwidth,45,76.8240651051399,700,1010.39576784088
c,PID,Square,limit bandwidth,45,76.8900651610721,700,1003.11854672619
c,PID,Square,limit bandwidth,45,76.9560652170044,700,995.639794700522
c,PID,Square,limit bandwidth,45,77.0220652729367,700,988.294643866943
c,PID,Square,limit bandwidth,45,77.0880653288689,700,980.929718365229
c,PID,Square,limit bandwidth,45,77.1540653848012,700,973.486823102767
c,PID,Square,limit bandwidth,45,77.2200654407334,700,966.122663817522
c,PID,Square,limit bandwidth,45,77.2860654966657,700,958.716163407398
c,PID,Square,limit bandwidth,45,77.3520655525979,700,951.3084590296
c,PID,Square,limit bandwidth,45,77.4180656085302,700,943.867371973071
c,PID,Square,limit bandwidth,45,77.4840656644624,700,936.481597520477
c,PID,Square,limit bandwidth,45,77.5500657203947,700,929.057362259012
c,PID,Square,limit bandwidth,45,77.6160657763269,700,933.765841141623
c,PID,Square,limit bandwidth,45,77.6820658322592,700,937.68305803346
c,PID,Square,limit bandwidth,45,77.7480658881914,700,937.136582884818
c,PID,Square,limit bandwidth,45,77.8140659441237,700,933.129977851013
c,PID,Square,limit bandwidth,45,77.8800660000559,700,928.833177978034
c,PID,Square,limit bandwidth,45,77.9460660559882,700,925.483457534219
c,PID,Square,limit bandwidth,45,78.0120661119204,700,921.40458397944
c,PID,Square,limit bandwidth,45,78.0780661678527,700,917.446429719392
c,PID,Square,limit bandwidth,45,78.1440662237849,700,914.393198042096
c,PID,Square,limit bandwidth,45,78.2100662797172,700,910.477943146798
c,PID,Square,limit bandwidth,45,78.2760663356494,700,906.930499774561
c,PID,Square,limit bandwidth,45,78.3420663915817,700,904.172045064828
c,PID,Square,limit bandwidth,45,78.4080664475139,700,900.369174955309
c,PID,Square,limit bandwidth,45,78.4740665034462,700,897.286905652236
c,PID,Square,limit bandwidth,45,78.5400665593784,700,894.784762306466
c,PID,Square,limit bandwidth,45,78.6060666153107,700,891.116553323005
c,PID,Square,limit bandwidth,45,78.6720666712429,700,888.51620273631
c,PID,Square,limit bandwidth,45,78.7380667271752,700,886.23281593324
c,PID,Square,limit bandwidth,45,78.8040667831074,700,882.718856904608
c,PID,Square,limit bandwidth,45,78.8700668390397,700,880.58665669982
c,PID,Square,limit bandwidth,45,78.9360668949719,700,878.552523599984
c,PID,Square,limit bandwidth,45,79.0020669509042,700,875.174460880467
c,PID,Square,limit bandwidth,45,79.0680670068364,700,873.500461715323
c,PID,Square,limit bandwidth,45,79.1340670627687,700,871.741900960747
c,PID,Square,limit bandwidth,45,79.2000671187009,700,868.57132204363
c,PID,Square,limit bandwidth,45,79.2660671746332,700,867.285934850634
c,PID,Square,limit bandwidth,45,79.3320672305654,700,865.800372797285
c,PID,Square,limit bandwidth,45,79.3980672864977,700,862.930398985197
c,PID,Square,limit bandwidth,45,79.4640673424299,700,861.947279487786
c,PID,Square,limit bandwidth,45,79.5300673983622,700,860.703890132366
c,PID,Square,limit bandwidth,45,79.5960674542944,700,858.166088820586
c,PID,Square,limit bandwidth,45,79.6620675102267,700,857.48263819871
c,PID,Square,limit bandwidth,45,79.728067566159,700,852.6987243249
c,PID,Square,limit bandwidth,45,79.7940676220912,700,849.043172291781
c,PID,Square,limit bandwidth,45,79.8600676780235,700,846.624885824994
c,PID,Square,limit bandwidth,45,79.9260677339557,700,844.540513533195
c,PID,Square,limit bandwidth,45,79.9920677898879,700,841.964089469255
c,PID,Square,limit bandwidth,45,80.0580678458202,700,840.217483662984
c,PID,Square,limit bandwidth,45,80.1240679017525,700,838.239661630901
c,PID,Square,limit bandwidth,45,80.1900679576847,700,835.819223102449
c,PID,Square,limit bandwidth,45,80.256068013617,700,834.117993820365
c,PID,Square,limit bandwidth,45,80.3220680695492,700,832.200868368607
c,PID,Square,limit bandwidth,45,80.3880681254815,700,829.898181206396
c,PID,Square,limit bandwidth,45,80.4540681814137,700,828.253260553875
c,PID,Square,limit bandwidth,45,80.520068237346,700,826.36774518062
c,PID,Square,limit bandwidth,45,80.5860682932782,700,824.189019313982
c,PID,Square,limit bandwidth,45,80.6520683492105,700,822.589616680279
c,PID,Square,limit bandwidth,45,80.7180684051427,700,820.706965906598
c,PID,Square,limit bandwidth,45,80.784068461075,700,818.657906135314
c,PID,Square,limit bandwidth,45,80.8500685170072,700,817.074787191855
c,PID,Square,limit bandwidth,45,80.9160685729395,700,815.20533261124
c,PID,Square,limit bandwidth,45,80.9820686288717,700,813.271074265557
c,PID,Square,limit bandwidth,45,81.048068684804,700,811.67474093514
c,PID,Square,limit bandwidth,45,81.1140687407362,700,809.82985899854
c,PID,Square,limit bandwidth,45,81.1800687966685,700,807.977250711526
c,PID,Square,limit bandwidth,45,81.2460688526007,700,806.374814777116
c,PID,Square,limit bandwidth,45,81.312068908533,700,804.548621835782
c,PID,Square,limit bandwidth,45,81.3780689644652,700,802.743213053741
c,PID,Square,limit bandwidth,45,81.4440690203974,700,801.141478615429
c,PID,Square,limit bandwidth,45,81.5100690763297,700,799.312411037431
c,PID,Square,limit bandwidth,45,81.576069132262,700,797.551700349724
c,PID,Square,limit bandwidth,45,81.6420691881942,700,795.941250289717
c,PID,Square,limit bandwidth,45,81.7080692441265,700,794.088176742658
c,PID,Square,limit bandwidth,45,81.7740693000587,700,792.369384318669
c,PID,Square,limit bandwidth,45,81.840069355991,700,791.682766736689
c,PID,Square,limit bandwidth,45,81.9060694119232,700,790.131159678021
c,PID,Square,limit bandwidth,45,81.9720694678555,700,788.880468765183
c,PID,Square,limit bandwidth,45,82.0380695237877,700,787.606270739739
c,PID,Square,limit bandwidth,45,82.10406957972,700,785.972880657491
c,PID,Square,limit bandwidth,45,82.1700696356522,700,784.729052821141
c,PID,Square,limit bandwidth,45,82.2360696915845,700,783.493143975959
c,PID,Square,limit bandwidth,45,82.3020697475167,700,781.895059005035
c,PID,Square,limit bandwidth,45,82.368069803449,700,780.746535534287
c,PID,Square,limit bandwidth,45,82.4340698593812,700,779.567983806152
c,PID,Square,limit bandwidth,45,82.5000699153135,700,778.020327048572
c,PID,Square,limit bandwidth,45,82.5660699712457,700,776.950440445599
c,PID,Square,limit bandwidth,45,82.632070027178,700,775.829195116005
c,PID,Square,limit bandwidth,45,82.6980700831102,700,774.34786754492
c,PID,Square,limit bandwidth,45,82.7640701390425,700,773.3396891828
c,PID,Square,limit bandwidth,45,82.8300701949747,700,772.26387054722
c,PID,Square,limit bandwidth,45,82.896070250907,700,770.859680452514
c,PID,Square,limit bandwidth,45,82.9620703068392,700,769.914505248775
c,PID,Square,limit bandwidth,45,83.0280703627715,700,768.872270685062
c,PID,Square,limit bandwidth,45,83.0940704187037,700,767.55689602569
c,PID,Square,limit bandwidth,45,83.160070474636,700,766.665141140136
c,PID,Square,limit bandwidth,45,83.2260705305682,700,765.668132739512
c,PID,Square,limit bandwidth,45,83.2920705865005,700,764.441948832876
c,PID,Square,limit bandwidth,45,83.3580706424327,700,763.594171008826
c,PID,Square,limit bandwidth,45,83.424070698365,700,762.654184183862
c,PID,Square,limit bandwidth,45,83.4900707542972,700,761.507839654563
c,PID,Square,limit bandwidth,45,83.5560708102295,700,760.716885604613
c,PID,Square,limit bandwidth,45,83.6220708661617,700,759.834669142873
c,PID,Square,limit bandwidth,45,83.688070922094,700,758.75970183571
c,PID,Square,limit bandwidth,45,83.7540709780262,700,758.038646696524
c,PID,Square,limit bandwidth,45,83.8200710339585,700,757.20546235241
c,PID,Square,limit bandwidth,45,83.8860710898907,700,756.214205108422
c,PID,Square,limit bandwidth,45,83.952071145823,700,755.338915719146
c,PID,Square,limit bandwidth,45,84.0180712017552,700,754.441018734686
c,PID,Square,limit bandwidth,45,84.0840712576875,700,753.473708115843
c,PID,Square,limit bandwidth,45,84.1500713136197,700,752.763082244956
c,PID,Square,limit bandwidth,45,84.216071369552,700,751.913746848916
c,PID,Square,limit bandwidth,45,84.2820714254842,700,751.028938918647
c,PID,Square,limit bandwidth,45,84.3480714814165,700,750.340551964629
c,PID,Square,limit bandwidth,45,84.4140715373488,700,749.521230593906
c,PID,Square,limit bandwidth,45,84.480071593281,700,748.697409503808
c,PID,Square,limit bandwidth,45,84.5460716492132,700,748.036257507374
c,PID,Square,limit bandwidth,45,84.6120717051455,700,747.244502273046
c,PID,Square,limit bandwidth,45,84.6780717610777,700,746.471360635813
c,PID,Square,limit bandwidth,45,84.74407181701,700,745.84334722365
c,PID,Square,limit bandwidth,45,84.8100718729423,700,745.069372244337
c,PID,Square,limit bandwidth,45,84.8760719288745,700,744.352050030468
c,PID,Square,limit bandwidth,45,84.9420719848068,700,743.75482611137
c,PID,Square,limit bandwidth,45,85.008072040739,700,742.988819672021
c,PID,Square,limit bandwidth,45,85.0740720966713,700,742.332311613057
c,PID,Square,limit bandwidth,45,85.1400721526035,700,741.756531353302
c,PID,Square,limit bandwidth,45,85.2060722085358,700,741.003040650925
c,PID,Square,limit bandwidth,45,85.272072264468,700,740.404674132348
c,PID,Square,limit bandwidth,45,85.3380723204003,700,739.840813681398
c,PID,Square,limit bandwidth,45,85.4040723763325,700,739.10456550026
c,PID,Square,limit bandwidth,45,85.4700724322648,700,738.554914270182
c,PID,Square,limit bandwidth,45,85.536072488197,700,738.006641456795
c,PID,Square,limit bandwidth,45,85.6020725441293,700,737.285683920494
c,PID,Square,limit bandwidth,45,85.6680726000615,700,736.774728474966
c,PID,Square,limit bandwidth,45,85.7340726559938,700,736.245625522033
c,PID,Square,limit bandwidth,45,85.800072711926,700,735.546485852103
c,PID,Square,limit bandwidth,45,85.8660727678583,700,735.06180341372
c,PID,Square,limit bandwidth,45,85.9320728237905,700,734.548978093932
c,PID,Square,limit bandwidth,45,85.9980728797228,700,733.877171864452
c,PID,Square,limit bandwidth,45,86.064072935655,700,733.459053090011
c,PID,Square,limit bandwidth,45,86.1300729915873,700,732.984749404634
c,PID,Square,limit bandwidth,45,86.1960730475195,700,732.354783706413
c,PID,Square,limit bandwidth,45,86.2620731034518,700,731.932543122012
c,PID,Square,limit bandwidth,45,86.328073159384,700,731.463274802125
c,PID,Square,limit bandwidth,45,86.3940732153163,700,730.870836591166
c,PID,Square,limit bandwidth,45,86.4600732712485,700,730.46554033914
c,PID,Square,limit bandwidth,45,86.5260733271808,700,730.010510361772
c,PID,Square,limit bandwidth,45,86.592073383113,700,729.455529360016
c,PID,Square,limit bandwidth,45,86.6580734390453,700,729.06142172236
c,PID,Square,limit bandwidth,45,86.7240734949775,1300,847.516787364267
c,PID,Square,limit bandwidth,45,86.7900735509098,1300,862.347884425915
c,PID,Square,limit bandwidth,45,86.856073606842,1300,869.98661428306
c,PID,Square,limit bandwidth,45,86.9220736627743,1300,877.238522627888
c,PID,Square,limit bandwidth,45,86.9880737187065,1300,884.480820096965
c,PID,Square,limit bandwidth,45,87.0540737746388,1300,891.833322972431
c,PID,Square,limit bandwidth,45,87.120073830571,1300,899.094875265355
c,PID,Square,limit bandwidth,45,87.1860738865033,1300,906.383496998215
c,PID,Square,limit bandwidth,45,87.2520739424355,1300,913.704672531877
c,PID,Square,limit bandwidth,45,87.3180739983678,1300,921.044977856421
c,PID,Square,limit bandwidth,45,87.3840740543,1300,928.32091971676
c,PID,Square,limit bandwidth,45,87.4500741102323,1300,935.662466258922
c,PID,Square,limit bandwidth,45,87.5160741661645,1300,943.031050017125
c,PID,Square,limit bandwidth,45,87.5820742220968,1300,950.288834562707
c,PID,Square,limit bandwidth,45,87.648074278029,1300,957.711806282501
c,PID,Square,limit bandwidth,45,87.7140743339613,1300,965.049254740113
c,PID,Square,limit bandwidth,45,87.7800743898935,1300,972.340840462978
c,PID,Square,limit bandwidth,45,87.8460744458258,1300,979.795035700928
c,PID,Square,limit bandwidth,45,87.912074501758,1300,987.095905075413
c,PID,Square,limit bandwidth,45,87.9780745576903,1300,994.482750842077
c,PID,Square,limit bandwidth,45,88.0440746136225,1300,1001.90910016659
c,PID,Square,limit bandwidth,45,88.1100746695548,1300,1009.22129106143
c,PID,Square,limit bandwidth,45,88.1760747254871,1300,1016.64561115681
c,PID,Square,limit bandwidth,45,88.2420747814193,1300,1024.03109006889
c,PID,Square,limit bandwidth,45,88.3080748373515,1300,1031.41966540837
c,PID,Square,limit bandwidth,45,88.3740748932838,1300,1038.83008032479
c,PID,Square,limit bandwidth,45,88.440074949216,1300,1046.23341595295
c,PID,Square,limit bandwidth,45,88.5060750051483,1300,1053.64592746091
c,PID,Square,limit bandwidth,45,88.5720750610806,1300,1061.03370024537
c,PID,Square,limit bandwidth,45,88.6380751170128,1300,1068.51537519892
c,PID,Square,limit bandwidth,45,88.704075172945,1300,1073.00786401946
c,PID,Square,limit bandwidth,45,88.7700752288773,1300,1062.81924684857
c,PID,Square,limit bandwidth,45,88.8360752848096,1300,1061.97464525462
c,PID,Square,limit bandwidth,45,88.9020753407418,1300,1066.22908145624
c,PID,Square,limit bandwidth,45,88.9680753966741,1300,1069.61259907019
c,PID,Square,limit bandwidth,45,89.0340754526063,1300,1073.12516434136
c,PID,Square,limit bandwidth,45,89.1000755085386,1300,1078.02174175181
c,PID,Square,limit bandwidth,45,89.1660755644708,1300,1081.08044968453
c,PID,Square,limit bandwidth,45,89.2320756204031,1300,1084.31404294991
c,PID,Square,limit bandwidth,45,89.2980756763353,1300,1088.93074168958
c,PID,Square,limit bandwidth,45,89.3640757322676,1300,1091.67960127708
c,PID,Square,limit bandwidth,45,89.4300757881998,1300,1094.67446012406
c,PID,Square,limit bandwidth,45,89.4960758441321,1300,1098.96718423433
c,PID,Square,limit bandwidth,45,89.5620759000643,1300,1101.40727429088
c,PID,Square,limit bandwidth,45,89.6280759559966,1300,1104.20536160412
c,PID,Square,limit bandwidth,45,89.6940760119288,1300,1108.13031184027
c,PID,Square,limit bandwidth,45,89.7600760678611,1300,1110.29756561397
c,PID,Square,limit bandwidth,45,89.8260761237933,1300,1112.86836910179
c,PID,Square,limit bandwidth,45,89.8920761797256,1300,1116.41956391938
c,PID,Square,limit bandwidth,45,89.9580762356578,1300,1118.34865947604
c,PID,Square,limit bandwidth,45,90.0240762915901,1300,1120.66349301273
c,PID,Square,limit bandwidth,45,90.0900763475223,1300,1123.86563021891
c,PID,Square,limit bandwidth,45,90.1560764034546,1300,1125.52498235051
c,PID,Square,limit bandwidth,45,90.2220764593868,1300,1127.59266378753
c,PID,Square,limit bandwidth,45,90.2880765153191,1300,1130.46874728058
c,PID,Square,limit bandwidth,45,90.3540765712513,1300,1131.83080822405
c,PID,Square,limit bandwidth,45,90.4200766271836,1300,1133.68449259147
c,PID,Square,limit bandwidth,45,90.4860766831158,1300,1136.19645385032
c,PID,Square,limit bandwidth,45,90.5520767390481,1300,1137.26249833903
c,PID,Square,limit bandwidth,45,90.6180767949803,1300,1138.93579169089
c,PID,Square,limit bandwidth,45,90.6840768509126,1300,1141.048438946
c,PID,Square,limit bandwidth,45,90.7500769068448,1300,1141.84501913759
c,PID,Square,limit bandwidth,45,90.8160769627771,1300,1145.7095578667
c,PID,Square,limit bandwidth,45,90.8820770187093,1300,1149.62637298817
c,PID,Square,limit bandwidth,45,90.9480770746416,1300,1152.48654282029
c,PID,Square,limit bandwidth,45,91.0140771305738,1300,1154.8714428748
c,PID,Square,limit bandwidth,45,91.0800771865061,1300,1157.18362734604
c,PID,Square,limit bandwidth,45,91.1460772424383,1300,1158.99846622731
c,PID,Square,limit bandwidth,45,91.2120772983706,1300,1161.21902013261
c,PID,Square,limit bandwidth,45,91.2780773543028,1300,1163.38383806346
c,PID,Square,limit bandwidth,45,91.3440774102351,1300,1165.12985159487
c,PID,Square,limit bandwidth,45,91.4100774661673,1300,1167.31369275407
c,PID,Square,limit bandwidth,45,91.4760775220996,1300,1169.33410721177
c,PID,Square,limit bandwidth,45,91.5420775780319,1300,1171.02234728845
c,PID,Square,limit bandwidth,45,91.6080776339641,1300,1173.19799935754
c,PID,Square,limit bandwidth,45,91.6740776898963,1300,1175.06866846078
c,PID,Square,limit bandwidth,45,91.7400777458286,1300,1176.72907819254
c,PID,Square,limit bandwidth,45,91.8060778017608,1300,1178.88360010407
c,PID,Square,limit bandwidth,45,91.8720778576931,1300,1180.62126037762
c,PID,Square,limit bandwidth,45,91.9380779136253,1300,1182.28383894967
c,PID,Square,limit bandwidth,45,92.0040779695576,1300,1184.40295243842
c,PID,Square,limit bandwidth,45,92.0700780254898,1300,1186.04389354426
c,PID,Square,limit bandwidth,45,92.1360780814221,1300,1187.70075212956
c,PID,Square,limit bandwidth,45,92.2020781373543,1300,1189.78821204366
c,PID,Square,limit bandwidth,45,92.2680781932866,1300,1191.37077068583
c,PID,Square,limit bandwidth,45,92.3340782492188,1300,1193.01292064011
c,PID,Square,limit bandwidth,45,92.4000783051511,1300,1195.05549137484
c,PID,Square,limit bandwidth,45,92.4660783610833,1300,1196.61648053331
c,PID,Square,limit bandwidth,45,92.5320784170156,1300,1198.25346240249
c,PID,Square,limit bandwidth,45,92.5980784729478,1300,1200.24688819464
c,PID,Square,limit bandwidth,45,92.6640785288801,1300,1201.81548968111
c,PID,Square,limit bandwidth,45,92.7300785848124,1300,1203.47186235189
c,PID,Square,limit bandwidth,45,92.7960786407446,1300,1205.41453392792
c,PID,Square,limit bandwidth,45,92.8620786966768,1300,1207.00100541973
c,PID,Square,limit bandwidth,45,92.9280787526091,1300,1207.96535593987
c,PID,Square,limit bandwidth,45,92.9940788085413,1300,1209.56503056821
c,PID,Square,limit bandwidth,45,93.0600788644736,1300,1210.58182930969
c,PID,Square,limit bandwidth,45,93.1260789204059,1300,1211.93128503625
c,PID,Square,limit bandwidth,45,93.1920789763381,1300,1213.56797296927
c,PID,Square,limit bandwidth,45,93.2580790322703,1300,1214.7592620911
c,PID,Square,limit bandwidth,45,93.3240790882026,1300,1216.06713875326
c,PID,Square,limit bandwidth,45,93.3900791441349,1300,1217.61638778022
c,PID,Square,limit bandwidth,45,93.4560792000671,1300,1218.76132577564
c,PID,Square,limit bandwidth,45,93.5220792559994,1300,1220.01581876722
c,PID,Square,limit bandwidth,45,93.5880793119316,1300,1221.49201244033
c,PID,Square,limit bandwidth,45,93.6540793678639,1300,1222.57638522834
c,PID,Square,limit bandwidth,45,93.7200794237961,1300,1223.7909528476
c,PID,Square,limit bandwidth,45,93.7860794797284,1300,1225.18258876161
c,PID,Square,limit bandwidth,45,93.8520795356606,1300,1226.20568408632
c,PID,Square,limit bandwidth,45,93.9180795915929,1300,1227.39390047591
c,PID,Square,limit bandwidth,45,93.9840796475251,1300,1228.6884459473
c,PID,Square,limit bandwidth,45,94.0500797034574,1300,1229.6610219475
c,PID,Square,limit bandwidth,45,94.1160797593896,1300,1230.81195597547
c,PID,Square,limit bandwidth,45,94.1820798153219,1300,1232.00860624764
c,PID,Square,limit bandwidth,45,94.2480798712541,1300,1232.9412334271
c,PID,Square,limit bandwidth,45,94.3140799271864,1300,1234.04381942991
c,PID,Square,limit bandwidth,45,94.3800799831186,1300,1235.15181460066
c,PID,Square,limit bandwidth,45,94.4460800390509,1300,1236.03201563539
c,PID,Square,limit bandwidth,45,94.5120800949831,1300,1237.08718162196
c,PID,Square,limit bandwidth,45,94.5780801509154,1300,1238.11484059483
c,PID,Square,limit bandwidth,45,94.6440802068476,1300,1238.92954029051
c,PID,Square,limit bandwidth,45,94.7100802627799,1300,1239.9483187528
c,PID,Square,limit bandwidth,45,94.7760803187121,1300,1240.8816851557
c,PID,Square,limit bandwidth,45,94.8420803746444,1300,1241.6286647219
c,PID,Square,limit bandwidth,45,94.9080804305766,1300,1242.62245470412
c,PID,Square,limit bandwidth,45,94.9740804865089,1300,1243.44629231582
c,PID,Square,limit bandwidth,45,95.0400805424411,1300,1244.32006149381
c,PID,Square,limit bandwidth,45,95.1060805983734,1300,1245.35415325878
c,PID,Square,limit bandwidth,45,95.1720806543056,1300,1246.18781812611
c,PID,Square,limit bandwidth,45,95.2380807102379,1300,1246.94083221373
c,PID,Square,limit bandwidth,45,95.3040807661701,1300,1247.92622031072
c,PID,Square,limit bandwidth,45,95.3700808221024,1300,1248.65485094539
c,PID,Square,limit bandwidth,45,95.4360808780346,1300,1249.3778016739
c,PID,Square,limit bandwidth,45,95.5020809339669,1300,1250.34033208502
c,PID,Square,limit bandwidth,45,95.5680809898991,1300,1251.0072299872
c,PID,Square,limit bandwidth,45,95.6340810458314,1300,1251.69567559738
c,PID,Square,limit bandwidth,45,95.7000811017636,1300,1252.62569519874
c,PID,Square,limit bandwidth,45,95.7660811576959,1300,1253.24519435735
c,PID,Square,limit bandwidth,45,95.8320812136281,1300,1253.90140557273
c,PID,Square,limit bandwidth,45,95.8980812695604,1300,1254.78889471273
c,PID,Square,limit bandwidth,45,95.9640813254926,1300,1255.37563405551
c,PID,Square,limit bandwidth,45,96.0300813814249,1300,1256.00920802192
c,PID,Square,limit bandwidth,45,96.0960814373571,1300,1256.84930052766
c,PID,Square,limit bandwidth,45,96.1620814932894,1300,1257.40568695946
c,PID,Square,limit bandwidth,45,96.2280815492216,1300,1258.0263585534
c,PID,Square,limit bandwidth,45,96.2940816051539,1300,1258.8142251379
c,PID,Square,limit bandwidth,45,96.3600816610861,1300,1259.3495457852
c,PID,Square,limit bandwidth,45,96.4260817170184,1300,1259.95314551272
c,PID,Square,limit bandwidth,45,96.4920817729506,1300,1260.69131546542
c,PID,Square,limit bandwidth,45,96.5580818288829,1300,1261.21505095475
c,PID,Square,limit bandwidth,45,96.6240818848151,1300,1261.79739574994
c,PID,Square,limit bandwidth,45,96.6900819407474,1300,1262.49483332118
c,PID,Square,limit bandwidth,45,96.7560819966797,1300,1263.00366842178
c,PID,Square,limit bandwidth,45,96.8220820526119,1300,1263.56736849829
c,PID,Square,limit bandwidth,45,96.8880821085441,1300,1264.23335835621
c,PID,Square,limit bandwidth,45,96.9540821644764,1300,1264.72405489654
c,PID,Square,limit bandwidth,45,97.0200822204086,1300,1265.27744934263
c,PID,Square,limit bandwidth,45,97.0860822763409,1300,1265.90958712581
c,PID,Square,limit bandwidth,45,97.1520823322732,1300,1266.34078045471
c,PID,Square,limit bandwidth,45,97.2180823882054,1300,1266.86547509721
c,PID,Square,limit bandwidth,45,97.2840824441377,1300,1267.44241428775
c,PID,Square,limit bandwidth,45,97.3500825000699,1300,1267.8767120708
c,PID,Square,limit bandwidth,45,97.4160825560022,1300,1268.39462265732
c,PID,Square,limit bandwidth,45,97.4820826119344,1300,1268.93344168938
c,PID,Square,limit bandwidth,45,97.5480826678667,1300,1269.35662620383
c,PID,Square,limit bandwidth,45,97.6140827237989,1300,1269.85727266922
c,PID,Square,limit bandwidth,45,97.6800827797312,1300,1270.36050401311
c,PID,Square,limit bandwidth,45,97.7460828356634,1300,1270.76820650704
c,PID,Square,limit bandwidth,45,97.8120828915957,700,1171.60012769449
c,PID,Square,limit bandwidth,45,97.8780829475279,700,1140.57703415179
c,PID,Square,limit bandwidth,45,97.9440830034602,700,1132.44823998277
c,PID,Square,limit bandwidth,45,98.0100830593924,700,1125.22649489434
c,PID,Square,limit bandwidth,45,98.0760831153247,700,1117.90873303185
c,PID,Square,limit bandwidth,45,98.1420831712569,700,1110.61547254771
c,PID,Square,limit bandwidth,45,98.2080832271892,700,1103.34452921722
c,PID,Square,limit bandwidth,45,98.2740832831214,700,1096.03592730917
c,PID,Square,limit bandwidth,45,98.3400833390537,700,1088.72241383477
c,PID,Square,limit bandwidth,45,98.4060833949859,700,1081.42564143339
c,PID,Square,limit bandwidth,45,98.4720834509182,700,1074.13063625498
c,PID,Square,limit bandwidth,45,98.5380835068504,700,1066.73618213668
c,PID,Square,limit bandwidth,45,98.6040835627827,700,1059.4731838546
c,PID,Square,limit bandwidth,45,98.6700836187149,700,1052.13985794834
c,PID,Square,limit bandwidth,45,98.7360836746472,700,1044.7147029613
c,PID,Square,limit bandwidth,45,98.8020837305794,700,1037.49137530871
c,PID,Square,limit bandwidth,45,98.8680837865117,700,1030.05825472773
c,PID,Square,limit bandwidth,45,98.9340838424439,700,1022.66151345177
c,PID,Square,limit bandwidth,45,99.0000838983762,700,1015.41728475958
c,PID,Square,limit bandwidth,45,99.0660839543084,700,1007.94332803206
c,PID,Square,limit bandwidth,45,99.1320840102407,700,1000.57998352419
c,PID,Square,limit bandwidth,45,99.1980840661729,700,993.244585095095
c,PID,Square,limit bandwidth,45,99.2640841221052,700,985.808092136404
c,PID,Square,limit bandwidth,45,99.3300841780374,700,978.433230653891
c,PID,Square,limit bandwidth,45,99.3960842339697,700,971.060532619218
c,PID,Square,limit bandwidth,45,99.4620842899019,700,963.655274500862
c,PID,Square,limit bandwidth,45,99.5280843458342,700,956.200857866242
c,PID,Square,limit bandwidth,45,99.5940844017664,700,948.849127558279
c,PID,Square,limit bandwidth,45,99.6600844576987,700,941.426824174296
c,PID,Square,limit bandwidth,45,99.7260845136309,700,933.945691005643
c,PID,Square,limit bandwidth,45,99.7920845695632,700,926.620944117679
c,PID,Square,limit bandwidth,45,99.8580846254954,700,935.169898929893
c,PID,Square,limit bandwidth,45,99.9240846814277,700,937.43752898435
c,PID,Square,limit bandwidth,45,99.99008473736,700,935.094446360762
c,PID,Square,limit bandwidth,45,100.056084793292,700,931.799615625618
c,PID,Square,limit bandwidth,45,100.122084849224,700,927.99756115261
c,PID,Square,limit bandwidth,45,100.188084905157,700,923.374942744164
c,PID,Square,limit bandwidth,45,100.254084961089,700,920.251023342656
c,PID,Square,limit bandwidth,45,100.320085017021,700,916.652894165407
c,PID,Square,limit bandwidth,45,100.386085072953,700,912.385086484631
c,PID,Square,limit bandwidth,45,100.452085128886,700,909.565839102892
c,PID,Square,limit bandwidth,45,100.518085184818,700,906.130153922837
c,PID,Square,limit bandwidth,45,100.58408524075,700,902.267298636288
c,PID,Square,limit bandwidth,45,100.650085296682,700,899.71401758271
c,PID,Square,limit bandwidth,45,100.716085352615,700,896.469949112182
c,PID,Square,limit bandwidth,45,100.782085408547,700,893.022218938792
c,PID,Square,limit bandwidth,45,100.848085464479,700,890.696985323868
c,PID,Square,limit bandwidth,45,100.914085520411,700,887.67186551375
c,PID,Square,limit bandwidth,45,100.980085576344,700,884.616807716585
c,PID,Square,limit bandwidth,45,101.046085632276,700,882.552525464496
c,PID,Square,limit bandwidth,45,101.112085688208,700,879.735172167262
c,PID,Square,limit bandwidth,45,101.17808574414,700,877.053094714147
c,PID,Square,limit bandwidth,45,101.244085800073,700,875.28105385397
c,PID,Square,limit bandwidth,45,101.310085856005,700,872.629091721329
c,PID,Square,limit bandwidth,45,101.376085911937,700,870.363454471054
c,PID,Square,limit bandwidth,45,101.442085967869,700,868.878398077933
c,PID,Square,limit bandwidth,45,101.508086023802,700,866.351684813529
c,PID,Square,limit bandwidth,45,101.574086079734,700,864.547914539326
c,PID,Square,limit bandwidth,45,101.640086135666,700,863.321929529643
c,PID,Square,limit bandwidth,45,101.706086191598,700,860.93375315921
c,PID,Square,limit bandwidth,45,101.772086247531,700,859.60707121827
c,PID,Square,limit bandwidth,45,101.838086303463,700,858.61280122847
c,PID,Square,limit bandwidth,45,101.904086359395,700,855.859207989145
c,PID,Square,limit bandwidth,45,101.970086415327,700,851.8720876712
c,PID,Square,limit bandwidth,45,102.03608647126,700,848.427615787168
c,PID,Square,limit bandwidth,45,102.102086527192,700,845.420708571166
c,PID,Square,limit bandwidth,45,102.168086583124,700,843.577266698942
c,PID,Square,limit bandwidth,45,102.234086639056,700,841.680901487002
c,PID,Square,limit bandwidth,45,102.300086694989,700,839.049615477099
c,PID,Square,limit bandwidth,45,102.366086750921,700,837.348436069877
c,PID,Square,limit bandwidth,45,102.432086806853,700,835.521780684161
c,PID,Square,limit bandwidth,45,102.498086862785,700,833.012387311855
c,PID,Square,limit bandwidth,45,102.564086918718,700,831.374113756853
c,PID,Square,limit bandwidth,45,102.63008697465,700,829.585436324468
c,PID,Square,limit bandwidth,45,102.696087030582,700,827.205809258399
c,PID,Square,limit bandwidth,45,102.762087086514,700,825.619422725121
c,PID,Square,limit bandwidth,45,102.828087142447,700,823.838273390623
c,PID,Square,limit bandwidth,45,102.894087198379,700,821.596041603579
c,PID,Square,limit bandwidth,45,102.960087254311,700,820.031536696454
c,PID,Square,limit bandwidth,45,103.026087310243,700,818.267385705267
c,PID,Square,limit bandwidth,45,103.092087366176,700,816.149308360178
c,PID,Square,limit bandwidth,45,103.158087422108,700,814.576444910224
c,PID,Square,limit bandwidth,45,103.22408747804,700,812.839425552615
c,PID,Square,limit bandwidth,45,103.290087533972,700,810.813909143026
c,PID,Square,limit bandwidth,45,103.356087589905,700,809.239402566486
c,PID,Square,limit bandwidth,45,103.422087645837,700,807.521525872976
c,PID,Square,limit bandwidth,45,103.488087701769,700,805.556043050763
c,PID,Square,limit bandwidth,45,103.554087757701,700,803.987672746214
c,PID,Square,limit bandwidth,45,103.620087813634,700,802.264478001905
c,PID,Square,limit bandwidth,45,103.686087869566,700,800.359824309258
c,PID,Square,limit bandwidth,45,103.752087925498,700,798.787052425345
c,PID,Square,limit bandwidth,45,103.81808798143,700,797.034249978974
c,PID,Square,limit bandwidth,45,103.884088037363,700,795.191379680986
c,PID,Square,limit bandwidth,45,103.950088093295,700,793.588478634673
c,PID,Square,limit bandwidth,45,104.016088149227,700,792.239611333979
c,PID,Square,limit bandwidth,45,104.082088205159,700,790.83592723629
c,PID,Square,limit bandwidth,45,104.148088261092,700,789.88096766386
c,PID,Square,limit bandwidth,45,104.214088317024,700,788.426712764638
c,PID,Square,limit bandwidth,45,104.280088372956,700,786.936754145795
c,PID,Square,limit bandwidth,45,104.346088428888,700,785.707838663077
c,PID,Square,limit bandwidth,45,104.412088484821,700,784.267689778874
c,PID,Square,limit bandwidth,45,104.478088540753,700,782.856824915164
c,PID,Square,limit bandwidth,45,104.544088596685,700,781.68714129208
c,PID,Square,limit bandwidth,45,104.610088652617,700,780.279072846456
c,PID,Square,limit bandwidth,45,104.67608870855,700,778.963907562949
c,PID,Square,limit bandwidth,45,104.742088764482,700,777.853733676554
c,PID,Square,limit bandwidth,45,104.808088820414,700,776.462130587509
c,PID,Square,limit bandwidth,45,104.874088876347,700,775.256428552949
c,PID,Square,limit bandwidth,45,104.940088932279,700,774.193755099349
c,PID,Square,limit bandwidth,45,105.006088988211,700,772.828472642128
c,PID,Square,limit bandwidth,45,105.072089044143,700,771.733907307437
c,PID,Square,limit bandwidth,45,105.138089100075,700,770.706829104333
c,PID,Square,limit bandwidth,45,105.204089156008,700,769.377646921109
c,PID,Square,limit bandwidth,45,105.27008921194,700,768.385572613013
c,PID,Square,limit bandwidth,45,105.336089267872,700,767.406424312665
c,PID,Square,limit bandwidth,45,105.402089323805,700,766.110334744466
c,PID,Square,limit bandwidth,45,105.468089379737,700,765.213397047284
c,PID,Square,limit bandwidth,45,105.534089435669,700,764.294831902612
c,PID,Square,limit bandwidth,45,105.600089491601,700,763.04587545898
c,PID,Square,limit bandwidth,45,105.666089547534,700,762.232106402324
c,PID,Square,limit bandwidth,45,105.732089603466,700,761.375578055149
c,PID,Square,limit bandwidth,45,105.798089659398,700,760.191005529747
c,PID,Square,limit bandwidth,45,105.86408971533,700,759.446512243959
c,PID,Square,limit bandwidth,45,105.930089771263,700,758.643830280232
c,PID,Square,limit bandwidth,45,105.996089827195,700,757.534731317748
c,PID,Square,limit bandwidth,45,106.062089883127,700,756.862487206349
c,PID,Square,limit bandwidth,45,106.128089939059,700,755.974604729404
c,PID,Square,limit bandwidth,45,106.194089994992,700,754.901157376448
c,PID,Square,limit bandwidth,45,106.260090050924,700,754.118496256381
c,PID,Square,limit bandwidth,45,106.326090106856,700,753.308979235097
c,PID,Square,limit bandwidth,45,106.392090162788,700,752.320335140553
c,PID,Square,limit bandwidth,45,106.45809021872,700,751.627493249655
c,PID,Square,limit bandwidth,45,106.524090274653,700,750.85707202231
c,PID,Square,limit bandwidth,45,106.590090330585,700,749.927271709768
c,PID,Square,limit bandwidth,45,106.656090386517,700,749.263369796416
c,PID,Square,limit bandwidth,45,106.72209044245,700,748.525325006049
c,PID,Square,limit bandwidth,45,106.788090498382,700,747.643202445934
c,PID,Square,limit bandwidth,45,106.854090554314,700,747.014418041157
c,PID,Square,limit bandwidth,45,106.920090610246,700,746.298803189335
c,PID,Square,limit bandwidth,45,106.986090666179,700,745.469721729138
c,PID,Square,limit bandwidth,45,107.052090722111,700,744.873777634128
c,PID,Square,limit bandwidth,45,107.118090778043,700,744.17055266976
c,PID,Square,limit bandwidth,45,107.184090833975,700,743.39983165685
c,PID,Square,limit bandwidth,45,107.250090889908,700,742.827244284259
c,PID,Square,limit bandwidth,45,107.31609094584,700,742.141055080543
c,PID,Square,limit bandwidth,45,107.382091001772,700,741.426255601832
c,PID,Square,limit bandwidth,45,107.448091057704,700,740.867353125338
c,PID,Square,limit bandwidth,45,107.514091113637,700,740.202897090105
c,PID,Square,limit bandwidth,45,107.580091169569,700,739.534778583877
c,PID,Square,limit bandwidth,45,107.646091225501,700,738.993444569724
c,PID,Square,limit bandwidth,45,107.712091281433,700,738.348397345115
c,PID,Square,limit bandwidth,45,107.778091337366,700,737.717387247331
c,PID,Square,limit bandwidth,45,107.844091393298,700,737.197391628706
c,PID,Square,limit bandwidth,45,107.91009144923,700,736.563483663538
c,PID,Square,limit bandwidth,45,107.976091505162,700,735.972199352608
c,PID,Square,limit bandwidth,45,108.042091561095,700,735.470620100121
c,PID,Square,limit bandwidth,45,108.108091617027,700,734.839621151593
c,PID,Square,limit bandwidth,45,108.174091672959,700,734.290313353101
c,PID,Square,limit bandwidth,45,108.240091728891,700,733.83189997364
c,PID,Square,limit bandwidth,45,108.306091784824,700,733.223675557365
c,PID,Square,limit bandwidth,45,108.372091840756,700,732.746485316878
c,PID,Square,limit bandwidth,45,108.438091896688,700,732.288148527963
c,PID,Square,limit bandwidth,45,108.50409195262,700,731.69026634783
c,PID,Square,limit bandwidth,45,108.570092008553,700,731.244143987945
c,PID,Square,limit bandwidth,45,108.636092064485,700,730.800767725219
c,PID,Square,limit bandwidth,45,108.702092120417,700,730.216087876542
c,PID,Square,limit bandwidth,45,108.768092176349,700,729.805475386896
c,PID,Square,limit bandwidth,45,108.834092232282,700,729.382021178193
c,PID,Square,limit bandwidth,45,108.900092288214,1300,774.481925966738
c,PID,Square,limit bandwidth,45,108.966092344146,1300,855.286154697257
c,PID,Square,limit bandwidth,45,109.032092400078,1300,865.030819932132
c,PID,Square,limit bandwidth,45,109.098092456011,1300,872.314037237898
c,PID,Square,limit bandwidth,45,109.164092511943,1300,879.665892386426
c,PID,Square,limit bandwidth,45,109.230092567875,1300,886.943897477295
c,PID,Square,limit bandwidth,45,109.296092623807,1300,894.188661847313
c,PID,Square,limit bandwidth,45,109.36209267974,1300,901.50685806462
c,PID,Square,limit bandwidth,45,109.428092735672,1300,908.864986166887
c,PID,Square,limit bandwidth,45,109.494092791604,1300,916.096109495393
c,PID,Square,limit bandwidth,45,109.560092847536,1300,923.435026246642
c,PID,Square,limit bandwidth,45,109.626092903469,1300,930.82310497085
c,PID,Square,limit bandwidth,45,109.692092959401,1300,938.034860541726
c,PID,Square,limit bandwidth,45,109.758093015333,1300,945.455391900606
c,PID,Square,limit bandwidth,45,109.824093071265,1300,952.814242522806
c,PID,Square,limit bandwidth,45,109.890093127198,1300,960.058171792347
c,PID,Square,limit bandwidth,45,109.95609318313,1300,967.510176392685
c,PID,Square,limit bandwidth,45,110.022093239062,1300,974.834534053942
c,PID,Square,limit bandwidth,45,110.088093294994,1300,982.171615163729
c,PID,Square,limit bandwidth,45,110.154093350927,1300,989.596091202957
c,PID,Square,limit bandwidth,45,110.220093406859,1300,996.938227975088
c,PID,Square,limit bandwidth,45,110.286093462791,1300,1004.31784188405
c,PID,Square,limit bandwidth,45,110.352093518723,1300,1011.70211309395
c,PID,Square,limit bandwidth,45,110.418093574656,1300,1019.11691615715
c,PID,Square,limit bandwidth,45,110.484093630588,1300,1026.47474322814
c,PID,Square,limit bandwidth,45,110.55009368652,1300,1033.87865156215
c,PID,Square,limit bandwidth,45,110.616093742452,1300,1041.32113246065
c,PID,Square,limit bandwidth,45,110.682093798385,1300,1048.65573890158
c,PID,Square,limit bandwidth,45,110.748093854317,1300,1056.13862992194
c,PID,Square,limit bandwidth,45,110.814093910249,1300,1063.54679675866
c,PID,Square,limit bandwidth,45,110.880093966181,1300,1070.90943706752
c,PID,Square,limit bandwidth,45,110.946094022114,1300,1069.00959816635
c,PID,Square,limit bandwidth,45,111.012094078046,1300,1067.37262925709
c,PID,Square,limit bandwidth,45,111.078094133978,1300,1063.85913442124
c,PID,Square,limit bandwidth,45,111.14409418991,1300,1067.0464265023
c,PID,Square,limit bandwidth,45,111.210094245843,1300,1071.41404235418
c,PID,Square,limit bandwidth,45,111.276094301775,1300,1075.43856186026
c,PID,Square,limit bandwidth,45,111.342094357707,1300,1078.6722389866
c,PID,Square,limit bandwidth,45,111.408094413639,1300,1082.95071996359
c,PID,Square,limit bandwidth,45,111.474094469572,1300,1086.50990053724
c,PID,Square,limit bandwidth,45,111.540094525504,1300,1089.48849472405
c,PID,Square,limit bandwidth,45,111.606094581436,1300,1093.6338980752
c,PID,Square,limit bandwidth,45,111.672094637368,1300,1096.70979546942
c,PID,Square,limit bandwidth,45,111.738094693301,1300,1099.47485402499
c,PID,Square,limit bandwidth,45,111.804094749233,1300,1103.46370935976
c,PID,Square,limit bandwidth,45,111.870094805165,1300,1106.07358176689
c,PID,Square,limit bandwidth,45,111.936094861097,1300,1108.59136636351
c,PID,Square,limit bandwidth,45,112.00209491703,1300,1112.44166573801
c,PID,Square,limit bandwidth,45,112.068094972962,1300,1114.59958168302
c,PID,Square,limit bandwidth,45,112.134095028894,1300,1116.83774080059
c,PID,Square,limit bandwidth,45,112.200095084826,1300,1120.4811192452
c,PID,Square,limit bandwidth,45,112.266095140759,1300,1122.25086061164
c,PID,Square,limit bandwidth,45,112.332095196691,1300,1124.21391403736
c,PID,Square,limit bandwidth,45,112.398095252623,1300,1127.56214696362
c,PID,Square,limit bandwidth,45,112.464095308555,1300,1129.02867433933
c,PID,Square,limit bandwidth,45,112.530095364488,1300,1130.75168782951
c,PID,Square,limit bandwidth,45,112.59609542042,1300,1133.77024736993
c,PID,Square,limit bandwidth,45,112.662095476352,1300,1134.93414497994
c,PID,Square,limit bandwidth,45,112.728095532284,1300,1136.44687049993
c,PID,Square,limit bandwidth,45,112.794095588217,1300,1139.10190000311
c,PID,Square,limit bandwidth,45,112.860095644149,1300,1139.99054362351
c,PID,Square,limit bandwidth,45,112.926095700081,1300,1141.27188934394
c,PID,Square,limit bandwidth,45,112.992095756013,1300,1143.55854540526
c,PID,Square,limit bandwidth,45,113.058095811946,1300,1146.38440998619
c,PID,Square,limit bandwidth,45,113.124095867878,1300,1150.44774633695
c,PID,Square,limit bandwidth,45,113.19009592381,1300,1153.92459503241
c,PID,Square,limit bandwidth,45,113.256095979742,1300,1155.78576805008
c,PID,Square,limit bandwidth,45,113.322096035675,1300,1157.83134661396
c,PID,Square,limit bandwidth,45,113.388096091607,1300,1160.31150728512
c,PID,Square,limit bandwidth,45,113.454096147539,1300,1162.03631184524
c,PID,Square,limit bandwidth,45,113.520096203471,1300,1164.03339146369
c,PID,Square,limit bandwidth,45,113.586096259404,1300,1166.36595688725
c,PID,Square,limit bandwidth,45,113.652096315336,1300,1168.02622656676
c,PID,Square,limit bandwidth,45,113.718096371268,1300,1170.00873976123
c,PID,Square,limit bandwidth,45,113.7840964272,1300,1172.18597039325
c,PID,Square,limit bandwidth,45,113.850096483133,1300,1173.81256583253
c,PID,Square,limit bandwidth,45,113.916096539065,1300,1175.76913362748
c,PID,Square,limit bandwidth,45,113.982096594997,1300,1177.80531368614
c,PID,Square,limit bandwidth,45,114.048096650929,1300,1179.42914600192
c,PID,Square,limit bandwidth,45,114.114096706862,1300,1181.34760818407
c,PID,Square,limit bandwidth,45,114.180096762794,1300,1183.2764542734
c,PID,Square,limit bandwidth,45,114.246096818726,1300,1184.88965637917
c,PID,Square,limit bandwidth,45,114.312096874658,1300,1186.77699814867
c,PID,Square,limit bandwidth,45,114.378096930591,1300,1188.63352531228
c,PID,Square,limit bandwidth,45,114.444096986523,1300,1190.22778345513
c,PID,Square,limit bandwidth,45,114.510097042455,1300,1192.10706454958
c,PID,Square,limit bandwidth,45,114.576097098387,1300,1193.89137932808
c,PID,Square,limit bandwidth,45,114.64209715432,1300,1195.47618858046
c,PID,Square,limit bandwidth,45,114.708097210252,1300,1197.37022180604
c,PID,Square,limit bandwidth,45,114.774097266184,1300,1199.08344342523
c,PID,Square,limit bandwidth,45,114.840097322116,1300,1200.68513672874
c,PID,Square,limit bandwidth,45,114.906097378049,1300,1202.58223359522
c,PID,Square,limit bandwidth,45,114.972097433981,1300,1204.24361293354
c,PID,Square,limit bandwidth,45,115.038097489913,1300,1205.88868685531
c,PID,Square,limit bandwidth,45,115.104097545845,1300,1207.70492156641
c,PID,Square,limit bandwidth,45,115.170097601778,1300,1208.92382989748
c,PID,Square,limit bandwidth,45,115.23609765771,1300,1209.78409630245
c,PID,Square,limit bandwidth,45,115.302097713642,1300,1211.4096268857
c,PID,Square,limit bandwidth,45,115.368097769574,1300,1212.63503790244
c,PID,Square,limit bandwidth,45,115.434097825507,1300,1213.90631200752
c,PID,Square,limit bandwidth,45,115.500097881439,1300,1215.5715135861
c,PID,Square,limit bandwidth,45,115.566097937371,1300,1216.72984277467
c,PID,Square,limit bandwidth,45,115.632097993303,1300,1217.94434095738
c,PID,Square,limit bandwidth,45,115.698098049236,1300,1219.54030103033
c,PID,Square,limit bandwidth,45,115.764098105168,1300,1220.6377907096
c,PID,Square,limit bandwidth,45,115.8300981611,1300,1221.80835809015
c,PID,Square,limit bandwidth,45,115.896098217032,1300,1223.32423948274
c,PID,Square,limit bandwidth,45,115.962098272965,1300,1224.36026515742
c,PID,Square,limit bandwidth,45,116.028098328897,1300,1225.50025982403
c,PID,Square,limit bandwidth,45,116.094098384829,1300,1226.92437451345
c,PID,Square,limit bandwidth,45,116.160098440761,1300,1227.91007052848
c,PID,Square,limit bandwidth,45,116.226098496694,1300,1229.00754216522
c,PID,Square,limit bandwidth,45,116.292098552626,1300,1230.34044390701
c,PID,Square,limit bandwidth,45,116.358098608558,1300,1231.28675057494
c,PID,Square,limit bandwidth,45,116.42409866449,1300,1232.32939074546
c,PID,Square,limit bandwidth,45,116.490098720423,1300,1233.58221596414
c,PID,Square,limit bandwidth,45,116.556098776355,1300,1234.47626053351
c,PID,Square,limit bandwidth,45,116.622098832287,1300,1235.46380879852
c,PID,Square,limit bandwidth,45,116.688098888219,1300,1236.64703861207
c,PID,Square,limit bandwidth,45,116.754098944152,1300,1237.47557764987
c,PID,Square,limit bandwidth,45,116.820099000084,1300,1238.41793213695
c,PID,Square,limit bandwidth,45,116.886099056016,1300,1239.51955959675
c,PID,Square,limit bandwidth,45,116.952099111948,1300,1240.2801220978
c,PID,Square,limit bandwidth,45,117.018099167881,1300,1241.18723854888
c,PID,Square,limit bandwidth,45,117.084099223813,1300,1242.19429070972
c,PID,Square,limit bandwidth,45,117.150099279745,1300,1242.89367654768
c,PID,Square,limit bandwidth,45,117.216099335677,1300,1243.81380072651
c,PID,Square,limit bandwidth,45,117.28209939161,1300,1244.77620045151
c,PID,Square,limit bandwidth,45,117.348099447542,1300,1245.62654548913
c,PID,Square,limit bandwidth,45,117.414099503474,1300,1246.52542260985
c,PID,Square,limit bandwidth,45,117.480099559406,1300,1247.41954882225
c,PID,Square,limit bandwidth,45,117.546099615339,1300,1248.13647219453
c,PID,Square,limit bandwidth,45,117.612099671271,1300,1248.99380844954
c,PID,Square,limit bandwidth,45,117.678099727203,1300,1249.83100816363
c,PID,Square,limit bandwidth,45,117.744099783135,1300,1250.51087965035
c,PID,Square,limit bandwidth,45,117.810099839068,1300,1251.34832323719
c,PID,Square,limit bandwidth,45,117.876099895,1300,1252.12428562233
c,PID,Square,limit bandwidth,45,117.942099950932,1300,1252.76938354045
c,PID,Square,limit bandwidth,45,118.008100006864,1300,1253.59743510198
c,PID,Square,limit bandwidth,45,118.074100062797,1300,1254.30621307135
c,PID,Square,limit bandwidth,45,118.140100118729,1300,1254.92626888557
c,PID,Square,limit bandwidth,45,118.206100174661,1300,1255.7399186912
c,PID,Square,limit bandwidth,45,118.272100230593,1300,1256.38374576352
c,PID,Square,limit bandwidth,45,118.338100286526,1300,1256.98864944469
c,PID,Square,limit bandwidth,45,118.404100342458,1300,1257.78275718965
c,PID,Square,limit bandwidth,45,118.47010039839,1300,1258.37105538202
c,PID,Square,limit bandwidth,45,118.536100454322,1300,1258.95643032869
c,PID,Square,limit bandwidth,45,118.602100510255,1300,1259.73315757126
c,PID,Square,limit bandwidth,45,118.668100566187,1300,1260.27576966652
c,PID,Square,limit bandwidth,45,118.734100622119,1300,1260.83727789295
c,PID,Square,limit bandwidth,45,118.800100678051,1300,1261.58907372102
c,PID,Square,limit bandwidth,45,118.866100733984,1300,1262.09887743039
c,PID,Square,limit bandwidth,45,118.932100789916,1300,1262.63920684365
c,PID,Square,limit bandwidth,45,118.998100845848,1300,1263.35910576035
c,PID,Square,limit bandwidth,45,119.06410090178,1300,1263.84877121445
c,PID,Square,limit bandwidth,45,119.130100957713,1300,1264.37656370427
c,PID,Square,limit bandwidth,45,119.196101013645,1300,1265.0616269731
c,PID,Square,limit bandwidth,45,119.262101069577,1300,1265.53427030532
c,PID,Square,limit bandwidth,45,119.328101125509,1300,1266.04048612097
c,PID,Square,limit bandwidth,45,119.394101181442,1300,1266.68088024716
c,PID,Square,limit bandwidth,45,119.460101237374,1300,1267.09578826837
c,PID,Square,limit bandwidth,45,119.526101293306,1300,1267.58484690384
c,PID,Square,limit bandwidth,45,119.592101349238,1300,1268.18359531902
c,PID,Square,limit bandwidth,45,119.658101405171,1300,1268.60823666095
c,PID,Square,limit bandwidth,45,119.724101461103,1300,1269.07910528745
c,PID,Square,limit bandwidth,45,119.790101517035,1300,1269.64396126949
c,PID,Square,limit bandwidth,45,119.856101572967,1300,1270.05247837175
c,PID,Square,limit bandwidth,45,119.9221016289,1300,1270.50464053828
c,PID,Square,limit bandwidth,45,119.988101684832,1300,1271.04178637535
c,PID,Square,limit bandwidth,45,120.054101740764,700,1152.53784137944
c,PID,Square,limit bandwidth,45,120.120101796696,700,1137.62233661358
c,PID,Square,limit bandwidth,45,120.186101852629,700,1130.11061140187
c,PID,Square,limit bandwidth,45,120.252101908561,700,1122.80788860351
c,PID,Square,limit bandwidth,45,120.318101964493,700,1115.49931042545
c,PID,Square,limit bandwidth,45,120.384102020425,700,1108.25823711194
c,PID,Square,limit bandwidth,45,120.450102076358,700,1100.94345735519
c,PID,Square,limit bandwidth,45,120.51610213229,700,1093.60653413457
c,PID,Square,limit bandwidth,45,120.582102188222,700,1086.3815448352
c,PID,Square,limit bandwidth,45,120.648102244154,700,1078.9853782511
c,PID,Square,limit bandwidth,45,120.714102300087,700,1071.67906835212
c,PID,Square,limit bandwidth,45,120.780102356019,700,1064.41875955921
c,PID,Square,limit bandwidth,45,120.846102411951,700,1056.99135816979
c,PID,Square,limit bandwidth,45,120.912102467883,700,1049.72125534221
c,PID,Square,limit bandwidth,45,120.978102523816,700,1042.36478356267
c,PID,Square,limit bandwidth,45,121.044102579748,700,1034.96516591704
c,PID,Square,limit bandwidth,45,121.11010263568,700,1027.67954344543
c,PID,Square,limit bandwidth,45,121.176102691612,700,1020.277256868
c,PID,Square,limit bandwidth,45,121.242102747545,700,1012.91039922715
c,PID,Square,limit bandwidth,45,121.308102803477,700,1005.54826910025
c,PID,Square,limit bandwidth,45,121.374102859409,700,998.159233836649
c,PID,Square,limit bandwidth,45,121.440102915341,700,990.776992763299
c,PID,Square,limit bandwidth,45,121.506102971274,700,983.392951273417
c,PID,Square,limit bandwidth,45,121.572103027206,700,976.030781472015
c,PID,Square,limit bandwidth,45,121.638103083138,700,968.570258518811
c,PID,Square,limit bandwidth,45,121.70410313907,700,961.221524763668
c,PID,Square,limit bandwidth,45,121.770103195003,700,953.824104097338
c,PID,Square,limit bandwidth,45,121.836103250935,700,946.335714218543
c,PID,Square,limit bandwidth,45,121.902103306867,700,939.028765170433
c,PID,Square,limit bandwidth,45,121.968103362799,700,931.537823535035
c,PID,Square,limit bandwidth,45,122.034103418732,700,924.082054222934
c,PID,Square,limit bandwidth,45,122.100103474664,700,916.757322510928
c,PID,Square,limit bandwidth,45,122.166103530596,700,936.411361204858
c,PID,Square,limit bandwidth,45,122.232103586528,700,933.641998684582
c,PID,Square,limit bandwidth,45,122.298103642461,700,928.6087294532
c,PID,Square,limit bandwidth,45,122.364103698393,700,925.38358273101
c,PID,Square,limit bandwidth,45,122.430103754325,700,921.91382707518
c,PID,Square,limit bandwidth,45,122.496103810257,700,917.145963836998
c,PID,Square,limit bandwidth,45,122.56210386619,700,914.229071871757
c,PID,Square,limit bandwidth,45,122.628103922122,700,910.950864789127
c,PID,Square,limit bandwidth,45,122.694103978054,700,906.552181123665
c,PID,Square,limit bandwidth,45,122.760104033986,700,903.906878758118
c,PID,Square,limit bandwidth,45,122.826104089919,700,900.854088987309
c,PID,Square,limit bandwidth,45,122.892104145851,700,896.83088349767
c,PID,Square,limit bandwidth,45,122.958104201783,700,894.418439412459
c,PID,Square,limit bandwidth,45,123.024104257715,700,891.623581648671
c,PID,Square,limit bandwidth,45,123.090104313648,700,887.947710105132
c,PID,Square,limit bandwidth,45,123.15610436958,700,885.80293773116
c,PID,Square,limit bandwidth,45,123.222104425512,700,883.259150335496
c,PID,Square,limit bandwidth,45,123.288104481444,700,879.904510387363
c,PID,Square,limit bandwidth,45,123.354104537377,700,878.060898885074
c,PID,Square,limit bandwidth,45,123.420104593309,700,875.730061456615
c,PID,Square,limit bandwidth,45,123.486104649241,700,872.737281220919
c,PID,Square,limit bandwidth,45,123.552104705173,700,871.191577780471
c,PID,Square,limit bandwidth,45,123.618104761106,700,869.035181145218
c,PID,Square,limit bandwidth,45,123.684104817038,700,866.442674416629
c,PID,Square,limit bandwidth,45,123.75010487297,700,865.165335612143
c,PID,Square,limit bandwidth,45,123.816104928902,700,863.205176631581
c,PID,Square,limit bandwidth,45,123.882104984835,700,861.023222870119
c,PID,Square,limit bandwidth,45,123.948105040767,700,859.987093255349
c,PID,Square,limit bandwidth,45,124.014105096699,700,858.239547122712
c,PID,Square,limit bandwidth,45,124.080105152631,700,856.454300326202
c,PID,Square,limit bandwidth,45,124.146105208564,700,855.683207987525
c,PID,Square,limit bandwidth,45,124.212105264496,700,851.572947607306
c,PID,Square,limit bandwidth,45,124.278105320428,700,846.617076083232
c,PID,Square,limit bandwidth,45,124.34410537636,700,844.635352281916
c,PID,Square,limit bandwidth,45,124.410105432293,700,842.288653163687
c,PID,Square,limit bandwidth,45,124.476105488225,700,840.139119104467
c,PID,Square,limit bandwidth,45,124.542105544157,700,838.372401335375
c,PID,Square,limit bandwidth,45,124.608105600089,700,836.051364541502
c,PID,Square,limit bandwidth,45,124.674105656022,700,834.081812398648
c,PID,Square,limit bandwidth,45,124.740105711954,700,832.35964474844
c,PID,Square,limit bandwidth,45,124.806105767886,700,830.068708118209
c,PID,Square,limit bandwidth,45,124.872105823818,700,828.262803149547
c,PID,Square,limit bandwidth,45,124.938105879751,700,826.553586459742
c,PID,Square,limit bandwidth,45,125.004105935683,700,824.307478926253
c,PID,Square,limit bandwidth,45,125.070105991615,700,822.628771149996
c,PID,Square,limit bandwidth,45,125.136106047547,700,820.941677839877
c,PID,Square,limit bandwidth,45,125.20210610348,700,818.735391659518
c,PID,Square,limit bandwidth,45,125.268106159412,700,817.145759135271
c,PID,Square,limit bandwidth,45,125.334106215344,700,815.490360922923
c,PID,Square,limit bandwidth,45,125.400106271276,700,813.34243418014
c,PID,Square,limit bandwidth,45,125.466106327209,700,811.799447944585
c,PID,Square,limit bandwidth,45,125.532106383141,700,810.166192973378
c,PID,Square,limit bandwidth,45,125.598106439073,700,808.087810504727
c,PID,Square,limit bandwidth,45,125.664106495005,700,806.55626180159
c,PID,Square,limit bandwidth,45,125.730106550938,700,804.919640321579
c,PID,Square,limit bandwidth,45,125.79610660687,700,802.913857431912
c,PID,Square,limit bandwidth,45,125.862106662802,700,801.383208145066
c,PID,Square,limit bandwidth,45,125.928106718734,700,799.716557401026
c,PID,Square,limit bandwidth,45,125.994106774667,700,797.786342066153
c,PID,Square,limit bandwidth,45,126.060106830599,700,796.230152521414
c,PID,Square,limit bandwidth,45,126.126106886531,700,794.540414463921
c,PID,Square,limit bandwidth,45,126.192106942463,700,792.671838670162
c,PID,Square,limit bandwidth,45,126.258106998396,700,791.062868251797
c,PID,Square,limit bandwidth,45,126.324107054328,700,790.267784301148
c,PID,Square,limit bandwidth,45,126.39010711026,700,788.889276705424
c,PID,Square,limit bandwidth,45,126.456107166192,700,787.683108095474
c,PID,Square,limit bandwidth,45,126.522107222125,700,786.334916261177
c,PID,Square,limit bandwidth,45,126.588107278057,700,784.749756940772
c,PID,Square,limit bandwidth,45,126.654107333989,700,783.578315874985
c,PID,Square,limit bandwidth,45,126.720107389922,700,782.267796891955
c,PID,Square,limit bandwidth,45,126.786107445854,700,780.770183752839
c,PID,Square,limit bandwidth,45,126.852107501786,700,779.658981298553
c,PID,Square,limit bandwidth,45,126.918107557718,700,778.37258835353
c,PID,Square,limit bandwidth,45,126.984107613651,700,776.975051871959
c,PID,Square,limit bandwidth,45,127.050107669583,700,775.911809077523
c,PID,Square,limit bandwidth,45,127.116107725515,700,774.660906058424
c,PID,Square,limit bandwidth,45,127.182107781447,700,773.363175752375
c,PID,Square,limit bandwidth,45,127.248107837379,700,772.335738798198
c,PID,Square,limit bandwidth,45,127.314107893312,700,771.131943435585
c,PID,Square,limit bandwidth,45,127.380107949244,700,769.922783334278
c,PID,Square,limit bandwidth,45,127.446108005176,700,768.943880479636
c,PID,Square,limit bandwidth,45,127.512108061109,700,767.786103043544
c,PID,Square,limit bandwidth,45,127.578108117041,700,766.655107015955
c,PID,Square,limit bandwidth,45,127.644108172973,700,765.737978697355
c,PID,Square,limit bandwidth,45,127.710108228905,700,764.614152085334
c,PID,Square,limit bandwidth,45,127.776108284838,700,763.574635072779
c,PID,Square,limit bandwidth,45,127.84210834077,700,762.720878204258
c,PID,Square,limit bandwidth,45,127.908108396702,700,761.61858504945
c,PID,Square,limit bandwidth,45,127.974108452634,700,760.685202344018
c,PID,Square,limit bandwidth,45,128.040108508567,700,759.886872340889
c,PID,Square,limit bandwidth,45,128.106108564499,700,758.814140240657
c,PID,Square,limit bandwidth,45,128.172108620431,700,757.992169465311
c,PID,Square,limit bandwidth,45,128.238108676363,700,757.24146976721
c,PID,Square,limit bandwidth,45,128.304108732296,700,756.205742894431
c,PID,Square,limit bandwidth,45,128.370108788228,700,755.492778951551
c,PID,Square,limit bandwidth,45,128.43610884416,700,754.55937932938
c,PID,Square,limit bandwidth,45,128.502108900092,700,753.489507431233
c,PID,Square,limit bandwidth,45,128.568108956025,700,752.762575892494
c,PID,Square,limit bandwidth,45,128.634109011957,700,752.017945972536
c,PID,Square,limit bandwidth,45,128.700109067889,700,751.013681584521
c,PID,Square,limit bandwidth,45,128.766109123821,700,750.344080989247
c,PID,Square,limit bandwidth,45,128.832109179754,700,749.635524879563
c,PID,Square,limit bandwidth,45,128.898109235686,700,748.677375114069
c,PID,Square,limit bandwidth,45,128.964109291618,700,748.044598859667
c,PID,Square,limit bandwidth,45,129.03010934755,700,747.361843487761
c,PID,Square,limit bandwidth,45,129.096109403483,700,746.455344458967
c,PID,Square,limit bandwidth,45,129.162109459415,700,745.857207610797
c,PID,Square,limit bandwidth,45,129.228109515347,700,745.190078482856
c,PID,Square,limit bandwidth,45,129.294109571279,700,744.340800260779
c,PID,Square,limit bandwidth,45,129.360109627212,700,743.767727732672
c,PID,Square,limit bandwidth,45,129.426109683144,700,743.121073583175
c,PID,Square,limit bandwidth,45,129.492109739076,700,742.326702638963
c,PID,Square,limit bandwidth,45,129.558109795008,700,741.768930785253
c,PID,Square,limit bandwidth,45,129.624109850941,700,741.147585911751
c,PID,Square,limit bandwidth,45,129.690109906873,700,740.398932338059
c,PID,Square,limit bandwidth,45,129.756109962805,700,739.860578931333
c,PID,Square,limit bandwidth,45,129.822110018737,700,739.262077014228
c,PID,Square,limit bandwidth,45,129.88811007467,700,738.549729136088
c,PID,Square,limit bandwidth,45,129.954110130602,700,738.034840217138
c,PID,Square,limit bandwidth,45,130.020110186534,700,737.450536446498
c,PID,Square,limit bandwidth,45,130.086110242466,700,736.777757402865
c,PID,Square,limit bandwidth,45,130.152110298399,700,736.283435818808
c,PID,Square,limit bandwidth,45,130.218110354331,700,735.704580578152
c,PID,Square,limit bandwidth,45,130.284110410263,700,735.074420366317
c,PID,Square,limit bandwidth,45,130.350110466195,700,734.59190121776
c,PID,Square,limit bandwidth,45,130.416110522128,700,734.021617217581
c,PID,Square,limit bandwidth,45,130.48211057806,700,733.430668049704
c,PID,Square,limit bandwidth,45,130.548110633992,700,733.009340021233
c,PID,Square,limit bandwidth,45,130.614110689924,700,732.474486485315
c,PID,Square,limit bandwidth,45,130.680110745857,700,731.93371668016
c,PID,Square,limit bandwidth,45,130.746110801789,700,731.495553146346
c,PID,Square,limit bandwidth,45,130.812110857721,700,730.974305699889
c,PID,Square,limit bandwidth,45,130.878110913653,700,730.46470641972
c,PID,Square,limit bandwidth,45,130.944110969586,700,730.047492999247
c,PID,Square,limit bandwidth,45,131.010111025518,700,729.537562543595
c,PID,Square,limit bandwidth,45,131.07611108145,700,729.063515844156
d,Preview,Square,limit bandwidth,45,0,1000,0
d,Preview,Square,limit bandwidth,45,0.0660000559322508,1000,940.46144489447
d,Preview,Square,limit bandwidth,45,0.132000111864502,1000,997.983694940237
d,Preview,Square,limit bandwidth,45,0.198000167796752,1000,999.931716749142
d,Preview,Square,limit bandwidth,45,0.264000223729003,1000,999.997687551135
d,Preview,Square,limit bandwidth,45,0.330000279661254,1000,999.999921687681
d,Preview,Square,limit bandwidth,45,0.396000335593505,1000,999.999997347911
d,Preview,Square,limit bandwidth,45,0.462000391525755,1000,999.999999910186
d,Preview,Square,limit bandwidth,45,0.528000447458006,1000,999.999999996958
d,Preview,Square,limit bandwidth,45,0.594000503390257,1000,999.999999999897
d,Preview,Square,limit bandwidth,45,0.660000559322508,1000,999.999999999997
d,Preview,Square,limit bandwidth,45,0.726000615254759,1000,999.999999999999
d,Preview,Square,limit bandwidth,45,0.792000671187009,1000,999.999999999999
d,Preview,Square,limit bandwidth,45,0.85800072711926,1000,999.999999999999
d,Preview,Square,limit bandwidth,45,0.924000783051511,1000,999.999999999999
d,Preview,Square,limit bandwidth,45,0.990000838983762,1000,999.999999999999
d,Preview,Square,limit bandwidth,45,1.05600089491601,1000,999.999999999999
d,Preview,Square,limit bandwidth,45,1.12200095084826,1000,999.999999999999
d,Preview,Square,limit bandwidth,45,1.18800100678051,1000,999.999999999999
d,Preview,Square,limit bandwidth,45,1.25400106271276,1000,999.999999999999
d,Preview,Square,limit bandwidth,45,1.32000111864502,1000,999.999999999999
d,Preview,Square,limit bandwidth,45,1.38600117457727,1000,999.999999999999
d,Preview,Square,limit bandwidth,45,1.45200123050952,1000,999.999999999999
d,Preview,Square,limit bandwidth,45,1.51800128644177,1000,999.999999999999
d,Preview,Square,limit bandwidth,45,1.58400134237402,1000,999.999999999999
d,Preview,Square,limit bandwidth,45,1.65000139830627,1000,999.999999999999
d,Preview,Square,limit bandwidth,45,1.71600145423852,1000,999.999999999999
d,Preview,Square,limit bandwidth,45,1.78200151017077,1000,999.999999999999
d,Preview,Square,limit bandwidth,45,1.84800156610302,1000,999.999999999999
d,Preview,Square,limit bandwidth,45,1.91400162203527,1000,999.999999999999
d,Preview,Square,limit bandwidth,45,1.98000167796752,1000,999.999999999999
d,Preview,Square,limit bandwidth,45,2.04600173389977,1000,999.999999999999
d,Preview,Square,limit bandwidth,45,2.11200178983202,1000,1000.08741892446
d,Preview,Square,limit bandwidth,45,2.17800184576428,1000,1000.19893417515
d,Preview,Square,limit bandwidth,45,2.24400190169653,1000,1000.02347082749
d,Preview,Square,limit bandwidth,45,2.31000195762878,1000,1000.0017101575
d,Preview,Square,limit bandwidth,45,2.37600201356103,1000,1000.00026179073
d,Preview,Square,limit bandwidth,45,2.44200206949328,1000,1000.00020654238
d,Preview,Square,limit bandwidth,45,2.50800212542553,1000,1000.00020403566
d,Preview,Square,limit bandwidth,45,2.57400218135778,1000,1000.00020392298
d,Preview,Square,limit bandwidth,45,2.64000223729003,1000,1000.00020391895
d,Preview,Square,limit bandwidth,45,2.70600229322228,1000,1000.00020391879
d,Preview,Square,limit bandwidth,45,2.77200234915453,1000,1000.00020391878
d,Preview,Square,limit bandwidth,45,2.83800240508678,1000,1000.00020391878
d,Preview,Square,limit bandwidth,45,2.90400246101903,1000,1000.00020391878
d,Preview,Square,limit bandwidth,45,2.97000251695129,1000,1000.00020391878
d,Preview,Square,limit bandwidth,45,3.03600257288354,1000,1000.00020391878
d,Preview,Square,limit bandwidth,45,3.10200262881579,1000,1000.00020391878
d,Preview,Square,limit bandwidth,45,3.16800268474804,1000,1000.00020391878
d,Preview,Square,limit bandwidth,45,3.23400274068029,1000,1000.00020391878
d,Preview,Square,limit bandwidth,45,3.30000279661254,1000,1000.00020391878
d,Preview,Square,limit bandwidth,45,3.36600285254479,1000,1000.00020391878
d,Preview,Square,limit bandwidth,45,3.43200290847704,1000,1000.00020391878
d,Preview,Square,limit bandwidth,45,3.49800296440929,1000,1000.00020391878
d,Preview,Square,limit bandwidth,45,3.56400302034154,1000,1000.00020391878
d,Preview,Square,limit bandwidth,45,3.63000307627379,1000,1000.00020391878
d,Preview,Square,limit bandwidth,45,3.69600313220604,1000,1000.00020391878
d,Preview,Square,limit bandwidth,45,3.76200318813829,1000,1000.00020391878
d,Preview,Square,limit bandwidth,45,3.82800324407055,1000,1000.00020391878
d,Preview,Square,limit bandwidth,45,3.8940033000028,1000,1000.00020391878
d,Preview,Square,limit bandwidth,45,3.96000335593505,1000,1000.00020391878
d,Preview,Square,limit bandwidth,45,4.0260034118673,1000,1000.00020391878
d,Preview,Square,limit bandwidth,45,4.09200346779955,1000,1000.00020391878
d,Preview,Square,limit bandwidth,45,4.1580035237318,1000,1000.00413840658
d,Preview,Square,limit bandwidth,45,4.22400357966405,1000,999.998633328833
d,Preview,Square,limit bandwidth,45,4.2900036355963,1000,999.996184990739
d,Preview,Square,limit bandwidth,45,4.35600369152855,1000,999.999916578374
d,Preview,Square,limit bandwidth,45,4.4220037474608,1000,1000.00017894969
d,Preview,Square,limit bandwidth,45,4.48800380339305,1000,1000.00020265551
d,Preview,Square,limit bandwidth,45,4.5540038593253,1000,1000.0002038599
d,Preview,Square,limit bandwidth,45,4.62000391525755,1000,1000.0002039166
d,Preview,Square,limit bandwidth,45,4.68600397118981,1000,1000.00020391969
d,Preview,Square,limit bandwidth,45,4.75200402712206,1000,1000.00020391982
d,Preview,Square,limit bandwidth,45,4.81800408305431,1000,1000.00020391982
d,Preview,Square,limit bandwidth,45,4.88400413898656,1000,1000.00020391982
d,Preview,Square,limit bandwidth,45,4.95000419491881,1000,1000.00020391982
d,Preview,Square,limit bandwidth,45,5.01600425085106,1000,1000.00020391982
d,Preview,Square,limit bandwidth,45,5.08200430678331,1000,1000.00020391982
d,Preview,Square,limit bandwidth,45,5.14800436271556,1000,1000.00020391982
d,Preview,Square,limit bandwidth,45,5.21400441864781,1000,1000.00020391982
d,Preview,Square,limit bandwidth,45,5.28000447458006,1000,1000.00020391982
d,Preview,Square,limit bandwidth,45,5.34600453051231,1000,1000.00020391982
d,Preview,Square,limit bandwidth,45,5.41200458644456,1000,1000.00020391982
d,Preview,Square,limit bandwidth,45,5.47800464237682,1000,1000.00020391982
d,Preview,Square,limit bandwidth,45,5.54400469830906,1000,1000.00020391982
d,Preview,Square,limit bandwidth,45,5.61000475424132,1000,1000.00020391982
d,Preview,Square,limit bandwidth,45,5.67600481017357,1000,1000.00020391982
d,Preview,Square,limit bandwidth,45,5.74200486610582,1000,1000.00020391982
d,Preview,Square,limit bandwidth,45,5.80800492203807,1000,1000.00020391982
d,Preview,Square,limit bandwidth,45,5.87400497797032,1000,1000.00020391982
d,Preview,Square,limit bandwidth,45,5.94000503390257,1000,1000.00020391982
d,Preview,Square,limit bandwidth,45,6.00600508983482,1000,1000.00020391982
d,Preview,Square,limit bandwidth,45,6.07200514576707,1000,1000.00020391982
d,Preview,Square,limit bandwidth,45,6.13800520169932,1000,1000.00027637589
d,Preview,Square,limit bandwidth,45,6.20400525763157,1000,1000.00025252993
d,Preview,Square,limit bandwidth,45,6.27000531356382,1000,1000.00004241702
d,Preview,Square,limit bandwidth,45,6.33600536949607,1000,1000.0002445757
d,Preview,Square,limit bandwidth,45,6.40200542542833,1000,1000.00028062575
d,Preview,Square,limit bandwidth,45,6.46800548136058,1000,1000.00020794383
d,Preview,Square,limit bandwidth,45,6.53400553729283,1000,1000.00020429219
d,Preview,Square,limit bandwidth,45,6.60000559322508,1000,1000.0002039494
d,Preview,Square,limit bandwidth,45,6.66600564915733,1000,1000.00020392103
d,Preview,Square,limit bandwidth,45,6.73200570508958,1000,1000.0002039199
d,Preview,Square,limit bandwidth,45,6.79800576102183,1000,1000.00020391983
d,Preview,Square,limit bandwidth,45,6.86400581695408,1000,1000.00020391983
d,Preview,Square,limit bandwidth,45,6.93000587288633,1000,1000.00020391983
d,Preview,Square,limit bandwidth,45,6.99600592881858,1000,1000.00020391983
d,Preview,Square,limit bandwidth,45,7.06200598475083,1000,1000.00020391983
d,Preview,Square,limit bandwidth,45,7.12800604068308,1000,1000.00020391983
d,Preview,Square,limit bandwidth,45,7.19400609661534,1000,1000.00020391983
d,Preview,Square,limit bandwidth,45,7.26000615254759,1000,1000.00020391983
d,Preview,Square,limit bandwidth,45,7.32600620847984,1000,1000.00020391983
d,Preview,Square,limit bandwidth,45,7.39200626441209,1000,1000.00020391983
d,Preview,Square,limit bandwidth,45,7.45800632034434,1000,1000.00020391983
d,Preview,Square,limit bandwidth,45,7.52400637627659,1000,1000.00020391983
d,Preview,Square,limit bandwidth,45,7.59000643220884,1000,1000.00020391983
d,Preview,Square,limit bandwidth,45,7.65600648814109,1000,1000.00020391983
d,Preview,Square,limit bandwidth,45,7.72200654407334,1000,1000.00020391983
d,Preview,Square,limit bandwidth,45,7.78800660000559,1000,1000.00020391983
d,Preview,Square,limit bandwidth,45,7.85400665593784,1000,1000.00020391983
d,Preview,Square,limit bandwidth,45,7.92000671187009,1000,1000.00020391983
d,Preview,Square,limit bandwidth,45,7.98600676780234,1000,1000.00020391983
d,Preview,Square,limit bandwidth,45,8.0520068237346,1000,1000.00020391983
d,Preview,Square,limit bandwidth,45,8.11800687966685,1000,1000.00020493647
d,Preview,Square,limit bandwidth,45,8.1840069355991,1000,1000.0002056432
d,Preview,Square,limit bandwidth,45,8.25000699153135,1000,1000.00019928332
d,Preview,Square,limit bandwidth,45,8.3160070474636,1000,1000.00020427301
d,Preview,Square,limit bandwidth,45,8.38200710339585,1000,1000.00020887329
d,Preview,Square,limit bandwidth,45,8.4480071593281,1000,1000.00020289673
d,Preview,Square,limit bandwidth,45,8.51400721526035,1000,1000.00020308769
d,Preview,Square,limit bandwidth,45,8.5800072711926,1000,1000.00020385347
d,Preview,Square,limit bandwidth,45,8.64600732712485,1000,1000.00020391446
d,Preview,Square,limit bandwidth,45,8.7120073830571,1000,1000.00020391932
d,Preview,Square,limit bandwidth,45,8.77800743898935,1000,1000.0002039198
d,Preview,Square,limit bandwidth,45,8.84400749492161,1000,1000.00020391982
d,Preview,Square,limit bandwidth,45,8.91000755085386,1000,1000.00020391982
d,Preview,Square,limit bandwidth,45,8.97600760678611,1000,1000.00020391982
d,Preview,Square,limit bandwidth,45,9.04200766271836,1000,1000.00020391982
d,Preview,Square,limit bandwidth,45,9.10800771865061,1000,1000.00020391982
d,Preview,Square,limit bandwidth,45,9.17400777458286,1000,1000.00020391982
d,Preview,Square,limit bandwidth,45,9.24000783051511,1000,1000.00020391982
d,Preview,Square,limit bandwidth,45,9.30600788644736,1000,1000.00020391982
d,Preview,Square,limit bandwidth,45,9.37200794237961,1000,1000.00020391982
d,Preview,Square,limit bandwidth,45,9.43800799831186,1000,1000.00020391982
d,Preview,Square,limit bandwidth,45,9.50400805424411,1000,1000.00020391982
d,Preview,Square,limit bandwidth,45,9.57000811017636,1000,1000.00020391982
d,Preview,Square,limit bandwidth,45,9.63600816610862,1000,1000.00020391982
d,Preview,Square,limit bandwidth,45,9.70200822204086,1000,1000.00020391982
d,Preview,Square,limit bandwidth,45,9.76800827797311,1000,1000.00020391982
d,Preview,Square,limit bandwidth,45,9.83400833390537,1000,1000.00020391982
d,Preview,Square,limit bandwidth,45,9.90000838983762,1000,1000.00020391982
d,Preview,Square,limit bandwidth,45,9.96600844576987,1000,1000.00020391982
d,Preview,Square,limit bandwidth,45,10.0320085017021,1000,1000.00020391982
d,Preview,Square,limit bandwidth,45,10.0980085576344,1000,1000.00020391982
d,Preview,Square,limit bandwidth,45,10.1640086135666,1000,1000.00020395424
d,Preview,Square,limit bandwidth,45,10.2300086694989,1000,1000.00020381783
d,Preview,Square,limit bandwidth,45,10.2960087254311,1000,1000.00020377894
d,Preview,Square,limit bandwidth,45,10.3620087813634,1000,1000.00020411499
d,Preview,Square,limit bandwidth,45,10.4280088372956,1000,1000.00020386949
d,Preview,Square,limit bandwidth,45,10.4940088932279,1000,1000.00020378588
d,Preview,Square,limit bandwidth,45,10.5600089491601,1000,1000.00020394339
d,Preview,Square,limit bandwidth,45,10.6260090050924,1000,1000.00020392904
d,Preview,Square,limit bandwidth,45,10.6920090610246,1000,1000.00020392109
d,Preview,Square,limit bandwidth,45,10.7580091169569,1000,1000.0002039199
d,Preview,Square,limit bandwidth,45,10.8240091728891,1000,1000.00020391983
d,Preview,Square,limit bandwidth,45,10.8900092288214,1000,1000.00020391983
d,Preview,Square,limit bandwidth,45,10.9560092847536,1000,1000.00020391983
d,Preview,Square,limit bandwidth,45,11.0220093406859,1000,1000.00020391983
d,Preview,Square,limit bandwidth,45,11.0880093966181,1000,1000.00020391983
d,Preview,Square,limit bandwidth,45,11.1540094525504,1000,1000.00020391983
d,Preview,Square,limit bandwidth,45,11.2200095084826,1000,1000.00020391983
d,Preview,Square,limit bandwidth,45,11.2860095644149,1000,1000.00020391983
d,Preview,Square,limit bandwidth,45,11.3520096203471,1000,1000.00020391983
d,Preview,Square,limit bandwidth,45,11.4180096762794,1000,1000.00020391983
d,Preview,Square,limit bandwidth,45,11.4840097322116,1000,1000.00020391983
d,Preview,Square,limit bandwidth,45,11.5500097881439,1000,1000.00020391983
d,Preview,Square,limit bandwidth,45,11.6160098440761,1000,1000.00020391983
d,Preview,Square,limit bandwidth,45,11.6820099000084,1000,1000.00020391983
d,Preview,Square,limit bandwidth,45,11.7480099559406,1000,1000.00020391983
d,Preview,Square,limit bandwidth,45,11.8140100118729,1000,1000.00020391983
d,Preview,Square,limit bandwidth,45,11.8800100678051,1000,1000.00020391983
d,Preview,Square,limit bandwidth,45,11.9460101237374,1000,1000.00020391983
d,Preview,Square,limit bandwidth,45,12.0120101796696,1000,1000.00020391983
d,Preview,Square,limit bandwidth,45,12.0780102356019,1000,1000.00020391983
d,Preview,Square,limit bandwidth,45,12.1440102915341,1000,1000.00020392048
d,Preview,Square,limit bandwidth,45,12.2100103474664,1000,1000.00020391894
d,Preview,Square,limit bandwidth,45,12.2760104033986,1000,1000.00020391627
d,Preview,Square,limit bandwidth,45,12.3420104593309,1000,1000.00020392571
d,Preview,Square,limit bandwidth,45,12.4080105152631,1000,1000.00020392268
d,Preview,Square,limit bandwidth,45,12.4740105711954,1000,1000.00020391308
d,Preview,Square,limit bandwidth,45,12.5400106271276,1000,1000.00020392183
d,Preview,Square,limit bandwidth,45,12.6060106830599,1000,1000.00020392228
d,Preview,Square,limit bandwidth,45,12.6720107389921,1000,1000.00020391932
d,Preview,Square,limit bandwidth,45,12.7380107949244,1000,1000.00020391972
d,Preview,Square,limit bandwidth,45,12.8040108508567,1000,1000.0002039198
d,Preview,Square,limit bandwidth,45,12.8700109067889,1000,1000.00020391982
d,Preview,Square,limit bandwidth,45,12.9360109627212,1000,1000.00020391982
d,Preview,Square,limit bandwidth,45,13.0020110186534,1000,1000.00020391982
d,Preview,Square,limit bandwidth,45,13.0680110745857,1000,1000.00020391982
d,Preview,Square,limit bandwidth,45,13.1340111305179,1000,1000.00020391982
d,Preview,Square,limit bandwidth,45,13.2000111864502,1000,1000.00020391982
d,Preview,Square,limit bandwidth,45,13.2660112423824,1000,1000.00020391982
d,Preview,Square,limit bandwidth,45,13.3320112983147,1000,1000.00020391982
d,Preview,Square,limit bandwidth,45,13.3980113542469,1000,1000.00020391982
d,Preview,Square,limit bandwidth,45,13.4640114101792,1000,1000.00020391982
d,Preview,Square,limit bandwidth,45,13.5300114661114,1000,1000.00020391982
d,Preview,Square,limit bandwidth,45,13.5960115220437,1000,1000.00020391982
d,Preview,Square,limit bandwidth,45,13.6620115779759,1000,1000.00020391982
d,Preview,Square,limit bandwidth,45,13.7280116339082,1000,1000.00020391982
d,Preview,Square,limit bandwidth,45,13.7940116898404,1000,1000.00020391982
d,Preview,Square,limit bandwidth,45,13.8600117457727,1000,1000.00020391982
d,Preview,Square,limit bandwidth,45,13.9260118017049,1000,1000.00020391982
d,Preview,Square,limit bandwidth,45,13.9920118576372,1000,1000.00020391982
d,Preview,Square,limit bandwidth,45,14.0580119135694,1000,1000.00020391982
d,Preview,Square,limit bandwidth,45,14.1240119695017,1000,1000.00020391984
d,Preview,Square,limit bandwidth,45,14.1900120254339,1000,1000.00020391984
d,Preview,Square,limit bandwidth,45,14.2560120813662,1000,1000.00020391974
d,Preview,Square,limit bandwidth,45,14.3220121372984,1000,1000.00020391994
d,Preview,Square,limit bandwidth,45,14.3880121932307,1000,1000.00020392004
d,Preview,Square,limit bandwidth,45,14.4540122491629,1000,1000.00020391957
d,Preview,Square,limit bandwidth,45,14.5200123050952,1000,1000.00020391985
d,Preview,Square,limit bandwidth,45,14.5860123610274,1000,1000.00020392003
d,Preview,Square,limit bandwidth,45,14.6520124169597,1000,1000.00020391977
d,Preview,Square,limit bandwidth,45,14.7180124728919,1000,1000.0002039198
d,Preview,Square,limit bandwidth,45,14.7840125288242,1000,1000.00020391984
d,Preview,Square,limit bandwidth,45,14.8500125847564,1000,1000.00020391983
d,Preview,Square,limit bandwidth,45,14.9160126406887,1000,1000.00020391983
d,Preview,Square,limit bandwidth,45,14.9820126966209,1000,1000.00020391983
d,Preview,Square,limit bandwidth,45,15.0480127525532,1000,1000.00020391983
d,Preview,Square,limit bandwidth,45,15.1140128084854,1000,1000.00020391983
d,Preview,Square,limit bandwidth,45,15.1800128644177,1000,1000.00020391983
d,Preview,Square,limit bandwidth,45,15.2460129203499,1000,1000.00020391983
d,Preview,Square,limit bandwidth,45,15.3120129762822,1000,1000.00020391983
d,Preview,Square,limit bandwidth,45,15.3780130322144,1000,1000.00020391983
d,Preview,Square,limit bandwidth,45,15.4440130881467,1000,1000.00020391983
d,Preview,Square,limit bandwidth,45,15.5100131440789,1000,1000.00020391983
d,Preview,Square,limit bandwidth,45,15.5760132000112,1000,1000.00020391983
d,Preview,Square,limit bandwidth,45,15.6420132559434,1000,1000.00020391983
d,Preview,Square,limit bandwidth,45,15.7080133118757,1000,1000.00020391983
d,Preview,Square,limit bandwidth,45,15.7740133678079,1000,1000.00020391983
d,Preview,Square,limit bandwidth,45,15.8400134237402,1000,1000.00020391983
d,Preview,Square,limit bandwidth,45,15.9060134796724,1000,1000.00020391983
d,Preview,Square,limit bandwidth,45,15.9720135356047,1000,1000.00020391983
d,Preview,Square,limit bandwidth,45,16.0380135915369,1000,1000.00020391983
d,Preview,Square,limit bandwidth,45,16.1040136474692,1000,1000.00020391983
d,Preview,Square,limit bandwidth,45,16.1700137034014,1000,1000.00020391983
d,Preview,Square,limit bandwidth,45,16.2360137593337,1000,1000.00020391982
d,Preview,Square,limit bandwidth,45,16.3020138152659,1000,1000.00020391982
d,Preview,Square,limit bandwidth,45,16.3680138711982,1000,1000.00020391983
d,Preview,Square,limit bandwidth,45,16.4340139271304,1000,1000.00020391982
d,Preview,Square,limit bandwidth,45,16.5000139830627,1000,1000.00020391982
d,Preview,Square,limit bandwidth,45,16.5660140389949,1000,1000.00020391983
d,Preview,Square,limit bandwidth,45,16.6320140949272,1000,1000.00020391982
d,Preview,Square,limit bandwidth,45,16.6980141508594,1000,1000.00020391982
d,Preview,Square,limit bandwidth,45,16.7640142067917,1000,1000.00020391983
d,Preview,Square,limit bandwidth,45,16.8300142627239,1000,1000.00020391983
d,Preview,Square,limit bandwidth,45,16.8960143186562,1000,1000.00020391983
d,Preview,Square,limit bandwidth,45,16.9620143745885,1000,1000.00020391983
d,Preview,Square,limit bandwidth,45,17.0280144305207,1000,1000.00020391983
d,Preview,Square,limit bandwidth,45,17.094014486453,1000,1000.00020391983
d,Preview,Square,limit bandwidth,45,17.1600145423852,1000,1000.00020391983
d,Preview,Square,limit bandwidth,45,17.2260145983175,1000,1000.00020391983
d,Preview,Square,limit bandwidth,45,17.2920146542497,1000,1000.00020391983
d,Preview,Square,limit bandwidth,45,17.358014710182,1000,1000.00020391983
d,Preview,Square,limit bandwidth,45,17.4240147661142,1000,1000.00020391983
d,Preview,Square,limit bandwidth,45,17.4900148220465,1000,1000.00020391983
d,Preview,Square,limit bandwidth,45,17.5560148779787,1000,1000.00020391983
d,Preview,Square,limit bandwidth,45,17.622014933911,1000,1000.00020391983
d,Preview,Square,limit bandwidth,45,17.6880149898432,1000,1000.00020391983
d,Preview,Square,limit bandwidth,45,17.7540150457755,1000,1000.00020391983
d,Preview,Square,limit bandwidth,45,17.8200151017077,1000,1000.00020391983
d,Preview,Square,limit bandwidth,45,17.88601515764,1000,1000.00020391983
d,Preview,Square,limit bandwidth,45,17.9520152135722,1000,1000.00020391983
d,Preview,Square,limit bandwidth,45,18.0180152695045,1000,1000.00020391983
d,Preview,Square,limit bandwidth,45,18.0840153254367,1000,1000.00020391983
d,Preview,Square,limit bandwidth,45,18.150015381369,1000,1000.00020391983
d,Preview,Square,limit bandwidth,45,18.2160154373012,1000,1000.00020391983
d,Preview,Square,limit bandwidth,45,18.2820154932335,1000,1000.00020391983
d,Preview,Square,limit bandwidth,45,18.3480155491657,1000,1000.00020391983
d,Preview,Square,limit bandwidth,45,18.414015605098,1000,1000.00020391983
d,Preview,Square,limit bandwidth,45,18.4800156610302,1000,1000.00020391983
d,Preview,Square,limit bandwidth,45,18.5460157169625,1000,1000.00020391983
d,Preview,Square,limit bandwidth,45,18.6120157728947,1000,1000.00020391983
d,Preview,Square,limit bandwidth,45,18.678015828827,1000,1000.00020391983
d,Preview,Square,limit bandwidth,45,18.7440158847592,1000,1000.00020391983
d,Preview,Square,limit bandwidth,45,18.8100159406915,1000,1000.00020391983
d,Preview,Square,limit bandwidth,45,18.8760159966237,1000,1000.00020391983
d,Preview,Square,limit bandwidth,45,18.942016052556,1000,1000.00020391983
d,Preview,Square,limit bandwidth,45,19.0080161084882,1000,1000.00020391983
d,Preview,Square,limit bandwidth,45,19.0740161644205,1000,1000.00020391983
d,Preview,Square,limit bandwidth,45,19.1400162203527,1000,1000.00020391983
d,Preview,Square,limit bandwidth,45,19.206016276285,1000,1000.00020391983
d,Preview,Square,limit bandwidth,45,19.2720163322172,1000,1000.00020391983
d,Preview,Square,limit bandwidth,45,19.3380163881495,1000,1000.00020391983
d,Preview,Square,limit bandwidth,45,19.4040164440817,1000,1000.00020391983
d,Preview,Square,limit bandwidth,45,19.470016500014,1000,1000.00020391983
d,Preview,Square,limit bandwidth,45,19.5360165559462,1000,1000.00020391983
d,Preview,Square,limit bandwidth,45,19.6020166118785,1000,1000.00020391983
d,Preview,Square,limit bandwidth,45,19.6680166678107,1000,1000.00020391983
d,Preview,Square,limit bandwidth,45,19.734016723743,1000,1000.00020391983
d,Preview,Square,limit bandwidth,45,19.8000167796752,1000,1000.00020391983
d,Preview,Square,limit bandwidth,45,19.8660168356075,1000,1000.00020391983
d,Preview,Square,limit bandwidth,45,19.9320168915397,1000,1000.00020391983
d,Preview,Square,limit bandwidth,45,19.998016947472,1000,1230.00239698976
d,Preview,Square,limit bandwidth,45,20.0640170034042,1300,1300.23491971496
d,Preview,Square,limit bandwidth,45,20.1300170593365,1300,1300.00815269595
d,Preview,Square,limit bandwidth,45,20.1960171152687,1300,1300.00047310939
d,Preview,Square,limit bandwidth,45,20.262017171201,1300,1300.00021303607
d,Preview,Square,limit bandwidth,45,20.3280172271332,1300,1300.00020422855
d,Preview,Square,limit bandwidth,45,20.3940172830655,1300,1300.00020393028
d,Preview,Square,limit bandwidth,45,20.4600173389977,1300,1300.00020392018
d,Preview,Square,limit bandwidth,45,20.52601739493,1300,1300.00020391984
d,Preview,Square,limit bandwidth,45,20.5920174508622,1300,1300.00020391983
d,Preview,Square,limit bandwidth,45,20.6580175067945,1300,1300.00020391983
d,Preview,Square,limit bandwidth,45,20.7240175627267,1300,1300.00020391983
d,Preview,Square,limit bandwidth,45,20.790017618659,1300,1300.00020391983
d,Preview,Square,limit bandwidth,45,20.8560176745912,1300,1300.00020391983
d,Preview,Square,limit bandwidth,45,20.9220177305235,1300,1300.00020391983
d,Preview,Square,limit bandwidth,45,20.9880177864557,1300,1300.00020391983
d,Preview,Square,limit bandwidth,45,21.054017842388,1300,1300.00020391983
d,Preview,Square,limit bandwidth,45,21.1200178983202,1300,1300.00020391983
d,Preview,Square,limit bandwidth,45,21.1860179542525,1300,1300.00020391983
d,Preview,Square,limit bandwidth,45,21.2520180101848,1300,1300.00020391983
d,Preview,Square,limit bandwidth,45,21.318018066117,1300,1300.00020391983
d,Preview,Square,limit bandwidth,45,21.3840181220493,1300,1300.00020391983
d,Preview,Square,limit bandwidth,45,21.4500181779815,1300,1300.00020391983
d,Preview,Square,limit bandwidth,45,21.5160182339138,1300,1300.00020391983
d,Preview,Square,limit bandwidth,45,21.582018289846,1300,1300.00020391983
d,Preview,Square,limit bandwidth,45,21.6480183457783,1300,1300.00020391983
d,Preview,Square,limit bandwidth,45,21.7140184017105,1300,1300.00020391983
d,Preview,Square,limit bandwidth,45,21.7800184576428,1300,1300.00020391983
d,Preview,Square,limit bandwidth,45,21.846018513575,1300,1300.00020391983
d,Preview,Square,limit bandwidth,45,21.9120185695073,1300,1300.00020391983
d,Preview,Square,limit bandwidth,45,21.9780186254395,1300,1300.00020391983
d,Preview,Square,limit bandwidth,45,22.0440186813718,1300,1299.89177192733
d,Preview,Square,limit bandwidth,45,22.110018737304,1300,1299.923506047
d,Preview,Square,limit bandwidth,45,22.1760187932363,1300,1299.99679157567
d,Preview,Square,limit bandwidth,45,22.2420188491685,1300,1299.99990259686
d,Preview,Square,limit bandwidth,45,22.3080189051008,1300,1300.00007247793
d,Preview,Square,limit bandwidth,45,22.374018961033,1300,1300.0000810512
d,Preview,Square,limit bandwidth,45,22.4400190169653,1300,1300.00008136326
d,Preview,Square,limit bandwidth,45,22.5060190728975,1300,1300.00008137641
d,Preview,Square,limit bandwidth,45,22.5720191288298,1300,1300.00008137697
d,Preview,Square,limit bandwidth,45,22.638019184762,1300,1300.00008137698
d,Preview,Square,limit bandwidth,45,22.7040192406943,1300,1300.00008137698
d,Preview,Square,limit bandwidth,45,22.7700192966265,1300,1300.00008137698
d,Preview,Square,limit bandwidth,45,22.8360193525588,1300,1300.00008137698
d,Preview,Square,limit bandwidth,45,22.902019408491,1300,1300.00008137698
d,Preview,Square,limit bandwidth,45,22.9680194644233,1300,1300.00008137698
d,Preview,Square,limit bandwidth,45,23.0340195203555,1300,1300.00008137698
d,Preview,Square,limit bandwidth,45,23.1000195762878,1300,1300.00008137698
d,Preview,Square,limit bandwidth,45,23.16601963222,1300,1300.00008137698
d,Preview,Square,limit bandwidth,45,23.2320196881523,1300,1300.00008137698
d,Preview,Square,limit bandwidth,45,23.2980197440845,1300,1300.00008137698
d,Preview,Square,limit bandwidth,45,23.3640198000168,1300,1300.00008137698
d,Preview,Square,limit bandwidth,45,23.430019855949,1300,1300.00008137698
d,Preview,Square,limit bandwidth,45,23.4960199118813,1300,1300.00008137698
d,Preview,Square,limit bandwidth,45,23.5620199678135,1300,1300.00008137698
d,Preview,Square,limit bandwidth,45,23.6280200237458,1300,1300.00008137698
d,Preview,Square,limit bandwidth,45,23.694020079678,1300,1300.00008137698
d,Preview,Square,limit bandwidth,45,23.7600201356103,1300,1300.00008137698
d,Preview,Square,limit bandwidth,45,23.8260201915425,1300,1300.00008137698
d,Preview,Square,limit bandwidth,45,23.8920202474748,1300,1300.00008137698
d,Preview,Square,limit bandwidth,45,23.958020303407,1300,1300.00008137698
d,Preview,Square,limit bandwidth,45,24.0240203593393,1300,1299.99835116728
d,Preview,Square,limit bandwidth,45,24.0900204152715,1300,1299.99760800886
d,Preview,Square,limit bandwidth,45,24.1560204712038,1300,1300.00225252339
d,Preview,Square,limit bandwidth,45,24.222020527136,1300,1300.00093084123
d,Preview,Square,limit bandwidth,45,24.2880205830683,1300,1300.00013844736
d,Preview,Square,limit bandwidth,45,24.3540206390005,1300,1300.00008449302
d,Preview,Square,limit bandwidth,45,24.4200206949328,1300,1300.00008157265
d,Preview,Square,limit bandwidth,45,24.486020750865,1300,1300.00008138499
d,Preview,Square,limit bandwidth,45,24.5520208067973,1300,1300.00008137675
d,Preview,Square,limit bandwidth,45,24.6180208627295,1300,1300.00008137638
d,Preview,Square,limit bandwidth,45,24.6840209186618,1300,1300.00008137636
d,Preview,Square,limit bandwidth,45,24.750020974594,1300,1300.00008137636
d,Preview,Square,limit bandwidth,45,24.8160210305263,1300,1300.00008137636
d,Preview,Square,limit bandwidth,45,24.8820210864585,1300,1300.00008137636
d,Preview,Square,limit bandwidth,45,24.9480211423908,1300,1300.00008137636
d,Preview,Square,limit bandwidth,45,25.014021198323,1300,1300.00008137636
d,Preview,Square,limit bandwidth,45,25.0800212542553,1300,1300.00008137636
d,Preview,Square,limit bandwidth,45,25.1460213101875,1300,1300.00008137636
d,Preview,Square,limit bandwidth,45,25.2120213661198,1300,1300.00008137636
d,Preview,Square,limit bandwidth,45,25.278021422052,1300,1300.00008137636
d,Preview,Square,limit bandwidth,45,25.3440214779843,1300,1300.00008137636
d,Preview,Square,limit bandwidth,45,25.4100215339166,1300,1300.00008137636
d,Preview,Square,limit bandwidth,45,25.4760215898488,1300,1300.00008137636
d,Preview,Square,limit bandwidth,45,25.5420216457811,1300,1300.00008137636
d,Preview,Square,limit bandwidth,45,25.6080217017133,1300,1300.00008137636
d,Preview,Square,limit bandwidth,45,25.6740217576456,1300,1300.00008137636
d,Preview,Square,limit bandwidth,45,25.7400218135778,1300,1300.00008137636
d,Preview,Square,limit bandwidth,45,25.8060218695101,1300,1300.00008137636
d,Preview,Square,limit bandwidth,45,25.8720219254423,1300,1300.00008137636
d,Preview,Square,limit bandwidth,45,25.9380219813746,1300,1300.00008137636
d,Preview,Square,limit bandwidth,45,26.0040220373068,1300,1300.00007407267
d,Preview,Square,limit bandwidth,45,26.0700220932391,1300,1300.0000316311
d,Preview,Square,limit bandwidth,45,26.1360221491713,1300,1300.00015751628
d,Preview,Square,limit bandwidth,45,26.2020222051036,1300,1300.000174486
d,Preview,Square,limit bandwidth,45,26.2680222610358,1300,1300.00003685301
d,Preview,Square,limit bandwidth,45,26.3340223169681,1300,1300.00007173199
d,Preview,Square,limit bandwidth,45,26.4000223729003,1300,1300.00008019235
d,Preview,Square,limit bandwidth,45,26.4660224288326,1300,1300.00008132451
d,Preview,Square,limit bandwidth,45,26.5320224847648,1300,1300.00008137273
d,Preview,Square,limit bandwidth,45,26.5980225406971,1300,1300.00008137614
d,Preview,Square,limit bandwidth,45,26.6640225966293,1300,1300.00008137635
d,Preview,Square,limit bandwidth,45,26.7300226525616,1300,1300.00008137636
d,Preview,Square,limit bandwidth,45,26.7960227084938,1300,1300.00008137636
d,Preview,Square,limit bandwidth,45,26.8620227644261,1300,1300.00008137636
d,Preview,Square,limit bandwidth,45,26.9280228203583,1300,1300.00008137636
d,Preview,Square,limit bandwidth,45,26.9940228762906,1300,1300.00008137636
d,Preview,Square,limit bandwidth,45,27.0600229322228,1300,1300.00008137636
d,Preview,Square,limit bandwidth,45,27.1260229881551,1300,1300.00008137636
d,Preview,Square,limit bandwidth,45,27.1920230440873,1300,1300.00008137636
d,Preview,Square,limit bandwidth,45,27.2580231000196,1300,1300.00008137636
d,Preview,Square,limit bandwidth,45,27.3240231559518,1300,1300.00008137636
d,Preview,Square,limit bandwidth,45,27.3900232118841,1300,1300.00008137636
d,Preview,Square,limit bandwidth,45,27.4560232678163,1300,1300.00008137636
d,Preview,Square,limit bandwidth,45,27.5220233237486,1300,1300.00008137636
d,Preview,Square,limit bandwidth,45,27.5880233796808,1300,1300.00008137636
d,Preview,Square,limit bandwidth,45,27.6540234356131,1300,1300.00008137636
d,Preview,Square,limit bandwidth,45,27.7200234915453,1300,1300.00008137636
d,Preview,Square,limit bandwidth,45,27.7860235474776,1300,1300.00008137636
d,Preview,Square,limit bandwidth,45,27.8520236034098,1300,1300.00008137636
d,Preview,Square,limit bandwidth,45,27.9180236593421,1300,1300.00008137636
d,Preview,Square,limit bandwidth,45,27.9840237152743,1300,1300.00008137636
d,Preview,Square,limit bandwidth,45,28.0500237712066,1300,1300.00008041123
d,Preview,Square,limit bandwidth,45,28.1160238271388,1300,1300.00008256867
d,Preview,Square,limit bandwidth,45,28.1820238830711,1300,1300.00008443573
d,Preview,Square,limit bandwidth,45,28.2480239390033,1300,1300.00007885771
d,Preview,Square,limit bandwidth,45,28.3140239949356,1300,1300.00008029137
d,Preview,Square,limit bandwidth,45,28.3800240508678,1300,1300.0000822818
d,Preview,Square,limit bandwidth,45,28.4460241068001,1300,1300.00008149237
d,Preview,Square,limit bandwidth,45,28.5120241627323,1300,1300.00008139315
d,Preview,Square,limit bandwidth,45,28.5780242186646,1300,1300.00008137727
d,Preview,Square,limit bandwidth,45,28.6440242745968,1300,1300.00008137642
d,Preview,Square,limit bandwidth,45,28.7100243305291,1300,1300.00008137636
d,Preview,Square,limit bandwidth,45,28.7760243864613,1300,1300.00008137636
d,Preview,Square,limit bandwidth,45,28.8420244423936,1300,1300.00008137636
d,Preview,Square,limit bandwidth,45,28.9080244983258,1300,1300.00008137636
d,Preview,Square,limit bandwidth,45,28.9740245542581,1300,1300.00008137636
d,Preview,Square,limit bandwidth,45,29.0400246101903,1300,1300.00008137636
d,Preview,Square,limit bandwidth,45,29.1060246661226,1300,1300.00008137636
d,Preview,Square,limit bandwidth,45,29.1720247220548,1300,1300.00008137636
d,Preview,Square,limit bandwidth,45,29.2380247779871,1300,1300.00008137636
d,Preview,Square,limit bandwidth,45,29.3040248339193,1300,1300.00008137636
d,Preview,Square,limit bandwidth,45,29.3700248898516,1300,1300.00008137636
d,Preview,Square,limit bandwidth,45,29.4360249457838,1300,1300.00008137636
d,Preview,Square,limit bandwidth,45,29.5020250017161,1300,1300.00008137636
d,Preview,Square,limit bandwidth,45,29.5680250576483,1300,1300.00008137636
d,Preview,Square,limit bandwidth,45,29.6340251135806,1300,1300.00008137636
d,Preview,Square,limit bandwidth,45,29.7000251695129,1300,1300.00008137636
d,Preview,Square,limit bandwidth,45,29.7660252254451,1300,1300.00008137636
d,Preview,Square,limit bandwidth,45,29.8320252813774,1300,1300.00008137636
d,Preview,Square,limit bandwidth,45,29.8980253373096,1300,1300.00008137636
d,Preview,Square,limit bandwidth,45,29.9640253932419,1300,1300.00008137636
d,Preview,Square,limit bandwidth,45,30.0300254491741,1300,1300.0000813597
d,Preview,Square,limit bandwidth,45,30.0960255051064,1300,1300.00008135498
d,Preview,Square,limit bandwidth,45,30.1620255610386,1300,1300.00008145714
d,Preview,Square,limit bandwidth,45,30.2280256169709,1300,1300.00008130277
d,Preview,Square,limit bandwidth,45,30.2940256729031,1300,1300.00008125158
d,Preview,Square,limit bandwidth,45,30.3600257288354,1300,1300.00008144852
d,Preview,Square,limit bandwidth,45,30.4260257847676,1300,1300.0000813851
d,Preview,Square,limit bandwidth,45,30.4920258406999,1300,1300.00008135828
d,Preview,Square,limit bandwidth,45,30.5580258966321,1300,1300.00008137481
d,Preview,Square,limit bandwidth,45,30.6240259525644,1300,1300.00008137614
d,Preview,Square,limit bandwidth,45,30.6900260084966,1300,1300.00008137634
d,Preview,Square,limit bandwidth,45,30.7560260644289,1300,1300.00008137636
d,Preview,Square,limit bandwidth,45,30.8220261203611,1300,1300.00008137636
d,Preview,Square,limit bandwidth,45,30.8880261762934,1300,1300.00008137636
d,Preview,Square,limit bandwidth,45,30.9540262322256,1300,1300.00008137636
d,Preview,Square,limit bandwidth,45,31.0200262881579,1300,1300.00008137636
d,Preview,Square,limit bandwidth,45,31.0860263440901,1300,1300.00008137636
d,Preview,Square,limit bandwidth,45,31.1520264000224,700,715.977810053973
d,Preview,Square,limit bandwidth,45,31.2180264559546,700,700.541175716306
d,Preview,Square,limit bandwidth,45,31.2840265118869,700,700.018405826013
d,Preview,Square,limit bandwidth,45,31.3500265678191,700,700.000701943663
d,Preview,Square,limit bandwidth,45,31.4160266237514,700,700.000102392204
d,Preview,Square,limit bandwidth,45,31.4820266796836,700,700.000082088073
d,Preview,Square,limit bandwidth,45,31.5480267356159,700,700.000081400462
d,Preview,Square,limit bandwidth,45,31.6140267915481,700,700.000081377176
d,Preview,Square,limit bandwidth,45,31.6800268474804,700,700.000081376388
d,Preview,Square,limit bandwidth,45,31.7460269034126,700,700.000081376361
d,Preview,Square,limit bandwidth,45,31.8120269593449,700,700.000081376361
d,Preview,Square,limit bandwidth,45,31.8780270152771,700,700.000081376361
d,Preview,Square,limit bandwidth,45,31.9440270712094,700,700.000081376361
d,Preview,Square,limit bandwidth,45,32.0100271271416,700,700.000081376197
d,Preview,Square,limit bandwidth,45,32.0760271830739,700,700.000081375928
d,Preview,Square,limit bandwidth,45,32.1420272390061,700,700.000081378229
d,Preview,Square,limit bandwidth,45,32.2080272949384,700,700.000081376573
d,Preview,Square,limit bandwidth,45,32.2740273508706,700,700.000081372181
d,Preview,Square,limit bandwidth,45,32.3400274068029,700,700.000081379457
d,Preview,Square,limit bandwidth,45,32.4060274627351,700,700.00008137915
d,Preview,Square,limit bandwidth,45,32.4720275186674,700,700.000081374474
d,Preview,Square,limit bandwidth,45,32.5380275745996,700,700.000081376369
d,Preview,Square,limit bandwidth,45,32.6040276305319,700,700.000081376663
d,Preview,Square,limit bandwidth,45,32.6700276864641,700,700.000081376384
d,Preview,Square,limit bandwidth,45,32.7360277423964,700,700.000081376363
d,Preview,Square,limit bandwidth,45,32.8020277983286,700,700.000081376361
d,Preview,Square,limit bandwidth,45,32.8680278542609,700,700.000081376361
d,Preview,Square,limit bandwidth,45,32.9340279101931,700,700.000081376361
d,Preview,Square,limit bandwidth,45,33.0000279661254,700,700.000081376361
d,Preview,Square,limit bandwidth,45,33.0660280220576,700,700.000081376361
d,Preview,Square,limit bandwidth,45,33.1320280779899,700,700.000081376361
d,Preview,Square,limit bandwidth,45,33.1980281339221,700,700.000081376361
d,Preview,Square,limit bandwidth,45,33.2640281898544,700,699.974586914718
d,Preview,Square,limit bandwidth,45,33.3300282457866,700,699.99397570662
d,Preview,Square,limit bandwidth,45,33.3960283017189,700,699.999697099466
d,Preview,Square,limit bandwidth,45,33.4620283576511,700,700.000040135263
d,Preview,Square,limit bandwidth,45,33.5280284135834,700,700.000053990785
d,Preview,Square,limit bandwidth,45,33.5940284695156,700,700.000054660105
d,Preview,Square,limit bandwidth,45,33.6600285254479,700,700.000054687979
d,Preview,Square,limit bandwidth,45,33.7260285813801,700,700.000054689026
d,Preview,Square,limit bandwidth,45,33.7920286373124,700,700.000054689069
d,Preview,Square,limit bandwidth,45,33.8580286932447,700,700.00005468907
d,Preview,Square,limit bandwidth,45,33.9240287491769,700,700.00005468907
d,Preview,Square,limit bandwidth,45,33.9900288051091,700,700.00005468907
d,Preview,Square,limit bandwidth,45,34.0560288610414,700,700.000054689063
d,Preview,Square,limit bandwidth,45,34.1220289169737,700,700.000054689104
d,Preview,Square,limit bandwidth,45,34.1880289729059,700,700.000054689124
d,Preview,Square,limit bandwidth,45,34.2540290288382,700,700.00005468895
d,Preview,Square,limit bandwidth,45,34.3200290847704,700,700.00005468913
d,Preview,Square,limit bandwidth,45,34.3860291407027,700,700.000054689242
d,Preview,Square,limit bandwidth,45,34.4520291966349,700,700.000054688965
d,Preview,Square,limit bandwidth,45,34.5180292525672,700,700.000054689047
d,Preview,Square,limit bandwidth,45,34.5840293084994,700,700.000054689117
d,Preview,Square,limit bandwidth,45,34.6500293644317,700,700.000054689069
d,Preview,Square,limit bandwidth,45,34.7160294203639,700,700.000054689068
d,Preview,Square,limit bandwidth,45,34.7820294762962,700,700.00005468907
d,Preview,Square,limit bandwidth,45,34.8480295322284,700,700.00005468907
d,Preview,Square,limit bandwidth,45,34.9140295881607,700,700.00005468907
d,Preview,Square,limit bandwidth,45,34.9800296440929,700,700.00005468907
d,Preview,Square,limit bandwidth,45,35.0460297000252,700,700.00005468907
d,Preview,Square,limit bandwidth,45,35.1120297559574,700,700.00005468907
d,Preview,Square,limit bandwidth,45,35.1780298118897,700,700.00005468907
d,Preview,Square,limit bandwidth,45,35.2440298678219,700,699.99957054876
d,Preview,Square,limit bandwidth,45,35.3100299237542,700,699.999912127706
d,Preview,Square,limit bandwidth,45,35.3760299796864,700,700.000568795608
d,Preview,Square,limit bandwidth,45,35.4420300356187,700,700.000125098638
d,Preview,Square,limit bandwidth,45,35.5080300915509,700,700.000061330355
d,Preview,Square,limit bandwidth,45,35.5740301474832,700,700.000054968637
d,Preview,Square,limit bandwidth,45,35.6400302034154,700,700.000054704547
d,Preview,Square,limit bandwidth,45,35.7060302593477,700,700.000054689796
d,Preview,Square,limit bandwidth,45,35.7720303152799,700,700.000054688967
d,Preview,Square,limit bandwidth,45,35.8380303712122,700,700.000054688936
d,Preview,Square,limit bandwidth,45,35.9040304271444,700,700.000054688936
d,Preview,Square,limit bandwidth,45,35.9700304830767,700,700.000054688936
d,Preview,Square,limit bandwidth,45,36.0360305390089,700,700.000054688936
d,Preview,Square,limit bandwidth,45,36.1020305949412,700,700.000054688936
d,Preview,Square,limit bandwidth,45,36.1680306508734,700,700.000054688936
d,Preview,Square,limit bandwidth,45,36.2340307068057,700,700.000054688932
d,Preview,Square,limit bandwidth,45,36.3000307627379,700,700.000054688932
d,Preview,Square,limit bandwidth,45,36.3660308186702,700,700.00005468894
d,Preview,Square,limit bandwidth,45,36.4320308746024,700,700.000054688931
d,Preview,Square,limit bandwidth,45,36.4980309305347,700,700.00005468893
d,Preview,Square,limit bandwidth,45,36.5640309864669,700,700.000054688937
d,Preview,Square,limit bandwidth,45,36.6300310423992,700,700.000054688935
d,Preview,Square,limit bandwidth,45,36.6960310983314,700,700.000054688935
d,Preview,Square,limit bandwidth,45,36.7620311542637,700,700.000054688935
d,Preview,Square,limit bandwidth,45,36.8280312101959,700,700.000054688935
d,Preview,Square,limit bandwidth,45,36.8940312661282,700,700.000054688935
d,Preview,Square,limit bandwidth,45,36.9600313220604,700,700.000054688935
d,Preview,Square,limit bandwidth,45,37.0260313779927,700,700.000054688935
d,Preview,Square,limit bandwidth,45,37.0920314339249,700,700.000054688935
d,Preview,Square,limit bandwidth,45,37.1580314898572,700,700.000054688935
d,Preview,Square,limit bandwidth,45,37.2240315457894,700,700.000046963684
d,Preview,Square,limit bandwidth,45,37.2900316017217,700,700.000043645541
d,Preview,Square,limit bandwidth,45,37.3560316576539,700,700.000074810094
d,Preview,Square,limit bandwidth,45,37.4220317135862,700,700.000055066363
d,Preview,Square,limit bandwidth,45,37.4880317695184,700,700.000044316674
d,Preview,Square,limit bandwidth,45,37.5540318254507,700,700.000053812052
d,Preview,Square,limit bandwidth,45,37.6200318813829,700,700.000054591421
d,Preview,Square,limit bandwidth,45,37.6860319373152,700,700.000054683413
d,Preview,Square,limit bandwidth,45,37.7520319932474,700,700.000054688637
d,Preview,Square,limit bandwidth,45,37.8180320491797,700,700.000054688916
d,Preview,Square,limit bandwidth,45,37.8840321051119,700,700.000054688933
d,Preview,Square,limit bandwidth,45,37.9500321610442,700,700.000054688934
d,Preview,Square,limit bandwidth,45,38.0160322169765,700,700.000054688934
d,Preview,Square,limit bandwidth,45,38.0820322729087,700,700.000054688934
d,Preview,Square,limit bandwidth,45,38.148032328841,700,700.000054688934
d,Preview,Square,limit bandwidth,45,38.2140323847732,700,700.000054688934
d,Preview,Square,limit bandwidth,45,38.2800324407054,700,700.000054688934
d,Preview,Square,limit bandwidth,45,38.3460324966377,700,700.000054688934
d,Preview,Square,limit bandwidth,45,38.41203255257,700,700.000054688934
d,Preview,Square,limit bandwidth,45,38.4780326085022,700,700.000054688934
d,Preview,Square,limit bandwidth,45,38.5440326644345,700,700.000054688934
d,Preview,Square,limit bandwidth,45,38.6100327203667,700,700.000054688934
d,Preview,Square,limit bandwidth,45,38.676032776299,700,700.000054688934
d,Preview,Square,limit bandwidth,45,38.7420328322312,700,700.000054688934
d,Preview,Square,limit bandwidth,45,38.8080328881635,700,700.000054688934
d,Preview,Square,limit bandwidth,45,38.8740329440957,700,700.000054688934
d,Preview,Square,limit bandwidth,45,38.940033000028,700,700.000054688934
d,Preview,Square,limit bandwidth,45,39.0060330559602,700,700.000054688934
d,Preview,Square,limit bandwidth,45,39.0720331118925,700,700.000054688934
d,Preview,Square,limit bandwidth,45,39.1380331678247,700,700.000054688934
d,Preview,Square,limit bandwidth,45,39.204033223757,700,700.000054656323
d,Preview,Square,limit bandwidth,45,39.2700332796892,700,700.000054466826
d,Preview,Square,limit bandwidth,45,39.3360333356215,700,700.000055218422
d,Preview,Square,limit bandwidth,45,39.4020333915537,700,700.000055296982
d,Preview,Square,limit bandwidth,45,39.468033447486,700,700.000054062909
d,Preview,Square,limit bandwidth,45,39.5340335034182,700,700.000054740423
d,Preview,Square,limit bandwidth,45,39.6000335593505,700,700.000054895907
d,Preview,Square,limit bandwidth,45,39.6660336152827,700,700.000054701308
d,Preview,Square,limit bandwidth,45,39.732033671215,700,700.000054690295
d,Preview,Square,limit bandwidth,45,39.7980337271472,700,700.000054689056
d,Preview,Square,limit bandwidth,45,39.8640337830795,700,700.00005468894
d,Preview,Square,limit bandwidth,45,39.9300338390117,700,700.000054688936
d,Preview,Square,limit bandwidth,45,39.996033894944,700,700.000054688936
d,Preview,Square,limit bandwidth,45,40.0620339508762,700,700.000054688936
d,Preview,Square,limit bandwidth,45,40.1280340068085,700,700.000054688936
d,Preview,Square,limit bandwidth,45,40.1940340627407,700,700.000054688936
d,Preview,Square,limit bandwidth,45,40.260034118673,700,700.000054688936
d,Preview,Square,limit bandwidth,45,40.3260341746052,700,700.000054688936
d,Preview,Square,limit bandwidth,45,40.3920342305375,700,700.000054688936
d,Preview,Square,limit bandwidth,45,40.4580342864697,700,700.000054688936
d,Preview,Square,limit bandwidth,45,40.524034342402,700,700.000054688936
d,Preview,Square,limit bandwidth,45,40.5900343983342,700,700.000054688936
d,Preview,Square,limit bandwidth,45,40.6560344542665,700,700.000054688936
d,Preview,Square,limit bandwidth,45,40.7220345101987,700,700.000054688936
d,Preview,Square,limit bandwidth,45,40.788034566131,700,700.000054688936
d,Preview,Square,limit bandwidth,45,40.8540346220632,700,700.000054688936
d,Preview,Square,limit bandwidth,45,40.9200346779955,700,700.000054688936
d,Preview,Square,limit bandwidth,45,40.9860347339277,700,700.000054688936
d,Preview,Square,limit bandwidth,45,41.05203478986,700,700.000054688936
d,Preview,Square,limit bandwidth,45,41.1180348457922,700,700.000054688936
d,Preview,Square,limit bandwidth,45,41.1840349017245,700,700.000054688936
d,Preview,Square,limit bandwidth,45,41.2500349576567,700,700.000054684626
d,Preview,Square,limit bandwidth,45,41.316035013589,700,700.000054696759
d,Preview,Square,limit bandwidth,45,41.3820350695212,700,700.000054707183
d,Preview,Square,limit bandwidth,45,41.4480351254535,700,700.000054665512
d,Preview,Square,limit bandwidth,45,41.5140351813857,700,700.000054683635
d,Preview,Square,limit bandwidth,45,41.580035237318,700,700.00005470606
d,Preview,Square,limit bandwidth,45,41.6460352932503,700,700.000054686961
d,Preview,Square,limit bandwidth,45,41.7120353491825,700,700.000054686597
d,Preview,Square,limit bandwidth,45,41.7780354051147,700,700.000054688731
d,Preview,Square,limit bandwidth,45,41.844035461047,700,700.000054688916
d,Preview,Square,limit bandwidth,45,41.9100355169792,700,700.000054688932
d,Preview,Square,limit bandwidth,45,41.9760355729115,700,700.000054688933
d,Preview,Square,limit bandwidth,45,42.0420356288437,700,700.000054688933
d,Preview,Square,limit bandwidth,45,42.108035684776,700,700.000054688934
d,Preview,Square,limit bandwidth,45,42.1740357407082,700,700.000054688934
d,Preview,Square,limit bandwidth,45,42.2400357966405,1300,1263.25973472912
d,Preview,Square,limit bandwidth,45,42.3060358525728,1300,1298.75582407398
d,Preview,Square,limit bandwidth,45,42.372035908505,1300,1299.9579181527
d,Preview,Square,limit bandwidth,45,42.4380359644373,1300,1299.99862771257
d,Preview,Square,limit bandwidth,45,42.5040360203695,1300,1300.00000636362
d,Preview,Square,limit bandwidth,45,42.5700360763018,1300,1300.00005305237
d,Preview,Square,limit bandwidth,45,42.636036132234,1300,1300.00005463351
d,Preview,Square,limit bandwidth,45,42.7020361881663,1300,1300.00005468706
d,Preview,Square,limit bandwidth,45,42.7680362440985,1300,1300.00005468887
d,Preview,Square,limit bandwidth,45,42.8340363000308,1300,1300.00005468893
d,Preview,Square,limit bandwidth,45,42.900036355963,1300,1300.00005468893
d,Preview,Square,limit bandwidth,45,42.9660364118953,1300,1300.00005468893
d,Preview,Square,limit bandwidth,45,43.0320364678275,1300,1300.00005468893
d,Preview,Square,limit bandwidth,45,43.0980365237598,1300,1300.00005468893
d,Preview,Square,limit bandwidth,45,43.164036579692,1300,1300.00005468893
d,Preview,Square,limit bandwidth,45,43.2300366356243,1300,1300.00005468886
d,Preview,Square,limit bandwidth,45,43.2960366915565,1300,1300.00005468884
d,Preview,Square,limit bandwidth,45,43.3620367474888,1300,1300.00005468939
d,Preview,Square,limit bandwidth,45,43.428036803421,1300,1300.00005468835
d,Preview,Square,limit bandwidth,45,43.4940368593533,1300,1300.000054688
d,Preview,Square,limit bandwidth,45,43.5600369152855,1300,1300.00005468977
d,Preview,Square,limit bandwidth,45,43.6260369712178,1300,1300.00005468887
d,Preview,Square,limit bandwidth,45,43.69203702715,1300,1300.0000546885
d,Preview,Square,limit bandwidth,45,43.7580370830823,1300,1300.00005468899
d,Preview,Square,limit bandwidth,45,43.8240371390145,1300,1300.00005468896
d,Preview,Square,limit bandwidth,45,43.8900371949468,1300,1300.00005468894
d,Preview,Square,limit bandwidth,45,43.956037250879,1300,1300.00005468894
d,Preview,Square,limit bandwidth,45,44.0220373068113,1300,1300.00005468894
d,Preview,Square,limit bandwidth,45,44.0880373627435,1300,1300.00005468894
d,Preview,Square,limit bandwidth,45,44.1540374186758,1300,1300.00005468894
d,Preview,Square,limit bandwidth,45,44.220037474608,1300,1300.00005468894
d,Preview,Square,limit bandwidth,45,44.2860375305403,1300,1300.00005468894
d,Preview,Square,limit bandwidth,45,44.3520375864725,1300,1300.03062120476
d,Preview,Square,limit bandwidth,45,44.4180376424048,1300,1300.01390040285
d,Preview,Square,limit bandwidth,45,44.484037698337,1300,1300.00074411625
d,Preview,Square,limit bandwidth,45,44.5500377542693,1300,1300.00012033261
d,Preview,Square,limit bandwidth,45,44.6160378102015,1300,1300.00008944889
d,Preview,Square,limit bandwidth,45,44.6820378661338,1300,1300.00008790981
d,Preview,Square,limit bandwidth,45,44.748037922066,1300,1300.0000878515
d,Preview,Square,limit bandwidth,45,44.8140379779983,1300,1300.00008784912
d,Preview,Square,limit bandwidth,45,44.8800380339305,1300,1300.00008784902
d,Preview,Square,limit bandwidth,45,44.9460380898628,1300,1300.00008784902
d,Preview,Square,limit bandwidth,45,45.012038145795,1300,1300.00008784902
d,Preview,Square,limit bandwidth,45,45.0780382017273,1300,1300.00008784902
d,Preview,Square,limit bandwidth,45,45.1440382576595,1300,1300.00008784902
d,Preview,Square,limit bandwidth,45,45.2100383135918,1300,1300.00008784902
d,Preview,Square,limit bandwidth,45,45.276038369524,1300,1300.00008784902
d,Preview,Square,limit bandwidth,45,45.3420384254563,1300,1300.00008784903
d,Preview,Square,limit bandwidth,45,45.4080384813885,1300,1300.00008784902
d,Preview,Square,limit bandwidth,45,45.4740385373208,1300,1300.00008784899
d,Preview,Square,limit bandwidth,45,45.540038593253,1300,1300.00008784905
d,Preview,Square,limit bandwidth,45,45.6060386491853,1300,1300.00008784904
d,Preview,Square,limit bandwidth,45,45.6720387051175,1300,1300.00008784899
d,Preview,Square,limit bandwidth,45,45.7380387610498,1300,1300.00008784902
d,Preview,Square,limit bandwidth,45,45.804038816982,1300,1300.00008784903
d,Preview,Square,limit bandwidth,45,45.8700388729143,1300,1300.00008784902
d,Preview,Square,limit bandwidth,45,45.9360389288465,1300,1300.00008784902
d,Preview,Square,limit bandwidth,45,46.0020389847788,1300,1300.00008784902
d,Preview,Square,limit bandwidth,45,46.068039040711,1300,1300.00008784902
d,Preview,Square,limit bandwidth,45,46.1340390966433,1300,1300.00008784902
d,Preview,Square,limit bandwidth,45,46.2000391525755,1300,1300.00008784902
d,Preview,Square,limit bandwidth,45,46.2660392085078,1300,1300.00008784902
d,Preview,Square,limit bandwidth,45,46.33203926444,1300,1300.00062599927
d,Preview,Square,limit bandwidth,45,46.3980393203723,1300,1300.00075956569
d,Preview,Square,limit bandwidth,45,46.4640393763045,1300,1299.99947344569
d,Preview,Square,limit bandwidth,45,46.5300394322368,1300,1299.99993268497
d,Preview,Square,limit bandwidth,45,46.596039488169,1300,1300.00007493494
d,Preview,Square,limit bandwidth,45,46.6620395441013,1300,1300.00008726596
d,Preview,Square,limit bandwidth,45,46.7280396000336,1300,1300.00008781376
d,Preview,Square,limit bandwidth,45,46.7940396559658,1300,1300.00008784745
d,Preview,Square,limit bandwidth,45,46.8600397118981,1300,1300.00008784912
d,Preview,Square,limit bandwidth,45,46.9260397678303,1300,1300.00008784918
d,Preview,Square,limit bandwidth,45,46.9920398237626,1300,1300.00008784919
d,Preview,Square,limit bandwidth,45,47.0580398796948,1300,1300.00008784919
d,Preview,Square,limit bandwidth,45,47.1240399356271,1300,1300.00008784919
d,Preview,Square,limit bandwidth,45,47.1900399915593,1300,1300.00008784919
d,Preview,Square,limit bandwidth,45,47.2560400474916,1300,1300.00008784919
d,Preview,Square,limit bandwidth,45,47.3220401034238,1300,1300.00008784919
d,Preview,Square,limit bandwidth,45,47.3880401593561,1300,1300.00008784919
d,Preview,Square,limit bandwidth,45,47.4540402152883,1300,1300.00008784919
d,Preview,Square,limit bandwidth,45,47.5200402712206,1300,1300.00008784919
d,Preview,Square,limit bandwidth,45,47.5860403271528,1300,1300.00008784919
d,Preview,Square,limit bandwidth,45,47.6520403830851,1300,1300.00008784919
d,Preview,Square,limit bandwidth,45,47.7180404390173,1300,1300.00008784919
d,Preview,Square,limit bandwidth,45,47.7840404949496,1300,1300.00008784919
d,Preview,Square,limit bandwidth,45,47.8500405508818,1300,1300.00008784919
d,Preview,Square,limit bandwidth,45,47.9160406068141,1300,1300.00008784919
d,Preview,Square,limit bandwidth,45,47.9820406627463,1300,1300.00008784919
d,Preview,Square,limit bandwidth,45,48.0480407186786,1300,1300.00008784919
d,Preview,Square,limit bandwidth,45,48.1140407746108,1300,1300.00008784919
d,Preview,Square,limit bandwidth,45,48.1800408305431,1300,1300.00008784919
d,Preview,Square,limit bandwidth,45,48.2460408864753,1300,1300.00008784919
d,Preview,Square,limit bandwidth,45,48.3120409424076,1300,1300.00009382447
d,Preview,Square,limit bandwidth,45,48.3780409983398,1300,1300.00010144679
d,Preview,Square,limit bandwidth,45,48.4440410542721,1300,1300.000064939
d,Preview,Square,limit bandwidth,45,48.5100411102043,1300,1300.0000756265
d,Preview,Square,limit bandwidth,45,48.5760411661366,1300,1300.00010033758
d,Preview,Square,limit bandwidth,45,48.6420412220688,1300,1300.00008966135
d,Preview,Square,limit bandwidth,45,48.7080412780011,1300,1300.00008807099
d,Preview,Square,limit bandwidth,45,48.7740413339333,1300,1300.00008785946
d,Preview,Square,limit bandwidth,45,48.8400413898656,1300,1300.00008784985
d,Preview,Square,limit bandwidth,45,48.9060414457978,1300,1300.00008784923
d,Preview,Square,limit bandwidth,45,48.9720415017301,1300,1300.00008784919
d,Preview,Square,limit bandwidth,45,49.0380415576623,1300,1300.00008784919
d,Preview,Square,limit bandwidth,45,49.1040416135946,1300,1300.00008784919
d,Preview,Square,limit bandwidth,45,49.1700416695268,1300,1300.00008784919
d,Preview,Square,limit bandwidth,45,49.2360417254591,1300,1300.00008784919
d,Preview,Square,limit bandwidth,45,49.3020417813913,1300,1300.00008784919
d,Preview,Square,limit bandwidth,45,49.3680418373236,1300,1300.00008784919
d,Preview,Square,limit bandwidth,45,49.4340418932558,1300,1300.00008784919
d,Preview,Square,limit bandwidth,45,49.5000419491881,1300,1300.00008784919
d,Preview,Square,limit bandwidth,45,49.5660420051203,1300,1300.00008784919
d,Preview,Square,limit bandwidth,45,49.6320420610526,1300,1300.00008784919
d,Preview,Square,limit bandwidth,45,49.6980421169848,1300,1300.00008784919
d,Preview,Square,limit bandwidth,45,49.7640421729171,1300,1300.00008784919
d,Preview,Square,limit bandwidth,45,49.8300422288493,1300,1300.00008784919
d,Preview,Square,limit bandwidth,45,49.8960422847816,1300,1300.00008784919
d,Preview,Square,limit bandwidth,45,49.9620423407138,1300,1300.00008784919
d,Preview,Square,limit bandwidth,45,50.0280423966461,1300,1300.00008784919
d,Preview,Square,limit bandwidth,45,50.0940424525783,1300,1300.00008784919
d,Preview,Square,limit bandwidth,45,50.1600425085106,1300,1300.00008784919
d,Preview,Square,limit bandwidth,45,50.2260425644428,1300,1300.00008784919
d,Preview,Square,limit bandwidth,45,50.2920426203751,1300,1300.00008784919
d,Preview,Square,limit bandwidth,45,50.3580426763073,1300,1300.00008811812
d,Preview,Square,limit bandwidth,45,50.4240427322396,1300,1300.00008735067
d,Preview,Square,limit bandwidth,45,50.4900427881718,1300,1300.0000870153
d,Preview,Square,limit bandwidth,45,50.5560428441041,1300,1300.00008858125
d,Preview,Square,limit bandwidth,45,50.6220429000363,1300,1300.00008795519
d,Preview,Square,limit bandwidth,45,50.6880429559686,1300,1300.0000875978
d,Preview,Square,limit bandwidth,45,50.7540430119009,1300,1300.0000878262
d,Preview,Square,limit bandwidth,45,50.8200430678331,1300,1300.00008784614
d,Preview,Square,limit bandwidth,45,50.8860431237654,1300,1300.00008784899
d,Preview,Square,limit bandwidth,45,50.9520431796976,1300,1300.00008784918
d,Preview,Square,limit bandwidth,45,51.0180432356299,1300,1300.00008784919
d,Preview,Square,limit bandwidth,45,51.0840432915621,1300,1300.00008784919
d,Preview,Square,limit bandwidth,45,51.1500433474944,1300,1300.00008784919
d,Preview,Square,limit bandwidth,45,51.2160434034266,1300,1300.00008784919
d,Preview,Square,limit bandwidth,45,51.2820434593589,1300,1300.00008784919
d,Preview,Square,limit bandwidth,45,51.3480435152911,1300,1300.00008784919
d,Preview,Square,limit bandwidth,45,51.4140435712234,1300,1300.00008784919
d,Preview,Square,limit bandwidth,45,51.4800436271556,1300,1300.00008784919
d,Preview,Square,limit bandwidth,45,51.5460436830879,1300,1300.00008784919
d,Preview,Square,limit bandwidth,45,51.6120437390201,1300,1300.00008784919
d,Preview,Square,limit bandwidth,45,51.6780437949524,1300,1300.00008784919
d,Preview,Square,limit bandwidth,45,51.7440438508846,1300,1300.00008784919
d,Preview,Square,limit bandwidth,45,51.8100439068169,1300,1300.00008784919
d,Preview,Square,limit bandwidth,45,51.8760439627491,1300,1300.00008784919
d,Preview,Square,limit bandwidth,45,51.9420440186814,1300,1300.00008784919
d,Preview,Square,limit bandwidth,45,52.0080440746136,1300,1300.00008784919
d,Preview,Square,limit bandwidth,45,52.0740441305459,1300,1300.00008784919
d,Preview,Square,limit bandwidth,45,52.1400441864781,1300,1300.00008784919
d,Preview,Square,limit bandwidth,45,52.2060442424104,1300,1300.00008784919
d,Preview,Square,limit bandwidth,45,52.2720442983426,1300,1300.00008784919
d,Preview,Square,limit bandwidth,45,52.3380443542749,1300,1300.00008785414
d,Preview,Square,limit bandwidth,45,52.4040444102071,1300,1300.00008785086
d,Preview,Square,limit bandwidth,45,52.4700444661394,1300,1300.0000878269
d,Preview,Square,limit bandwidth,45,52.5360445220716,1300,1300.00008787392
d,Preview,Square,limit bandwidth,45,52.6020445780039,1300,1300.00008788029
d,Preview,Square,limit bandwidth,45,52.6680446339361,1300,1300.00008782874
d,Preview,Square,limit bandwidth,45,52.7340446898684,1300,1300.00008784935
d,Preview,Square,limit bandwidth,45,52.8000447458006,1300,1300.00008785416
d,Preview,Square,limit bandwidth,45,52.8660448017329,1300,1300.00008784952
d,Preview,Square,limit bandwidth,45,52.9320448576651,1300,1300.00008784923
d,Preview,Square,limit bandwidth,45,52.9980449135974,1300,1300.00008784919
d,Preview,Square,limit bandwidth,45,53.0640449695296,1300,1300.00008784919
d,Preview,Square,limit bandwidth,45,53.1300450254619,1300,1300.00008784919
d,Preview,Square,limit bandwidth,45,53.1960450813941,1300,1300.00008784919
d,Preview,Square,limit bandwidth,45,53.2620451373264,1300,1300.00008784919
d,Preview,Square,limit bandwidth,45,53.3280451932586,1300,1300.00008784919
d,Preview,Square,limit bandwidth,45,53.3940452491909,700,705.169418877538
d,Preview,Square,limit bandwidth,45,53.4600453051231,700,700.175150013353
d,Preview,Square,limit bandwidth,45,53.5260453610554,700,700.006016423147
d,Preview,Square,limit bandwidth,45,53.5920454169876,700,700.00028862352
d,Preview,Square,limit bandwidth,45,53.6580454729199,700,700.000094648518
d,Preview,Square,limit bandwidth,45,53.7240455288521,700,700.00008807945
d,Preview,Square,limit bandwidth,45,53.7900455847844,700,700.000087856985
d,Preview,Square,limit bandwidth,45,53.8560456407166,700,700.000087849452
d,Preview,Square,limit bandwidth,45,53.9220456966489,700,700.000087849196
d,Preview,Square,limit bandwidth,45,53.9880457525811,700,700.000087849189
d,Preview,Square,limit bandwidth,45,54.0540458085134,700,700.000087849189
d,Preview,Square,limit bandwidth,45,54.1200458644456,700,700.000087849189
d,Preview,Square,limit bandwidth,45,54.1860459203779,700,700.000087849189
d,Preview,Square,limit bandwidth,45,54.2520459763101,700,700.000087849189
d,Preview,Square,limit bandwidth,45,54.3180460322424,700,700.000087849257
d,Preview,Square,limit bandwidth,45,54.3840460881746,700,700.000087849305
d,Preview,Square,limit bandwidth,45,54.4500461441069,700,700.000087848652
d,Preview,Square,limit bandwidth,45,54.5160462000391,700,700.000087849544
d,Preview,Square,limit bandwidth,45,54.5820462559714,700,700.000087850333
d,Preview,Square,limit bandwidth,45,54.6480463119036,700,700.000087848244
d,Preview,Square,limit bandwidth,45,54.7140463678359,700,700.000087848873
d,Preview,Square,limit bandwidth,45,54.7800464237681,700,700.000087849713
d,Preview,Square,limit bandwidth,45,54.8460464797004,700,700.000087849152
d,Preview,Square,limit bandwidth,45,54.9120465356327,700,700.000087849132
d,Preview,Square,limit bandwidth,45,54.9780465915649,700,700.000087849182
d,Preview,Square,limit bandwidth,45,55.0440466474972,700,700.000087849186
d,Preview,Square,limit bandwidth,45,55.1100467034294,700,700.000087849186
d,Preview,Square,limit bandwidth,45,55.1760467593616,700,700.000087849186
d,Preview,Square,limit bandwidth,45,55.2420468152939,700,700.000087849186
d,Preview,Square,limit bandwidth,45,55.3080468712262,700,700.000087849186
d,Preview,Square,limit bandwidth,45,55.3740469271584,700,700.000087849186
d,Preview,Square,limit bandwidth,45,55.4400469830907,700,699.93607559738
d,Preview,Square,limit bandwidth,45,55.5060470390229,700,699.942999585237
d,Preview,Square,limit bandwidth,45,55.5720470949552,700,699.99765947567
d,Preview,Square,limit bandwidth,45,55.6380471508874,700,699.99988065246
d,Preview,Square,limit bandwidth,45,55.7040472068197,700,700.000006770891
d,Preview,Square,limit bandwidth,45,55.7700472627519,700,700.000013165246
d,Preview,Square,limit bandwidth,45,55.8360473186842,700,700.000013394519
d,Preview,Square,limit bandwidth,45,55.9020473746164,700,700.000013404306
d,Preview,Square,limit bandwidth,45,55.9680474305487,700,700.000013404721
d,Preview,Square,limit bandwidth,45,56.0340474864809,700,700.000013404735
d,Preview,Square,limit bandwidth,45,56.1000475424132,700,700.000013404735
d,Preview,Square,limit bandwidth,45,56.1660475983454,700,700.000013404735
d,Preview,Square,limit bandwidth,45,56.2320476542777,700,700.000013404735
d,Preview,Square,limit bandwidth,45,56.2980477102099,700,700.000013404735
d,Preview,Square,limit bandwidth,45,56.3640477661422,700,700.000013404737
d,Preview,Square,limit bandwidth,45,56.4300478220744,700,700.000013404725
d,Preview,Square,limit bandwidth,45,56.4960478780067,700,700.000013404722
d,Preview,Square,limit bandwidth,45,56.5620479339389,700,700.000013404769
d,Preview,Square,limit bandwidth,45,56.6280479898712,700,700.000013404709
d,Preview,Square,limit bandwidth,45,56.6940480458034,700,700.000013404689
d,Preview,Square,limit bandwidth,45,56.7600481017357,700,700.000013404766
d,Preview,Square,limit bandwidth,45,56.8260481576679,700,700.000013404735
d,Preview,Square,limit bandwidth,45,56.8920482136002,700,700.000013404723
d,Preview,Square,limit bandwidth,45,56.9580482695324,700,700.000013404736
d,Preview,Square,limit bandwidth,45,57.0240483254647,700,700.000013404736
d,Preview,Square,limit bandwidth,45,57.0900483813969,700,700.000013404736
d,Preview,Square,limit bandwidth,45,57.1560484373292,700,700.000013404736
d,Preview,Square,limit bandwidth,45,57.2220484932614,700,700.000013404736
d,Preview,Square,limit bandwidth,45,57.2880485491937,700,700.000013404736
d,Preview,Square,limit bandwidth,45,57.3540486051259,700,700.000013404736
d,Preview,Square,limit bandwidth,45,57.4200486610582,700,699.999068557876
d,Preview,Square,limit bandwidth,45,57.4860487169904,700,699.998514490407
d,Preview,Square,limit bandwidth,45,57.5520487729227,700,700.001291536506
d,Preview,Square,limit bandwidth,45,57.6180488288549,700,700.000642924596
d,Preview,Square,limit bandwidth,45,57.6840488847872,700,700.000051916966
d,Preview,Square,limit bandwidth,45,57.7500489407194,700,700.000015692887
d,Preview,Square,limit bandwidth,45,57.8160489966517,700,700.000013550476
d,Preview,Square,limit bandwidth,45,57.8820490525839,700,700.000013410511
d,Preview,Square,limit bandwidth,45,57.9480491085162,700,700.000013404642
d,Preview,Square,limit bandwidth,45,58.0140491644484,700,700.000013404369
d,Preview,Square,limit bandwidth,45,58.0800492203807,700,700.000013404356
d,Preview,Square,limit bandwidth,45,58.1460492763129,700,700.000013404356
d,Preview,Square,limit bandwidth,45,58.2120493322452,700,700.000013404356
d,Preview,Square,limit bandwidth,45,58.2780493881774,700,700.000013404356
d,Preview,Square,limit bandwidth,45,58.3440494441097,700,700.000013404356
d,Preview,Square,limit bandwidth,45,58.4100495000419,700,700.000013404356
d,Preview,Square,limit bandwidth,45,58.4760495559742,700,700.000013404356
d,Preview,Square,limit bandwidth,45,58.5420496119064,700,700.000013404356
d,Preview,Square,limit bandwidth,45,58.6080496678387,700,700.000013404355
d,Preview,Square,limit bandwidth,45,58.6740497237709,700,700.000013404355
d,Preview,Square,limit bandwidth,45,58.7400497797032,700,700.000013404356
d,Preview,Square,limit bandwidth,45,58.8060498356354,700,700.000013404355
d,Preview,Square,limit bandwidth,45,58.8720498915677,700,700.000013404355
d,Preview,Square,limit bandwidth,45,58.9380499474999,700,700.000013404355
d,Preview,Square,limit bandwidth,45,59.0040500034322,700,700.000013404355
d,Preview,Square,limit bandwidth,45,59.0700500593644,700,700.000013404355
d,Preview,Square,limit bandwidth,45,59.1360501152967,700,700.000013404355
d,Preview,Square,limit bandwidth,45,59.202050171229,700,700.000013404355
d,Preview,Square,limit bandwidth,45,59.2680502271612,700,700.000013404355
d,Preview,Square,limit bandwidth,45,59.3340502830935,700,700.000013404355
d,Preview,Square,limit bandwidth,45,59.4000503390257,700,700.000013404355
d,Preview,Square,limit bandwidth,45,59.466050394958,700,699.999983391012
d,Preview,Square,limit bandwidth,45,59.5320504508902,700,700.000056155779
d,Preview,Square,limit bandwidth,45,59.5980505068225,700,700.000074429693
d,Preview,Square,limit bandwidth,45,59.6640505627547,700,699.999987025025
d,Preview,Square,limit bandwidth,45,59.730050618687,700,700.00000633385
d,Preview,Square,limit bandwidth,45,59.7960506746192,700,700.000012644057
d,Preview,Square,limit bandwidth,45,59.8620507305515,700,700.000013367142
d,Preview,Square,limit bandwidth,45,59.9280507864837,700,700.00001340166
d,Preview,Square,limit bandwidth,45,59.994050842416,700,700.000013404203
d,Preview,Square,limit bandwidth,45,60.0600508983482,700,700.000013404348
d,Preview,Square,limit bandwidth,45,60.1260509542805,700,700.000013404354
d,Preview,Square,limit bandwidth,45,60.1920510102127,700,700.000013404354
d,Preview,Square,limit bandwidth,45,60.258051066145,700,700.000013404354
d,Preview,Square,limit bandwidth,45,60.3240511220772,700,700.000013404354
d,Preview,Square,limit bandwidth,45,60.3900511780095,700,700.000013404354
d,Preview,Square,limit bandwidth,45,60.4560512339417,700,700.000013404354
d,Preview,Square,limit bandwidth,45,60.522051289874,700,700.000013404354
d,Preview,Square,limit bandwidth,45,60.5880513458062,700,700.000013404354
d,Preview,Square,limit bandwidth,45,60.6540514017385,700,700.000013404354
d,Preview,Square,limit bandwidth,45,60.7200514576707,700,700.000013404354
d,Preview,Square,limit bandwidth,45,60.786051513603,700,700.000013404354
d,Preview,Square,limit bandwidth,45,60.8520515695352,700,700.000013404354
d,Preview,Square,limit bandwidth,45,60.9180516254675,700,700.000013404354
d,Preview,Square,limit bandwidth,45,60.9840516813997,700,700.000013404354
d,Preview,Square,limit bandwidth,45,61.050051737332,700,700.000013404354
d,Preview,Square,limit bandwidth,45,61.1160517932642,700,700.000013404354
d,Preview,Square,limit bandwidth,45,61.1820518491965,700,700.000013404354
d,Preview,Square,limit bandwidth,45,61.2480519051287,700,700.000013404354
d,Preview,Square,limit bandwidth,45,61.314051961061,700,700.000013404354
d,Preview,Square,limit bandwidth,45,61.3800520169932,700,700.000013404354
d,Preview,Square,limit bandwidth,45,61.4460520729255,700,700.000012829824
d,Preview,Square,limit bandwidth,45,61.5120521288577,700,700.000013861529
d,Preview,Square,limit bandwidth,45,61.57805218479,700,700.000015253797
d,Preview,Square,limit bandwidth,45,61.6440522407222,700,700.000011950986
d,Preview,Square,limit bandwidth,45,61.7100522966545,700,700.000012460263
d,Preview,Square,limit bandwidth,45,61.7760523525867,700,700.000013944736
d,Preview,Square,limit bandwidth,45,61.842052408519,700,700.000013487594
d,Preview,Square,limit bandwidth,45,61.9080524644512,700,700.000013416826
d,Preview,Square,limit bandwidth,45,61.9740525203835,700,700.000013404985
d,Preview,Square,limit bandwidth,45,62.0400525763157,700,700.000013404401
d,Preview,Square,limit bandwidth,45,62.106052632248,700,700.000013404358
d,Preview,Square,limit bandwidth,45,62.1720526881802,700,700.000013404356
d,Preview,Square,limit bandwidth,45,62.2380527441125,700,700.000013404356
d,Preview,Square,limit bandwidth,45,62.3040528000447,700,700.000013404356
d,Preview,Square,limit bandwidth,45,62.370052855977,700,700.000013404356
d,Preview,Square,limit bandwidth,45,62.4360529119092,700,700.000013404356
d,Preview,Square,limit bandwidth,45,62.5020529678415,700,700.000013404356
d,Preview,Square,limit bandwidth,45,62.5680530237737,700,700.000013404356
d,Preview,Square,limit bandwidth,45,62.634053079706,700,700.000013404356
d,Preview,Square,limit bandwidth,45,62.7000531356382,700,700.000013404356
d,Preview,Square,limit bandwidth,45,62.7660531915705,700,700.000013404356
d,Preview,Square,limit bandwidth,45,62.8320532475027,700,700.000013404356
d,Preview,Square,limit bandwidth,45,62.898053303435,700,700.000013404356
d,Preview,Square,limit bandwidth,45,62.9640533593672,700,700.000013404356
d,Preview,Square,limit bandwidth,45,63.0300534152995,700,700.000013404356
d,Preview,Square,limit bandwidth,45,63.0960534712317,700,700.000013404356
d,Preview,Square,limit bandwidth,45,63.162053527164,700,700.000013404356
d,Preview,Square,limit bandwidth,45,63.2280535830962,700,700.000013404356
d,Preview,Square,limit bandwidth,45,63.2940536390285,700,700.000013404356
d,Preview,Square,limit bandwidth,45,63.3600536949608,700,700.000013404356
d,Preview,Square,limit bandwidth,45,63.426053750893,700,700.000013394905
d,Preview,Square,limit bandwidth,45,63.4920538068253,700,700.000013391393
d,Preview,Square,limit bandwidth,45,63.5580538627575,700,700.000013452778
d,Preview,Square,limit bandwidth,45,63.6240539186897,700,700.000013366972
d,Preview,Square,limit bandwidth,45,63.690053974622,700,700.000013328803
d,Preview,Square,limit bandwidth,45,63.7560540305543,700,700.000013446799
d,Preview,Square,limit bandwidth,45,63.8220540864865,700,700.000013413505
d,Preview,Square,limit bandwidth,45,63.8880541424188,700,700.000013393504
d,Preview,Square,limit bandwidth,45,63.954054198351,700,700.000013403281
d,Preview,Square,limit bandwidth,45,64.0200542542833,700,700.000013404191
d,Preview,Square,limit bandwidth,45,64.0860543102155,700,700.000013404343
d,Preview,Square,limit bandwidth,45,64.1520543661478,700,700.000013404354
d,Preview,Square,limit bandwidth,45,64.21805442208,700,700.000013404354
d,Preview,Square,limit bandwidth,45,64.2840544780123,700,700.000013404354
d,Preview,Square,limit bandwidth,45,64.3500545339445,700,700.000013404354
d,Preview,Square,limit bandwidth,45,64.4160545898768,700,700.000013404354
d,Preview,Square,limit bandwidth,45,64.482054645809,1300,1288.1132908222
d,Preview,Square,limit bandwidth,45,64.5480547017413,1300,1299.59746317713
d,Preview,Square,limit bandwidth,45,64.6140547576735,1300,1299.98638082529
d,Preview,Square,limit bandwidth,45,64.6800548136058,1300,1299.99955172976
d,Preview,Square,limit bandwidth,45,64.746054869538,1300,1299.9999977695
d,Preview,Square,limit bandwidth,45,64.8120549254703,1300,1300.00001287487
d,Preview,Square,limit bandwidth,45,64.8780549814025,1300,1300.00001338642
d,Preview,Square,limit bandwidth,45,64.9440550373348,1300,1300.00001340375
d,Preview,Square,limit bandwidth,45,65.010055093267,1300,1300.00001340433
d,Preview,Square,limit bandwidth,45,65.0760551491993,1300,1300.00001340435
d,Preview,Square,limit bandwidth,45,65.1420552051315,1300,1300.00001340435
d,Preview,Square,limit bandwidth,45,65.2080552610638,1300,1300.00001340435
d,Preview,Square,limit bandwidth,45,65.274055316996,1300,1300.00001340435
d,Preview,Square,limit bandwidth,45,65.3400553729283,1300,1300.00001340435
d,Preview,Square,limit bandwidth,45,65.4060554288605,1300,1300.00001340429
d,Preview,Square,limit bandwidth,45,65.4720554847928,1300,1300.00001340409
d,Preview,Square,limit bandwidth,45,65.538055540725,1300,1300.00001340545
d,Preview,Square,limit bandwidth,45,65.6040555966573,1300,1300.00001340511
d,Preview,Square,limit bandwidth,45,65.6700556525895,1300,1300.00001340184
d,Preview,Square,limit bandwidth,45,65.7360557085218,1300,1300.00001340608
d,Preview,Square,limit bandwidth,45,65.802055764454,1300,1300.00001340672
d,Preview,Square,limit bandwidth,45,65.8680558203863,1300,1300.00001340323
d,Preview,Square,limit bandwidth,45,65.9340558763185,1300,1300.00001340431
d,Preview,Square,limit bandwidth,45,66.0000559322508,1300,1300.00001340457
d,Preview,Square,limit bandwidth,45,66.066055988183,1300,1300.00001340437
d,Preview,Square,limit bandwidth,45,66.1320560441153,1300,1300.00001340436
d,Preview,Square,limit bandwidth,45,66.1980561000476,1300,1300.00001340436
d,Preview,Square,limit bandwidth,45,66.2640561559798,1300,1300.00001340436
d,Preview,Square,limit bandwidth,45,66.330056211912,1300,1300.00001340436
d,Preview,Square,limit bandwidth,45,66.3960562678443,1300,1300.00001340436
d,Preview,Square,limit bandwidth,45,66.4620563237765,1300,1300.00001340436
d,Preview,Square,limit bandwidth,45,66.5280563797088,1300,1300.0689613075
d,Preview,Square,limit bandwidth,45,66.5940564356411,1300,1300.09125894813
d,Preview,Square,limit bandwidth,45,66.6600564915733,1300,1300.00505575023
d,Preview,Square,limit bandwidth,45,66.7260565475055,1300,1300.00040842466
d,Preview,Square,limit bandwidth,45,66.7920566034378,1300,1300.00011926306
d,Preview,Square,limit bandwidth,45,66.85805665937,1300,1300.00010643918
d,Preview,Square,limit bandwidth,45,66.9240567153023,1300,1300.0001059281
d,Preview,Square,limit bandwidth,45,66.9900567712345,1300,1300.00010590561
d,Preview,Square,limit bandwidth,45,67.0560568271668,1300,1300.00010590474
d,Preview,Square,limit bandwidth,45,67.122056883099,1300,1300.00010590471
d,Preview,Square,limit bandwidth,45,67.1880569390313,1300,1300.00010590471
d,Preview,Square,limit bandwidth,45,67.2540569949635,1300,1300.00010590471
d,Preview,Square,limit bandwidth,45,67.3200570508958,1300,1300.00010590471
d,Preview,Square,limit bandwidth,45,67.386057106828,1300,1300.00010590471
d,Preview,Square,limit bandwidth,45,67.4520571627603,1300,1300.0001059047
d,Preview,Square,limit bandwidth,45,67.5180572186925,1300,1300.00010590472
d,Preview,Square,limit bandwidth,45,67.5840572746248,1300,1300.00010590474
d,Preview,Square,limit bandwidth,45,67.650057330557,1300,1300.00010590463
d,Preview,Square,limit bandwidth,45,67.7160573864893,1300,1300.00010590473
d,Preview,Square,limit bandwidth,45,67.7820574424215,1300,1300.00010590481
d,Preview,Square,limit bandwidth,45,67.8480574983538,1300,1300.00010590464
d,Preview,Square,limit bandwidth,45,67.914057554286,1300,1300.00010590468
d,Preview,Square,limit bandwidth,45,67.9800576102183,1300,1300.00010590473
d,Preview,Square,limit bandwidth,45,68.0460576661506,1300,1300.00010590471
d,Preview,Square,limit bandwidth,45,68.1120577220828,1300,1300.0001059047
d,Preview,Square,limit bandwidth,45,68.1780577780151,1300,1300.0001059047
d,Preview,Square,limit bandwidth,45,68.2440578339473,1300,1300.0001059047
d,Preview,Square,limit bandwidth,45,68.3100578898796,1300,1300.0001059047
d,Preview,Square,limit bandwidth,45,68.3760579458118,1300,1300.0001059047
d,Preview,Square,limit bandwidth,45,68.4420580017441,1300,1300.0001059047
d,Preview,Square,limit bandwidth,45,68.5080580576763,1300,1300.0006746618
d,Preview,Square,limit bandwidth,45,68.5740581136086,1300,1300.00194765098
d,Preview,Square,limit bandwidth,45,68.6400581695408,1300,1299.99875028992
d,Preview,Square,limit bandwidth,45,68.7060582254731,1300,1299.99867714128
d,Preview,Square,limit bandwidth,45,68.7720582814053,1300,1300.00003615823
d,Preview,Square,limit bandwidth,45,68.8380583373376,1300,1300.00010080994
d,Preview,Square,limit bandwidth,45,68.9040583932698,1300,1300.0001055705
d,Preview,Square,limit bandwidth,45,68.9700584492021,1300,1300.00010589235
d,Preview,Square,limit bandwidth,45,69.0360585051343,1300,1300.00010590453
d,Preview,Square,limit bandwidth,45,69.1020585610666,1300,1300.00010590515
d,Preview,Square,limit bandwidth,45,69.1680586169988,1300,1300.00010590518
d,Preview,Square,limit bandwidth,45,69.2340586729311,1300,1300.00010590518
d,Preview,Square,limit bandwidth,45,69.3000587288633,1300,1300.00010590518
d,Preview,Square,limit bandwidth,45,69.3660587847956,1300,1300.00010590518
d,Preview,Square,limit bandwidth,45,69.4320588407278,1300,1300.00010590518
d,Preview,Square,limit bandwidth,45,69.4980588966601,1300,1300.00010590518
d,Preview,Square,limit bandwidth,45,69.5640589525923,1300,1300.00010590518
d,Preview,Square,limit bandwidth,45,69.6300590085246,1300,1300.00010590518
d,Preview,Square,limit bandwidth,45,69.6960590644568,1300,1300.00010590518
d,Preview,Square,limit bandwidth,45,69.7620591203891,1300,1300.00010590518
d,Preview,Square,limit bandwidth,45,69.8280591763213,1300,1300.00010590518
d,Preview,Square,limit bandwidth,45,69.8940592322536,1300,1300.00010590518
d,Preview,Square,limit bandwidth,45,69.9600592881858,1300,1300.00010590518
d,Preview,Square,limit bandwidth,45,70.0260593441181,1300,1300.00010590518
d,Preview,Square,limit bandwidth,45,70.0920594000503,1300,1300.00010590518
d,Preview,Square,limit bandwidth,45,70.1580594559826,1300,1300.00010590518
d,Preview,Square,limit bandwidth,45,70.2240595119148,1300,1300.00010590518
d,Preview,Square,limit bandwidth,45,70.2900595678471,1300,1300.00010590518
d,Preview,Square,limit bandwidth,45,70.3560596237793,1300,1300.00010590518
d,Preview,Square,limit bandwidth,45,70.4220596797116,1300,1300.00010590518
d,Preview,Square,limit bandwidth,45,70.4880597356438,1300,1300.00010590518
d,Preview,Square,limit bandwidth,45,70.5540597915761,1300,1300.00014202152
d,Preview,Square,limit bandwidth,45,70.6200598475083,1300,1300.0000727405
d,Preview,Square,limit bandwidth,45,70.6860599034406,1300,1300.00003076324
d,Preview,Square,limit bandwidth,45,70.7520599593729,1300,1300.00013487581
d,Preview,Square,limit bandwidth,45,70.8180600153051,1300,1300.00012159411
d,Preview,Square,limit bandwidth,45,70.8840600712373,1300,1300.00010708359
d,Preview,Square,limit bandwidth,45,70.9500601271696,1300,1300.00010598398
d,Preview,Square,limit bandwidth,45,71.0160601831018,1300,1300.00010591131
d,Preview,Square,limit bandwidth,45,71.0820602390341,1300,1300.00010590546
d,Preview,Square,limit bandwidth,45,71.1480602949664,1300,1300.00010590519
d,Preview,Square,limit bandwidth,45,71.2140603508986,1300,1300.00010590518
d,Preview,Square,limit bandwidth,45,71.2800604068308,1300,1300.00010590518
d,Preview,Square,limit bandwidth,45,71.3460604627631,1300,1300.00010590518
d,Preview,Square,limit bandwidth,45,71.4120605186954,1300,1300.00010590518
d,Preview,Square,limit bandwidth,45,71.4780605746276,1300,1300.00010590518
d,Preview,Square,limit bandwidth,45,71.5440606305598,1300,1300.00010590518
d,Preview,Square,limit bandwidth,45,71.6100606864921,1300,1300.00010590518
d,Preview,Square,limit bandwidth,45,71.6760607424243,1300,1300.00010590518
d,Preview,Square,limit bandwidth,45,71.7420607983566,1300,1300.00010590518
d,Preview,Square,limit bandwidth,45,71.8080608542889,1300,1300.00010590518
d,Preview,Square,limit bandwidth,45,71.8740609102211,1300,1300.00010590518
d,Preview,Square,limit bandwidth,45,71.9400609661534,1300,1300.00010590518
d,Preview,Square,limit bandwidth,45,72.0060610220856,1300,1300.00010590518
d,Preview,Square,limit bandwidth,45,72.0720610780179,1300,1300.00010590518
d,Preview,Square,limit bandwidth,45,72.1380611339501,1300,1300.00010590518
d,Preview,Square,limit bandwidth,45,72.2040611898824,1300,1300.00010590518
d,Preview,Square,limit bandwidth,45,72.2700612458146,1300,1300.00010590518
d,Preview,Square,limit bandwidth,45,72.3360613017469,1300,1300.00010590518
d,Preview,Square,limit bandwidth,45,72.4020613576791,1300,1300.00010590518
d,Preview,Square,limit bandwidth,45,72.4680614136114,1300,1300.00010590518
d,Preview,Square,limit bandwidth,45,72.5340614695436,1300,1300.00010655194
d,Preview,Square,limit bandwidth,45,72.6000615254759,1300,1300.00010669333
d,Preview,Square,limit bandwidth,45,72.6660615814081,1300,1300.00010365898
d,Preview,Square,limit bandwidth,45,72.7320616373404,1300,1300.00010727414
d,Preview,Square,limit bandwidth,45,72.7980616932726,1300,1300.00010819344
d,Preview,Square,limit bandwidth,45,72.8640617492049,1300,1300.0001052888
d,Preview,Square,limit bandwidth,45,72.9300618051371,1300,1300.00010572901
d,Preview,Square,limit bandwidth,45,72.9960618610694,1300,1300.0001058819
d,Preview,Square,limit bandwidth,45,73.0620619170016,1300,1300.00010590396
d,Preview,Square,limit bandwidth,45,73.1280619729339,1300,1300.00010590508
d,Preview,Square,limit bandwidth,45,73.1940620288661,1300,1300.00010590517
d,Preview,Square,limit bandwidth,45,73.2600620847984,1300,1300.00010590518
d,Preview,Square,limit bandwidth,45,73.3260621407306,1300,1300.00010590518
d,Preview,Square,limit bandwidth,45,73.3920621966629,1300,1300.00010590518
d,Preview,Square,limit bandwidth,45,73.4580622525951,1300,1300.00010590518
d,Preview,Square,limit bandwidth,45,73.5240623085274,1300,1300.00010590518
d,Preview,Square,limit bandwidth,45,73.5900623644596,1300,1300.00010590518
d,Preview,Square,limit bandwidth,45,73.6560624203919,1300,1300.00010590518
d,Preview,Square,limit bandwidth,45,73.7220624763241,1300,1300.00010590518
d,Preview,Square,limit bandwidth,45,73.7880625322564,1300,1300.00010590518
d,Preview,Square,limit bandwidth,45,73.8540625881886,1300,1300.00010590518
d,Preview,Square,limit bandwidth,45,73.9200626441209,1300,1300.00010590518
d,Preview,Square,limit bandwidth,45,73.9860627000531,1300,1300.00010590518
d,Preview,Square,limit bandwidth,45,74.0520627559854,1300,1300.00010590518
d,Preview,Square,limit bandwidth,45,74.1180628119176,1300,1300.00010590518
d,Preview,Square,limit bandwidth,45,74.1840628678499,1300,1300.00010590518
d,Preview,Square,limit bandwidth,45,74.2500629237821,1300,1300.00010590518
d,Preview,Square,limit bandwidth,45,74.3160629797144,1300,1300.00010590518
d,Preview,Square,limit bandwidth,45,74.3820630356466,1300,1300.00010590518
d,Preview,Square,limit bandwidth,45,74.4480630915789,1300,1300.00010590518
d,Preview,Square,limit bandwidth,45,74.5140631475111,1300,1300.00010591309
d,Preview,Square,limit bandwidth,45,74.5800632034434,1300,1300.00010592115
d,Preview,Square,limit bandwidth,45,74.6460632593756,1300,1300.0001058487
d,Preview,Square,limit bandwidth,45,74.7120633153079,1300,1300.00010590992
d,Preview,Square,limit bandwidth,45,74.7780633712401,1300,1300.00010599763
d,Preview,Square,limit bandwidth,45,74.8440634271724,1300,1300.00010586038
d,Preview,Square,limit bandwidth,45,74.9100634831046,1300,1300.00010587193
d,Preview,Square,limit bandwidth,45,74.9760635390369,1300,1300.00010591792
d,Preview,Square,limit bandwidth,45,75.0420635949691,1300,1300.00010590727
d,Preview,Square,limit bandwidth,45,75.1080636509014,1300,1300.00010590555
d,Preview,Square,limit bandwidth,45,75.1740637068336,1300,1300.0001059052
d,Preview,Square,limit bandwidth,45,75.2400637627659,1300,1300.00010590518
d,Preview,Square,limit bandwidth,45,75.3060638186981,1300,1300.00010590518
d,Preview,Square,limit bandwidth,45,75.3720638746304,1300,1300.00010590518
d,Preview,Square,limit bandwidth,45,75.4380639305626,1300,1300.00010590518
d,Preview,Square,limit bandwidth,45,75.5040639864949,1300,1300.00010590518
d,Preview,Square,limit bandwidth,45,75.5700640424271,700,749.385175610877
d,Preview,Square,limit bandwidth,45,75.6360640983594,700,701.672557743284
d,Preview,Square,limit bandwidth,45,75.7020641542916,700,700.056744382505
d,Preview,Square,limit bandwidth,45,75.7680642102239,700,700.002023997552
d,Preview,Square,limit bandwidth,45,75.8340642661561,700,700.000170862405
d,Preview,Square,limit bandwidth,45,75.9000643220884,700,700.00010810499
d,Preview,Square,limit bandwidth,45,75.9660643780207,700,700.000105979677
d,Preview,Square,limit bandwidth,45,76.0320644339529,700,700.000105907702
d,Preview,Square,limit bandwidth,45,76.0980644898851,700,700.000105905264
d,Preview,Square,limit bandwidth,45,76.1640645458174,700,700.000105905182
d,Preview,Square,limit bandwidth,45,76.2300646017496,700,700.00010590518
d,Preview,Square,limit bandwidth,45,76.2960646576819,700,700.00010590518
d,Preview,Square,limit bandwidth,45,76.3620647136142,700,700.00010590518
d,Preview,Square,limit bandwidth,45,76.4280647695464,700,700.00010590518
d,Preview,Square,limit bandwidth,45,76.4940648254786,700,700.00010590518
d,Preview,Square,limit bandwidth,45,76.5600648814109,700,700.000105905497
d,Preview,Square,limit bandwidth,45,76.6260649373432,700,700.000105904077
d,Preview,Square,limit bandwidth,45,76.6920649932754,700,700.000105903544
d,Preview,Square,limit bandwidth,45,76.7580650492077,700,700.000105908186
d,Preview,Square,limit bandwidth,45,76.8240651051399,700,700.000105903953
d,Preview,Square,limit bandwidth,45,76.8900651610721,700,700.000105902035
d,Preview,Square,limit bandwidth,45,76.9560652170044,700,700.000105906445
d,Preview,Square,limit bandwidth,45,77.0220652729367,700,700.000105905515
d,Preview,Square,limit bandwidth,45,77.0880653288689,700,700.000105904924
d,Preview,Square,limit bandwidth,45,77.1540653848012,700,700.000105905152
d,Preview,Square,limit bandwidth,45,77.2200654407334,700,700.000105905175
d,Preview,Square,limit bandwidth,45,77.2860654966657,700,700.000105905178
d,Preview,Square,limit bandwidth,45,77.3520655525979,700,700.000105905178
d,Preview,Square,limit bandwidth,45,77.4180656085302,700,700.000105905178
d,Preview,Square,limit bandwidth,45,77.4840656644624,700,700.000105905178
d,Preview,Square,limit bandwidth,45,77.5500657203947,700,700.000105905178
d,Preview,Square,limit bandwidth,45,77.6160657763269,700,699.889295200137
d,Preview,Square,limit bandwidth,45,77.6820658322592,700,699.79677334113
d,Preview,Square,limit bandwidth,45,77.7480658881914,700,699.980372590167
d,Preview,Square,limit bandwidth,45,77.8140659441237,700,699.998647530207
d,Preview,Square,limit bandwidth,45,77.8800660000559,700,699.999848897022
d,Preview,Square,limit bandwidth,45,77.9460660559882,700,699.99989605755
d,Preview,Square,limit bandwidth,45,78.0120661119204,700,699.999898144679
d,Preview,Square,limit bandwidth,45,78.0780661678527,700,699.999898238139
d,Preview,Square,limit bandwidth,45,78.1440662237849,700,699.999898241529
d,Preview,Square,limit bandwidth,45,78.2100662797172,700,699.999898241663
d,Preview,Square,limit bandwidth,45,78.2760663356494,700,699.999898241668
d,Preview,Square,limit bandwidth,45,78.3420663915817,700,699.999898241668
d,Preview,Square,limit bandwidth,45,78.4080664475139,700,699.999898241668
d,Preview,Square,limit bandwidth,45,78.4740665034462,700,699.999898241668
d,Preview,Square,limit bandwidth,45,78.5400665593784,700,699.999898241675
d,Preview,Square,limit bandwidth,45,78.6060666153107,700,699.999898241664
d,Preview,Square,limit bandwidth,45,78.6720666712429,700,699.999898241629
d,Preview,Square,limit bandwidth,45,78.7380667271752,700,699.999898241749
d,Preview,Square,limit bandwidth,45,78.8040667831074,700,699.999898241736
d,Preview,Square,limit bandwidth,45,78.8700668390397,700,699.999898241544
d,Preview,Square,limit bandwidth,45,78.9360668949719,700,699.999898241728
d,Preview,Square,limit bandwidth,45,79.0020669509042,700,699.999898241758
d,Preview,Square,limit bandwidth,45,79.0680670068364,700,699.999898241637
d,Preview,Square,limit bandwidth,45,79.1340670627687,700,699.999898241667
d,Preview,Square,limit bandwidth,45,79.2000671187009,700,699.999898241673
d,Preview,Square,limit bandwidth,45,79.2660671746332,700,699.99989824167
d,Preview,Square,limit bandwidth,45,79.3320672305654,700,699.99989824167
d,Preview,Square,limit bandwidth,45,79.3980672864977,700,699.99989824167
d,Preview,Square,limit bandwidth,45,79.4640673424299,700,699.99989824167
d,Preview,Square,limit bandwidth,45,79.5300673983622,700,699.99989824167
d,Preview,Square,limit bandwidth,45,79.5960674542944,700,699.99989824167
d,Preview,Square,limit bandwidth,45,79.6620675102267,700,699.995849165625
d,Preview,Square,limit bandwidth,45,79.728067566159,700,700.001976015159
d,Preview,Square,limit bandwidth,45,79.7940676220912,700,700.004007347692
d,Preview,Square,limit bandwidth,45,79.8600676780235,700,700.000145787332
d,Preview,Square,limit bandwidth,45,79.9260677339557,700,699.999919034255
d,Preview,Square,limit bandwidth,45,79.9920677898879,700,699.999899371191
d,Preview,Square,limit bandwidth,45,80.0580678458202,700,699.999898290964
d,Preview,Square,limit bandwidth,45,80.1240679017525,700,699.999898243285
d,Preview,Square,limit bandwidth,45,80.1900679576847,700,699.999898240724
d,Preview,Square,limit bandwidth,45,80.256068013617,700,699.999898240613
d,Preview,Square,limit bandwidth,45,80.3220680695492,700,699.999898240609
d,Preview,Square,limit bandwidth,45,80.3880681254815,700,699.999898240609
d,Preview,Square,limit bandwidth,45,80.4540681814137,700,699.999898240609
d,Preview,Square,limit bandwidth,45,80.520068237346,700,699.999898240609
d,Preview,Square,limit bandwidth,45,80.5860682932782,700,699.999898240609
d,Preview,Square,limit bandwidth,45,80.6520683492105,700,699.999898240608
d,Preview,Square,limit bandwidth,45,80.7180684051427,700,699.99989824061
d,Preview,Square,limit bandwidth,45,80.784068461075,700,699.99989824061
d,Preview,Square,limit bandwidth,45,80.8500685170072,700,699.999898240604
d,Preview,Square,limit bandwidth,45,80.9160685729395,700,699.999898240609
d,Preview,Square,limit bandwidth,45,80.9820686288717,700,699.999898240612
d,Preview,Square,limit bandwidth,45,81.048068684804,700,699.999898240606
d,Preview,Square,limit bandwidth,45,81.1140687407362,700,699.999898240608
d,Preview,Square,limit bandwidth,45,81.1800687966685,700,699.999898240608
d,Preview,Square,limit bandwidth,45,81.2460688526007,700,699.999898240608
d,Preview,Square,limit bandwidth,45,81.312068908533,700,699.999898240608
d,Preview,Square,limit bandwidth,45,81.3780689644652,700,699.999898240608
d,Preview,Square,limit bandwidth,45,81.4440690203974,700,699.999898240608
d,Preview,Square,limit bandwidth,45,81.5100690763297,700,699.999898240608
d,Preview,Square,limit bandwidth,45,81.576069132262,700,699.999898240608
d,Preview,Square,limit bandwidth,45,81.6420691881942,700,699.999822038534
d,Preview,Square,limit bandwidth,45,81.7080692441265,700,699.99988980458
d,Preview,Square,limit bandwidth,45,81.7740693000587,700,700.000064107203
d,Preview,Square,limit bandwidth,45,81.840069355991,700,699.999849008316
d,Preview,Square,limit bandwidth,45,81.9060694119232,700,699.999834337078
d,Preview,Square,limit bandwidth,45,81.9720694678555,700,699.999894623915
d,Preview,Square,limit bandwidth,45,82.0380695237877,700,699.999897928434
d,Preview,Square,limit bandwidth,45,82.10406957972,700,699.999898215287
d,Preview,Square,limit bandwidth,45,82.1700696356522,700,699.99989823958
d,Preview,Square,limit bandwidth,45,82.2360696915845,700,699.999898240549
d,Preview,Square,limit bandwidth,45,82.3020697475167,700,699.999898240605
d,Preview,Square,limit bandwidth,45,82.368069803449,700,699.999898240607
d,Preview,Square,limit bandwidth,45,82.4340698593812,700,699.999898240607
d,Preview,Square,limit bandwidth,45,82.5000699153135,700,699.999898240607
d,Preview,Square,limit bandwidth,45,82.5660699712457,700,699.999898240607
d,Preview,Square,limit bandwidth,45,82.632070027178,700,699.999898240607
d,Preview,Square,limit bandwidth,45,82.6980700831102,700,699.999898240607
d,Preview,Square,limit bandwidth,45,82.7640701390425,700,699.999898240607
d,Preview,Square,limit bandwidth,45,82.8300701949747,700,699.999898240607
d,Preview,Square,limit bandwidth,45,82.896070250907,700,699.999898240607
d,Preview,Square,limit bandwidth,45,82.9620703068392,700,699.999898240607
d,Preview,Square,limit bandwidth,45,83.0280703627715,700,699.999898240607
d,Preview,Square,limit bandwidth,45,83.0940704187037,700,699.999898240607
d,Preview,Square,limit bandwidth,45,83.160070474636,700,699.999898240607
d,Preview,Square,limit bandwidth,45,83.2260705305682,700,699.999898240607
d,Preview,Square,limit bandwidth,45,83.2920705865005,700,699.999898240607
d,Preview,Square,limit bandwidth,45,83.3580706424327,700,699.999898240607
d,Preview,Square,limit bandwidth,45,83.424070698365,700,699.999898240607
d,Preview,Square,limit bandwidth,45,83.4900707542972,700,699.999898240607
d,Preview,Square,limit bandwidth,45,83.5560708102295,700,699.999898240607
d,Preview,Square,limit bandwidth,45,83.6220708661617,700,699.999897067272
d,Preview,Square,limit bandwidth,45,83.688070922094,700,699.999896480842
d,Preview,Square,limit bandwidth,45,83.7540709780262,700,699.999903068574
d,Preview,Square,limit bandwidth,45,83.8200710339585,700,699.999896981952
d,Preview,Square,limit bandwidth,45,83.8860710898907,700,699.999893165508
d,Preview,Square,limit bandwidth,45,83.952071145823,700,699.999899395736
d,Preview,Square,limit bandwidth,45,84.0180712017552,700,699.999898938296
d,Preview,Square,limit bandwidth,45,84.0840712576875,700,699.999898303112
d,Preview,Square,limit bandwidth,45,84.1500713136197,700,699.999898245174
d,Preview,Square,limit bandwidth,45,84.216071369552,700,699.999898241024
d,Preview,Square,limit bandwidth,45,84.2820714254842,700,699.999898240629
d,Preview,Square,limit bandwidth,45,84.3480714814165,700,699.999898240609
d,Preview,Square,limit bandwidth,45,84.4140715373488,700,699.999898240609
d,Preview,Square,limit bandwidth,45,84.480071593281,700,699.999898240609
d,Preview,Square,limit bandwidth,45,84.5460716492132,700,699.999898240609
d,Preview,Square,limit bandwidth,45,84.6120717051455,700,699.999898240609
d,Preview,Square,limit bandwidth,45,84.6780717610777,700,699.999898240609
d,Preview,Square,limit bandwidth,45,84.74407181701,700,699.999898240609
d,Preview,Square,limit bandwidth,45,84.8100718729423,700,699.999898240609
d,Preview,Square,limit bandwidth,45,84.8760719288745,700,699.999898240609
d,Preview,Square,limit bandwidth,45,84.9420719848068,700,699.999898240609
d,Preview,Square,limit bandwidth,45,85.008072040739,700,699.999898240609
d,Preview,Square,limit bandwidth,45,85.0740720966713,700,699.999898240609
d,Preview,Square,limit bandwidth,45,85.1400721526035,700,699.999898240609
d,Preview,Square,limit bandwidth,45,85.2060722085358,700,699.999898240609
d,Preview,Square,limit bandwidth,45,85.272072264468,700,699.999898240609
d,Preview,Square,limit bandwidth,45,85.3380723204003,700,699.999898240609
d,Preview,Square,limit bandwidth,45,85.4040723763325,700,699.999898240609
d,Preview,Square,limit bandwidth,45,85.4700724322648,700,699.999898240609
d,Preview,Square,limit bandwidth,45,85.536072488197,700,699.999898240609
d,Preview,Square,limit bandwidth,45,85.6020725441293,700,699.999898238785
d,Preview,Square,limit bandwidth,45,85.6680726000615,700,699.999898205289
d,Preview,Square,limit bandwidth,45,85.7340726559938,700,699.999898352065
d,Preview,Square,limit bandwidth,45,85.800072711926,700,699.999898384341
d,Preview,Square,limit bandwidth,45,85.8660727678583,700,699.999898038942
d,Preview,Square,limit bandwidth,45,85.9320728237905,700,699.999898308207
d,Preview,Square,limit bandwidth,45,85.9980728797228,700,699.999898377574
d,Preview,Square,limit bandwidth,45,86.064072935655,700,699.999898215086
d,Preview,Square,limit bandwidth,45,86.1300729915873,700,699.999898232777
d,Preview,Square,limit bandwidth,45,86.1960730475195,700,699.999898239374
d,Preview,Square,limit bandwidth,45,86.2620731034518,700,699.999898240539
d,Preview,Square,limit bandwidth,45,86.328073159384,700,699.999898240602
d,Preview,Square,limit bandwidth,45,86.3940732153163,700,699.999898240607
d,Preview,Square,limit bandwidth,45,86.4600732712485,700,699.999898240607
d,Preview,Square,limit bandwidth,45,86.5260733271808,700,699.999898240607
d,Preview,Square,limit bandwidth,45,86.592073383113,700,699.999898240607
d,Preview,Square,limit bandwidth,45,86.6580734390453,700,699.999898240607
d,Preview,Square,limit bandwidth,45,86.7240734949775,1300,1296.15414779406
d,Preview,Square,limit bandwidth,45,86.7900735509098,1300,1299.86965984181
d,Preview,Square,limit bandwidth,45,86.856073606842,1300,1299.99548764747
d,Preview,Square,limit bandwidth,45,86.9220736627743,1300,1299.99974887351
d,Preview,Square,limit bandwidth,45,86.9880737187065,1300,1299.99989318221
d,Preview,Square,limit bandwidth,45,87.0540737746388,1300,1299.9998980693
d,Preview,Square,limit bandwidth,45,87.120073830571,1300,1299.99989823481
d,Preview,Square,limit bandwidth,45,87.1860738865033,1300,1299.99989824041
d,Preview,Square,limit bandwidth,45,87.2520739424355,1300,1299.9998982406
d,Preview,Square,limit bandwidth,45,87.3180739983678,1300,1299.99989824061
d,Preview,Square,limit bandwidth,45,87.3840740543,1300,1299.99989824061
d,Preview,Square,limit bandwidth,45,87.4500741102323,1300,1299.99989824061
d,Preview,Square,limit bandwidth,45,87.5160741661645,1300,1299.99989824061
d,Preview,Square,limit bandwidth,45,87.5820742220968,1300,1299.99989824061
d,Preview,Square,limit bandwidth,45,87.648074278029,1300,1299.99989823993
d,Preview,Square,limit bandwidth,45,87.7140743339613,1300,1299.99989824203
d,Preview,Square,limit bandwidth,45,87.7800743898935,1300,1299.99989824424
d,Preview,Square,limit bandwidth,45,87.8460744458258,1300,1299.99989823436
d,Preview,Square,limit bandwidth,45,87.912074501758,1300,1299.99989823957
d,Preview,Square,limit bandwidth,45,87.9780745576903,1300,1299.99989824754
d,Preview,Square,limit bandwidth,45,88.0440746136225,1300,1299.9998982383
d,Preview,Square,limit bandwidth,45,88.1100746695548,1300,1299.99989823869
d,Preview,Square,limit bandwidth,45,88.1760747254871,1300,1299.99989824114
d,Preview,Square,limit bandwidth,45,88.2420747814193,1300,1299.9998982407
d,Preview,Square,limit bandwidth,45,88.3080748373515,1300,1299.99989824063
d,Preview,Square,limit bandwidth,45,88.3740748932838,1300,1299.99989824061
d,Preview,Square,limit bandwidth,45,88.440074949216,1300,1299.99989824061
d,Preview,Square,limit bandwidth,45,88.5060750051483,1300,1299.99989824061
d,Preview,Square,limit bandwidth,45,88.5720750610806,1300,1299.99989824061
d,Preview,Square,limit bandwidth,45,88.6380751170128,1300,1299.99989824061
d,Preview,Square,limit bandwidth,45,88.704075172945,1300,1300.03648560479
d,Preview,Square,limit bandwidth,45,88.7700752288773,1300,1300.24909369703
d,Preview,Square,limit bandwidth,45,88.8360752848096,1300,1300.04376381559
d,Preview,Square,limit bandwidth,45,88.9020753407418,1300,1300.00302460144
d,Preview,Square,limit bandwidth,45,88.9680753966741,1300,1300.00026209124
d,Preview,Square,limit bandwidth,45,89.0340754526063,1300,1300.0001612481
d,Preview,Square,limit bandwidth,45,89.1000755085386,1300,1300.00015649102
d,Preview,Square,limit bandwidth,45,89.1660755644708,1300,1300.00015627889
d,Preview,Square,limit bandwidth,45,89.2320756204031,1300,1300.00015627136
d,Preview,Square,limit bandwidth,45,89.2980756763353,1300,1300.00015627105
d,Preview,Square,limit bandwidth,45,89.3640757322676,1300,1300.00015627104
d,Preview,Square,limit bandwidth,45,89.4300757881998,1300,1300.00015627104
d,Preview,Square,limit bandwidth,45,89.4960758441321,1300,1300.00015627104
d,Preview,Square,limit bandwidth,45,89.5620759000643,1300,1300.00015627104
d,Preview,Square,limit bandwidth,45,89.6280759559966,1300,1300.00015627103
d,Preview,Square,limit bandwidth,45,89.6940760119288,1300,1300.00015627103
d,Preview,Square,limit bandwidth,45,89.7600760678611,1300,1300.00015627113
d,Preview,Square,limit bandwidth,45,89.8260761237933,1300,1300.0001562709
d,Preview,Square,limit bandwidth,45,89.8920761797256,1300,1300.00015627082
d,Preview,Square,limit bandwidth,45,89.9580762356578,1300,1300.00015627131
d,Preview,Square,limit bandwidth,45,90.0240762915901,1300,1300.00015627098
d,Preview,Square,limit bandwidth,45,90.0900763475223,1300,1300.00015627083
d,Preview,Square,limit bandwidth,45,90.1560764034546,1300,1300.00015627111
d,Preview,Square,limit bandwidth,45,90.2220764593868,1300,1300.00015627106
d,Preview,Square,limit bandwidth,45,90.2880765153191,1300,1300.00015627103
d,Preview,Square,limit bandwidth,45,90.3540765712513,1300,1300.00015627104
d,Preview,Square,limit bandwidth,45,90.4200766271836,1300,1300.00015627104
d,Preview,Square,limit bandwidth,45,90.4860766831158,1300,1300.00015627104
d,Preview,Square,limit bandwidth,45,90.5520767390481,1300,1300.00015627104
d,Preview,Square,limit bandwidth,45,90.6180767949803,1300,1300.00015627104
d,Preview,Square,limit bandwidth,45,90.6840768509126,1300,1300.00015627104
d,Preview,Square,limit bandwidth,45,90.7500769068448,1300,1300.00499103278
d,Preview,Square,limit bandwidth,45,90.8160769627771,1300,1299.99979437708
d,Preview,Square,limit bandwidth,45,90.8820770187093,1300,1299.99512633227
d,Preview,Square,limit bandwidth,45,90.9480770746416,1300,1299.99963950853
d,Preview,Square,limit bandwidth,45,91.0140771305738,1300,1300.00010892424
d,Preview,Square,limit bandwidth,45,91.0800771865061,1300,1300.00015413914
d,Preview,Square,limit bandwidth,45,91.1460772424383,1300,1300.00015616025
d,Preview,Square,limit bandwidth,45,91.2120772983706,1300,1300.00015626623
d,Preview,Square,limit bandwidth,45,91.2780773543028,1300,1300.00015627212
d,Preview,Square,limit bandwidth,45,91.3440774102351,1300,1300.00015627235
d,Preview,Square,limit bandwidth,45,91.4100774661673,1300,1300.00015627236
d,Preview,Square,limit bandwidth,45,91.4760775220996,1300,1300.00015627236
d,Preview,Square,limit bandwidth,45,91.5420775780319,1300,1300.00015627236
d,Preview,Square,limit bandwidth,45,91.6080776339641,1300,1300.00015627236
d,Preview,Square,limit bandwidth,45,91.6740776898963,1300,1300.00015627236
d,Preview,Square,limit bandwidth,45,91.7400777458286,1300,1300.00015627236
d,Preview,Square,limit bandwidth,45,91.8060778017608,1300,1300.00015627236
d,Preview,Square,limit bandwidth,45,91.8720778576931,1300,1300.00015627236
d,Preview,Square,limit bandwidth,45,91.9380779136253,1300,1300.00015627237
d,Preview,Square,limit bandwidth,45,92.0040779695576,1300,1300.00015627237
d,Preview,Square,limit bandwidth,45,92.0700780254898,1300,1300.00015627235
d,Preview,Square,limit bandwidth,45,92.1360780814221,1300,1300.00015627236
d,Preview,Square,limit bandwidth,45,92.2020781373543,1300,1300.00015627236
d,Preview,Square,limit bandwidth,45,92.2680781932866,1300,1300.00015627236
d,Preview,Square,limit bandwidth,45,92.3340782492188,1300,1300.00015627236
d,Preview,Square,limit bandwidth,45,92.4000783051511,1300,1300.00015627236
d,Preview,Square,limit bandwidth,45,92.4660783610833,1300,1300.00015627236
d,Preview,Square,limit bandwidth,45,92.5320784170156,1300,1300.00015627236
d,Preview,Square,limit bandwidth,45,92.5980784729478,1300,1300.00015627236
d,Preview,Square,limit bandwidth,45,92.6640785288801,1300,1300.00015627236
d,Preview,Square,limit bandwidth,45,92.7300785848124,1300,1300.00023974859
d,Preview,Square,limit bandwidth,45,92.7960786407446,1300,1300.0002633514
d,Preview,Square,limit bandwidth,45,92.8620786966768,1300,1299.99995665598
d,Preview,Square,limit bandwidth,45,92.9280787526091,1300,1300.00018110913
d,Preview,Square,limit bandwidth,45,92.9940788085413,1300,1300.00025752901
d,Preview,Square,limit bandwidth,45,93.0600788644736,1300,1300.00016299957
d,Preview,Square,limit bandwidth,45,93.1260789204059,1300,1300.00015697131
d,Preview,Square,limit bandwidth,45,93.1920789763381,1300,1300.00015631749
d,Preview,Square,limit bandwidth,45,93.2580790322703,1300,1300.00015627454
d,Preview,Square,limit bandwidth,45,93.3240790882026,1300,1300.0001562725
d,Preview,Square,limit bandwidth,45,93.3900791441349,1300,1300.00015627237
d,Preview,Square,limit bandwidth,45,93.4560792000671,1300,1300.00015627236
d,Preview,Square,limit bandwidth,45,93.5220792559994,1300,1300.00015627236
d,Preview,Square,limit bandwidth,45,93.5880793119316,1300,1300.00015627236
d,Preview,Square,limit bandwidth,45,93.6540793678639,1300,1300.00015627236
d,Preview,Square,limit bandwidth,45,93.7200794237961,1300,1300.00015627236
d,Preview,Square,limit bandwidth,45,93.7860794797284,1300,1300.00015627236
d,Preview,Square,limit bandwidth,45,93.8520795356606,1300,1300.00015627236
d,Preview,Square,limit bandwidth,45,93.9180795915929,1300,1300.00015627236
d,Preview,Square,limit bandwidth,45,93.9840796475251,1300,1300.00015627236
d,Preview,Square,limit bandwidth,45,94.0500797034574,1300,1300.00015627236
d,Preview,Square,limit bandwidth,45,94.1160797593896,1300,1300.00015627236
d,Preview,Square,limit bandwidth,45,94.1820798153219,1300,1300.00015627236
d,Preview,Square,limit bandwidth,45,94.2480798712541,1300,1300.00015627236
d,Preview,Square,limit bandwidth,45,94.3140799271864,1300,1300.00015627236
d,Preview,Square,limit bandwidth,45,94.3800799831186,1300,1300.00015627236
d,Preview,Square,limit bandwidth,45,94.4460800390509,1300,1300.00015627236
d,Preview,Square,limit bandwidth,45,94.5120800949831,1300,1300.00015627236
d,Preview,Square,limit bandwidth,45,94.5780801509154,1300,1300.00015627236
d,Preview,Square,limit bandwidth,45,94.6440802068476,1300,1300.00015627236
d,Preview,Square,limit bandwidth,45,94.7100802627799,1300,1300.00015708976
d,Preview,Square,limit bandwidth,45,94.7760803187121,1300,1300.000158437
d,Preview,Square,limit bandwidth,45,94.8420803746444,1300,1300.00015076656
d,Preview,Square,limit bandwidth,45,94.9080804305766,1300,1300.00015366422
d,Preview,Square,limit bandwidth,45,94.9740804865089,1300,1300.00016243634
d,Preview,Square,limit bandwidth,45,95.0400805424411,1300,1300.00015536259
d,Preview,Square,limit bandwidth,45,95.1060805983734,1300,1300.00015471056
d,Preview,Square,limit bandwidth,45,95.1720806543056,1300,1300.00015617117
d,Preview,Square,limit bandwidth,45,95.2380807102379,1300,1300.0001562625
d,Preview,Square,limit bandwidth,45,95.3040807661701,1300,1300.00015627141
d,Preview,Square,limit bandwidth,45,95.3700808221024,1300,1300.00015627232
d,Preview,Square,limit bandwidth,45,95.4360808780346,1300,1300.00015627236
d,Preview,Square,limit bandwidth,45,95.5020809339669,1300,1300.00015627236
d,Preview,Square,limit bandwidth,45,95.5680809898991,1300,1300.00015627236
d,Preview,Square,limit bandwidth,45,95.6340810458314,1300,1300.00015627236
d,Preview,Square,limit bandwidth,45,95.7000811017636,1300,1300.00015627236
d,Preview,Square,limit bandwidth,45,95.7660811576959,1300,1300.00015627236
d,Preview,Square,limit bandwidth,45,95.8320812136281,1300,1300.00015627236
d,Preview,Square,limit bandwidth,45,95.8980812695604,1300,1300.00015627236
d,Preview,Square,limit bandwidth,45,95.9640813254926,1300,1300.00015627236
d,Preview,Square,limit bandwidth,45,96.0300813814249,1300,1300.00015627236
d,Preview,Square,limit bandwidth,45,96.0960814373571,1300,1300.00015627236
d,Preview,Square,limit bandwidth,45,96.1620814932894,1300,1300.00015627236
d,Preview,Square,limit bandwidth,45,96.2280815492216,1300,1300.00015627236
d,Preview,Square,limit bandwidth,45,96.2940816051539,1300,1300.00015627236
d,Preview,Square,limit bandwidth,45,96.3600816610861,1300,1300.00015627236
d,Preview,Square,limit bandwidth,45,96.4260817170184,1300,1300.00015627236
d,Preview,Square,limit bandwidth,45,96.4920817729506,1300,1300.00015627236
d,Preview,Square,limit bandwidth,45,96.5580818288829,1300,1300.00015627236
d,Preview,Square,limit bandwidth,45,96.6240818848151,1300,1300.00015627236
d,Preview,Square,limit bandwidth,45,96.6900819407474,1300,1300.00015627236
d,Preview,Square,limit bandwidth,45,96.7560819966797,1300,1300.000156315
d,Preview,Square,limit bandwidth,45,96.8220820526119,1300,1300.0001561691
d,Preview,Square,limit bandwidth,45,96.8880821085441,1300,1300.00015609498
d,Preview,Square,limit bandwidth,45,96.9540821644764,1300,1300.00015650942
d,Preview,Square,limit bandwidth,45,97.0200822204086,1300,1300.00015626417
d,Preview,Square,limit bandwidth,45,97.0860822763409,1300,1300.00015610476
d,Preview,Square,limit bandwidth,45,97.1520823322732,1300,1300.00015629699
d,Preview,Square,limit bandwidth,45,97.2180823882054,1300,1300.00015628931
d,Preview,Square,limit bandwidth,45,97.2840824441377,1300,1300.00015627414
d,Preview,Square,limit bandwidth,45,97.3500825000699,1300,1300.0001562725
d,Preview,Square,limit bandwidth,45,97.4160825560022,1300,1300.00015627238
d,Preview,Square,limit bandwidth,45,97.4820826119344,1300,1300.00015627236
d,Preview,Square,limit bandwidth,45,97.5480826678667,1300,1300.00015627236
d,Preview,Square,limit bandwidth,45,97.6140827237989,1300,1300.00015627236
d,Preview,Square,limit bandwidth,45,97.6800827797312,1300,1300.00015627236
d,Preview,Square,limit bandwidth,45,97.7460828356634,1300,1300.00015627236
d,Preview,Square,limit bandwidth,45,97.8120828915957,700,715.977878821962
d,Preview,Square,limit bandwidth,45,97.8780829475279,700,700.541250404779
d,Preview,Square,limit bandwidth,45,97.9440830034602,700,700.018480714986
d,Preview,Square,limit bandwidth,45,98.0100830593924,700,700.000776839425
d,Preview,Square,limit bandwidth,45,98.0760831153247,700,700.000177288197
d,Preview,Square,limit bandwidth,45,98.1420831712569,700,700.000156984073
d,Preview,Square,limit bandwidth,45,98.2080832271892,700,700.000156296463
d,Preview,Square,limit bandwidth,45,98.2740832831214,700,700.000156273177
d,Preview,Square,limit bandwidth,45,98.3400833390537,700,700.000156272388
d,Preview,Square,limit bandwidth,45,98.4060833949859,700,700.000156272362
d,Preview,Square,limit bandwidth,45,98.4720834509182,700,700.000156272362
d,Preview,Square,limit bandwidth,45,98.5380835068504,700,700.000156272362
d,Preview,Square,limit bandwidth,45,98.6040835627827,700,700.000156272362
d,Preview,Square,limit bandwidth,45,98.6700836187149,700,700.000156272362
d,Preview,Square,limit bandwidth,45,98.7360836746472,700,700.000156273136
d,Preview,Square,limit bandwidth,45,98.8020837305794,700,700.000156273008
d,Preview,Square,limit bandwidth,45,98.8680837865117,700,700.000156267926
d,Preview,Square,limit bandwidth,45,98.9340838424439,700,700.00015627896
d,Preview,Square,limit bandwidth,45,99.0000838983762,700,700.000156281402
d,Preview,Square,limit bandwidth,45,99.0660839543084,700,700.000156264045
d,Preview,Square,limit bandwidth,45,99.1320840102407,700,700.000156273991
d,Preview,Square,limit bandwidth,45,99.1980840661729,700,700.000156276588
d,Preview,Square,limit bandwidth,45,99.2640841221052,700,700.000156271789
d,Preview,Square,limit bandwidth,45,99.3300841780374,700,700.00015627217
d,Preview,Square,limit bandwidth,45,99.3960842339697,700,700.000156272326
d,Preview,Square,limit bandwidth,45,99.4620842899019,700,700.000156272359
d,Preview,Square,limit bandwidth,45,99.5280843458342,700,700.000156272359
d,Preview,Square,limit bandwidth,45,99.5940844017664,700,700.000156272359
d,Preview,Square,limit bandwidth,45,99.6600844576987,700,700.00015627236
d,Preview,Square,limit bandwidth,45,99.7260845136309,700,700.00015627236
d,Preview,Square,limit bandwidth,45,99.7920845695632,700,700.00015627236
d,Preview,Square,limit bandwidth,45,99.8580846254954,700,699.454999193338
d,Preview,Square,limit bandwidth,45,99.9240846814277,700,699.821301322457
d,Preview,Square,limit bandwidth,45,99.99008473736,700,699.990246507068
d,Preview,Square,limit bandwidth,45,100.056084793292,700,699.999154511844
d,Preview,Square,limit bandwidth,45,100.122084849224,700,699.999556416791
d,Preview,Square,limit bandwidth,45,100.188084905157,700,699.999576180852
d,Preview,Square,limit bandwidth,45,100.254084961089,700,699.999576961105
d,Preview,Square,limit bandwidth,45,100.320085017021,700,699.99957699178
d,Preview,Square,limit bandwidth,45,100.386085072953,700,699.99957699306
d,Preview,Square,limit bandwidth,45,100.452085128886,700,699.999576993107
d,Preview,Square,limit bandwidth,45,100.518085184818,700,699.999576993108
d,Preview,Square,limit bandwidth,45,100.58408524075,700,699.999576993108
d,Preview,Square,limit bandwidth,45,100.650085296682,700,699.999576993108
d,Preview,Square,limit bandwidth,45,100.716085352615,700,699.999576993119
d,Preview,Square,limit bandwidth,45,100.782085408547,700,699.999576993127
d,Preview,Square,limit bandwidth,45,100.848085464479,700,699.999576993008
d,Preview,Square,limit bandwidth,45,100.914085520411,700,699.999576993188
d,Preview,Square,limit bandwidth,45,100.980085576344,700,699.999576993383
d,Preview,Square,limit bandwidth,45,101.046085632276,700,699.999576992805
d,Preview,Square,limit bandwidth,45,101.112085688208,700,699.999576993018
d,Preview,Square,limit bandwidth,45,101.17808574414,700,699.999576993367
d,Preview,Square,limit bandwidth,45,101.244085800073,700,699.999576993047
d,Preview,Square,limit bandwidth,45,101.310085856005,700,699.999576993051
d,Preview,Square,limit bandwidth,45,101.376085911937,700,699.999576993121
d,Preview,Square,limit bandwidth,45,101.442085967869,700,699.999576993112
d,Preview,Square,limit bandwidth,45,101.508086023802,700,699.99957699311
d,Preview,Square,limit bandwidth,45,101.574086079734,700,699.99957699311
d,Preview,Square,limit bandwidth,45,101.640086135666,700,699.99957699311
d,Preview,Square,limit bandwidth,45,101.706086191598,700,699.99957699311
d,Preview,Square,limit bandwidth,45,101.772086247531,700,699.99957699311
d,Preview,Square,limit bandwidth,45,101.838086303463,700,699.989537582719
d,Preview,Square,limit bandwidth,45,101.904086359395,700,699.991168020061
d,Preview,Square,limit bandwidth,45,101.970086415327,700,700.010555579624
d,Preview,Square,limit bandwidth,45,102.03608647126,700,700.001606195673
d,Preview,Square,limit bandwidth,45,102.102086527192,700,699.999772658198
d,Preview,Square,limit bandwidth,45,102.168086583124,700,699.999584805703
d,Preview,Square,limit bandwidth,45,102.234086639056,700,699.999577447649
d,Preview,Square,limit bandwidth,45,102.300086694989,700,699.999577015038
d,Preview,Square,limit bandwidth,45,102.366086750921,700,699.999576991079
d,Preview,Square,limit bandwidth,45,102.432086806853,700,699.999576990194
d,Preview,Square,limit bandwidth,45,102.498086862785,700,699.999576990152
d,Preview,Square,limit bandwidth,45,102.564086918718,700,699.999576990151
d,Preview,Square,limit bandwidth,45,102.63008697465,700,699.999576990151
d,Preview,Square,limit bandwidth,45,102.696087030582,700,699.999576990151
d,Preview,Square,limit bandwidth,45,102.762087086514,700,699.999576990151
d,Preview,Square,limit bandwidth,45,102.828087142447,700,699.999576990148
d,Preview,Square,limit bandwidth,45,102.894087198379,700,699.999576990148
d,Preview,Square,limit bandwidth,45,102.960087254311,700,699.999576990157
d,Preview,Square,limit bandwidth,45,103.026087310243,700,699.999576990142
d,Preview,Square,limit bandwidth,45,103.092087366176,700,699.999576990137
d,Preview,Square,limit bandwidth,45,103.158087422108,700,699.999576990162
d,Preview,Square,limit bandwidth,45,103.22408747804,700,699.999576990148
d,Preview,Square,limit bandwidth,45,103.290087533972,700,699.999576990143
d,Preview,Square,limit bandwidth,45,103.356087589905,700,699.999576990151
d,Preview,Square,limit bandwidth,45,103.422087645837,700,699.999576990151
d,Preview,Square,limit bandwidth,45,103.488087701769,700,699.999576990151
d,Preview,Square,limit bandwidth,45,103.554087757701,700,699.999576990151
d,Preview,Square,limit bandwidth,45,103.620087813634,700,699.999576990151
d,Preview,Square,limit bandwidth,45,103.686087869566,700,699.999576990151
d,Preview,Square,limit bandwidth,45,103.752087925498,700,699.999576990151
d,Preview,Square,limit bandwidth,45,103.81808798143,700,699.999436125256
d,Preview,Square,limit bandwidth,45,103.884088037363,700,699.999338201696
d,Preview,Square,limit bandwidth,45,103.950088093295,700,699.99999826049
d,Preview,Square,limit bandwidth,45,104.016088149227,700,699.999672173378
d,Preview,Square,limit bandwidth,45,104.082088205159,700,699.999354808122
d,Preview,Square,limit bandwidth,45,104.148088261092,700,699.999552608432
d,Preview,Square,limit bandwidth,45,104.214088317024,700,699.999574128676
d,Preview,Square,limit bandwidth,45,104.280088372956,700,699.999576845069
d,Preview,Square,limit bandwidth,45,104.346088428888,700,699.999576981522
d,Preview,Square,limit bandwidth,45,104.412088484821,700,699.999576989592
d,Preview,Square,limit bandwidth,45,104.478088540753,700,699.999576990127
d,Preview,Square,limit bandwidth,45,104.544088596685,700,699.999576990149
d,Preview,Square,limit bandwidth,45,104.610088652617,700,699.999576990149
d,Preview,Square,limit bandwidth,45,104.67608870855,700,699.999576990149
d,Preview,Square,limit bandwidth,45,104.742088764482,700,699.999576990149
d,Preview,Square,limit bandwidth,45,104.808088820414,700,699.999576990149
d,Preview,Square,limit bandwidth,45,104.874088876347,700,699.999576990149
d,Preview,Square,limit bandwidth,45,104.940088932279,700,699.999576990149
d,Preview,Square,limit bandwidth,45,105.006088988211,700,699.999576990149
d,Preview,Square,limit bandwidth,45,105.072089044143,700,699.999576990149
d,Preview,Square,limit bandwidth,45,105.138089100075,700,699.999576990149
d,Preview,Square,limit bandwidth,45,105.204089156008,700,699.999576990149
d,Preview,Square,limit bandwidth,45,105.27008921194,700,699.999576990149
d,Preview,Square,limit bandwidth,45,105.336089267872,700,699.999576990149
d,Preview,Square,limit bandwidth,45,105.402089323805,700,699.999576990149
d,Preview,Square,limit bandwidth,45,105.468089379737,700,699.999576990149
d,Preview,Square,limit bandwidth,45,105.534089435669,700,699.999576990149
d,Preview,Square,limit bandwidth,45,105.600089491601,700,699.999576990149
d,Preview,Square,limit bandwidth,45,105.666089547534,700,699.999576990149
d,Preview,Square,limit bandwidth,45,105.732089603466,700,699.999576990149
d,Preview,Square,limit bandwidth,45,105.798089659398,700,699.999576990149
d,Preview,Square,limit bandwidth,45,105.86408971533,700,699.999572221216
d,Preview,Square,limit bandwidth,45,105.930089771263,700,699.999587303465
d,Preview,Square,limit bandwidth,45,105.996089827195,700,699.999591612704
d,Preview,Square,limit bandwidth,45,106.062089883127,700,699.999563740694
d,Preview,Square,limit bandwidth,45,106.128089939059,700,699.999576849742
d,Preview,Square,limit bandwidth,45,106.194089994992,700,699.999581439882
d,Preview,Square,limit bandwidth,45,106.260090050924,700,699.999577315082
d,Preview,Square,limit bandwidth,45,106.326090106856,700,699.999577029705
d,Preview,Square,limit bandwidth,45,106.392090162788,700,699.999576993109
d,Preview,Square,limit bandwidth,45,106.45809021872,700,699.999576990302
d,Preview,Square,limit bandwidth,45,106.524090274653,700,699.99957699016
d,Preview,Square,limit bandwidth,45,106.590090330585,700,699.999576990151
d,Preview,Square,limit bandwidth,45,106.656090386517,700,699.999576990151
d,Preview,Square,limit bandwidth,45,106.72209044245,700,699.999576990151
d,Preview,Square,limit bandwidth,45,106.788090498382,700,699.999576990151
d,Preview,Square,limit bandwidth,45,106.854090554314,700,699.999576990151
d,Preview,Square,limit bandwidth,45,106.920090610246,700,699.999576990151
d,Preview,Square,limit bandwidth,45,106.986090666179,700,699.999576990151
d,Preview,Square,limit bandwidth,45,107.052090722111,700,699.999576990151
d,Preview,Square,limit bandwidth,45,107.118090778043,700,699.999576990151
d,Preview,Square,limit bandwidth,45,107.184090833975,700,699.999576990151
d,Preview,Square,limit bandwidth,45,107.250090889908,700,699.999576990151
d,Preview,Square,limit bandwidth,45,107.31609094584,700,699.999576990151
d,Preview,Square,limit bandwidth,45,107.382091001772,700,699.999576990151
d,Preview,Square,limit bandwidth,45,107.448091057704,700,699.999576990151
d,Preview,Square,limit bandwidth,45,107.514091113637,700,699.999576990151
d,Preview,Square,limit bandwidth,45,107.580091169569,700,699.999576990151
d,Preview,Square,limit bandwidth,45,107.646091225501,700,699.999576990151
d,Preview,Square,limit bandwidth,45,107.712091281433,700,699.999576990151
d,Preview,Square,limit bandwidth,45,107.778091337366,700,699.999576990151
d,Preview,Square,limit bandwidth,45,107.844091393298,700,699.999576899588
d,Preview,Square,limit bandwidth,45,107.91009144923,700,699.999577075655
d,Preview,Square,limit bandwidth,45,107.976091505162,700,699.99957738337
d,Preview,Square,limit bandwidth,45,108.042091561095,700,699.999576514087
d,Preview,Square,limit bandwidth,45,108.108091617027,700,699.999576693634
d,Preview,Square,limit bandwidth,45,108.174091672959,700,699.999577355699
d,Preview,Square,limit bandwidth,45,108.240091728891,700,699.999576964266
d,Preview,Square,limit bandwidth,45,108.306091784824,700,699.999576922117
d,Preview,Square,limit bandwidth,45,108.372091840756,700,699.999576985142
d,Preview,Square,limit bandwidth,45,108.438091896688,700,699.999576989612
d,Preview,Square,limit bandwidth,45,108.50409195262,700,699.99957699009
d,Preview,Square,limit bandwidth,45,108.570092008553,700,699.999576990147
d,Preview,Square,limit bandwidth,45,108.636092064485,700,699.999576990149
d,Preview,Square,limit bandwidth,45,108.702092120417,700,699.999576990149
d,Preview,Square,limit bandwidth,45,108.768092176349,700,699.999576990149
d,Preview,Square,limit bandwidth,45,108.834092232282,700,699.999576990149
d,Preview,Square,limit bandwidth,45,108.900092288214,1300,1263.25937783836
d,Preview,Square,limit bandwidth,45,108.966092344146,1300,1298.75535046643
d,Preview,Square,limit bandwidth,45,109.032092400078,1300,1299.95744059247
d,Preview,Square,limit bandwidth,45,109.098092456011,1300,1299.99815001847
d,Preview,Square,limit bandwidth,45,109.164092511943,1300,1299.99952866499
d,Preview,Square,limit bandwidth,45,109.230092567875,1300,1299.99957535359
d,Preview,Square,limit bandwidth,45,109.296092623807,1300,1299.99957693473
d,Preview,Square,limit bandwidth,45,109.36209267974,1300,1299.99957698827
d,Preview,Square,limit bandwidth,45,109.428092735672,1300,1299.99957699009
d,Preview,Square,limit bandwidth,45,109.494092791604,1300,1299.99957699015
d,Preview,Square,limit bandwidth,45,109.560092847536,1300,1299.99957699015
d,Preview,Square,limit bandwidth,45,109.626092903469,1300,1299.99957699015
d,Preview,Square,limit bandwidth,45,109.692092959401,1300,1299.99957699015
d,Preview,Square,limit bandwidth,45,109.758093015333,1300,1299.99957699015
d,Preview,Square,limit bandwidth,45,109.824093071265,1300,1299.9995769887
d,Preview,Square,limit bandwidth,45,109.890093127198,1300,1299.99957698808
d,Preview,Square,limit bandwidth,45,109.95609318313,1300,1299.99957699976
d,Preview,Square,limit bandwidth,45,110.022093239062,1300,1299.99957698015
d,Preview,Square,limit bandwidth,45,110.088093294994,1300,1299.99957697002
d,Preview,Square,limit bandwidth,45,110.154093350927,1300,1299.99957700759
d,Preview,Square,limit bandwidth,45,110.220093406859,1300,1299.99957699162
d,Preview,Square,limit bandwidth,45,110.286093462791,1300,1299.99957698083
d,Preview,Square,limit bandwidth,45,110.352093518723,1300,1299.99957699105
d,Preview,Square,limit bandwidth,45,110.418093574656,1300,1299.99957699088
d,Preview,Square,limit bandwidth,45,110.484093630588,1300,1299.99957699024
d,Preview,Square,limit bandwidth,45,110.55009368652,1300,1299.99957699016
d,Preview,Square,limit bandwidth,45,110.616093742452,1300,1299.99957699015
d,Preview,Square,limit bandwidth,45,110.682093798385,1300,1299.99957699015
d,Preview,Square,limit bandwidth,45,110.748093854317,1300,1299.99957699015
d,Preview,Square,limit bandwidth,45,110.814093910249,1300,1299.99957699015
d,Preview,Square,limit bandwidth,45,110.880093966181,1300,1299.99957699015
d,Preview,Square,limit bandwidth,45,110.946094022114,1300,1300.64417173251
d,Preview,Square,limit bandwidth,45,111.012094078046,1300,1300.40663464872
d,Preview,Square,limit bandwidth,45,111.078094133978,1300,1300.01814892438
d,Preview,Square,limit bandwidth,45,111.14409418991,1300,1300.00124692312
d,Preview,Square,limit bandwidth,45,111.210094245843,1300,1300.00034395529
d,Preview,Square,limit bandwidth,45,111.276094301775,1300,1300.00029850845
d,Preview,Square,limit bandwidth,45,111.342094357707,1300,1300.00029683983
d,Preview,Square,limit bandwidth,45,111.408094413639,1300,1300.00029677004
d,Preview,Square,limit bandwidth,45,111.474094469572,1300,1300.0002967671
d,Preview,Square,limit bandwidth,45,111.540094525504,1300,1300.00029676699
d,Preview,Square,limit bandwidth,45,111.606094581436,1300,1300.00029676699
d,Preview,Square,limit bandwidth,45,111.672094637368,1300,1300.00029676699
d,Preview,Square,limit bandwidth,45,111.738094693301,1300,1300.00029676699
d,Preview,Square,limit bandwidth,45,111.804094749233,1300,1300.00029676698
d,Preview,Square,limit bandwidth,45,111.870094805165,1300,1300.00029676695
d,Preview,Square,limit bandwidth,45,111.936094861097,1300,1300.00029676719
d,Preview,Square,limit bandwidth,45,112.00209491703,1300,1300.0002967672
d,Preview,Square,limit bandwidth,45,112.068094972962,1300,1300.00029676639
d,Preview,Square,limit bandwidth,45,112.134095028894,1300,1300.00029676755
d,Preview,Square,limit bandwidth,45,112.200095084826,1300,1300.00029676781
d,Preview,Square,limit bandwidth,45,112.266095140759,1300,1300.00029676643
d,Preview,Square,limit bandwidth,45,112.332095196691,1300,1300.00029676705
d,Preview,Square,limit bandwidth,45,112.398095252623,1300,1300.00029676721
d,Preview,Square,limit bandwidth,45,112.464095308555,1300,1300.00029676697
d,Preview,Square,limit bandwidth,45,112.530095364488,1300,1300.00029676698
d,Preview,Square,limit bandwidth,45,112.59609542042,1300,1300.00029676698
d,Preview,Square,limit bandwidth,45,112.662095476352,1300,1300.00029676699
d,Preview,Square,limit bandwidth,45,112.728095532284,1300,1300.00029676699
d,Preview,Square,limit bandwidth,45,112.794095588217,1300,1300.00029676699
d,Preview,Square,limit bandwidth,45,112.860095644149,1300,1300.00029676699
d,Preview,Square,limit bandwidth,45,112.926095700081,1300,1300.01089930303
d,Preview,Square,limit bandwidth,45,112.992095756013,1300,1300.0148397113
d,Preview,Square,limit bandwidth,45,113.058095811946,1300,1299.98737513098
d,Preview,Square,limit bandwidth,45,113.124095867878,1300,1299.99577699476
d,Preview,Square,limit bandwidth,45,113.19009592381,1300,1299.99997745814
d,Preview,Square,limit bandwidth,45,113.256095979742,1300,1300.00028010013
d,Preview,Square,limit bandwidth,45,113.322096035675,1300,1300.00029572893
d,Preview,Square,limit bandwidth,45,113.388096091607,1300,1300.00029672371
d,Preview,Square,limit bandwidth,45,113.454096147539,1300,1300.0002967686
d,Preview,Square,limit bandwidth,45,113.520096203471,1300,1300.00029677056
d,Preview,Square,limit bandwidth,45,113.586096259404,1300,1300.00029677066
d,Preview,Square,limit bandwidth,45,113.652096315336,1300,1300.00029677066
d,Preview,Square,limit bandwidth,45,113.718096371268,1300,1300.00029677066
d,Preview,Square,limit bandwidth,45,113.7840964272,1300,1300.00029677066
d,Preview,Square,limit bandwidth,45,113.850096483133,1300,1300.00029677066
d,Preview,Square,limit bandwidth,45,113.916096539065,1300,1300.00029677067
d,Preview,Square,limit bandwidth,45,113.982096594997,1300,1300.00029677067
d,Preview,Square,limit bandwidth,45,114.048096650929,1300,1300.00029677065
d,Preview,Square,limit bandwidth,45,114.114096706862,1300,1300.00029677067
d,Preview,Square,limit bandwidth,45,114.180096762794,1300,1300.00029677069
d,Preview,Square,limit bandwidth,45,114.246096818726,1300,1300.00029677064
d,Preview,Square,limit bandwidth,45,114.312096874658,1300,1300.00029677066
d,Preview,Square,limit bandwidth,45,114.378096930591,1300,1300.00029677068
d,Preview,Square,limit bandwidth,45,114.444096986523,1300,1300.00029677066
d,Preview,Square,limit bandwidth,45,114.510097042455,1300,1300.00029677066
d,Preview,Square,limit bandwidth,45,114.576097098387,1300,1300.00029677066
d,Preview,Square,limit bandwidth,45,114.64209715432,1300,1300.00029677066
d,Preview,Square,limit bandwidth,45,114.708097210252,1300,1300.00029677066
d,Preview,Square,limit bandwidth,45,114.774097266184,1300,1300.00029677066
d,Preview,Square,limit bandwidth,45,114.840097322116,1300,1300.00029677066
d,Preview,Square,limit bandwidth,45,114.906097378049,1300,1300.00036481409
d,Preview,Square,limit bandwidth,45,114.972097433981,1300,1300.00058981557
d,Preview,Square,limit bandwidth,45,115.038097489913,1300,1299.99983504768
d,Preview,Square,limit bandwidth,45,115.104097545845,1300,1299.99983144513
d,Preview,Square,limit bandwidth,45,115.170097601778,1300,1300.00056105345
d,Preview,Square,limit bandwidth,45,115.23609765771,1300,1300.00034840337
d,Preview,Square,limit bandwidth,45,115.302097713642,1300,1300.00030329785
d,Preview,Square,limit bandwidth,45,115.368097769574,1300,1300.00029705156
d,Preview,Square,limit bandwidth,45,115.434097825507,1300,1300.00029678998
d,Preview,Square,limit bandwidth,45,115.500097881439,1300,1300.00029677191
d,Preview,Square,limit bandwidth,45,115.566097937371,1300,1300.00029677071
d,Preview,Square,limit bandwidth,45,115.632097993303,1300,1300.00029677067
d,Preview,Square,limit bandwidth,45,115.698098049236,1300,1300.00029677067
d,Preview,Square,limit bandwidth,45,115.764098105168,1300,1300.00029677067
d,Preview,Square,limit bandwidth,45,115.8300981611,1300,1300.00029677067
d,Preview,Square,limit bandwidth,45,115.896098217032,1300,1300.00029677067
d,Preview,Square,limit bandwidth,45,115.962098272965,1300,1300.00029677067
d,Preview,Square,limit bandwidth,45,116.028098328897,1300,1300.00029677067
d,Preview,Square,limit bandwidth,45,116.094098384829,1300,1300.00029677067
d,Preview,Square,limit bandwidth,45,116.160098440761,1300,1300.00029677067
d,Preview,Square,limit bandwidth,45,116.226098496694,1300,1300.00029677067
d,Preview,Square,limit bandwidth,45,116.292098552626,1300,1300.00029677067
d,Preview,Square,limit bandwidth,45,116.358098608558,1300,1300.00029677067
d,Preview,Square,limit bandwidth,45,116.42409866449,1300,1300.00029677067
d,Preview,Square,limit bandwidth,45,116.490098720423,1300,1300.00029677067
d,Preview,Square,limit bandwidth,45,116.556098776355,1300,1300.00029677067
d,Preview,Square,limit bandwidth,45,116.622098832287,1300,1300.00029677067
d,Preview,Square,limit bandwidth,45,116.688098888219,1300,1300.00029677067
d,Preview,Square,limit bandwidth,45,116.754098944152,1300,1300.00029677067
d,Preview,Square,limit bandwidth,45,116.820099000084,1300,1300.00029677067
d,Preview,Square,limit bandwidth,45,116.886099056016,1300,1300.00029677067
d,Preview,Square,limit bandwidth,45,116.952099111948,1300,1300.00030248835
d,Preview,Square,limit bandwidth,45,117.018099167881,1300,1300.00028866158
d,Preview,Square,limit bandwidth,45,117.084099223813,1300,1300.00027876308
d,Preview,Square,limit bandwidth,45,117.150099279745,1300,1300.0003118819
d,Preview,Square,limit bandwidth,45,117.216099335677,1300,1300.00030196397
d,Preview,Square,limit bandwidth,45,117.28209939161,1300,1300.00029141235
d,Preview,Square,limit bandwidth,45,117.348099447542,1300,1300.00029614212
d,Preview,Square,limit bandwidth,45,117.414099503474,1300,1300.00029668148
d,Preview,Square,limit bandwidth,45,117.480099559406,1300,1300.00029676563
d,Preview,Square,limit bandwidth,45,117.546099615339,1300,1300.00029677034
d,Preview,Square,limit bandwidth,45,117.612099671271,1300,1300.00029677064
d,Preview,Square,limit bandwidth,45,117.678099727203,1300,1300.00029677066
d,Preview,Square,limit bandwidth,45,117.744099783135,1300,1300.00029677066
d,Preview,Square,limit bandwidth,45,117.810099839068,1300,1300.00029677066
d,Preview,Square,limit bandwidth,45,117.876099895,1300,1300.00029677066
d,Preview,Square,limit bandwidth,45,117.942099950932,1300,1300.00029677066
d,Preview,Square,limit bandwidth,45,118.008100006864,1300,1300.00029677066
d,Preview,Square,limit bandwidth,45,118.074100062797,1300,1300.00029677066
d,Preview,Square,limit bandwidth,45,118.140100118729,1300,1300.00029677066
d,Preview,Square,limit bandwidth,45,118.206100174661,1300,1300.00029677066
d,Preview,Square,limit bandwidth,45,118.272100230593,1300,1300.00029677066
d,Preview,Square,limit bandwidth,45,118.338100286526,1300,1300.00029677066
d,Preview,Square,limit bandwidth,45,118.404100342458,1300,1300.00029677066
d,Preview,Square,limit bandwidth,45,118.47010039839,1300,1300.00029677066
d,Preview,Square,limit bandwidth,45,118.536100454322,1300,1300.00029677066
d,Preview,Square,limit bandwidth,45,118.602100510255,1300,1300.00029677066
d,Preview,Square,limit bandwidth,45,118.668100566187,1300,1300.00029677066
d,Preview,Square,limit bandwidth,45,118.734100622119,1300,1300.00029677066
d,Preview,Square,limit bandwidth,45,118.800100678051,1300,1300.00029677066
d,Preview,Square,limit bandwidth,45,118.866100733984,1300,1300.00029677066
d,Preview,Square,limit bandwidth,45,118.932100789916,1300,1300.00029687133
d,Preview,Square,limit bandwidth,45,118.998100845848,1300,1300.00029689631
d,Preview,Square,limit bandwidth,45,119.06410090178,1300,1300.00029629353
d,Preview,Square,limit bandwidth,45,119.130100957713,1300,1300.00029723321
d,Preview,Square,limit bandwidth,45,119.196101013645,1300,1300.00029750463
d,Preview,Square,limit bandwidth,45,119.262101069577,1300,1300.00029634104
d,Preview,Square,limit bandwidth,45,119.328101125509,1300,1300.00029673521
d,Preview,Square,limit bandwidth,45,119.394101181442,1300,1300.00029687739
d,Preview,Square,limit bandwidth,45,119.460101237374,1300,1300.00029677922
d,Preview,Square,limit bandwidth,45,119.526101293306,1300,1300.00029677185
d,Preview,Square,limit bandwidth,45,119.592101349238,1300,1300.00029677077
d,Preview,Square,limit bandwidth,45,119.658101405171,1300,1300.00029677067
d,Preview,Square,limit bandwidth,45,119.724101461103,1300,1300.00029677067
d,Preview,Square,limit bandwidth,45,119.790101517035,1300,1300.00029677067
d,Preview,Square,limit bandwidth,45,119.856101572967,1300,1300.00029677067
d,Preview,Square,limit bandwidth,45,119.9221016289,1300,1300.00029677067
d,Preview,Square,limit bandwidth,45,119.988101684832,1300,1300.00029677067
d,Preview,Square,limit bandwidth,45,120.054101740764,700,705.169622268529
d,Preview,Square,limit bandwidth,45,120.120101796696,700,700.175358747538
d,Preview,Square,limit bandwidth,45,120.186101852629,700,700.006225338282
d,Preview,Square,limit bandwidth,45,120.252101908561,700,700.000497544783
d,Preview,Square,limit bandwidth,45,120.318101964493,700,700.000303569988
d,Preview,Square,limit bandwidth,45,120.384102020425,700,700.000297000928
d,Preview,Square,limit bandwidth,45,120.450102076358,700,700.000296778463
d,Preview,Square,limit bandwidth,45,120.51610213229,700,700.000296770929
d,Preview,Square,limit bandwidth,45,120.582102188222,700,700.000296770674
d,Preview,Square,limit bandwidth,45,120.648102244154,700,700.000296770666
d,Preview,Square,limit bandwidth,45,120.714102300087,700,700.000296770666
d,Preview,Square,limit bandwidth,45,120.780102356019,700,700.000296770666
d,Preview,Square,limit bandwidth,45,120.846102411951,700,700.000296770666
d,Preview,Square,limit bandwidth,45,120.912102467883,700,700.000296771784
d,Preview,Square,limit bandwidth,45,120.978102523816,700,700.000296773209
d,Preview,Square,limit bandwidth,45,121.044102579748,700,700.000296759501
d,Preview,Square,limit bandwidth,45,121.11010263568,700,700.000296772016
d,Preview,Square,limit bandwidth,45,121.176102691612,700,700.000296795302
d,Preview,Square,limit bandwidth,45,121.242102747545,700,700.000296751815
d,Preview,Square,limit bandwidth,45,121.308102803477,700,700.000296757049
d,Preview,Square,limit bandwidth,45,121.374102859409,700,700.000296781839
d,Preview,Square,limit bandwidth,45,121.440102915341,700,700.00029677041
d,Preview,Square,limit bandwidth,45,121.506102971274,700,700.000296769049
d,Preview,Square,limit bandwidth,45,121.572103027206,700,700.000296770531
d,Preview,Square,limit bandwidth,45,121.638103083138,700,700.00029677065
d,Preview,Square,limit bandwidth,45,121.70410313907,700,700.000296770663
d,Preview,Square,limit bandwidth,45,121.770103195003,700,700.000296770664
d,Preview,Square,limit bandwidth,45,121.836103250935,700,700.000296770664
d,Preview,Square,limit bandwidth,45,121.902103306867,700,700.000296770664
d,Preview,Square,limit bandwidth,45,121.968103362799,700,700.000296770664
d,Preview,Square,limit bandwidth,45,122.034103418732,700,698.689223988996
d,Preview,Square,limit bandwidth,45,122.100103474664,700,698.402615162587
d,Preview,Square,limit bandwidth,45,122.166103530596,700,699.932599145961
d,Preview,Square,limit bandwidth,45,122.232103586528,700,699.994781168364
d,Preview,Square,limit bandwidth,45,122.298103642461,700,699.998494410277
d,Preview,Square,limit bandwidth,45,122.364103698393,700,699.998673914982
d,Preview,Square,limit bandwidth,45,122.430103754325,700,699.998680565697
d,Preview,Square,limit bandwidth,45,122.496103810257,700,699.99868085457
d,Preview,Square,limit bandwidth,45,122.56210386619,700,699.998680866229
d,Preview,Square,limit bandwidth,45,122.628103922122,700,699.998680866652
d,Preview,Square,limit bandwidth,45,122.694103978054,700,699.998680866668
d,Preview,Square,limit bandwidth,45,122.760104033986,700,699.998680866668
d,Preview,Square,limit bandwidth,45,122.826104089919,700,699.998680866668
d,Preview,Square,limit bandwidth,45,122.892104145851,700,699.998680866668
d,Preview,Square,limit bandwidth,45,122.958104201783,700,699.998680866719
d,Preview,Square,limit bandwidth,45,123.024104257715,700,699.998680866466
d,Preview,Square,limit bandwidth,45,123.090104313648,700,699.998680866356
d,Preview,Square,limit bandwidth,45,123.15610436958,700,699.998680867387
d,Preview,Square,limit bandwidth,45,123.222104425512,700,699.998680866255
d,Preview,Square,limit bandwidth,45,123.288104481444,700,699.99868086566
d,Preview,Square,limit bandwidth,45,123.354104537377,700,699.998680867305
d,Preview,Square,limit bandwidth,45,123.420104593309,700,699.998680866771
d,Preview,Square,limit bandwidth,45,123.486104649241,700,699.998680866396
d,Preview,Square,limit bandwidth,45,123.552104705173,700,699.998680866686
d,Preview,Square,limit bandwidth,45,123.618104761106,700,699.998680866686
d,Preview,Square,limit bandwidth,45,123.684104817038,700,699.998680866672
d,Preview,Square,limit bandwidth,45,123.75010487297,700,699.99868086667
d,Preview,Square,limit bandwidth,45,123.816104928902,700,699.99868086667
d,Preview,Square,limit bandwidth,45,123.882104984835,700,699.99868086667
d,Preview,Square,limit bandwidth,45,123.948105040767,700,699.99868086667
d,Preview,Square,limit bandwidth,45,124.014105096699,700,699.982651591116
d,Preview,Square,limit bandwidth,45,124.080105152631,700,699.966298936785
d,Preview,Square,limit bandwidth,45,124.146105208564,700,700.024703181321
d,Preview,Square,limit bandwidth,45,124.212105264496,700,700.017130517981
d,Preview,Square,limit bandwidth,45,124.278105320428,700,699.999678850099
d,Preview,Square,limit bandwidth,45,124.34410537636,700,699.998747198117
d,Preview,Square,limit bandwidth,45,124.410105432293,700,699.998685163383
d,Preview,Square,limit bandwidth,45,124.476105488225,700,699.998681030404
d,Preview,Square,limit bandwidth,45,124.542105544157,700,699.998680866807
d,Preview,Square,limit bandwidth,45,124.608105600089,700,699.998680858832
d,Preview,Square,limit bandwidth,45,124.674105656022,700,699.998680858429
d,Preview,Square,limit bandwidth,45,124.740105711954,700,699.998680858415
d,Preview,Square,limit bandwidth,45,124.806105767886,700,699.998680858415
d,Preview,Square,limit bandwidth,45,124.872105823818,700,699.998680858415
d,Preview,Square,limit bandwidth,45,124.938105879751,700,699.998680858415
d,Preview,Square,limit bandwidth,45,125.004105935683,700,699.998680858413
d,Preview,Square,limit bandwidth,45,125.070105991615,700,699.998680858407
d,Preview,Square,limit bandwidth,45,125.136106047547,700,699.998680858431
d,Preview,Square,limit bandwidth,45,125.20210610348,700,699.998680858432
d,Preview,Square,limit bandwidth,45,125.268106159412,700,699.998680858379
d,Preview,Square,limit bandwidth,45,125.334106215344,700,699.998680858437
d,Preview,Square,limit bandwidth,45,125.400106271276,700,699.998680858449
d,Preview,Square,limit bandwidth,45,125.466106327209,700,699.998680858395
d,Preview,Square,limit bandwidth,45,125.532106383141,700,699.998680858415
d,Preview,Square,limit bandwidth,45,125.598106439073,700,699.998680858419
d,Preview,Square,limit bandwidth,45,125.664106495005,700,699.998680858414
d,Preview,Square,limit bandwidth,45,125.730106550938,700,699.998680858414
d,Preview,Square,limit bandwidth,45,125.79610660687,700,699.998680858414
d,Preview,Square,limit bandwidth,45,125.862106662802,700,699.998680858414
d,Preview,Square,limit bandwidth,45,125.928106718734,700,699.998680858414
d,Preview,Square,limit bandwidth,45,125.994106774667,700,699.998680858414
d,Preview,Square,limit bandwidth,45,126.060106830599,700,699.998038099734
d,Preview,Square,limit bandwidth,45,126.126106886531,700,699.99946112846
d,Preview,Square,limit bandwidth,45,126.192106942463,700,700.000000401514
d,Preview,Square,limit bandwidth,45,126.258106998396,700,699.998136443632
d,Preview,Square,limit bandwidth,45,126.324107054328,700,699.998476291753
d,Preview,Square,limit bandwidth,45,126.39010711026,700,699.998662625691
d,Preview,Square,limit bandwidth,45,126.456107166192,700,699.998679809692
d,Preview,Square,limit bandwidth,45,126.522107222125,700,699.998680779321
d,Preview,Square,limit bandwidth,45,126.588107278057,700,699.998680854406
d,Preview,Square,limit bandwidth,45,126.654107333989,700,699.998680858222
d,Preview,Square,limit bandwidth,45,126.720107389922,700,699.998680858403
d,Preview,Square,limit bandwidth,45,126.786107445854,700,699.998680858412
d,Preview,Square,limit bandwidth,45,126.852107501786,700,699.998680858412
d,Preview,Square,limit bandwidth,45,126.918107557718,700,699.998680858412
d,Preview,Square,limit bandwidth,45,126.984107613651,700,699.998680858412
d,Preview,Square,limit bandwidth,45,127.050107669583,700,699.998680858412
d,Preview,Square,limit bandwidth,45,127.116107725515,700,699.998680858413
d,Preview,Square,limit bandwidth,45,127.182107781447,700,699.998680858413
d,Preview,Square,limit bandwidth,45,127.248107837379,700,699.998680858413
d,Preview,Square,limit bandwidth,45,127.314107893312,700,699.998680858414
d,Preview,Square,limit bandwidth,45,127.380107949244,700,699.998680858414
d,Preview,Square,limit bandwidth,45,127.446108005176,700,699.998680858413
d,Preview,Square,limit bandwidth,45,127.512108061109,700,699.998680858413
d,Preview,Square,limit bandwidth,45,127.578108117041,700,699.998680858413
d,Preview,Square,limit bandwidth,45,127.644108172973,700,699.998680858413
d,Preview,Square,limit bandwidth,45,127.710108228905,700,699.998680858413
d,Preview,Square,limit bandwidth,45,127.776108284838,700,699.998680858413
d,Preview,Square,limit bandwidth,45,127.84210834077,700,699.998680858413
d,Preview,Square,limit bandwidth,45,127.908108396702,700,699.998680858413
d,Preview,Square,limit bandwidth,45,127.974108452634,700,699.998680858413
d,Preview,Square,limit bandwidth,45,128.040108508567,700,699.998668884443
d,Preview,Square,limit bandwidth,45,128.106108564499,700,699.998679517227
d,Preview,Square,limit bandwidth,45,128.172108620431,700,699.998720618724
d,Preview,Square,limit bandwidth,45,128.238108676363,700,699.998652545266
d,Preview,Square,limit bandwidth,45,128.304108732296,700,699.998648349161
d,Preview,Square,limit bandwidth,45,128.370108788228,700,699.998692180271
d,Preview,Square,limit bandwidth,45,128.43610884416,700,699.998683203541
d,Preview,Square,limit bandwidth,45,128.502108900092,700,699.998681224967
d,Preview,Square,limit bandwidth,45,128.568108956025,700,699.998680875345
d,Preview,Square,limit bandwidth,45,128.634109011957,700,699.998680859735
d,Preview,Square,limit bandwidth,45,128.700109067889,700,699.998680858512
d,Preview,Square,limit bandwidth,45,128.766109123821,700,699.998680858417
d,Preview,Square,limit bandwidth,45,128.832109179754,700,699.998680858415
d,Preview,Square,limit bandwidth,45,128.898109235686,700,699.998680858415
d,Preview,Square,limit bandwidth,45,128.964109291618,700,699.998680858415
d,Preview,Square,limit bandwidth,45,129.03010934755,700,699.998680858415
d,Preview,Square,limit bandwidth,45,129.096109403483,700,699.998680858415
d,Preview,Square,limit bandwidth,45,129.162109459415,700,699.998680858415
d,Preview,Square,limit bandwidth,45,129.228109515347,700,699.998680858415
d,Preview,Square,limit bandwidth,45,129.294109571279,700,699.998680858415
d,Preview,Square,limit bandwidth,45,129.360109627212,700,699.998680858415
d,Preview,Square,limit bandwidth,45,129.426109683144,700,699.998680858414
d,Preview,Square,limit bandwidth,45,129.492109739076,700,699.998680858414
d,Preview,Square,limit bandwidth,45,129.558109795008,700,699.998680858414
d,Preview,Square,limit bandwidth,45,129.624109850941,700,699.998680858414
d,Preview,Square,limit bandwidth,45,129.690109906873,700,699.998680858414
d,Preview,Square,limit bandwidth,45,129.756109962805,700,699.998680858414
d,Preview,Square,limit bandwidth,45,129.822110018737,700,699.998680858414
d,Preview,Square,limit bandwidth,45,129.88811007467,700,699.998680858414
d,Preview,Square,limit bandwidth,45,129.954110130602,700,699.998680858414
d,Preview,Square,limit bandwidth,45,130.020110186534,700,699.998680681673
d,Preview,Square,limit bandwidth,45,130.086110242466,700,699.99868057803
d,Preview,Square,limit bandwidth,45,130.152110298399,700,699.998681882135
d,Preview,Square,limit bandwidth,45,130.218110354331,700,699.998680355685
d,Preview,Square,limit bandwidth,45,130.284110410263,700,699.998679229005
d,Preview,Square,limit bandwidth,45,130.350110466195,700,699.99868172094
d,Preview,Square,limit bandwidth,45,130.416110522128,700,699.998681218935
d,Preview,Square,limit bandwidth,45,130.48211057806,700,699.998680628368
d,Preview,Square,limit bandwidth,45,130.548110633992,700,699.998680829504
d,Preview,Square,limit bandwidth,45,130.614110689924,700,699.998680853622
d,Preview,Square,limit bandwidth,45,130.680110745857,700,699.998680858115
d,Preview,Square,limit bandwidth,45,130.746110801789,700,699.998680858392
d,Preview,Square,limit bandwidth,45,130.812110857721,700,699.998680858412
d,Preview,Square,limit bandwidth,45,130.878110913653,700,699.998680858412
d,Preview,Square,limit bandwidth,45,130.944110969586,700,699.998680858412
d,Preview,Square,limit bandwidth,45,131.010111025518,700,699.998680858412
d,Preview,Square,limit bandwidth,45,131.07611108145,700,699.998680858412
